address	name	file	line	area	status	priority	reccmp_score	byte_score	original_bytes	tests_passed	unknown	signals
0x4177d0	FUN_004177d0	Race.cpp	983	carrera	unresolved_and_untested	68	0.5844660194174758	0.5600739371534196	1665		__real@8@400f8000000000000000	branches_differ_may_be_compiler
0x459630	FUN_00459630	StageTiming.cpp	2892	tiempos/replay	unresolved_and_untested	66	0.648	0.6039215686274509	346		__real@8@4002a000000000000000	
0x496e00	FUN_00496e00	CarPhysics.cpp	639	coche/física	unresolved_and_untested	66	0.6532622076323349	0.6076051779935275	4014		__real@8@3ff2b60b60b60b60b800;__real@8@bff2b60b60b60b60b800;__real@8@c00afff0000000000000	branches_differ_may_be_compiler
0x4147f0	FUN_004147f0	RallyData.cpp	3315	rutas/carrera	logic_unverified	64	0.5486338797814208	0.5116751269035533	1749			calls_differ_may_be_inlining;branches_differ_may_be_compiler
0x491d40	Stage_SetHeightColours	TrackCollision.cpp	655	colisión/pista	logic_unverified	63	0.23416506717850288	0.20825852782764812	910			
0x4918d0	FUN_004918d0	StageTiming.cpp	4247	tiempos/replay	logic_unverified	62	0.559322033898305	0.5739130434782609	196			calls_differ_may_be_inlining;branches_differ_may_be_compiler
0x421fe0	View_GetHeading	Car.cpp	5610	coche/cámara	logic_unverified	61	0.32857142857142857	0.2802547770700637	239			branches_differ_may_be_compiler
0x421610	View_SetupCameras	Car.cpp	8058	coche/cámara	logic_unverified	60	0.2695035460992908	0.32051282051282054	265			branches_differ_may_be_compiler
0x4284d0	FUN_004284d0	NetRace.cpp	396	red	logic_unverified	59	0.37593984962406013	0.34146341463414637	214			
0x419cd0	FUN_00419cd0	Race.cpp	1754	carrera	logic_unverified	59	0.37735849056603776	0.3547400611620795	490			indirect_dispatch_requires_case_tests
0x4174e0	FUN_004174e0	Race.cpp	870	carrera	logic_unverified	59	0.391304347826087	0.34146341463414637	375			branches_differ_may_be_compiler
0x415750	FUN_00415750	RallyData.cpp	5853	rutas/carrera	logic_unverified	59	0.7032967032967034	0.6878306878306878	274			calls_differ_may_be_inlining;branches_differ_may_be_compiler
0x411f70	FUN_00411f70	RallyData.cpp	7648	rutas/carrera	logic_unverified	59	0.7255639097744361	0.697841726618705	1051			calls_differ_may_be_inlining;branches_differ_may_be_compiler
0x45b580	StageTiming_SpawnWheelParticles	StageTiming.cpp	5110	tiempos/replay	logic_unverified	58	0.41012658227848103	0.3739021329987453	4195			indirect_dispatch_requires_case_tests
0x459790	FUN_00459790	StageTiming.cpp	2755	tiempos/replay	logic_unverified	58	0.7323162274618585	0.7027777777777777	1256			calls_differ_may_be_inlining;branches_differ_may_be_compiler
0x494db0	FUN_00494db0	CarPhysics.cpp	447	coche/física	logic_unverified	57	0.4383242823894492	0.42319508448540705	4510			branches_differ_may_be_compiler
0x413e00	FUN_00413e00	RallyData.cpp	6518	rutas/carrera	logic_unverified	56	0.44375	0.4353312302839117	473			
0x4137e0	FUN_004137e0	RallyData.cpp	8189	rutas/carrera	logic_unverified	56	0.46184738955823296	0.452642073778664	1565			
0x4919a0	Stage_InitLightMeshes	TrackCollision.cpp	526	colisión/pista	logic_unverified	55	0.4727272727272727	0.4763779527559055	918			branches_differ_may_be_compiler
0x456a40	FUN_00456a40	StageTiming.cpp	1873	tiempos/replay	logic_unverified	55	0.4897959183673469	0.4807692307692308	146			
0x467e90	StageDeform_ApplyPlanarDent	StageTiming.cpp	2363	tiempos/replay	logic_unverified	55	0.49705304518664045	0.4899135446685879	1666			branches_differ_may_be_compiler
0x428680	FUN_00428680	NetRace.cpp	459	red	logic_unverified	55	0.5039370078740157	0.5	181			branches_differ_may_be_compiler
0x455af0	FUN_00455af0	StageTiming.cpp	4363	tiempos/replay	logic_unverified	55	0.512396694214876	0.4696969696969697	207			branches_differ_may_be_compiler
0x42e450	Car_IntegrateWheelTravel	Car.cpp	6426	coche/cámara	logic_unverified	55	0.5272206303724928	0.48169014084507045	1165			branches_differ_may_be_compiler
0x442e90	Car_SmoothForceFeedback	Car.cpp	6112	coche/cámara	logic_unverified	55	0.5371428571428571	0.48863636363636365	301			branches_differ_may_be_compiler
0x406820	FUN_00406820	RallyData.cpp	1278	rutas/carrera	logic_unverified	55	0.5679012345679012	0.4878048780487805	112			
0x41e6b0	Race_TeardownStage	Race.cpp	3130	carrera	logic_unverified	55	0.5787965616045845	0.49025069637883006	544			branches_differ_may_be_compiler
0x409fd0	FUN_00409fd0	NetPlayers.cpp	303	red	logic_unverified	55	0.8170731707317073	0.8042328042328042	270			calls_differ_may_be_inlining;branches_differ_may_be_compiler
0x492fe0	FUN_00492fe0	TrackCollision.cpp	845	colisión/pista	logic_unverified	54	0.4864864864864865	0.5165562913907285	205			branches_differ_may_be_compiler
0x45eca0	FUN_0045eca0	StageTiming.cpp	9244	tiempos/replay	logic_unverified	54	0.5082872928176796	0.5257731958762887	512			
0x4590a0	FUN_004590a0	StageTiming.cpp	4646	tiempos/replay	logic_unverified	54	0.5094339622641509	0.5048543689320388	218			branches_differ_may_be_compiler
0x504eb0	FUN_00504eb0	RallyData.cpp	6688	rutas/carrera	logic_unverified	54	0.511340206185567	0.5051334702258727	776			
0x407b10	FUN_00407b10	RallyData.cpp	557	rutas/carrera	logic_unverified	54	0.5220729366602687	0.5143953934740882	779			branches_differ_may_be_compiler
0x411b20	FUN_00411b20	RallyData.cpp	6849	rutas/carrera	logic_unverified	54	0.5573770491803278	0.5244122965641953	786			branches_differ_may_be_compiler
0x4916a0	Track_FindNearestTriangle	TrackCollision.cpp	147	colisión/pista	logic_unverified	54	0.5632183908045977	0.5028571428571429	240			
0x4219b0	View_UpdateCamera	Car.cpp	8153	coche/cámara	logic_unverified	54	0.5724770642201835	0.5326278659611993	972			branches_differ_may_be_compiler
0x493b30	Car_UpdateAutomaticGear	TrackCollision.cpp	353	colisión/pista	logic_unverified	54	0.5971943887775552	0.5217391304347826	921			branches_differ_may_be_compiler
0x47a3d0	FUN_0047a3d0	SurfaceTypes.cpp	1252	superficies	logic_unverified	54	0.9148936170212766	0.8336755646817249	823			calls_differ_may_be_inlining;branches_differ_may_be_compiler
0x423460	Camera_Update	Car.cpp	7923	coche/cámara	logic_unverified	53	0.484149855907781	0.5418994413407822	546			indirect_dispatch_requires_case_tests
0x493520	FUN_00493520	TrackCollision.cpp	1277	colisión/pista	logic_unverified	53	0.5053533190578159	0.5477707006369427	873			branches_differ_may_be_compiler
0x490f20	Track_PointInTriangle	TrackCollision.cpp	71	colisión/pista	logic_unverified	53	0.5612648221343873	0.5588235294117647	462			
0x508890	FUN_00508890	StageTiming.cpp	5325	tiempos/replay	logic_unverified	53	0.5665071770334928	0.5338417540514776	1614			branches_differ_may_be_compiler
0x467700	StageDeform_ApplyRadialDent	StageTiming.cpp	2220	tiempos/replay	logic_unverified	53	0.5759745425616547	0.546031746031746	1933			branches_differ_may_be_compiler
0x417090	FUN_00417090	Race.cpp	4364	carrera	logic_unverified	53	0.5835866261398176	0.5449101796407185	1081			branches_differ_may_be_compiler
0x470580	FUN_00470580	FixedPoint.cpp	1464	matemática	logic_unverified	53	0.6206095791001451	0.5409556313993175	5072			branches_differ_may_be_compiler
0x428bf0	View_SelectVisibleCars	Car.cpp	274	coche/cámara	logic_unverified	53	0.6371681415929203	0.5651793525809273	1734			branches_differ_may_be_compiler
0x40fd30	RallyData_DrawListItem	RallyData.cpp	4933	rutas/carrera	logic_unverified	52	0.5684210526315789	0.5684210526315789	288			
0x423b20	View_PlaceCarCamera	Car.cpp	7187	coche/cámara	logic_unverified	52	0.5698630136986301	0.5810055865921788	583			
0x413610	FUN_00413610	RallyData.cpp	3215	rutas/carrera	logic_unverified	52	0.5737704918032787	0.576	455			branches_differ_may_be_compiler
0x40f050	FUN_0040f050	RallyData.cpp	5732	rutas/carrera	logic_unverified	52	0.5789473684210527	0.5714285714285714	99			branches_differ_may_be_compiler
0x4581d0	FUN_004581d0	StageTiming.cpp	5507	tiempos/replay	logic_unverified	52	0.5833333333333334	0.5833333333333334	84			
0x5051c0	FUN_005051c0	RallyData.cpp	6996	rutas/carrera	logic_unverified	52	0.5849673202614379	0.5911330049261084	965			
0x441500	Car_UpdateWheelForces	Car.cpp	3046	coche/cámara	logic_unverified	52	0.5879765395894428	0.5885190545103715	6536			branches_differ_may_be_compiler
0x429f20	FixBasis_Rotate	FixedPoint.cpp	450	matemática	logic_unverified	52	0.6026629292221444	0.5667932343803935	4129			
0x424af0	FUN_00424af0	StageTiming.cpp	4922	tiempos/replay	logic_unverified	52	0.6052631578947368	0.5882352941176471	268			branches_differ_may_be_compiler
0x433e80	Car_BalanceTwoPlayerRideHeight	Car.cpp	4787	coche/cámara	logic_unverified	52	0.6095238095238096	0.5959595959595959	323			branches_differ_may_be_compiler
0x489750	Collision_CarVsBox	Collision2D.cpp	418	colisión	logic_unverified	52	0.6104553119730185	0.593192868719611	974			branches_differ_may_be_compiler
0x42c890	Car_UpdateEngineNoteFalloff	Car.cpp	3997	coche/cámara	logic_unverified	52	0.6130268199233716	0.5813953488372093	471			
0x416f70	FUN_00416f70	Race.cpp	3987	carrera	logic_unverified	52	0.6145251396648045	0.5795454545454546	284			
0x45af90	FUN_0045af90	StageTiming.cpp	8962	tiempos/replay	logic_unverified	52	0.6205305651672434	0.586483390607102	1438			
0x419b90	FUN_00419b90	Race.cpp	1699	carrera	logic_unverified	51	0.5027322404371585	0.6176470588235294	224			indirect_dispatch_requires_case_tests
0x437dc0	Car_UpdateEngineTorque	Car.cpp	5839	coche/cámara	logic_unverified	51	0.576271186440678	0.6090534979423868	461			
0x42e8e0	FUN_0042e8e0	FixedPoint.cpp	1008	matemática	logic_unverified	51	0.5803921568627451	0.6148148148148148	504			
0x42f8c0	Car_LiftFreeCorners	Car.cpp	5958	coche/cámara	logic_unverified	51	0.5942028985507246	0.6197183098591549	269			branches_differ_may_be_compiler
0x421590	View_ReleaseNodes	Car.cpp	5927	coche/cámara	logic_unverified	51	0.6153846153846154	0.625	123			branches_differ_may_be_compiler
0x428a00	Car_MarkHiddenFromCameras	Car.cpp	221	coche/cámara	logic_unverified	51	0.6170212765957447	0.6075085324232082	484			branches_differ_may_be_compiler
0x471dd0	FUN_00471dd0	RallyData.cpp	7329	rutas/carrera	logic_unverified	51	0.6241234221598878	0.6005586592178771	2384			branches_differ_may_be_compiler
0x41ae80	FUN_0041ae80	Race.cpp	2030	carrera	logic_unverified	51	0.6285714285714286	0.6197183098591549	210			branches_differ_may_be_compiler
0x4584d0	FUN_004584d0	StageTiming.cpp	5914	tiempos/replay	logic_unverified	51	0.6492271105826397	0.6113116726835138	142			indirect_dispatch_requires_case_tests
0x41a340	FUN_0041a340	Race.cpp	1929	carrera	logic_unverified	51	0.6559139784946236	0.6052631578947368	625			branches_differ_may_be_compiler
0x448920	FUN_00448920	StageTiming.cpp	8689	tiempos/replay	logic_unverified	51	0.69	0.6253101736972705	706			branches_differ_may_be_compiler
0x457000	FUN_00457000	StageTiming.cpp	8043	tiempos/replay	logic_unverified	51	0.7101910828025477	0.6209463051568315	3073			indirect_dispatch_requires_case_tests
0x41c5a0	FUN_0041c5a0	Race.cpp	5125	carrera	logic_unverified	51	0.7201492537313433	0.6275252525252525	2701			indirect_dispatch_requires_case_tests
0x468520	FUN_00468520	StageTiming.cpp	2025	tiempos/replay	logic_unverified	51	0.7402376910016978	0.6254180602006689	908			branches_differ_may_be_compiler
0x41d2b0	FUN_0041d2b0	Race.cpp	2421	carrera	logic_unverified	51	0.9435897435897436	0.9461538461538461	1221			calls_differ_may_be_inlining
0x4a52d0	CGraphics::BlendPixel	Graphics.cpp	977	Graphics	unresolved_and_untested	50	0.30996309963099633	0.3230240549828179	1008		__real@4@00000000000000000000;__real@4@3ff78080810000000000;__real@4@3fff8000000000000000	branches_differ_may_be_compiler
0x418d30	FUN_00418d30	Race.cpp	1652	carrera	logic_unverified	50	0.5581395348837209	0.6666666666666666	146			branches_differ_may_be_compiler
0x40bc90	CInput::FUN_0040bc90	Input.cpp	2269	entrada	logic_unverified	50	0.5714285714285714	0.6666666666666666	61			
0x455e60	StageTiming_Reset	StageTiming.cpp	504	tiempos/replay	logic_unverified	50	0.5964912280701754	0.6666666666666666	99			
0x423970	FUN_00423970	RallyData.cpp	1106	rutas/carrera	logic_unverified	50	0.6376811594202898	0.6666666666666666	86			indirect_dispatch_requires_case_tests
0x497db0	FUN_00497db0	CarPhysics.cpp	161	coche/física	logic_unverified	50	0.6408163265306123	0.6436548223350254	1471			branches_differ_may_be_compiler
0x4380c0	Car_UpdateEngineSpeed	Car.cpp	5054	coche/cámara	logic_unverified	50	0.6415929203539823	0.6391304347826087	924			branches_differ_may_be_compiler
0x49f6d0	CInput::SetupJoystick	Input.cpp	810	entrada	logic_unverified	50	0.6555386949924128	0.649624060150376	1009			branches_differ_may_be_compiler
0x4eadb0	FUN_004eadb0	RallyData.cpp	1423	rutas/carrera	logic_unverified	50	0.6578947368421053	0.6578947368421053	141			
0x434f50	Car_UpdateCornerVelocities	Car.cpp	1709	coche/cámara	logic_unverified	50	0.6602972399150743	0.6588983050847458	1307			
0x489b20	Collision_SphereVsBox	Collision2D.cpp	268	colisión	logic_unverified	50	0.672254819782062	0.655	1740			
0x424360	FUN_00424360	StageTiming.cpp	4736	tiempos/replay	logic_unverified	50	0.6807228915662651	0.6586826347305389	510			
0x498590	FUN_00498590	StageTiming.cpp	3589	tiempos/replay	logic_unverified	50	0.6868686868686869	0.6530612244897959	138			
0x42bf70	Car_InterpolateRenderTransforms	Car.cpp	3789	coche/cámara	logic_unverified	50	0.6875	0.6519756838905775	2108			branches_differ_may_be_compiler
0x418000	FUN_00418000	Race.cpp	1276	carrera	logic_unverified	50	0.7043189368770764	0.6410891089108911	1170			indirect_dispatch_requires_case_tests
0x4816f0	FUN_004816f0	StageTiming.cpp	6430	tiempos/replay	logic_unverified	50	0.7239935587761674	0.6550836550836551	5064			branches_differ_may_be_compiler
0x4387a0	Car_UpdateTyreForces	Car.cpp	2306	coche/cámara	logic_unverified	50	0.7327905255366395	0.6436443791329904	8567			branches_differ_may_be_compiler
0x411450	FUN_00411450	RallyData.cpp	7779	rutas/carrera	logic_unverified	50	0.7796610169491526	0.6554621848739496	244			
0x4786b0	FUN_004786b0	SurfaceTypes.cpp	1452	superficies	logic_unverified	49	0.6341463414634146	0.6697892271662763	764			branches_differ_may_be_compiler
0x432b30	Car_ShareWeightOnWheels	Car.cpp	5804	coche/cámara	logic_unverified	49	0.6535947712418301	0.6708860759493671	237			branches_differ_may_be_compiler
0x42b4a0	Car_IntegrateWheelRotation	Car.cpp	6038	coche/cámara	logic_unverified	49	0.6583850931677019	0.6708074534161491	258			branches_differ_may_be_compiler
0x471bf0	FUN_00471bf0	RallyData.cpp	3832	rutas/carrera	logic_unverified	49	0.6666666666666666	0.6915887850467289	204			branches_differ_may_be_compiler
0x4eb000	FUN_004eb000	RallyData.cpp	1682	rutas/carrera	logic_unverified	49	0.6728971962616822	0.6851851851851852	190			
0x4129d0	FUN_004129d0	RallyData.cpp	2901	rutas/carrera	logic_unverified	49	0.6779089376053963	0.6699588477366255	1922			branches_differ_may_be_compiler
0x456b70	FUN_00456b70	StageTiming.cpp	737	tiempos/replay	logic_unverified	49	0.68	0.68	57			
0x442fc0	Car_SplitEngineTorque	Car.cpp	4151	coche/cámara	logic_unverified	49	0.6821705426356589	0.6923076923076923	230			
0x414720	FUN_00414720	RallyData.cpp	5552	rutas/carrera	logic_unverified	49	0.6833333333333333	0.6942148760330579	194			branches_differ_may_be_compiler
0x43f630	Car_RunStepPasses	Car.cpp	7460	coche/cámara	logic_unverified	49	0.6840579710144927	0.6685962373371924	1305			branches_differ_may_be_compiler
0x435470	Car_IntegrateContacts	Car.cpp	6157	coche/cámara	logic_unverified	49	0.7063829787234043	0.6679403897592663	4530			
0x41d0c0	FUN_0041d0c0	Race.cpp	4033	carrera	logic_unverified	49	0.7215189873417721	0.6838709677419355	450			branches_differ_may_be_compiler
0x45ea70	FUN_0045ea70	StageTiming.cpp	4616	tiempos/replay	logic_unverified	49	0.7352941176470589	0.6861313868613139	220			
0x41a5c0	FUN_0041a5c0	Race.cpp	4575	carrera	logic_unverified	49	0.7366818873668188	0.6784343821949348	2227			branches_differ_may_be_compiler
0x432cc0	Car_UpdateBodyMatrix	Car.cpp	1182	coche/cámara	logic_unverified	49	0.7478849407783418	0.6722595078299777	2599			
0x40f8d0	FUN_0040f8d0	RallyData.cpp	8080	rutas/carrera	logic_unverified	49	0.764612954186414	0.6803149606299213	1117			branches_differ_may_be_compiler
0x431ff0	Car_PlaceAtStart	Car.cpp	6532	coche/cámara	logic_unverified	48	0.5605095541401274	0.7198492462311558	2874			branches_differ_may_be_compiler
0x423d70	FUN_00423d70	Car.cpp	87	coche/cámara	logic_unverified	48	0.6666666666666666	0.7142857142857143	54			
0x415480	FUN_00415480	RallyData.cpp	2772	rutas/carrera	logic_unverified	48	0.6814159292035398	0.700218818380744	711			
0x42ce60	Car_StepGroundContact	Car.cpp	7294	coche/cámara	logic_unverified	48	0.7016160819865983	0.7319587628865979	4017			branches_differ_may_be_compiler
0x4efe60	FUN_004efe60	RallyData.cpp	1816	rutas/carrera	logic_unverified	48	0.7028753993610224	0.7092651757188498	492			
0x418c30	FUN_00418c30	Race.cpp	3936	carrera	logic_unverified	48	0.7115384615384616	0.7155963302752294	152			
0x480cb0	FUN_00480cb0	StageTiming.cpp	5021	tiempos/replay	logic_unverified	48	0.7150837988826816	0.7252747252747253	291			branches_differ_may_be_compiler
0x45f260	FUN_0045f260	StageTiming.cpp	4688	tiempos/replay	logic_unverified	48	0.7272727272727273	0.7027027027027027	158			
0x440840	Car_Integrate	Car.cpp	2861	coche/cámara	logic_unverified	48	0.74945295404814	0.71397616468039	3053			branches_differ_may_be_compiler
0x48ae90	FUN_0048ae90	Collision2D.cpp	876	colisión	logic_unverified	48	0.7507116714111427	0.7226013649136893	3970			
0x433890	Car_StepAll	Car.cpp	4675	coche/cámara	logic_unverified	48	0.7555555555555555	0.7326266195524146	1507			branches_differ_may_be_compiler
0x45f9d0	FUN_0045f9d0	StageTiming.cpp	7340	tiempos/replay	logic_unverified	48	0.7586694975230007	0.7039660056657224	2204			branches_differ_may_be_compiler
0x458a00	FUN_00458a00	StageTiming.cpp	5692	tiempos/replay	logic_unverified	48	0.7659574468085106	0.7142857142857143	379			
0x4894b0	FUN_004894b0	Collision2D.cpp	136	colisión	logic_unverified	48	0.774818401937046	0.7299270072992701	659			
0x4702f0	FUN_004702f0	FixedPoint.cpp	1121	matemática	logic_unverified	48	0.7777777777777778	0.7318181818181818	641			
0x40f0c0	FUN_0040f0c0	RallyData.cpp	6182	rutas/carrera	logic_unverified	48	0.8003300330033003	0.7125506072874493	2058			
0x43b100	Car_UpdateSuspension	Car.cpp	2675	coche/cámara	logic_unverified	48	0.8217605248769819	0.7242128121606949	5428			branches_differ_may_be_compiler
0x46d8d0	FUN_0046d8d0	StageObjects.cpp	11339	objetos/IA/replay	unresolved_and_untested	47	0.48116646415552855	0.407673860911271	1358		__real@8@00000000000000000000;__real@8@3ff88000000000000000;__real@8@c00afff0000000000000	branches_differ_may_be_compiler
0x45c610	FUN_0045c610	StageTiming.cpp	3815	tiempos/replay	logic_unverified	47	0.7022900763358778	0.7540983606557377	145			branches_differ_may_be_compiler
0x443d10	Car_FollowGround	Car.cpp	4377	coche/cámara	logic_unverified	47	0.7077669902912621	0.7565217391304347	3415			branches_differ_may_be_compiler
0x490d50	FUN_00490d50	StageTiming.cpp	1691	tiempos/replay	logic_unverified	47	0.7111111111111111	0.7608695652173914	169			
0x40d9e0	FUN_0040d9e0	RallyData.cpp	2363	rutas/carrera	logic_unverified	47	0.7133333333333334	0.7483870967741936	511			branches_differ_may_be_compiler
0x45f4a0	FUN_0045f4a0	StageTiming.cpp	8655	tiempos/replay	logic_unverified	47	0.7216494845360825	0.7428571428571429	140			
0x4143f0	FUN_004143f0	RallyData.cpp	6596	rutas/carrera	logic_unverified	47	0.7263157894736842	0.75	343			
0x418580	FUN_00418580	Race.cpp	1547	carrera	logic_unverified	47	0.7453416149068323	0.749185667752443	448			indirect_dispatch_requires_case_tests
0x45e8b0	FUN_0045e8b0	StageTiming.cpp	4535	tiempos/replay	logic_unverified	47	0.75	0.7466666666666667	230			branches_differ_may_be_compiler
0x448de0	FUN_00448de0	StageTiming.cpp	3677	tiempos/replay	logic_unverified	47	0.75	0.75	125			branches_differ_may_be_compiler
0x414ed0	FUN_00414ed0	RallyData.cpp	8384	rutas/carrera	logic_unverified	47	0.7564766839378239	0.7357512953367875	1452			
0x40c2a0	CInput::GetButtonMapping	Input.cpp	1811	entrada	logic_unverified	47	0.7611336032388664	0.7647058823529411	323			indirect_dispatch_requires_case_tests
0x47a710	FUN_0047a710	SurfaceTypes.cpp	1176	superficies	logic_unverified	47	0.771689497716895	0.7460674157303371	834			branches_differ_may_be_compiler
0x4373c0	Car_UpdateRollover	Car.cpp	4553	coche/cámara	logic_unverified	47	0.7768707482993197	0.7623497997329773	2470			branches_differ_may_be_compiler
0x414550	FUN_00414550	RallyData.cpp	6637	rutas/carrera	logic_unverified	47	0.7786885245901639	0.7642276422764228	424			
0x426fc0	FUN_00426fc0	FixedPoint.cpp	1274	matemática	logic_unverified	47	0.7888531618435155	0.7526652452025586	1466			
0x457e10	FUN_00457e10	StageTiming.cpp	1856	tiempos/replay	logic_unverified	47	0.8095238095238095	0.7619047619047619	59			
0x438460	Car_UpdateCornerFriction	Car.cpp	2263	coche/cámara	logic_unverified	47	0.8336252189141856	0.7464788732394366	822			branches_differ_may_be_compiler
0x49fe30	CInput::DInputCreateDevice	Input.cpp	562	entrada	logic_unverified	47	0.8454545454545455	0.7443946188340808	283			
0x421e20	View_SnapCameras	Car.cpp	8265	coche/cámara	logic_unverified	46	0.7561837455830389	0.7730496453900709	433			
0x478a20	FUN_00478a20	SurfaceTypes.cpp	1404	superficies	logic_unverified	46	0.7596899224806202	0.7899159663865546	228			indirect_dispatch_requires_case_tests
0x4814d0	FUN_004814d0	StageTiming.cpp	3551	tiempos/replay	logic_unverified	46	0.7647058823529411	0.7887323943661971	135			
0x45e7f0	FUN_0045e7f0	StageTiming.cpp	4120	tiempos/replay	logic_unverified	46	0.7652173913043478	0.7704918032786885	188			branches_differ_may_be_compiler
0x420630	FUN_00420630	RallyData.cpp	8590	rutas/carrera	logic_unverified	46	0.7661691542288557	0.7761194029850746	353			branches_differ_may_be_compiler
0x422d40	FUN_00422d40	FixedPoint.cpp	731	matemática	logic_unverified	46	0.7668393782383419	0.77	291			
0x4285b0	FUN_004285b0	NetRace.cpp	439	red	logic_unverified	46	0.7751937984496124	0.784	194			
0x42f820	Car_FlagAirborneCorners	Car.cpp	1607	coche/cámara	logic_unverified	46	0.7894736842105263	0.7894736842105263	152			
0x4348c0	Car_UpdateCornerLoads	Car.cpp	4956	coche/cámara	logic_unverified	46	0.7907444668008048	0.7812817904374364	1668			branches_differ_may_be_compiler
0x427ad0	FUN_00427ad0	NetRace.cpp	535	red	logic_unverified	46	0.7941176470588235	0.7941176470588235	153			
0x448550	FUN_00448550	StageTiming.cpp	4157	tiempos/replay	logic_unverified	46	0.796875	0.796875	202			
0x4247a0	FUN_004247a0	StageTiming.cpp	4789	tiempos/replay	logic_unverified	46	0.8	0.7971014492753623	254			
0x455300	FUN_00455300	StageTiming.cpp	5589	tiempos/replay	logic_unverified	46	0.8097560975609757	0.7843137254901961	341			branches_differ_may_be_compiler
0x466ef0	FUN_00466ef0	StageTiming.cpp	7186	tiempos/replay	logic_unverified	46	0.8361581920903954	0.7840593141797961	1743			branches_differ_may_be_compiler
0x408e30	RallyData_FUN_00408e30	RallyData.cpp	5663	rutas/carrera	logic_unverified	46	0.8379888268156425	0.7845303867403315	238			branches_differ_may_be_compiler
0x413330	FUN_00413330	RallyData.cpp	3156	rutas/carrera	logic_unverified	46	0.8602941176470589	0.7838827838827839	490			branches_differ_may_be_compiler
0x415990	FUN_00415990	RallyData.cpp	5587	rutas/carrera	logic_unverified	45	0.7777777777777778	0.8235294117647058	193			
0x422140	View_BlendCameraStates	Car.cpp	8303	coche/cámara	logic_unverified	45	0.7993421052631579	0.8045977011494253	920			
0x427e20	FUN_00427e20	NetRace.cpp	1012	red	logic_unverified	45	0.7996051332675223	0.8015794669299111	1413			branches_differ_may_be_compiler
0x42b660	Car_BuildRaceOrder	Car.cpp	3511	coche/cámara	logic_unverified	45	0.8	0.8	140			
0x490720	Collision_ClassifyFaceVertices	VehiclePhysics.cpp	331	coche/física	logic_unverified	45	0.8015978695073236	0.8095872170439414	1126			
0x427b70	FUN_00427b70	NetRace.cpp	556	red	logic_unverified	45	0.8088235294117647	0.8088235294117647	156			
0x443a20	Car_UpdateCornerVelocityPair	Car.cpp	4296	coche/cámara	logic_unverified	45	0.8150470219435737	0.8297213622291022	451			
0x43c640	Car_UpdateWheelTorques	Car.cpp	2808	coche/cámara	logic_unverified	45	0.823076923076923	0.8262548262548263	417			
0x408600	RallyData_FUN_00408600	RallyData.cpp	2574	rutas/carrera	logic_unverified	45	0.8269230769230769	0.8269230769230769	172			
0x4561e0	FUN_004561e0	StageTiming.cpp	8912	tiempos/replay	logic_unverified	45	0.8372093023255814	0.8095238095238095	106			branches_differ_may_be_compiler
0x444c10	Car_PrepareStep	Car.cpp	5163	coche/cámara	logic_unverified	45	0.8466666666666667	0.8127753303964758	3256			
0x411550	FUN_00411550	RallyData.cpp	678	rutas/carrera	logic_unverified	45	0.8518518518518519	0.830820770519263	806			branches_differ_may_be_compiler
0x480e50	FUN_00480e50	StageTiming.cpp	6772	tiempos/replay	logic_unverified	45	0.8524096385542169	0.8267477203647416	1345			indirect_dispatch_requires_case_tests
0x41db10	FUN_0041db10	Race.cpp	2734	carrera	logic_unverified	45	0.8574057037718491	0.8190127970749543	1792			branches_differ_may_be_compiler
0x443250	Car_UpdateBodyLean	Car.cpp	1953	coche/cámara	logic_unverified	45	0.8604459124690339	0.8240131578947368	2000			branches_differ_may_be_compiler
0x40fec0	FUN_0040fec0	RallyData.cpp	4964	rutas/carrera	logic_unverified	45	0.8695652173913043	0.8322147651006712	479			
0x40d6c0	FUN_0040d6c0	RallyData.cpp	180	rutas/carrera	logic_unverified	45	0.875	0.8188976377952756	340			branches_differ_may_be_compiler
0x493ed0	FUN_00493ed0	TrackCollision.cpp	1123	colisión/pista	logic_unverified	45	0.9024390243902439	0.8206686930091185	575			branches_differ_may_be_compiler
0x4bc490	Flare_SampleVisibility	Graphics.cpp	4168	Graphics	logic_unverified	44	0.375	0.3617511520737327	1496			calls_differ_may_be_inlining;branches_differ_may_be_compiler
0x409b60	FUN_00409b60	NetPlayers.cpp	91	red	logic_unverified	44	0.8	0.8620689655172413	86			
0x424560	FUN_00424560	StageTiming.cpp	1369	tiempos/replay	logic_unverified	44	0.8333333333333334	0.8604651162790697	116			
0x45f530	FUN_0045f530	StageTiming.cpp	3769	tiempos/replay	logic_unverified	44	0.8440366972477065	0.8518518518518519	154			
0x40dc30	FUN_0040dc30	RallyData.cpp	7885	rutas/carrera	logic_unverified	44	0.8444444444444444	0.8380566801619433	765			branches_differ_may_be_compiler
0x4984b0	FUN_004984b0	CarPhysics.cpp	879	coche/física	logic_unverified	44	0.8545454545454545	0.8545454545454545	177			
0x508740	StageDeform_ClampVertex	StageTiming.cpp	2175	tiempos/replay	logic_unverified	44	0.8571428571428571	0.8617886178861789	330			branches_differ_may_be_compiler
0x415870	FUN_00415870	RallyData.cpp	5763	rutas/carrera	logic_unverified	44	0.8571428571428571	0.8571428571428571	273			branches_differ_may_be_compiler
0x40e210	FUN_0040e210	RallyData.cpp	5813	rutas/carrera	logic_unverified	44	0.863013698630137	0.863013698630137	276			
0x4248a0	FUN_004248a0	StageTiming.cpp	4821	tiempos/replay	logic_unverified	44	0.8657534246575342	0.8509485094850948	584			
0x418ba0	FUN_00418ba0	Race.cpp	3951	carrera	logic_unverified	44	0.8913043478260869	0.8387096774193549	135			
0x436630	Car_UpdateBodyAxes	Car.cpp	861	coche/cámara	logic_unverified	44	0.8976034858387799	0.8423795049934868	3461			
0x49f0e0	CInput::SetupKeyboard	Input.cpp	680	entrada	logic_unverified	44	0.8976377952755905	0.8477366255144033	517			indirect_dispatch_requires_case_tests
0x4336f0	Car_UpdateWheelTravel	Car.cpp	1281	coche/cámara	logic_unverified	44	0.9028571428571428	0.8651685393258427	326			
0x48a5f0	FUN_0048a5f0	Collision2D.cpp	692	colisión	logic_unverified	44	0.9117432530999271	0.8658892128279884	2193			branches_differ_may_be_compiler
0x48f470	CarPhysics_ApplyImpulse	VehiclePhysics.cpp	146	coche/física	logic_unverified	44	0.9134275618374559	0.8493392070484581	1800			
0x456110	FUN_00456110	StageTiming.cpp	4467	tiempos/replay	logic_unverified	43	0.8413793103448276	0.8794326241134752	204			
0x413fe0	FUN_00413fe0	RallyData.cpp	8301	rutas/carrera	logic_unverified	43	0.8714069591527988	0.8700906344410876	1036			
0x40a820	FUN_0040a820	NetPlayers.cpp	622	red	logic_unverified	43	0.8727272727272727	0.867579908675799	345			
0x424ed0	FUN_00424ed0	NetRace.cpp	607	red	logic_unverified	43	0.875	0.875	76			
0x40d820	FUN_0040d820	RallyData.cpp	2283	rutas/carrera	logic_unverified	43	0.8786885245901639	0.8963210702341137	439			branches_differ_may_be_compiler
0x45eed0	FUN_0045eed0	StageTiming.cpp	9169	tiempos/replay	logic_unverified	43	0.8821292775665399	0.8825757575757576	870			
0x458bd0	FUN_00458bd0	StageTiming.cpp	3343	tiempos/replay	logic_unverified	43	0.8833333333333333	0.8796680497925311	557			branches_differ_may_be_compiler
0x410100	FUN_00410100	RallyData.cpp	3602	rutas/carrera	logic_unverified	43	0.8943911066195048	0.8820826952526799	2911			indirect_dispatch_requires_case_tests
0x42eae0	Car_UpdateGroundContact	Car.cpp	1362	coche/cámara	logic_unverified	43	0.9168081494057725	0.8753525098702764	3380			branches_differ_may_be_compiler
0x495f50	FUN_00495f50	CarPhysics.cpp	588	coche/física	logic_unverified	43	0.9173419773095624	0.8947368421052632	871			
0x479360	FUN_00479360	SurfaceTypes.cpp	833	superficies	logic_unverified	43	0.9188720173535792	0.8782608695652174	4094			indirect_dispatch_requires_case_tests
0x483100	FUN_00483100	StageTiming.cpp	6887	tiempos/replay	logic_unverified	43	0.9295039164490861	0.8932291666666666	1134			
0x43fcc0	Car_UpdateBodyAxesNoDamping	Car.cpp	1047	coche/cámara	logic_unverified	43	0.9326478149100257	0.8790983606557377	2935			
0x429810	Car_UpdateViewNodes	Car.cpp	786	coche/cámara	logic_unverified	43	0.9405204460966543	0.8775510204081632	1797			
0x4669f0	FUN_004669f0	StageTiming.cpp	8420	tiempos/replay	logic_unverified	43	0.952076677316294	0.8778135048231511	1169			
0x508ee0	FUN_00508ee0	StageTiming.cpp	5440	tiempos/replay	logic_unverified	43	0.9615384615384616	0.8932038834951457	125			
0x456d90	FUN_00456d90	StageTiming.cpp	7911	tiempos/replay	logic_unverified	43	0.9675810473815462	0.8955223880597015	617			
0x4b0480	Particle_DrawAll	Graphics.cpp	5857	Graphics	logic_unverified	42	0.44329896907216493	0.4251968503937008	535			calls_differ_may_be_inlining;branches_differ_may_be_compiler
0x487f60	FUN_00487f60	StageObjects.cpp	14666	objetos/IA/replay	logic_unverified	42	0.4482412060301508	0.41334569045412417	1752			calls_differ_may_be_inlining;branches_differ_may_be_compiler
0x4dce00	FUN_004dce00	FrontendScreens.cpp	11347	FrontendScreens	unresolved_and_untested	42	0.6100966702470462	0.5963488843813387	1685		??_C@_01NON@_?$AA@	indirect_dispatch_requires_case_tests
0x427d50	FUN_00427d50	NetRace.cpp	357	red	logic_unverified	42	0.8771929824561403	0.9230769230769231	206			
0x5043b0	FUN_005043b0	RallyData.cpp	8550	rutas/carrera	logic_unverified	42	0.8875	0.9012345679012346	278			
0x458fd0	FUN_00458fd0	StageTiming.cpp	4490	tiempos/replay	logic_unverified	42	0.9024390243902439	0.9024390243902439	203			
0x444a70	Car_RebuildBodyAxes	Car.cpp	5115	coche/cámara	logic_unverified	42	0.9032258064516129	0.9206349206349206	416			
0x458f30	FUN_00458f30	StageTiming.cpp	3728	tiempos/replay	logic_unverified	42	0.9047619047619048	0.9047619047619048	159			
0x41c260	FUN_0041c260	Race.cpp	242	carrera	logic_unverified	42	0.9055690072639225	0.9055690072639225	676			branches_differ_may_be_compiler
0x426b90	FUN_00426b90	NetRace.cpp	822	red	logic_unverified	42	0.9069767441860465	0.9069767441860465	496			
0x4487a0	FUN_004487a0	StageTiming.cpp	5797	tiempos/replay	logic_unverified	42	0.9098712446351931	0.9090909090909091	381			branches_differ_may_be_compiler
0x425a90	FUN_00425a90	NetRace.cpp	1320	red	logic_unverified	42	0.9149797570850202	0.905511811023622	417			
0x40dfa0	FUN_0040dfa0	RallyData.cpp	5138	rutas/carrera	logic_unverified	42	0.9172413793103448	0.9172413793103448	472			
0x40c610	CInput::FUN_0040c610	Input.cpp	2029	entrada	logic_unverified	42	0.9266409266409267	0.9019108280254777	1604			
0x4925c0	FUN_004925c0	TrackCollision.cpp	1030	colisión/pista	logic_unverified	42	0.926829268292683	0.926829268292683	289			
0x5040f0	FUN_005040f0	RallyData.cpp	4159	rutas/carrera	logic_unverified	42	0.9293478260869565	0.9293478260869565	699			
0x492e60	FUN_00492e60	TrackCollision.cpp	758	colisión/pista	logic_unverified	42	0.9302325581395349	0.9147286821705426	171			
0x423a30	View_GetCarBodyMatrix	Car.cpp	5642	coche/cámara	logic_unverified	42	0.9310344827586207	0.9310344827586207	238			
0x41afe0	FUN_0041afe0	Race.cpp	2058	carrera	logic_unverified	42	0.9310344827586207	0.9310344827586207	91			
0x421230	FUN_00421230	RallyData.cpp	4522	rutas/carrera	logic_unverified	42	0.9316239316239316	0.919831223628692	316			branches_differ_may_be_compiler
0x434140	Car_UpdateSteering	Car.cpp	4893	coche/cámara	logic_unverified	42	0.931782945736434	0.9109217660728117	1911			
0x482ac0	Vehicle_UpdateMotion	VehiclePhysics.cpp	443	coche/física	logic_unverified	42	0.9401709401709402	0.9034090909090909	1126			
0x42de20	Car_UpdateGroundNormal	Car.cpp	1829	coche/cámara	logic_unverified	42	0.9402985074626866	0.9230769230769231	1572			
0x4187d0	FUN_004187d0	Race.cpp	3884	carrera	logic_unverified	42	0.9493670886075949	0.9056603773584906	235			branches_differ_may_be_compiler
0x417e70	FUN_00417e70	Race.cpp	1223	carrera	logic_unverified	42	0.9629629629629629	0.922509225092251	385			
0x484f40	FUN_00484f40	StageTiming.cpp	6935	tiempos/replay	logic_unverified	42	0.9737827715355806	0.9027431421446384	1142			
0x431220	Car_RelaxBodyAxes	Car.cpp	1632	coche/cámara	logic_unverified	42	0.9781710914454277	0.9293286219081273	2542			branches_differ_may_be_compiler
0x4a4d30	CGraphics::RemapTextureAlpha	Graphics.cpp	883	Graphics	logic_unverified	41	0.42105263157894735	0.43458980044345896	833			calls_differ_may_be_inlining;branches_differ_may_be_compiler
0x500270	FUN_00500270	GameInfo.cpp	11173	GameInfo	logic_unverified	41	0.44036697247706424	0.44036697247706424	0			calls_differ_may_be_inlining;branches_differ_may_be_compiler
0x4a3650	Sprite_DrawLayer	Sprite.cpp	67	Sprite	logic_unverified	41	0.45912653975363943	0.44097995545657015	1503			calls_differ_may_be_inlining;branches_differ_may_be_compiler
0x4a6710	CGraphics::LoadTGATexture	Graphics.cpp	6332	Graphics	logic_unverified	41	0.4932003626473255	0.45714285714285713	1816			calls_differ_may_be_inlining;branches_differ_may_be_compiler
0x5062d0	FUN_005062d0	GameInfo.cpp	11703	GameInfo	unresolved_and_untested	41	0.6139817629179332	0.6192592592592593	1100		??_C@_05DPOJ@L?4c3d?$AA@;??_C@_05FMGM@S?4c3d?$AA@;??_C@_06CPOC@?$CFs?4c3d?$AA@;??_C@_06GGND@A1?4bfl?$AA@;??_C@_06KFEA@?$CFs?4bfl?$AA@;??_C@_07IPPI@A1N?4c3d?$AA@	branches_differ_may_be_compiler
0x4a98b0	CMain::MessageHandler	main.cpp	202	main	unresolved_and_untested	41	0.6618181818181819	0.6197183098591549	356		??_C@_0BE@HKJM@QueryCancelAutoPlay?$AA@	indirect_dispatch_requires_case_tests
0x411280	FUN_00411280	RallyData.cpp	6467	rutas/carrera	logic_unverified	41	0.9253731343283582	0.9363295880149812	452			
0x43a920	Car_ApplyCornerFriction	Car.cpp	2086	coche/cámara	logic_unverified	41	0.9343629343629344	0.9362934362934363	1604			branches_differ_may_be_compiler
0x503ea0	FUN_00503ea0	RallyData.cpp	4104	rutas/carrera	logic_unverified	41	0.9393939393939394	0.9393939393939394	582			
0x4430b0	Car_UpdateRideHeight	Car.cpp	4173	coche/cámara	logic_unverified	41	0.9423076923076923	0.9423076923076923	369			
0x40ad20	FUN_0040ad20	NetPlayers.cpp	805	red	logic_unverified	41	0.95	0.9411764705882353	363			
0x413520	FUN_00413520	RallyData.cpp	5617	rutas/carrera	logic_unverified	41	0.9508196721311475	0.9508196721311475	228			
0x4ba440	FixMatrix_Invert	FixedPoint.cpp	156	matemática	logic_unverified	41	0.952	0.952	1062			
0x43dff0	Car_SetRideHeight	Car.cpp	4095	coche/cámara	logic_unverified	41	0.9565217391304348	0.9565217391304348	362			
0x423780	Camera_SnapTo	Car.cpp	8030	coche/cámara	logic_unverified	41	0.9574468085106383	0.9444444444444444	104			indirect_dispatch_requires_case_tests
0x423f30	Render_GetDetailDistanceScale	Car.cpp	5450	coche/cámara	logic_unverified	41	0.9583333333333334	0.9583333333333334	139			
0x493890	FUN_00493890	TrackCollision.cpp	291	colisión/pista	logic_unverified	41	0.959349593495935	0.943089430894309	432			
0x426810	FUN_00426810	NetRace.cpp	861	red	logic_unverified	41	0.9653979238754326	0.9653979238754326	885			
0x4292c0	Car_ApplyViewTransforms	Car.cpp	681	coche/cámara	logic_unverified	41	0.965675057208238	0.965675057208238	1345			
0x403890	FUN_00403890	GameInfo.cpp	9049	GameInfo	logic_unverified	40	0.4926739926739927	0.4977293369663942	1625			calls_differ_may_be_inlining;branches_differ_may_be_compiler
0x4926f0	FUN_004926f0	StageObjects.cpp	9639	objetos/IA/replay	logic_unverified	40	0.4930232558139535	0.4954954954954955	410			calls_differ_may_be_inlining;branches_differ_may_be_compiler
0x4b67f0	Mesh_GetShadowCylinder	Graphics.cpp	3304	Graphics	unresolved_and_untested	40	0.7289002557544757	0.6352040816326531	1195		__real@4@00000000000000000000	
0x443bf0	Car_UpdateSuspensionPass	Car.cpp	4338	coche/cámara	logic_unverified	40	0.9696969696969697	0.9696969696969697	280			
0x42fb20	Car_SolveUpright	Car.cpp	7609	coche/cámara	logic_unverified	40	0.975148568341437	0.975148568341437	5874			
0x40a980	FUN_0040a980	NetPlayers.cpp	663	red	logic_unverified	40	0.9754098360655737	0.9754098360655737	386			
0x40a0e0	FUN_0040a0e0	NetPlayers.cpp	333	red	logic_unverified	40	0.9821428571428571	0.9821428571428571	323			
0x478dc0	FUN_00478dc0	SurfaceTypes.cpp	577	superficies	logic_unverified	40	0.9868421052631579	0.9868421052631579	368			
0x478f50	FUN_00478f50	SurfaceTypes.cpp	685	superficies	logic_unverified	40	0.9891696750902527	0.9963898916967509	845			
0x4556f0	FUN_004556f0	StageTiming.cpp	239	tiempos/replay	logic_unverified	40	0.9966666666666667	0.9964664310954063	898			indirect_dispatch_requires_case_tests
0x4a5be0	CGraphics::FUN_004a5be0	Graphics.cpp	234	Graphics	logic_unverified	39	0.5116279069767442	0.5081081081081081	289			calls_differ_may_be_inlining;branches_differ_may_be_compiler
0x4b0110	Particle_UpdateAll	Graphics.cpp	5717	Graphics	logic_unverified	39	0.5747899159663865	0.515702479338843	878			calls_differ_may_be_inlining;branches_differ_may_be_compiler
0x4a28d0	CSound::FUN_004a28d0	Sound.cpp	46	Sound	unresolved_and_untested	39	0.7766990291262136	0.6981132075471698	333		$L56065;__except_list	branches_differ_may_be_compiler
0x4b21e0	FUN_004b21e0	Graphics.cpp	5333	Graphics	unresolved_and_untested	39	0.7884615384615384	0.6919431279620853	431		_?$S390@?1??FUN_004b21e0@@YGXXZ@4EA;_?s_now@?1??FUN_004b21e0@@YGXXZ@4IA;_?s_prev@?1??FUN_004b21e0@@YGXXZ@4IA;_?s_secondStart@?1??FUN_004b21e0@@YGXXZ@4IA;_?s_start@?1??FUN_004b21e0@@YGXXZ@4IA;__real@4@4008fa00000000000000	
0x4b8b90	Sector_BuildCorners	Sector.cpp	475	Sector	logic_unverified	38	0.22691292875989447	0.20887728459530025	665			branches_differ_may_be_compiler
0x4a6e30	CGraphics::LoadDDSTexture	Graphics.cpp	2991	Graphics	logic_unverified	38	0.5631517960602549	0.5630630630630631	1494			calls_differ_may_be_inlining;branches_differ_may_be_compiler
0x4bd9d0	CGraphics::GetMipMapSurfaces	Graphics.cpp	1341	Graphics	logic_unverified	38	0.575	0.5609756097560976	139			calls_differ_may_be_inlining
0x506bb0	FUN_00506bb0	GameInfo.cpp	7703	GameInfo	logic_unverified	38	0.6528662420382165	0.549079754601227	1029			calls_differ_may_be_inlining;branches_differ_may_be_compiler
0x4a5e40	Sprite_FillRect	Sprite.cpp	348	Sprite	logic_unverified	37	0.24193548387096775	0.248	404			
0x500550	FUN_00500550	GameInfo.cpp	9334	GameInfo	logic_unverified	37	0.5371428571428571	0.592057761732852	962			calls_differ_may_be_inlining;branches_differ_may_be_compiler
0x473d60	FUN_00473d60	StageObjects.cpp	15792	objetos/IA/replay	logic_unverified	37	0.5823754789272031	0.5788982259570495	1720			calls_differ_may_be_inlining;branches_differ_may_be_compiler
0x4aac40	FUN_004aac40	Game.cpp	3380	Game	logic_unverified	37	0.6333333333333333	0.5950413223140496	174			calls_differ_may_be_inlining;branches_differ_may_be_compiler
0x476640	FUN_00476640	StageObjects.cpp	2483	objetos/IA/replay	logic_unverified	36	0.23255813953488372	0.2792452830188679	513			
0x463fe0	FUN_00463fe0	StageObjects.cpp	11558	objetos/IA/replay	logic_unverified	36	0.2939068100358423	0.2991596638655462	1026			branches_differ_may_be_compiler
0x40b5b0	Font_GetTextWidth	Font.cpp	148	Font	logic_unverified	36	0.3046875	0.2713178294573643	376			branches_differ_may_be_compiler
0x46bdc0	FUN_0046bdc0	StageObjects.cpp	7913	objetos/IA/replay	logic_unverified	36	0.3173076923076923	0.2962962962962963	254			branches_differ_may_be_compiler
0x4736b0	FUN_004736b0	StageObjects.cpp	2205	objetos/IA/replay	logic_unverified	36	0.5588235294117647	0.6099290780141844	209			calls_differ_may_be_inlining
0x473810	FUN_00473810	StageObjects.cpp	2264	objetos/IA/replay	logic_unverified	36	0.5588235294117647	0.6099290780141844	209			calls_differ_may_be_inlining
0x40e8d0	CInstallInfo::FUN_0040e8d0	InstallInfo.cpp	194	InstallInfo	logic_unverified	36	0.6450567260940032	0.630048465266559	1089			calls_differ_may_be_inlining
0x469100	FUN_00469100	StageObjects.cpp	4813	objetos/IA/replay	logic_unverified	35	0.3194444444444444	0.31833910034602075	417			
0x4b4180	FUN_004b4180	SceneNode.cpp	2679	SceneNode	logic_unverified	35	0.32220039292730845	0.31702544031311153	781			branches_differ_may_be_compiler
0x46ec40	FUN_0046ec40	StageObjects.cpp	8058	objetos/IA/replay	logic_unverified	35	0.384	0.3308270676691729	246			branches_differ_may_be_compiler
0x4ded80	FUN_004ded80	FrontendScreens.cpp	5426	FrontendScreens	logic_unverified	35	0.5870307167235495	0.6348547717842323	1679			calls_differ_may_be_inlining;branches_differ_may_be_compiler
0x4f0620	FUN_004f0620	FrontendScreens.cpp	3216	FrontendScreens	logic_unverified	35	0.6538461538461539	0.6618181818181819	444			calls_differ_may_be_inlining;branches_differ_may_be_compiler
0x4b8e30	Sector_NearestCornerHeight	Sector.cpp	415	Sector	unresolved_and_untested	35	0.9113924050632911	0.8029465930018416	813		__real@8@400f8000000000000000;__real@8@c00f8000000000000000	indirect_dispatch_requires_case_tests
0x47ca30	FUN_0047ca30	StageObjects.cpp	9318	objetos/IA/replay	logic_unverified	34	0.30962343096234307	0.33725490196078434	387			branches_differ_may_be_compiler
0x4d6870	FUN_004d6870	FrontendScreens.cpp	8464	FrontendScreens	logic_unverified	34	0.35014836795252224	0.3460410557184751	482			branches_differ_may_be_compiler
0x4a4b10	FUN_004a4b10	Graphics.cpp	5191	Graphics	logic_unverified	34	0.36585365853658536	0.36	189			branches_differ_may_be_compiler
0x48cc30	FUN_0048cc30	StageObjects.cpp	13517	objetos/IA/replay	logic_unverified	34	0.6563307493540051	0.685	587			calls_differ_may_be_inlining;branches_differ_may_be_compiler
0x4d7750	FUN_004d7750	FrontendScreens.cpp	9782	FrontendScreens	logic_unverified	34	0.6823204419889503	0.6971736204576043	1197			calls_differ_may_be_inlining;branches_differ_may_be_compiler
0x5091c0	FUN_005091c0	GameInfo.cpp	7298	GameInfo	logic_unverified	34	0.7198177676537585	0.34869516935036093	2591			
0x47b0e0	FUN_0047b0e0	StageObjects.cpp	12609	objetos/IA/replay	logic_unverified	34	0.7221476510067114	0.6943699731903485	1344			calls_differ_may_be_inlining;branches_differ_may_be_compiler
0x46d2d0	FUN_0046d2d0	StageObjects.cpp	8453	objetos/IA/replay	logic_unverified	33	0.38372093023255816	0.37777777777777777	284			branches_differ_may_be_compiler
0x4b1ea0	Mesh_Rebuild	Mesh.cpp	109	Mesh	logic_unverified	33	0.38493723849372385	0.38493723849372385	379			branches_differ_may_be_compiler
0x5034f0	FUN_005034f0	GameInfo.cpp	8715	GameInfo	logic_unverified	33	0.3903345724907063	0.3831417624521073	1032			indirect_dispatch_requires_case_tests
0x47f740	FUN_0047f740	StageObjects.cpp	16064	objetos/IA/replay	logic_unverified	33	0.39898348157560354	0.39847715736040606	1380			branches_differ_may_be_compiler
0x46cfa0	FUN_0046cfa0	StageObjects.cpp	14221	objetos/IA/replay	logic_unverified	33	0.4056603773584906	0.3888888888888889	717			branches_differ_may_be_compiler
0x4b93c0	FUN_004b93c0	Sector.cpp	84	Sector	logic_unverified	33	0.4223013048635824	0.3958333333333333	1320			branches_differ_may_be_compiler
0x484e00	FUN_00484e00	StageObjects.cpp	12812	objetos/IA/replay	logic_unverified	33	0.42452830188679247	0.39069767441860465	316			branches_differ_may_be_compiler
0x47d330	FUN_0047d330	StageObjects.cpp	15230	objetos/IA/replay	logic_unverified	33	0.4573643410852713	0.39330543933054396	395			indirect_dispatch_requires_case_tests
0x464cb0	StageObject_UpdateSkidTrails	StageObjects.cpp	5101	objetos/IA/replay	logic_unverified	33	0.4707818930041152	0.3946750195771339	2172			branches_differ_may_be_compiler
0x44bcd0	FUN_0044bcd0	GameMenus.cpp	691	GameMenus	logic_unverified	33	0.7071220930232558	0.7045373347624152	4308			calls_differ_may_be_inlining;branches_differ_may_be_compiler
0x4a9f90	CGenericFileLoader::StrUpperPolish	GenericFileLoader.cpp	94	GenericFileLoader	logic_unverified	33	0.7542087542087542	0.37735849056603776	122			indirect_dispatch_requires_case_tests
0x4aa220	CFileBuffer::GetGenericFileBuffer	FileBuffer.cpp	49	FileBuffer	logic_unverified	33	0.7625570776255708	0.7165532879818595	595			calls_differ_may_be_inlining;branches_differ_may_be_compiler
0x4a1d60	Sound_InitDevice	Sound.cpp	866	Sound	logic_unverified	33	0.7692307692307693	0.7169811320754716	487			calls_differ_may_be_inlining
0x4e1d70	FUN_004e1d70	FrontendScreens.cpp	8525	FrontendScreens	logic_unverified	32	0.35714285714285715	0.42696629213483145	565			branches_differ_may_be_compiler
0x419200	StageUI_ApplySoundState	StageUI.cpp	272	StageUI	logic_unverified	32	0.35934664246823955	0.4247517188693659	2278			indirect_dispatch_requires_case_tests
0x476e00	FUN_00476e00	StageObjects.cpp	10944	objetos/IA/replay	logic_unverified	32	0.41444270015698587	0.40392706872370265	1340			branches_differ_may_be_compiler
0x4a5880	CGraphics::GenerateBumpMap	Graphics.cpp	2076	Graphics	logic_unverified	32	0.417910447761194	0.40370370370370373	786			branches_differ_may_be_compiler
0x4b4aa0	Scene_LoadLighting	SceneNode.cpp	1293	SceneNode	logic_unverified	32	0.42053789731051344	0.4028268551236749	1538			branches_differ_may_be_compiler
0x49c1c0	CGame::FUN_0049c1c0	Game.cpp	1219	Game	logic_unverified	32	0.4588235294117647	0.4293785310734463	255			
0x4b5770	FUN_004b5770	SceneNode.cpp	1736	SceneNode	logic_unverified	32	0.46993318485523383	0.40476190476190477	1763			branches_differ_may_be_compiler
0x48e730	FUN_0048e730	StageObjects.cpp	13277	objetos/IA/replay	logic_unverified	32	0.6342213114754098	0.41553202218860313	3265			branches_differ_may_be_compiler
0x471950	FUN_00471950	StageObjects.cpp	8128	objetos/IA/replay	logic_unverified	32	0.6850828729281768	0.4175824175824176	272			
0x4da710	FUN_004da710	FrontendScreens.cpp	7275	FrontendScreens	logic_unverified	32	0.6987551867219917	0.7418856259659969	2172			calls_differ_may_be_inlining;branches_differ_may_be_compiler
0x4a9e60	CTexture::FindLoadTexture	Texture.cpp	25	Texture	logic_unverified	32	0.7835051546391752	0.7537688442211056	231			calls_differ_may_be_inlining;branches_differ_may_be_compiler
0x49a910	Car_QueueWindowBreak	CarEffects.cpp	305	CarEffects	logic_unverified	31	0.35714285714285715	0.43983402489626555	522			
0x47fcb0	StageObject_SpawnDebris	StageObjects.cpp	2724	objetos/IA/replay	logic_unverified	31	0.3795180722891566	0.45609065155807366	1379			branches_differ_may_be_compiler
0x48caa0	FUN_0048caa0	StageObjects.cpp	4206	objetos/IA/replay	logic_unverified	31	0.41025641025641024	0.45	60			branches_differ_may_be_compiler
0x4778b0	FUN_004778b0	StageObjects.cpp	8498	objetos/IA/replay	logic_unverified	31	0.4177215189873418	0.46060606060606063	299			
0x498dd0	CarEffects_Init	CarEffects.cpp	71	CarEffects	logic_unverified	31	0.42597402597402595	0.45012787723785164	591			branches_differ_may_be_compiler
0x4b06a0	Particle_Interpolate	Graphics.cpp	5831	Graphics	logic_unverified	31	0.4277456647398844	0.4367816091954023	247			
0x4fcb30	FUN_004fcb30	FrontendMenus.cpp	972	FrontendMenus	logic_unverified	31	0.4318181818181818	0.44086021505376344	288			branches_differ_may_be_compiler
0x4ade00	Scene_SetViewFromCamera	SceneNode.cpp	2480	SceneNode	logic_unverified	31	0.4444444444444444	0.4444444444444444	340			
0x487140	FUN_00487140	StageObjects.cpp	9124	objetos/IA/replay	logic_unverified	31	0.4490566037735849	0.44569288389513106	681			
0x4d5de0	FUN_004d5de0	FrontendScreens.cpp	285	FrontendScreens	logic_unverified	31	0.4521072796934866	0.45136186770428016	445			indirect_dispatch_requires_case_tests
0x45c820	WheelSplash_Update	CarEffects.cpp	1267	CarEffects	logic_unverified	31	0.4646864686468647	0.4616393442622951	2496			branches_differ_may_be_compiler
0x4b3c00	Scene_RelightSector	SceneNode.cpp	1001	SceneNode	logic_unverified	31	0.4662813102119461	0.4490566037735849	798			branches_differ_may_be_compiler
0x4ed840	FUN_004ed840	FrontendScreens.cpp	8584	FrontendScreens	logic_unverified	31	0.4663677130044843	0.4605263157894737	742			branches_differ_may_be_compiler
0x4b1ac0	Mesh_BuildParts	Mesh.cpp	135	Mesh	logic_unverified	31	0.4671916010498688	0.4416243654822335	561			branches_differ_may_be_compiler
0x4675c0	FUN_004675c0	StageObjects.cpp	4583	objetos/IA/replay	logic_unverified	31	0.48044692737430167	0.45054945054945056	316			
0x4a91b0	CGraphics::EnumTextureFormatsCallback	Graphics.cpp	1570	Graphics	logic_unverified	31	0.48313090418353577	0.4372574385510996	1294			branches_differ_may_be_compiler
0x4b6ca0	Scene_AttenuateSectorLight	Graphics.cpp	3433	Graphics	logic_unverified	31	0.4958217270194986	0.4528301886792453	589			branches_differ_may_be_compiler
0x49cbc0	FUN_0049cbc0	Game.cpp	2288	Game	logic_unverified	31	0.5045045045045045	0.4424778761061947	137			
0x492910	FUN_00492910	StageObjects.cpp	3274	objetos/IA/replay	logic_unverified	31	0.5386819484240688	0.4462809917355372	565			branches_differ_may_be_compiler
0x423900	FUN_00423900	Game.cpp	2829	Game	logic_unverified	31	0.6388888888888888	0.4583333333333333	71			indirect_dispatch_requires_case_tests
0x46cc60	Replay_StopRecording	StageObjects.cpp	7153	objetos/IA/replay	logic_unverified	30	0.36363636363636365	0.47058823529411764	113			branches_differ_may_be_compiler
0x46c8e0	FUN_0046c8e0	StageObjects.cpp	10088	objetos/IA/replay	logic_unverified	30	0.3816793893129771	0.4688995215311005	765			branches_differ_may_be_compiler
0x476a40	FUN_00476a40	StageObjects.cpp	8982	objetos/IA/replay	logic_unverified	30	0.41228070175438597	0.4669260700389105	547			
0x46d470	Replay_SetupPointers	StageObjects.cpp	7208	objetos/IA/replay	logic_unverified	30	0.45454545454545453	0.5	136			
0x488de0	FUN_00488de0	StageObjects.cpp	4468	objetos/IA/replay	logic_unverified	30	0.48514851485148514	0.47959183673469385	615			indirect_dispatch_requires_case_tests
0x49da50	Tri2D_Contains	Graphics.cpp	2591	Graphics	logic_unverified	30	0.49230769230769234	0.48346055979643765	544			branches_differ_may_be_compiler
0x4ae470	Graphics_DrawLayerQuad	Graphics.cpp	4812	Graphics	logic_unverified	30	0.49572649572649574	0.4825090470446321	1239			
0x4a6370	CGraphics::LoadTGABumpMap	Graphics.cpp	6605	Graphics	logic_unverified	30	0.50187265917603	0.4963235294117647	768			branches_differ_may_be_compiler
0x488640	FUN_00488640	StageObjects.cpp	13106	objetos/IA/replay	logic_unverified	30	0.5039257673090649	0.4693295292439372	1948			branches_differ_may_be_compiler
0x47b970	FUN_0047b970	StageObjects.cpp	10483	objetos/IA/replay	logic_unverified	30	0.5425531914893617	0.4777777777777778	317			indirect_dispatch_requires_case_tests
0x47cd10	FUN_0047cd10	StageObjects.cpp	10742	objetos/IA/replay	logic_unverified	30	0.56	0.4889589905362776	965			branches_differ_may_be_compiler
0x4a49c0	CGraphics::FUN_004a49c0	Graphics.cpp	6286	Graphics	logic_unverified	29	0.4413145539906103	0.5065502183406113	335			branches_differ_may_be_compiler
0x46ea80	FUN_0046ea80	StageObjects.cpp	9233	objetos/IA/replay	logic_unverified	29	0.4934210526315789	0.5048543689320388	438			branches_differ_may_be_compiler
0x4ee6e0	FUN_004ee6e0	FrontendScreens.cpp	8312	FrontendScreens	logic_unverified	29	0.4942084942084942	0.5223880597014925	365			branches_differ_may_be_compiler
0x4994f0	GlassShard_Draw	CarEffects.cpp	446	CarEffects	logic_unverified	29	0.5060975609756098	0.5325443786982249	535			branches_differ_may_be_compiler
0x4dfe20	FUN_004dfe20	FrontendScreens.cpp	11159	FrontendScreens	logic_unverified	29	0.5062789160608063	0.5043830074173972	2321			indirect_dispatch_requires_case_tests
0x4fb8d0	FUN_004fb8d0	FrontendScreens.cpp	8054	FrontendScreens	logic_unverified	29	0.5064935064935064	0.5333333333333333	232			
0x4fdb10	FUN_004fdb10	FrontendMenus.cpp	1530	FrontendMenus	logic_unverified	29	0.5104972375690607	0.5251937984496124	1818			indirect_dispatch_requires_case_tests
0x47b640	FUN_0047b640	StageObjects.cpp	14049	objetos/IA/replay	logic_unverified	29	0.5119047619047619	0.5207100591715976	354			branches_differ_may_be_compiler
0x4eb860	FUN_004eb860	FileBuffer.cpp	370	FileBuffer	logic_unverified	29	0.5227963525835866	0.5209580838323353	500			branches_differ_may_be_compiler
0x46f810	StageObject_InitMovingObject	StageObjects.cpp	886	objetos/IA/replay	logic_unverified	29	0.525974025974026	0.514047866805411	1620			branches_differ_may_be_compiler
0x461830	FUN_00461830	StageObjects.cpp	6139	objetos/IA/replay	logic_unverified	29	0.5286103542234333	0.5040650406504065	498			branches_differ_may_be_compiler
0x46bb40	FUN_0046bb40	StageObjects.cpp	8886	objetos/IA/replay	logic_unverified	29	0.5292307692307693	0.5228758169934641	452			indirect_dispatch_requires_case_tests
0x47c5e0	FUN_0047c5e0	StageObjects.cpp	10621	objetos/IA/replay	logic_unverified	29	0.5569620253164557	0.5171428571428571	946			branches_differ_may_be_compiler
0x464960	FUN_00464960	StageObjects.cpp	5825	objetos/IA/replay	logic_unverified	29	0.5637065637065637	0.5317460317460317	391			branches_differ_may_be_compiler
0x4bdd30	CGraphics::FUN_004bdd30	Graphics.cpp	664	Graphics	logic_unverified	29	0.8378378378378378	0.8378378378378378	239			calls_differ_may_be_inlining
0x4dec30	FUN_004dec30	FrontendScreens.cpp	735	FrontendScreens	logic_unverified	29	0.8648648648648649	0.8584474885844748	329			calls_differ_may_be_inlining
0x46de20	FUN_0046de20	StageObjects.cpp	11484	objetos/IA/replay	logic_unverified	28	0.301840490797546	0.5647058823529412	1304			branches_differ_may_be_compiler
0x46f550	FUN_0046f550	StageObjects.cpp	1730	objetos/IA/replay	logic_unverified	28	0.512	0.5392670157068062	655			branches_differ_may_be_compiler
0x4bc110	Timer_GetValue	Graphics.cpp	3608	Graphics	logic_unverified	28	0.5230769230769231	0.5447154471544715	357			indirect_dispatch_requires_case_tests
0x4028d0	FUN_004028d0	GameInfo.cpp	5274	GameInfo	logic_unverified	28	0.5336658354114713	0.5532879818594104	726			branches_differ_may_be_compiler
0x47ad20	FUN_0047ad20	StageObjects.cpp	12510	objetos/IA/replay	logic_unverified	28	0.5438202247191011	0.5603448275862069	732			branches_differ_may_be_compiler
0x47aa70	FUN_0047aa70	StageObjects.cpp	12419	objetos/IA/replay	logic_unverified	28	0.5574572127139364	0.56	676			branches_differ_may_be_compiler
0x4b45d0	Scene_AddShadowCaster	SceneNode.cpp	1217	SceneNode	logic_unverified	28	0.5579567779960707	0.5369649805447471	825			
0x4aa930	CGame::AddConnection	Game.cpp	1891	Game	logic_unverified	28	0.5620915032679739	0.5584415584415584	219			
0x46bfd0	FUN_0046bfd0	StageObjects.cpp	1460	objetos/IA/replay	logic_unverified	28	0.5674418604651162	0.5545454545454546	428			
0x4b8270	FUN_004b8270	Sector.cpp	735	Sector	logic_unverified	28	0.5694915254237288	0.5472972972972973	480			branches_differ_may_be_compiler
0x4e2e50	CGame::FUN_004e2e50	Game.cpp	1754	Game	logic_unverified	28	0.5714285714285714	0.55078125	991			
0x4f0580	FUN_004f0580	FrontendScreens.cpp	8764	FrontendScreens	logic_unverified	28	0.5714285714285714	0.5411764705882353	118			
0x46c750	FUN_0046c750	StageObjects.cpp	10863	objetos/IA/replay	logic_unverified	28	0.5739910313901345	0.5555555555555556	390			branches_differ_may_be_compiler
0x46cbe0	FUN_0046cbe0	StageObjects.cpp	8335	objetos/IA/replay	logic_unverified	28	0.5740740740740741	0.5490196078431373	121			branches_differ_may_be_compiler
0x415f50	FUN_00415f50	StageUI.cpp	1089	StageUI	logic_unverified	28	0.5746478873239437	0.5666041275797373	1678			branches_differ_may_be_compiler
0x499ac0	Debris_Draw	CarEffects.cpp	585	CarEffects	logic_unverified	28	0.5800376647834274	0.5437616387337058	786			branches_differ_may_be_compiler
0x4ee170	FUN_004ee170	FrontendScreens.cpp	8369	FrontendScreens	logic_unverified	28	0.580896686159844	0.5443786982248521	739			branches_differ_may_be_compiler
0x477ce0	FUN_00477ce0	StageObjects.cpp	3920	objetos/IA/replay	logic_unverified	28	0.583756345177665	0.5408163265306123	584			branches_differ_may_be_compiler
0x46a500	FUN_0046a500	StageObjects.cpp	11073	objetos/IA/replay	logic_unverified	28	0.6207928197456993	0.549663928304705	1963			branches_differ_may_be_compiler
0x469e40	FUN_00469e40	StageObjects.cpp	12232	objetos/IA/replay	logic_unverified	28	0.6484312148028962	0.5615686274509804	1716			branches_differ_may_be_compiler
0x4be160	check_header	ZlibGzio.cpp	274	ZlibGzio	logic_unverified	28	0.8607198748043818	0.8931750741839762	958			calls_differ_may_be_inlining;branches_differ_may_be_compiler
0x4a7910	CGraphics::FUN_004a7910	Graphics.cpp	382	Graphics	logic_unverified	28	0.9221902017291066	0.8829174664107485	1826			calls_differ_may_be_inlining;branches_differ_may_be_compiler
0x463410	StageLights_Create	StageObjects.cpp	7008	objetos/IA/replay	logic_unverified	27	0.5373134328358209	0.5967110415035238	1983			branches_differ_may_be_compiler
0x46c5a0	FUN_0046c5a0	StageObjects.cpp	8413	objetos/IA/replay	logic_unverified	27	0.5465116279069767	0.5806451612903226	299			branches_differ_may_be_compiler
0x4fccb0	FUN_004fccb0	FrontendMenus.cpp	1201	FrontendMenus	logic_unverified	27	0.5695364238410596	0.5718954248366013	965			
0x4b2d90	SceneNode_SetMeshFlagBits	Graphics.cpp	4034	Graphics	logic_unverified	27	0.5714285714285714	0.5714285714285714	125			
0x4daf90	FUN_004daf90	FrontendScreens.cpp	7319	FrontendScreens	logic_unverified	27	0.5752285951787198	0.5701149425287356	2217			indirect_dispatch_requires_case_tests
0x4b1530	Billboard_Draw	Graphics.cpp	4504	Graphics	logic_unverified	27	0.584717607973422	0.5862646566164154	1078			branches_differ_may_be_compiler
0x4f4760	FUN_004f4760	FrontendScreens.cpp	4965	FrontendScreens	logic_unverified	27	0.5851063829787234	0.5851063829787234	325			branches_differ_may_be_compiler
0x4cfb30	FUN_004cfb30	Frontend.cpp	1445	Frontend	logic_unverified	27	0.6	0.5976095617529881	344			branches_differ_may_be_compiler
0x4b4490	FUN_004b4490	SceneNode.cpp	1959	SceneNode	logic_unverified	27	0.6017699115044248	0.5779816513761468	308			branches_differ_may_be_compiler
0x446bf0	Dash_DrawDial	HudDash.cpp	568	HudDash	logic_unverified	27	0.6059850374064838	0.5804878048780487	1286			branches_differ_may_be_compiler
0x506930	FUN_00506930	GameInfo.cpp	7615	GameInfo	logic_unverified	27	0.6098654708520179	0.5803571428571429	485			branches_differ_may_be_compiler
0x41b460	FUN_0041b460	StageUI.cpp	1221	StageUI	logic_unverified	27	0.6101249178172256	0.5899665551839465	2709			indirect_dispatch_requires_case_tests
0x4b5f90	FUN_004b5f90	SceneNode.cpp	2066	SceneNode	logic_unverified	27	0.6142857142857143	0.5714285714285714	688			
0x50ee50	FUN_0050ee50	GameInfo.cpp	6618	GameInfo	logic_unverified	27	0.6147540983606558	0.5988023952095808	715			branches_differ_may_be_compiler
0x46cce0	FUN_0046cce0	StageObjects.cpp	11971	objetos/IA/replay	logic_unverified	27	0.634703196347032	0.586046511627907	694			branches_differ_may_be_compiler
0x47dd70	FUN_0047dd70	StageObjects.cpp	15338	objetos/IA/replay	logic_unverified	27	0.6348387096774194	0.5982028241335045	1122			branches_differ_may_be_compiler
0x4ae950	Graphics_DrawProjectedQuad	Graphics.cpp	4701	Graphics	logic_unverified	27	0.6389099167297502	0.5958702064896755	1992			branches_differ_may_be_compiler
0x486500	FUN_00486500	StageObjects.cpp	3016	objetos/IA/replay	logic_unverified	27	0.6502463054187192	0.5980392156862745	304			branches_differ_may_be_compiler
0x4e4130	FUN_004e4130	FrontendScreens.cpp	1066	FrontendScreens	logic_unverified	27	0.9024583663758922	0.9040444091990484	1047			calls_differ_may_be_inlining;branches_differ_may_be_compiler
0x49c680	FUN_0049c680	Graphics.cpp	7247	Graphics	logic_unverified	26	0.5760869565217391	0.6145833333333334	299			branches_differ_may_be_compiler
0x4471b0	Dash_DrawNeedle	HudDash.cpp	495	HudDash	logic_unverified	26	0.5884353741496599	0.6013513513513513	882			
0x4cfff0	FUN_004cfff0	Frontend.cpp	1613	Frontend	logic_unverified	26	0.5894736842105263	0.6102941176470589	385			branches_differ_may_be_compiler
0x4fc9f0	FUN_004fc9f0	FrontendMenus.cpp	1026	FrontendMenus	logic_unverified	26	0.5955056179775281	0.6171428571428571	317			branches_differ_may_be_compiler
0x4f8b30	FUN_004f8b30	GameInfo.cpp	11837	GameInfo	logic_unverified	26	0.6203007518796992	0.6259124087591241	1793			branches_differ_may_be_compiler
0x4fd080	FUN_004fd080	FrontendMenus.cpp	1285	FrontendMenus	logic_unverified	26	0.6242424242424243	0.6026986506746627	1019			branches_differ_may_be_compiler
0x461710	FUN_00461710	StageObjects.cpp	8356	objetos/IA/replay	logic_unverified	26	0.6301369863013698	0.6306306306306306	282			
0x499750	Car_SpawnDebris	CarEffects.cpp	509	CarEffects	logic_unverified	26	0.6305609284332688	0.6091954022988506	814			branches_differ_may_be_compiler
0x472cb0	FUN_00472cb0	StageObjects.cpp	1917	objetos/IA/replay	logic_unverified	26	0.6350710900473934	0.6190476190476191	317			indirect_dispatch_requires_case_tests
0x469c30	FUN_00469c30	StageObjects.cpp	14375	objetos/IA/replay	logic_unverified	26	0.6462585034013606	0.6305084745762712	420			
0x4f37c0	FUN_004f37c0	FrontendScreens.cpp	4353	FrontendScreens	logic_unverified	26	0.6465256797583081	0.6126126126126126	428			branches_differ_may_be_compiler
0x4643f0	FUN_004643f0	StageObjects.cpp	11703	objetos/IA/replay	logic_unverified	26	0.6527093596059114	0.6324786324786325	1272			
0x4930e0	FUN_004930e0	StageObjects.cpp	9413	objetos/IA/replay	logic_unverified	26	0.6846153846153846	0.6230769230769231	455			
0x505b40	FUN_00505b40	GameInfo.cpp	9439	GameInfo	logic_unverified	26	0.6892177589852009	0.6058091286307054	713			
0x4abaf0	Mesh_CloneInto	Mesh.cpp	314	Mesh	logic_unverified	26	0.6937269372693727	0.6194368755676658	1616			
0x49af20	WheelSpray_Init	CarEffects.cpp	744	CarEffects	logic_unverified	26	0.6985294117647058	0.6308243727598566	430			
0x499de0	Car_ShatterWindow	CarEffects.cpp	135	CarEffects	logic_unverified	26	0.7016393442622951	0.6294148655772273	2697			branches_differ_may_be_compiler
0x477340	FUN_00477340	StageObjects.cpp	8380	objetos/IA/replay	logic_unverified	26	0.73224043715847	0.6304347826086957	280			branches_differ_may_be_compiler
0x46ed80	FUN_0046ed80	StageObjects.cpp	9206	objetos/IA/replay	logic_unverified	25	0.4787234042553192	0.6572769953051644	304			branches_differ_may_be_compiler
0x4e7ed0	FUN_004e7ed0	FrontendScreens.cpp	9476	FrontendScreens	logic_unverified	25	0.5972045743329097	0.6666666666666666	1552			indirect_dispatch_requires_case_tests
0x45d2d0	FUN_0045d2d0	CarEffects.cpp	1183	CarEffects	logic_unverified	25	0.6141732283464567	0.6564885496183206	206			
0x4ff0f0	FUN_004ff0f0	FrontendMenus.cpp	1718	FrontendMenus	logic_unverified	25	0.6202247191011236	0.6335403726708074	802			
0x4f3c10	FUN_004f3c10	FrontendScreens.cpp	4656	FrontendScreens	logic_unverified	25	0.6265060240963856	0.6439628482972136	434			
0x4b3860	Scene_GetGroundLight	SceneNode.cpp	2243	SceneNode	logic_unverified	25	0.6410256410256411	0.6410256410256411	224			
0x4bb2b0	ScreenLine2D_Draw	Sprite.cpp	490	Sprite	logic_unverified	25	0.6451612903225806	0.6572769953051644	373			
0x5057e0	FUN_005057e0	GameInfo.cpp	8900	GameInfo	logic_unverified	25	0.6476190476190476	0.6435331230283912	491			
0x4b9910	FUN_004b9910	Graphics.cpp	4074	Graphics	logic_unverified	25	0.6479750778816199	0.6459627329192547	467			branches_differ_may_be_compiler
0x4658e0	FUN_004658e0	StageObjects.cpp	1108	objetos/IA/replay	logic_unverified	25	0.649546827794562	0.6438152011922503	1166			branches_differ_may_be_compiler
0x503b70	FUN_00503b70	GameInfo.cpp	6069	GameInfo	logic_unverified	25	0.6593406593406593	0.6521739130434783	267			
0x4d2cd0	FrontendDraw_ScrollerRow	FrontendDraw.cpp	565	FrontendDraw	logic_unverified	25	0.6673662119622246	0.645748987854251	1674			branches_differ_may_be_compiler
0x4e8500	FUN_004e8500	FrontendScreens.cpp	11628	FrontendScreens	logic_unverified	25	0.6713450292397661	0.665943600867679	1600			indirect_dispatch_requires_case_tests
0x4657d0	FUN_004657d0	StageObjects.cpp	8258	objetos/IA/replay	logic_unverified	25	0.6735751295336787	0.6632124352331606	264			
0x49ab90	CarEffects_InitDebris	CarEffects.cpp	648	CarEffects	logic_unverified	25	0.6784452296819788	0.6492146596858639	905			branches_differ_may_be_compiler
0x4752f0	FUN_004752f0	StageObjects.cpp	2306	objetos/IA/replay	logic_unverified	25	0.6818181818181818	0.6666666666666666	319			
0x510120	FUN_00510120	GameInfo.cpp	682	GameInfo	logic_unverified	25	0.6835443037974683	0.6448362720403022	677			
0x44a1b0	FUN_0044a1b0	GameMenus.cpp	3060	GameMenus	logic_unverified	25	0.6838854576080854	0.6545454545454545	3438			indirect_dispatch_requires_case_tests
0x4fc500	FUN_004fc500	FrontendMenus.cpp	829	FrontendMenus	logic_unverified	25	0.6946107784431138	0.6463414634146342	265			branches_differ_may_be_compiler
0x4d0d30	FUN_004d0d30	Game.cpp	627	Game	logic_unverified	25	0.6991150442477876	0.6666666666666666	360			
0x46b8f0	FUN_0046b8f0	StageObjects.cpp	8831	objetos/IA/replay	logic_unverified	25	0.7156549520766773	0.6451612903225806	581			
0x4a8c30	CGraphics::FUN_004a8c30_DDEnumCallback	Graphics.cpp	859	Graphics	logic_unverified	25	0.7222222222222222	0.6666666666666666	298			
0x4b3f20	FUN_004b3f20	SceneNode.cpp	1131	SceneNode	logic_unverified	25	0.7428571428571429	0.6575342465753424	103			branches_differ_may_be_compiler
0x48e0a0	FUN_0048e0a0	StageObjects.cpp	14929	objetos/IA/replay	logic_unverified	25	0.7864214992927864	0.6645865834633385	1173			indirect_dispatch_requires_case_tests
0x4b7210	CGraphics::FUN_004b7210	Graphics.cpp	2332	Graphics	logic_unverified	25	0.8858695652173914	0.6537396121883656	665			
0x4e9990	FUN_004e9990	FrontendScreens.cpp	10248	FrontendScreens	logic_unverified	25	0.9809069212410502	0.9750297265160524	1199			calls_differ_may_be_inlining;branches_differ_may_be_compiler
0x49b0d0	WheelSpray_GetEffect	CarEffects.cpp	770	CarEffects	logic_unverified	24	0.6515837104072398	0.6782608695652174	575			indirect_dispatch_requires_case_tests
0x4dd4b0	FUN_004dd4b0	FrontendScreens.cpp	11949	FrontendScreens	logic_unverified	24	0.6590662323561346	0.674724119810825	3221			indirect_dispatch_requires_case_tests
0x4a8140	CMain::CreateGameWindow	main.cpp	138	main	logic_unverified	24	0.6595744680851063	0.6701030927835051	303			branches_differ_may_be_compiler
0x4e2610	FUN_004e2610	FrontendScreens.cpp	8892	FrontendScreens	logic_unverified	24	0.6676783004552352	0.6893617021276596	1180			branches_differ_may_be_compiler
0x4e5630	FUN_004e5630	FrontendScreens.cpp	5754	FrontendScreens	logic_unverified	24	0.6679209783631233	0.6790697674418604	1632			branches_differ_may_be_compiler
0x50e780	FUN_0050e780	GameInfo.cpp	9992	GameInfo	logic_unverified	24	0.6688524590163935	0.6813880126182965	1045			branches_differ_may_be_compiler
0x4d5fb0	FUN_004d5fb0	FrontendScreens.cpp	5894	FrontendScreens	logic_unverified	24	0.6736401673640168	0.6752688172043011	695			indirect_dispatch_requires_case_tests
0x4db850	FUN_004db850	FrontendScreens.cpp	8795	FrontendScreens	logic_unverified	24	0.6986128625472888	0.6871165644171779	1322			branches_differ_may_be_compiler
0x502570	FUN_00502570	GameInfo.cpp	3916	GameInfo	logic_unverified	24	0.7021276595744681	0.6875	191			
0x4475f0	FUN_004475f0	HudDash.cpp	860	HudDash	logic_unverified	24	0.7040498442367601	0.6889226100151745	1036			branches_differ_may_be_compiler
0x447f70	FUN_00447f70	HudDash.cpp	971	HudDash	logic_unverified	24	0.7142857142857143	0.6694214876033058	400			branches_differ_may_be_compiler
0x46b790	FUN_0046b790	StageObjects.cpp	8781	objetos/IA/replay	logic_unverified	24	0.7215189873417721	0.6764705882352942	307			indirect_dispatch_requires_case_tests
0x503010	FUN_00503010	GameInfo.cpp	11199	GameInfo	logic_unverified	24	0.7678300455235205	0.6846275752773375	0			indirect_dispatch_requires_case_tests
0x45d540	FUN_0045d540	CarEffects.cpp	1515	CarEffects	logic_unverified	24	0.782608695652174	0.6798206278026906	1677			indirect_dispatch_requires_case_tests
0x45def0	WheelTrail_Update	WheelTrail.cpp	26	WheelTrail	logic_unverified	24	0.8430826369545033	0.6883116883116883	1644			branches_differ_may_be_compiler
0x4a0570	Menu_Update	Menu.cpp	294	Menu	logic_unverified	24	0.8550573514077163	0.6819603753910324	1363			branches_differ_may_be_compiler
0x4a17f0	CGame::FUN_004a17f0	Game.cpp	1632	Game	logic_unverified	23	0.5625	0.7169811320754716	82			
0x4e8b60	FUN_004e8b60	FrontendScreens.cpp	10773	FrontendScreens	logic_unverified	23	0.6855670103092784	0.7268292682926829	1394			indirect_dispatch_requires_case_tests
0x402460	FUN_00402460	GameInfo.cpp	5188	GameInfo	logic_unverified	23	0.6922060766182299	0.707774798927614	1124			branches_differ_may_be_compiler
0x48c900	FUN_0048c900	StageObjects.cpp	3103	objetos/IA/replay	logic_unverified	23	0.7023809523809523	0.7176470588235294	310			branches_differ_may_be_compiler
0x4b11c0	Billboard_Add	Graphics.cpp	4397	Graphics	logic_unverified	23	0.7078891257995735	0.7166666666666667	825			
0x4b3740	Scene_SetAmbient	SceneNode.cpp	883	SceneNode	logic_unverified	23	0.7194244604316546	0.723404255319149	249			
0x4f4050	FUN_004f4050	FrontendScreens.cpp	4777	FrontendScreens	logic_unverified	23	0.7241379310344828	0.7184466019417476	1299			indirect_dispatch_requires_case_tests
0x4fc620	FUN_004fc620	FrontendMenus.cpp	873	FrontendMenus	logic_unverified	23	0.732484076433121	0.7225806451612903	548			branches_differ_may_be_compiler
0x49c510	FUN_0049c510	Game.cpp	2113	Game	logic_unverified	23	0.7413793103448276	0.7224669603524229	354			
0x4a5730	CGraphics::GetPixelRed	Graphics.cpp	1050	Graphics	logic_unverified	23	0.7480916030534351	0.7272727272727273	161			
0x466100	FUN_00466100	StageObjects.cpp	3604	objetos/IA/replay	logic_unverified	23	0.7493112947658402	0.7287671232876712	604			branches_differ_may_be_compiler
0x50c420	FUN_0050c420	GameInfo.cpp	10403	GameInfo	logic_unverified	23	0.7562724014336918	0.7182222222222222	1804			branches_differ_may_be_compiler
0x47f510	FUN_0047f510	StageObjects.cpp	8717	objetos/IA/replay	logic_unverified	23	0.7568922305764411	0.71	546			
0x47b000	FUN_0047b000	StageObjects.cpp	14018	objetos/IA/replay	logic_unverified	23	0.7652173913043478	0.7017543859649122	223			
0x460ca0	FUN_00460ca0	StageObjects.cpp	14577	objetos/IA/replay	logic_unverified	23	0.7708333333333334	0.72	250			
0x4201d0	RallyRoute_GetNodeDirection	RallyRoute.cpp	20	RallyRoute	logic_unverified	23	0.8160200250312891	0.7173100871731009	1120			
0x486c30	FUN_00486c30	StageObjects.cpp	9904	objetos/IA/replay	logic_unverified	23	0.8173652694610778	0.7289156626506024	907			
0x4a1c50	FUN_004a1c50	Game.cpp	3291	Game	logic_unverified	23	0.8235294117647058	0.7272727272727273	83			branches_differ_may_be_compiler
0x460a30	FUN_00460a30	StageObjects.cpp	1000	objetos/IA/replay	logic_unverified	23	0.8375	0.7204301075268817	302			
0x463070	StageLights_UpdateDirection	StageObjects.cpp	6970	objetos/IA/replay	logic_unverified	23	0.850632911392405	0.7182044887780549	512			
0x466570	FUN_00466570	StageObjects.cpp	3550	objetos/IA/replay	logic_unverified	23	0.8676470588235294	0.7153284671532847	190			
0x4a0ec0	FUN_004a0ec0	Game.cpp	2949	Game	logic_unverified	23	0.8779342723004695	0.7131782945736435	396			indirect_dispatch_requires_case_tests
0x4aa090	CGenericFileLoader::StrLowerPolish	GenericFileLoader.cpp	122	GenericFileLoader	logic_unverified	23	0.9243986254295533	0.7083333333333334	125			indirect_dispatch_requires_case_tests
0x4b7b20	FUN_004b7b20	SceneNode.cpp	2632	SceneNode	logic_unverified	22	0.6987951807228916	0.7380952380952381	343			
0x4dc930	FUN_004dc930	FrontendScreens.cpp	8137	FrontendScreens	logic_unverified	22	0.7138810198300283	0.7474226804123711	1224			
0x47e4d0	FUN_0047e4d0	StageObjects.cpp	15132	objetos/IA/replay	logic_unverified	22	0.717663421418637	0.7496463932107497	1348			branches_differ_may_be_compiler
0x4d0780	CGame::FUN_004d0780	Game.cpp	152	Game	logic_unverified	22	0.7317073170731707	0.7380952380952381	152			branches_differ_may_be_compiler
0x423860	FUN_00423860	Game.cpp	2856	Game	logic_unverified	22	0.7333333333333333	0.7575757575757576	86			indirect_dispatch_requires_case_tests
0x401d20	FUN_00401d20	GameInfo.cpp	5130	GameInfo	logic_unverified	22	0.7355371900826446	0.7443762781186094	733			branches_differ_may_be_compiler
0x4041e0	FUN_004041e0	GameInfo.cpp	9173	GameInfo	logic_unverified	22	0.7520858164481525	0.7521058965102286	2427			indirect_dispatch_requires_case_tests
0x402000	FUN_00402000	GameInfo.cpp	8946	GameInfo	logic_unverified	22	0.7527777777777778	0.7393767705382436	1090			indirect_dispatch_requires_case_tests
0x486fc0	FUN_00486fc0	StageObjects.cpp	8644	objetos/IA/replay	logic_unverified	22	0.7573529411764706	0.7527675276752768	365			
0x4f13c0	FUN_004f13c0	FrontendScreens.cpp	3455	FrontendScreens	logic_unverified	22	0.7592592592592593	0.7613293051359517	517			branches_differ_may_be_compiler
0x446270	Dash_DrawBar	HudDash.cpp	337	HudDash	logic_unverified	22	0.7601572739187418	0.7518009168303864	2424			branches_differ_may_be_compiler
0x4e0770	FUN_004e0770	FrontendScreens.cpp	564	FrontendScreens	logic_unverified	22	0.7650635710337202	0.7607361963190185	2721			indirect_dispatch_requires_case_tests
0x4ea5e0	CGameInfo::LoadGameInfo	GameInfo.cpp	1016	GameInfo	logic_unverified	22	0.7667731629392971	0.74375	602			branches_differ_may_be_compiler
0x48e580	FUN_0048e580	StageObjects.cpp	14894	objetos/IA/replay	logic_unverified	22	0.7669172932330827	0.7464788732394366	429			
0x4fb400	FUN_004fb400	FrontendScreens.cpp	7889	FrontendScreens	logic_unverified	22	0.7682458386683739	0.7474747474747475	1232			branches_differ_may_be_compiler
0x4d40d0	FrontendDraw_MenuPath	FrontendDraw.cpp	107	FrontendDraw	logic_unverified	22	0.7792207792207793	0.75	267			
0x4fc070	FUN_004fc070	FrontendMenus.cpp	750	FrontendMenus	logic_unverified	22	0.7855973813420621	0.7533333333333333	1042			branches_differ_may_be_compiler
0x404d00	FUN_00404d00	GameInfo.cpp	4474	GameInfo	logic_unverified	22	0.7901234567901234	0.7361963190184049	262			
0x505e10	CGameInfo::FUN_00505e10	GameInfo.cpp	2707	GameInfo	logic_unverified	22	0.7916666666666666	0.75	83			
0x4d3fa0	FrontendDraw_Breadcrumb	FrontendDraw.cpp	70	FrontendDraw	logic_unverified	22	0.7966101694915254	0.7543859649122807	146			
0x49b3e0	WheelSpray_Update	CarEffects.cpp	917	CarEffects	logic_unverified	22	0.7977126518942101	0.7501769285208776	2244			
0x47c2f0	FUN_0047c2f0	StageObjects.cpp	14113	objetos/IA/replay	logic_unverified	22	0.8088888888888889	0.756152125279642	701			branches_differ_may_be_compiler
0x4878a0	FUN_004878a0	StageObjects.cpp	14788	objetos/IA/replay	logic_unverified	22	0.8156182212581344	0.7662337662337663	732			branches_differ_may_be_compiler
0x48df10	FUN_0048df10	StageObjects.cpp	4299	objetos/IA/replay	logic_unverified	22	0.8333333333333334	0.7567567567567568	64			
0x4873f0	FUN_004873f0	StageObjects.cpp	10543	objetos/IA/replay	logic_unverified	22	0.8350983358547656	0.750373692077728	931			branches_differ_may_be_compiler
0x4738f0	FUN_004738f0	StageObjects.cpp	5445	objetos/IA/replay	logic_unverified	21	0.733229329173167	0.7696709585121603	1131			
0x510410	CGameInfo::FUN_00510410	GameInfo.cpp	767	GameInfo	logic_unverified	21	0.7466666666666667	0.7792207792207793	344			
0x49ffd0	Menu_Init	Menu.cpp	30	Menu	logic_unverified	21	0.7529411764705882	0.7674418604651163	144			
0x499070	Spark_Draw	CarEffects.cpp	376	CarEffects	logic_unverified	21	0.7569721115537849	0.7702349869451697	1117			
0x4d5ad0	FUN_004d5ad0	FrontendScreens.cpp	5844	FrontendScreens	logic_unverified	21	0.759581881533101	0.7766323024054983	450			branches_differ_may_be_compiler
0x4bb4c0	Line2D_Draw	Sprite.cpp	528	Sprite	logic_unverified	21	0.7692307692307693	0.7692307692307693	289			
0x46c1a0	FUN_0046c1a0	StageObjects.cpp	1514	objetos/IA/replay	logic_unverified	21	0.7733333333333333	0.7792207792207793	124			
0x5020a0	FUN_005020a0	GameInfo.cpp	5787	GameInfo	logic_unverified	21	0.7747747747747747	0.7818181818181819	283			
0x47d850	FUN_0047d850	StageObjects.cpp	12753	objetos/IA/replay	logic_unverified	21	0.7768595041322314	0.7779056386651323	1302			branches_differ_may_be_compiler
0x41b060	CGame::FUN_0041b060	Game.cpp	1393	Game	logic_unverified	21	0.7874396135265701	0.7860696517412935	643			indirect_dispatch_requires_case_tests
0x4ed100	FUN_004ed100	FrontendScreens.cpp	8696	FrontendScreens	logic_unverified	21	0.7904509283819628	0.7905759162303665	561			branches_differ_may_be_compiler
0x475a50	StageUI_DrawChampionshipBar	StageUI.cpp	584	StageUI	logic_unverified	21	0.792156862745098	0.7894039735099337	1179			indirect_dispatch_requires_case_tests
0x46ef50	FUN_0046ef50	StageObjects.cpp	7525	objetos/IA/replay	logic_unverified	21	0.7950310559006211	0.7950310559006211	215			branches_differ_may_be_compiler
0x4cfc90	FUN_004cfc90	Frontend.cpp	1500	Frontend	logic_unverified	21	0.7971014492753623	0.7971014492753623	386			
0x4d50a0	FUN_004d50a0	FrontendScreens.cpp	10319	FrontendScreens	logic_unverified	21	0.8021917808219178	0.7984665936473165	2601			
0x4b2e50	Scene_RestoreLights	SceneNode.cpp	2434	SceneNode	logic_unverified	21	0.802547770700637	0.7924528301886793	301			
0x480220	FUN_00480220	StageObjects.cpp	4175	objetos/IA/replay	logic_unverified	21	0.8034934497816594	0.7787610619469026	346			
0x4d7380	FUN_004d7380	FrontendScreens.cpp	10099	FrontendScreens	logic_unverified	21	0.8150470219435737	0.7949921752738655	967			branches_differ_may_be_compiler
0x48d0f0	FUN_0048d0f0	StageObjects.cpp	13636	objetos/IA/replay	logic_unverified	21	0.8247422680412371	0.779777206512425	1719			
0x476850	FUN_00476850	StageObjects.cpp	9482	objetos/IA/replay	logic_unverified	21	0.8333333333333334	0.7764705882352941	491			
0x460390	FUN_00460390	StageObjects.cpp	14455	objetos/IA/replay	logic_unverified	21	0.8404669260700389	0.7934044616876819	1691			
0x4744f0	FUN_004744f0	StageObjects.cpp	5517	objetos/IA/replay	logic_unverified	21	0.8493723849372385	0.7820177731312076	2774			indirect_dispatch_requires_case_tests
0x4f0820	FUN_004f0820	FrontendScreens.cpp	9586	FrontendScreens	logic_unverified	21	0.8673469387755102	0.7914438502673797	297			indirect_dispatch_requires_case_tests
0x484310	FUN_00484310	StageObjects.cpp	15915	objetos/IA/replay	logic_unverified	21	0.87422934648582	0.7724803862401931	2557			branches_differ_may_be_compiler
0x4fbae0	FUN_004fbae0	FrontendMenus.cpp	1118	FrontendMenus	logic_unverified	20	0.715927750410509	0.8085808580858086	891			branches_differ_may_be_compiler
0x4866a0	FUN_004866a0	StageObjects.cpp	5366	objetos/IA/replay	logic_unverified	20	0.7575757575757576	0.8059701492537313	83			
0x4d28c0	FUN_004d28c0	Frontend.cpp	663	Frontend	logic_unverified	20	0.7899159663865546	0.8083333333333333	771			
0x46e340	FUN_0046e340	StageObjects.cpp	7240	objetos/IA/replay	logic_unverified	20	0.7904191616766467	0.8135593220338984	252			
0x4f03f0	FUN_004f03f0	FrontendScreens.cpp	6553	FrontendScreens	logic_unverified	20	0.7916666666666666	0.8	386			
0x407ec0	CAIHelper::GetNameForID	AIHelper.cpp	45	AIHelper	logic_unverified	20	0.7931034482758621	0.8214285714285714	93			
0x4760a0	FUN_004760a0	StageObjects.cpp	13764	objetos/IA/replay	logic_unverified	20	0.7981220657276995	0.8037825059101655	866			
0x404000	FUN_00404000	GameInfo.cpp	4424	GameInfo	logic_unverified	20	0.8	0.8177339901477833	302			branches_differ_may_be_compiler
0x47cc50	StageObject_UpdateApproachingCar	StageObjects.cpp	3345	objetos/IA/replay	logic_unverified	20	0.8181818181818182	0.8181818181818182	169			
0x5105a0	type_info::FUN_005105a0	GameInfo.cpp	9628	GameInfo	logic_unverified	20	0.8181818181818182	0.8181818181818182	28			
0x4d6f10	FUN_004d6f10	FrontendScreens.cpp	9892	FrontendScreens	logic_unverified	20	0.8218085106382979	0.8037135278514589	1131			branches_differ_may_be_compiler
0x406580	CGameInfo::FUN_00406580	GameInfo.cpp	923	GameInfo	logic_unverified	20	0.822429906542056	0.821256038647343	257			branches_differ_may_be_compiler
0x50cb30	FUN_0050cb30	GameInfo.cpp	5680	GameInfo	logic_unverified	20	0.8253968253968254	0.8253968253968254	214			
0x4bbd80	Quad2D_DrawLayer	Sprite.cpp	710	Sprite	logic_unverified	20	0.8329718004338394	0.8258064516129032	782			branches_differ_may_be_compiler
0x4d65c0	FUN_004d65c0	FrontendScreens.cpp	402	FrontendScreens	logic_unverified	20	0.8343815513626834	0.8240165631469979	683			
0x4f0960	FUN_004f0960	FrontendScreens.cpp	6595	FrontendScreens	logic_unverified	20	0.837696335078534	0.8222222222222222	327			indirect_dispatch_requires_case_tests
0x487b80	FUN_00487b80	StageObjects.cpp	4391	objetos/IA/replay	logic_unverified	20	0.8414634146341463	0.8121212121212121	192			
0x4a57e0	CGraphics::GetPixelAlpha	Graphics.cpp	1086	Graphics	logic_unverified	20	0.8461538461538461	0.8153846153846154	156			
0x46f330	FUN_0046f330	StageObjects.cpp	7574	objetos/IA/replay	logic_unverified	20	0.8529411764705882	0.8173076923076923	353			
0x45d3a0	FUN_0045d3a0	CarEffects.cpp	1216	CarEffects	logic_unverified	20	0.8583690987124464	0.8205128205128205	408			
0x451690	FUN_00451690	GameMenus.cpp	1648	GameMenus	logic_unverified	20	0.869281045751634	0.8273615635179153	443			
0x47d0e0	FUN_0047d0e0	StageObjects.cpp	3385	objetos/IA/replay	logic_unverified	20	0.8733850129198967	0.8144329896907216	578			
0x45dc00	FUN_0045dc00	CarEffects.cpp	1460	CarEffects	logic_unverified	20	0.8967136150234741	0.8009367681498829	630			branches_differ_may_be_compiler
0x404f40	FUN_00404f40	GameInfo.cpp	4708	GameInfo	logic_unverified	20	0.9356110381077529	0.8326639892904953	1294			indirect_dispatch_requires_case_tests
0x4f16f0	FUN_004f16f0	FrontendScreens.cpp	3599	FrontendScreens	logic_unverified	19	0.7538461538461538	0.8349514563106796	161			indirect_dispatch_requires_case_tests
0x4eb200	FUN_004eb200	FrontendScreens.cpp	6157	FrontendScreens	logic_unverified	19	0.7931034482758621	0.8518518518518519	129			
0x454df0	GameMenus_DrawTextRow	GameMenus.cpp	2729	GameMenus	logic_unverified	19	0.8210526315789474	0.8359788359788359	296			
0x4a0bc0	Menu_PlaySoundId	Menu.cpp	536	Menu	logic_unverified	19	0.8253968253968254	0.8461538461538461	99			indirect_dispatch_requires_case_tests
0x401b60	FUN_00401b60	GameInfo.cpp	5043	GameInfo	logic_unverified	19	0.8356164383561644	0.8413793103448276	436			
0x462d80	FUN_00462d80	StageObjects.cpp	10208	objetos/IA/replay	logic_unverified	19	0.8366013071895425	0.8391304347826087	744			
0x4d9450	FUN_004d9450	FrontendScreens.cpp	429	FrontendScreens	logic_unverified	19	0.8419540229885057	0.8390804597701149	1060			
0x41b3a0	FUN_0041b3a0	StageUI.cpp	500	StageUI	logic_unverified	19	0.8455284552845529	0.848	179			branches_differ_may_be_compiler
0x4affb0	FUN_004affb0	Graphics.cpp	5623	Graphics	logic_unverified	19	0.8461538461538461	0.8461538461538461	37			
0x4e20e0	FUN_004e20e0	FrontendScreens.cpp	8236	FrontendScreens	logic_unverified	19	0.8466076696165191	0.85	1043			
0x415bd0	FormatGapToLeader	StageUI.cpp	49	StageUI	logic_unverified	19	0.8490566037735849	0.8473520249221184	466			
0x4a8890	CGraphics::SetProjection	Graphics.cpp	2016	Graphics	logic_unverified	19	0.8527131782945736	0.8527131782945736	661			
0x4a24a0	FUN_004a24a0	Sound.cpp	1037	Sound	logic_unverified	19	0.8559670781893004	0.8408163265306122	326			
0x47e1e0	FUN_0047e1e0	StageObjects.cpp	4102	objetos/IA/replay	logic_unverified	19	0.857707509881423	0.857707509881423	681			
0x47d5a0	FUN_0047d5a0	StageObjects.cpp	4041	objetos/IA/replay	logic_unverified	19	0.8584905660377359	0.8658823529411764	673			
0x4d4460	FrontendDraw_HelpText	FrontendDraw.cpp	201	FrontendDraw	logic_unverified	19	0.8585365853658536	0.8461538461538461	335			
0x4bd520	ReadMMIO	Sound.cpp	315	Sound	logic_unverified	19	0.860655737704918	0.852589641434263	399			branches_differ_may_be_compiler
0x4f17d0	FUN_004f17d0	FrontendScreens.cpp	3644	FrontendScreens	logic_unverified	19	0.8615384615384616	0.8571428571428571	395			
0x402c90	FUN_00402c90	GameInfo.cpp	5330	GameInfo	logic_unverified	19	0.8626198083067093	0.8450704225352113	487			indirect_dispatch_requires_case_tests
0x4efb70	FUN_004efb70	FrontendScreens.cpp	10485	FrontendScreens	logic_unverified	19	0.8641304347826086	0.8509485094850948	585			branches_differ_may_be_compiler
0x4fd480	FUN_004fd480	FrontendMenus.cpp	1414	FrontendMenus	logic_unverified	19	0.8657534246575342	0.8487626031164069	1669			branches_differ_may_be_compiler
0x449ce0	FUN_00449ce0	GameMenus.cpp	2794	GameMenus	logic_unverified	19	0.8669201520912547	0.8582375478927203	424			
0x4b8690	SceneNode_UpdateSector	Sector.cpp	323	Sector	logic_unverified	19	0.8954423592493298	0.8571428571428571	630			
0x4a9c70	CGenericFileLoader::FindFileInArchive	GenericFileLoader.cpp	46	GenericFileLoader	logic_unverified	19	0.9060773480662984	0.850828729281768	251			
0x4ab7e0	Mesh_Free	Mesh.cpp	21	Mesh	logic_unverified	19	0.9074074074074074	0.8623853211009175	191			branches_differ_may_be_compiler
0x4edef0	FUN_004edef0	FrontendScreens.cpp	2483	FrontendScreens	logic_unverified	19	0.9174917491749175	0.8609271523178808	412			
0x466360	FUN_00466360	StageObjects.cpp	15620	objetos/IA/replay	logic_unverified	19	0.9214659685863874	0.8601036269430051	291			
0x4ffab0	FUN_004ffab0	GameInfo.cpp	11568	GameInfo	logic_unverified	19	0.9228441754916793	0.8492307692307692	1038			indirect_dispatch_requires_case_tests
0x4877a0	FUN_004877a0	StageObjects.cpp	15052	objetos/IA/replay	logic_unverified	19	0.9493670886075949	0.8427672955974843	241			
0x509d00	FUN_00509d00	GameInfo.cpp	2003	GameInfo	logic_unverified	18	0.7619047619047619	0.8695652173913043	41			
0x509d90	FUN_00509d90	GameInfo.cpp	2015	GameInfo	logic_unverified	18	0.7619047619047619	0.8695652173913043	41			
0x4bb650	Tri2D_Queue	Sprite.cpp	245	Sprite	logic_unverified	18	0.8515625	0.8692307692307693	418			
0x480600	StageObject_UpdateDebris	StageObjects.cpp	2895	objetos/IA/replay	logic_unverified	18	0.8547008547008547	0.888268156424581	617			
0x507080	FUN_00507080	GameInfo.cpp	7132	GameInfo	logic_unverified	18	0.8553846153846154	0.8722741433021807	521			
0x4bd970	CGraphics::SetMipMapCount	Graphics.cpp	1310	Graphics	logic_unverified	18	0.8571428571428571	0.875	92			
0x4a0d60	FUN_004a0d60	Game.cpp	2899	Game	logic_unverified	18	0.863849765258216	0.8858447488584474	343			branches_differ_may_be_compiler
0x4854a0	FUN_004854a0	StageObjects.cpp	2975	objetos/IA/replay	logic_unverified	18	0.8650306748466258	0.8703703703703703	486			
0x4e1230	FUN_004e1230	FrontendScreens.cpp	6963	FrontendScreens	logic_unverified	18	0.8768768768768769	0.8780487804878049	1584			indirect_dispatch_requires_case_tests
0x4ef190	FUN_004ef190	FrontendScreens.cpp	2966	FrontendScreens	logic_unverified	18	0.8774193548387097	0.8888888888888888	222			
0x4b4040	Mesh_GetCornerLight	SceneNode.cpp	2221	SceneNode	logic_unverified	18	0.8805970149253731	0.8805970149253731	190			
0x4bc290	FUN_004bc290	Graphics.cpp	3698	Graphics	logic_unverified	18	0.8810572687224669	0.8826291079812206	305			indirect_dispatch_requires_case_tests
0x4bbc60	Quad2D_Queue	Sprite.cpp	644	Sprite	logic_unverified	18	0.8819875776397516	0.8888888888888888	283			
0x4fe240	FUN_004fe240	FrontendMenus.cpp	1612	FrontendMenus	logic_unverified	18	0.8825910931174089	0.8766788766788767	3582			indirect_dispatch_requires_case_tests
0x50a3f0	FUN_0050a3f0	GameInfo.cpp	8649	GameInfo	logic_unverified	18	0.8868360277136259	0.8767123287671232	656			
0x50f650	FUN_0050f650	GameInfo.cpp	10525	GameInfo	logic_unverified	18	0.8874773139745916	0.8746618575293057	1758			branches_differ_may_be_compiler
0x50a920	FUN_0050a920	GameInfo.cpp	10166	GameInfo	logic_unverified	18	0.8912071535022354	0.8857566765578635	2201			branches_differ_may_be_compiler
0x4a4c40	Graphics_ReloadAllTextures	Graphics.cpp	2561	Graphics	logic_unverified	18	0.8941176470588236	0.8823529411764706	233			
0x468c10	FUN_00468c10	StageObjects.cpp	4664	objetos/IA/replay	logic_unverified	18	0.8975609756097561	0.8786885245901639	1255			
0x450c10	FUN_00450c10	GameMenus.cpp	1445	GameMenus	logic_unverified	18	0.8997867803837953	0.8851063829787233	698			
0x4ad8d0	SceneNode_FlushTransforms	SceneNode.cpp	2535	SceneNode	logic_unverified	18	0.9011857707509882	0.8844621513944223	568			branches_differ_may_be_compiler
0x4d45b0	FrontendDraw_Carousel	FrontendDraw.cpp	245	FrontendDraw	logic_unverified	18	0.9020021074815595	0.8740740740740741	1511			
0x49c4b0	FUN_0049c4b0	Game.cpp	2092	Game	logic_unverified	18	0.9024390243902439	0.8888888888888888	94			
0x4b9170	Sector_ComputeBounds	Sector.cpp	897	Sector	logic_unverified	18	0.9038461538461539	0.8896103896103896	483			
0x4694a0	FUN_004694a0	StageObjects.cpp	505	objetos/IA/replay	logic_unverified	18	0.9050279329608939	0.8688046647230321	449			indirect_dispatch_requires_case_tests
0x4bba00	Quad2D_QueueFixedTriangle	Sprite.cpp	795	Sprite	logic_unverified	18	0.9050632911392406	0.8867924528301887	596			
0x487c40	FUN_00487c40	StageObjects.cpp	8674	objetos/IA/replay	logic_unverified	18	0.9050632911392406	0.8987341772151899	448			
0x4d21e0	CFrontend::FUN_004d21e0	Frontend.cpp	175	Frontend	logic_unverified	18	0.9090909090909091	0.8825910931174089	404			
0x4e9f70	FUN_004e9f70	FrontendScreens.cpp	1352	FrontendScreens	logic_unverified	18	0.9169139465875371	0.8768	1226			indirect_dispatch_requires_case_tests
0x4ae2f0	Glow_Add	Graphics.cpp	4916	Graphics	logic_unverified	18	0.9178082191780822	0.8979591836734694	215			branches_differ_may_be_compiler
0x4ea510	FUN_004ea510	FrontendScreens.cpp	1570	FrontendScreens	logic_unverified	18	0.9195402298850575	0.8837209302325582	148			
0x4b2f80	Scene_CreateLight	SceneNode.cpp	524	SceneNode	logic_unverified	18	0.9244712990936556	0.8698315467075038	1201			indirect_dispatch_requires_case_tests
0x477460	FUN_00477460	StageObjects.cpp	3746	objetos/IA/replay	logic_unverified	18	0.924812030075188	0.8838951310861424	397			
0x4a20c0	FUN_004a20c0	Sound.cpp	982	Sound	logic_unverified	18	0.9281767955801105	0.8666666666666667	321			
0x402f90	FUN_00402f90	GameInfo.cpp	4090	GameInfo	logic_unverified	18	0.9325153374233128	0.8902439024390244	256			branches_differ_may_be_compiler
0x4a8bf0	CGraphics::GetDisplayDeviceNames	Graphics.cpp	1201	Graphics	logic_unverified	18	0.9333333333333333	0.8936170212765957	64			
0x46f060	FUN_0046f060	StageObjects.cpp	1640	objetos/IA/replay	logic_unverified	18	0.9351669941060904	0.8976377952755905	714			
0x509dc0	FUN_00509dc0	GameInfo.cpp	7209	GameInfo	logic_unverified	18	0.9370277078085643	0.8944723618090452	605			
0x507290	FUN_00507290	GameInfo.cpp	2727	GameInfo	logic_unverified	18	0.9391304347826087	0.8728323699421965	564			
0x465d70	StageObject_GetWheelSlip	StageObjects.cpp	710	objetos/IA/replay	logic_unverified	18	0.9420289855072463	0.8920863309352518	206			branches_differ_may_be_compiler
0x48dce0	FUN_0048dce0	StageObjects.cpp	4262	objetos/IA/replay	logic_unverified	18	0.9877149877149877	0.8992628992628993	560			
0x500130	FUN_00500130	GameInfo.cpp	8281	GameInfo	logic_unverified	17	0.7931034482758621	0.9032258064516129	83			
0x4a9f50	FUN_004a9f50	Texture.cpp	16	Texture	logic_unverified	17	0.8695652173913043	0.9302325581395349	57			
0x4f3dd0	FUN_004f3dd0	FrontendScreens.cpp	4702	FrontendScreens	logic_unverified	17	0.8851063829787233	0.908256880733945	368			indirect_dispatch_requires_case_tests
0x48d950	FUN_0048d950	StageObjects.cpp	3201	objetos/IA/replay	logic_unverified	17	0.8888888888888888	0.9078498293515358	417			
0x4e7120	FUN_004e7120	FrontendScreens.cpp	9397	FrontendScreens	logic_unverified	17	0.8940955951265229	0.9013282732447818	1602			
0x4e2b40	FUN_004e2b40	FrontendScreens.cpp	980	FrontendScreens	logic_unverified	17	0.8963210702341137	0.9	599			
0x40ccd0	FUN_0040ccd0	RallyTiming.cpp	88	RallyTiming	logic_unverified	17	0.8979591836734694	0.9081632653061225	338			
0x4aff80	Particle_KillAll	Graphics.cpp	5611	Graphics	logic_unverified	17	0.9	0.9	48			
0x501de0	FUN_00501de0	GameInfo.cpp	8442	GameInfo	logic_unverified	17	0.9029126213592233	0.912621359223301	288			
0x48cae0	FUN_0048cae0	StageObjects.cpp	13476	objetos/IA/replay	logic_unverified	17	0.905982905982906	0.905982905982906	329			
0x4a3050	FUN_004a3050	Sound.cpp	771	Sound	logic_unverified	17	0.9080459770114943	0.9080459770114943	257			
0x4a2d30	FUN_004a2d30	Sound.cpp	618	Sound	logic_unverified	17	0.9090909090909091	0.9090909090909091	84			
0x4cf3f0	FUN_004cf3f0	Frontend.cpp	1096	Frontend	logic_unverified	17	0.9090909090909091	0.9090909090909091	35			
0x4853c0	FUN_004853c0	StageObjects.cpp	7784	objetos/IA/replay	logic_unverified	17	0.9117647058823529	0.9117647058823529	222			
0x4d0620	FUN_004d0620	GameInfo.cpp	1161	GameInfo	logic_unverified	17	0.9130434782608695	0.9130434782608695	208			
0x4d8480	FUN_004d8480	FrontendScreens.cpp	10170	FrontendScreens	logic_unverified	17	0.9153846153846154	0.9114249037227214	1220			branches_differ_may_be_compiler
0x4d3e80	FrontendDraw_BreadcrumbItem	FrontendDraw.cpp	51	FrontendDraw	logic_unverified	17	0.9157894736842105	0.9157894736842105	282			
0x452be0	FUN_00452be0	GameMenus.cpp	1852	GameMenus	logic_unverified	17	0.9159561510353228	0.9168704156479217	1265			branches_differ_may_be_compiler
0x4d39a0	FUN_004d39a0	FrontendDraw.cpp	477	FrontendDraw	logic_unverified	17	0.917312661498708	0.9072426937738246	1246			branches_differ_may_be_compiler
0x4de1d0	FUN_004de1d0	TimingUtils.cpp	72	TimingUtils	logic_unverified	17	0.9174412247129579	0.9169398907103825	2651			branches_differ_may_be_compiler
0x44ec30	GameMenus_DrawRowFrame	GameMenus.cpp	2682	GameMenus	logic_unverified	17	0.9199255121042831	0.9239332096474954	866			
0x4bcaf0	Graphics_SetFog	Graphics.cpp	3990	Graphics	logic_unverified	17	0.92	0.92	181			
0x48c870	FUN_0048c870	StageObjects.cpp	3077	objetos/IA/replay	logic_unverified	17	0.9230769230769231	0.9230769230769231	138			branches_differ_may_be_compiler
0x50f4f0	FUN_0050f4f0	GameInfo.cpp	6194	GameInfo	logic_unverified	17	0.9285714285714286	0.9186046511627907	301			
0x451890	FUN_00451890	GameMenus.cpp	2558	GameMenus	logic_unverified	17	0.9303703703703704	0.9235294117647059	1100			
0x5013a0	FUN_005013a0	GameInfo.cpp	6242	GameInfo	logic_unverified	17	0.9306930693069307	0.9306930693069307	361			
0x4cfe80	FUN_004cfe80	Frontend.cpp	1564	Frontend	logic_unverified	17	0.9327731092436975	0.9327731092436975	356			
0x506720	FUN_00506720	GameInfo.cpp	7556	GameInfo	logic_unverified	17	0.9344978165938864	0.9170305676855895	397			
0x4ee460	FUN_004ee460	FrontendScreens.cpp	2563	FrontendScreens	logic_unverified	17	0.935064935064935	0.9285714285714286	405			
0x49d3f0	FUN_0049d3f0	Game.cpp	2599	Game	logic_unverified	17	0.9361702127659575	0.900117508813161	1360			
0x4ff630	FUN_004ff630	GameInfo.cpp	8843	GameInfo	logic_unverified	17	0.9382716049382716	0.9325153374233128	230			
0x4adfa0	SceneType2_Create	SceneNode.cpp	682	SceneNode	logic_unverified	17	0.9411764705882353	0.927536231884058	202			
0x4e77c0	FUN_004e77c0	FrontendScreens.cpp	11489	FrontendScreens	logic_unverified	17	0.9441984056687334	0.9239033124440466	1788			indirect_dispatch_requires_case_tests
0x485860	FUN_00485860	StageObjects.cpp	12914	objetos/IA/replay	logic_unverified	17	0.9853085210577864	0.90357317670093	2917			branches_differ_may_be_compiler
0x4a1940	FUN_004a1940	Game.cpp	3447	Game	logic_unverified	16	0.8823529411764706	0.9538461538461539	119			
0x47d510	FUN_0047d510	StageObjects.cpp	7652	objetos/IA/replay	logic_unverified	16	0.9032258064516129	0.9574468085106383	144			
0x465530	FUN_00465530	StageObjects.cpp	7685	objetos/IA/replay	logic_unverified	16	0.9047619047619048	0.9354838709677419	204			
0x466030	FUN_00466030	StageObjects.cpp	14341	objetos/IA/replay	logic_unverified	16	0.9142857142857143	0.9411764705882353	66			
0x4a60d0	CGraphics::SampleTGAPixel	Graphics.cpp	6521	Graphics	logic_unverified	16	0.9267015706806283	0.9470899470899471	666			
0x480b40	FUN_00480b40	StageObjects.cpp	5879	objetos/IA/replay	logic_unverified	16	0.9333333333333333	0.9333333333333333	97			
0x4b35b0	Scene_SetLightPosition	SceneNode.cpp	2511	SceneNode	logic_unverified	16	0.9361702127659575	0.9361702127659575	387			
0x506080	FUN_00506080	GameInfo.cpp	7496	GameInfo	logic_unverified	16	0.9381443298969072	0.9381443298969072	580			branches_differ_may_be_compiler
0x4d7db0	FUN_004d7db0	FrontendScreens.cpp	10614	FrontendScreens	logic_unverified	16	0.9400705052878966	0.94021101992966	1399			branches_differ_may_be_compiler
0x4d8950	FUN_004d8950	FrontendScreens.cpp	10691	FrontendScreens	logic_unverified	16	0.9400705052878966	0.94021101992966	1399			branches_differ_may_be_compiler
0x4ff720	FUN_004ff720	GameInfo.cpp	11374	GameInfo	logic_unverified	16	0.9403508771929825	0.9508771929824561	811			branches_differ_may_be_compiler
0x401420	FUN_00401420	GameInfo.cpp	4537	GameInfo	logic_unverified	16	0.9411764705882353	0.9411764705882353	196			
0x451df0	FUN_00451df0	GameMenus.cpp	1713	GameMenus	logic_unverified	16	0.9444444444444444	0.9482439926062847	1585			branches_differ_may_be_compiler
0x418ff0	FUN_00418ff0	StageUI.cpp	218	StageUI	logic_unverified	16	0.9453376205787781	0.9617834394904459	513			
0x48db00	FUN_0048db00	StageObjects.cpp	5906	objetos/IA/replay	logic_unverified	16	0.9456521739130435	0.9347826086956522	304			
0x4b07a0	Particle_Spawn	Graphics.cpp	5935	Graphics	logic_unverified	16	0.9476108232584917	0.9334875650665124	2456			branches_differ_may_be_compiler
0x4af120	Glow_Draw	Graphics.cpp	4991	Graphics	logic_unverified	16	0.9481902058197303	0.9548022598870056	2078			
0x50b1c0	FUN_0050b1c0	GameInfo.cpp	10673	GameInfo	logic_unverified	16	0.9490940465918896	0.9367965367965368	3566			indirect_dispatch_requires_case_tests
0x4dbd80	FUN_004dbd80	FrontendScreens.cpp	11037	FrontendScreens	logic_unverified	16	0.950097213220998	0.9396495781959766	2436			
0x44d790	FUN_0044d790	GameMenus.cpp	926	GameMenus	logic_unverified	16	0.9506172839506173	0.9506172839506173	464			
0x4f4b90	FUN_004f4b90	GameInfo.cpp	3118	GameInfo	logic_unverified	16	0.9523809523809523	0.9487179487179487	281			indirect_dispatch_requires_case_tests
0x49bcb0	FUN_0049bcb0	Game.cpp	1951	Game	logic_unverified	16	0.9529780564263323	0.9529780564263323	955			
0x4bcc60	Pulse_Update	Graphics.cpp	3825	Graphics	logic_unverified	16	0.9545454545454546	0.9422222222222222	534			branches_differ_may_be_compiler
0x4b6340	Graphics_GetTriangleHeight	Graphics.cpp	6141	Graphics	logic_unverified	16	0.954954954954955	0.954954954954955	1199			
0x480af0	FUN_00480af0	StageObjects.cpp	5234	objetos/IA/replay	logic_unverified	16	0.9565217391304348	0.9565217391304348	79			
0x46fe70	FUN_0046fe70	StageObjects.cpp	10288	objetos/IA/replay	logic_unverified	16	0.9617834394904459	0.9617834394904459	969			branches_differ_may_be_compiler
0x4d1370	FUN_004d1370	Game.cpp	840	Game	logic_unverified	16	0.9627659574468085	0.9627659574468085	623			
0x4e90f0	FUN_004e90f0	FrontendScreens.cpp	11739	FrontendScreens	logic_unverified	16	0.9655172413793104	0.9525816649104321	1487			indirect_dispatch_requires_case_tests
0x4d15e0	CGame::InitializeGame	Game.cpp	948	Game	logic_unverified	16	0.967741935483871	0.9498607242339833	1191			branches_differ_may_be_compiler
0x47bad0	FUN_0047bad0	StageObjects.cpp	9839	objetos/IA/replay	logic_unverified	16	0.967741935483871	0.9661016949152542	440			indirect_dispatch_requires_case_tests
0x4d6a60	FUN_004d6a60	FrontendScreens.cpp	9987	FrontendScreens	logic_unverified	16	0.9689922480620154	0.9431968295904888	1163			indirect_dispatch_requires_case_tests
0x44d960	FUN_0044d960	GameMenus.cpp	962	GameMenus	logic_unverified	16	0.972972972972973	0.9636098981077147	2000			branches_differ_may_be_compiler
0x4d8330	FUN_004d8330	FrontendScreens.cpp	6040	FrontendScreens	logic_unverified	16	0.9745762711864406	0.9372384937238494	334			
0x500920	FUN_00500920	GameInfo.cpp	1562	GameInfo	logic_unverified	15	0.9130434782608695	0.9782608695652174	148			
0x4a04a0	Menu_ValidateCursor	Menu.cpp	216	Menu	logic_unverified	15	0.9459459459459459	0.972972972972973	77			
0x4b2090	Mesh_SetColourAndRefresh	Mesh.cpp	275	Mesh	logic_unverified	15	0.9591836734693877	0.9795918367346939	128			
0x4ac200	SceneNode_Attach	SceneNode.cpp	185	SceneNode	logic_unverified	15	0.967741935483871	0.967741935483871	87			
0x4f2620	FUN_004f2620	FrontendScreens.cpp	5268	FrontendScreens	logic_unverified	15	0.9705882352941176	0.9705882352941176	195			
0x46b440	FUN_0046b440	StageObjects.cpp	1319	objetos/IA/replay	logic_unverified	15	0.9705882352941176	0.9705882352941176	114			
0x507fe0	FUN_00507fe0	GameInfo.cpp	8109	GameInfo	logic_unverified	15	0.9741518578352181	0.9717514124293786	1880			
0x468a80	FUN_00468a80	StageObjects.cpp	4762	objetos/IA/replay	logic_unverified	15	0.9761904761904762	0.9920634920634921	388			
0x4920d0	FUN_004920d0	StageObjects.cpp	9577	objetos/IA/replay	logic_unverified	15	0.978021978021978	0.978021978021978	326			
0x49e1f0	FUN_0049e1f0	Graphics.cpp	2799	Graphics	logic_unverified	15	0.9790575916230366	0.9787610619469026	1823			indirect_dispatch_requires_case_tests
0x4b0060	Particle_Init	Graphics.cpp	5679	Graphics	logic_unverified	15	0.9795918367346939	0.9795918367346939	160			
0x501780	FUN_00501780	GameInfo.cpp	6846	GameInfo	logic_unverified	15	0.9800796812749004	0.9879518072289156	401			
0x46acb0	FUN_0046acb0	StageObjects.cpp	11225	objetos/IA/replay	logic_unverified	15	0.9803921568627451	0.984313725490196	801			
0x501f80	FUN_00501f80	GameInfo.cpp	4934	GameInfo	logic_unverified	15	0.9813084112149533	0.9813084112149533	284			
0x49a870	Car_BreakWindow	CarEffects.cpp	273	CarEffects	logic_unverified	15	0.9824561403508771	0.9824561403508771	159			
0x506fc0	FUN_00506fc0	GameInfo.cpp	8247	GameInfo	logic_unverified	15	0.9830508474576272	0.9830508474576272	177			
0x492220	FUN_00492220	StageObjects.cpp	9602	objetos/IA/replay	logic_unverified	15	0.9836065573770492	0.9836065573770492	432			
0x4f28c0	FUN_004f28c0	FrontendScreens.cpp	5364	FrontendScreens	logic_unverified	15	0.9855072463768116	0.9855072463768116	168			
0x4d8ed0	FUN_004d8ed0	FrontendScreens.cpp	11839	FrontendScreens	logic_unverified	15	0.9866369710467706	0.9866369710467706	1405			
0x46e6a0	Events_ComputeSteps	StageObjects.cpp	7293	objetos/IA/replay	logic_unverified	15	0.9873417721518988	0.9873417721518988	212			
0x450ef0	FUN_00450ef0	GameMenus.cpp	1538	GameMenus	logic_unverified	15	0.9894894894894894	0.990990990990991	1938			
0x48ce80	FUN_0048ce80	StageObjects.cpp	13581	objetos/IA/replay	logic_unverified	15	0.98989898989899	0.98989898989899	617			
0x492bd0	FUN_00492bd0	StageObjects.cpp	9688	objetos/IA/replay	logic_unverified	15	0.98989898989899	0.98989898989899	606			
0x500c80	FUN_00500c80	GameInfo.cpp	1900	GameInfo	logic_unverified	15	0.99	0.98	363			
0x4e48b0	FUN_004e48b0	FrontendScreens.cpp	8976	FrontendScreens	logic_unverified	15	0.9900497512437811	0.9842584921292461	1796			
0x4b50b0	FUN_004b50b0	SceneNode.cpp	1625	SceneNode	logic_unverified	15	0.990990990990991	0.990990990990991	613			
0x44fea0	FUN_0044fea0	GameMenus.cpp	1266	GameMenus	logic_unverified	15	0.9934959349593496	0.9951219512195122	1795			
0x4541c0	FUN_004541c0	GameMenus.cpp	2877	GameMenus	logic_unverified	15	0.9943502824858758	0.9943502824858758	3119			
0x4d9c40	FUN_004d9c40	FrontendScreens.cpp	10885	FrontendScreens	logic_unverified	15	0.9956167814652473	0.9855799373040752	2529			
0x46afe0	FUN_0046afe0	StageObjects.cpp	10378	objetos/IA/replay	logic_unverified	15	0.9970238095238095	0.9970238095238095	1055			
0x44efa0	FUN_0044efa0	GameMenus.cpp	1176	GameMenus	logic_unverified	15	0.9983277591973244	0.9983277591973244	1753			
0x44e130	FUN_0044e130	GameMenus.cpp	1066	GameMenus	logic_unverified	15	0.9984076433121019	0.9952229299363057	1784			
0x460da0	StageObject_SetLighting	StageObjects.cpp	4864	objetos/IA/replay	fixtures_pass_matching_pending	0	0.24564796905222436	0.2621448212648946	2322	differential_stage_lighting.py		
0x448d50	FUN_00448d50	StageTiming.cpp	3869	tiempos/replay	fixtures_pass_matching_pending	0	0.25	0.3023255813953488	132	differential_race_order.py		
0x456250	StageTiming_RebuildSplitPositions	StageTiming.cpp	552	tiempos/replay	fixtures_pass_matching_pending	0	0.25316455696202533	0.267515923566879	222	differential_rankings.py		
0x40b880	Font_DrawText	Font.cpp	283	Font	fixtures_pass_matching_pending	0	0.29916897506925205	0.2808988764044944	548	differential_font_coordinates.py		branches_differ_may_be_compiler
0x461c30	FUN_00461c30	StageObjects.cpp	6415	objetos/IA/replay	fixtures_pass_matching_pending	0	0.3176631675034231	0.32383536861148804	3694	differential_stage_lighting.py		branches_differ_may_be_compiler
0x475f80	FUN_00475f80	StageTiming.cpp	1953	tiempos/replay	fixtures_pass_matching_pending	0	0.3660130718954248	0.3815789473684211	277	differential_low_logic.py		
0x46e780	FUN_0046e780	StageObjects.cpp	7961	objetos/IA/replay	fixtures_pass_matching_pending	0	0.40609137055837563	0.4050632911392405	637	differential_event_draw_abi.py		indirect_dispatch_requires_case_tests
0x489060	Collision_RayQuad	Collision2D.cpp	18	colisión	fixtures_pass_matching_pending	0	0.4103225806451613	0.38276299112801015	1098	differential_track_geometry.py		branches_differ_may_be_compiler
0x47bdd0	FUN_0047bdd0	StageObjects.cpp	13864	objetos/IA/replay	fixtures_pass_matching_pending	0	0.4116504854368932	0.358148893360161	940	differential_ai_controls.py		indirect_dispatch_requires_case_tests
0x456960	FUN_00456960	StageTiming.cpp	1265	tiempos/replay	fixtures_pass_matching_pending	0	0.4146341463414634	0.44155844155844154	90	differential_rally_times.py		branches_differ_may_be_compiler
0x458e00	FUN_00458e00	StageTiming.cpp	4973	tiempos/replay	fixtures_pass_matching_pending	0	0.4293785310734463	0.40217391304347827	297	differential_checkpoint_advance.py		branches_differ_may_be_compiler
0x4111a0	FUN_004111a0	RallyData.cpp	7257	rutas/carrera	fixtures_pass_matching_pending	0	0.46	0.5048543689320388	209	differential_low_logic.py		
0x420a30	RallyData_UpdateCarRoute	RallyData.cpp	4365	rutas/carrera	fixtures_pass_matching_pending	0	0.4699777613046701	0.6143790849673203	2035	differential_car_route_update.py		branches_differ_may_be_compiler
0x491550	Track_FindTriangle	TrackCollision.cpp	191	colisión/pista	fixtures_pass_matching_pending	0	0.47572815533980584	0.48756218905472637	323	differential_track_geometry.py		
0x4483e0	FUN_004483e0	StageTiming.cpp	5638	tiempos/replay	fixtures_pass_matching_pending	0	0.47761194029850745	0.460093896713615	358	differential_race_estimates.py		branches_differ_may_be_compiler
0x416670	FUN_00416670	Race.cpp	938	carrera	fixtures_pass_matching_pending	0	0.4819277108433735	0.5617977528089888	148	differential_race_state_reset.py		branches_differ_may_be_compiler
0x424f20	NetRace_PackCarState	NetRace.cpp	673	red	fixtures_pass_matching_pending	0	0.4838455476753349	0.49133383571966843	2496	differential_net_car_state.py		branches_differ_may_be_compiler
0x4b5380	Scene_FreeShadowCasters	SceneNode.cpp	2296	SceneNode	fixtures_pass_matching_pending	0	0.49070631970260226	0.5018181818181818	400	differential_shadow_cleanup.py		
0x456710	FUN_00456710	StageTiming.cpp	8835	tiempos/replay	fixtures_pass_matching_pending	0	0.5172413793103449	0.508557457212714	592	differential_rally_times.py		branches_differ_may_be_compiler
0x455f00	FUN_00455f00	StageTiming.cpp	4401	tiempos/replay	fixtures_pass_matching_pending	0	0.5263157894736842	0.5348837209302325	527	differential_rally_times.py		
0x4781d0	Car_UpdateSurfaceParams	SurfaceTypes.cpp	182	superficies	fixtures_pass_matching_pending	0	0.5648648648648649	0.5483870967741935	1243	differential_surface_params.py		branches_differ_may_be_compiler
0x418f20	FUN_00418f20	StageUI.cpp	108	StageUI	fixtures_pass_matching_pending	0	0.5686274509803921	0.5773195876288659	185	differential_stage_sound_reset.py		branches_differ_may_be_compiler
0x425c40	FUN_00425c40	NetRace.cpp	1146	red	fixtures_pass_matching_pending	0	0.5706472196900638	0.5412186379928315	1922	differential_net_car_receive.py	__real@4@4002a000000000000000	
0x498620	FUN_00498620	StageTiming.cpp	7581	tiempos/replay	fixtures_pass_matching_pending	0	0.5711382113821138	0.45925925925925926	1572	differential_ai_telemetry.py		indirect_dispatch_requires_case_tests
0x494bb0	FUN_00494bb0	CarPhysics.cpp	99	coche/física	fixtures_pass_matching_pending	0	0.5769230769230769	0.5544554455445545	391	differential_contact_init.py		branches_differ_may_be_compiler
0x40cc60	FUN_0040cc60	RallyTiming.cpp	42	RallyTiming	fixtures_pass_matching_pending	0	0.5862068965517241	0.6037735849056604	75	differential_tables.py		
0x406010	CGameInfo::FUN_00406010	GameInfo.cpp	810	GameInfo	fixtures_pass_matching_pending	0	0.5991902834008097	0.5853658536585366	759	differential_record_reset.py		branches_differ_may_be_compiler
0x490b90	FUN_00490b90	VehiclePhysics.cpp	508	coche/física	fixtures_pass_matching_pending	0	0.6019417475728155	0.5714285714285714	156	differential_collision_face_decision.py		
0x41e8d0	FUN_0041e8d0	Race.cpp	3212	carrera	fixtures_pass_matching_pending	0	0.6293365794278758	0.6118251928020566	2267	differential_race_handler.py		indirect_dispatch_requires_case_tests
0x462aa0	FUN_00462aa0	StageObjects.cpp	6287	objetos/IA/replay	fixtures_pass_matching_pending	0	0.6386554621848739	0.6267806267806267	518	differential_car_lighting.py		
0x4a13b0	CGameInfo::FUN_004a13b0	GameInfo.cpp	3738	GameInfo	fixtures_pass_matching_pending	0	0.6451612903225806	0.6601941747572816	197	differential_session_enumeration.py		branches_differ_may_be_compiler
0x447530	FUN_00447530	HudDash.cpp	829	HudDash	fixtures_pass_matching_pending	0	0.6458333333333334	0.6551724137931034	189	differential_low_logic.py		calls_differ_may_be_inlining
0x477f70	StageUI_DrawStageGrid	StageUI.cpp	834	StageUI	fixtures_pass_matching_pending	0	0.6526315789473685	0.6480836236933798	447	differential_stage_grid.py		branches_differ_may_be_compiler
0x4069c0	RallyData_InitKnockoutBracket	RallyData.cpp	278	rutas/carrera	fixtures_pass_matching_pending	0	0.6703397612488522	0.6198723792160438	1746	differential_knockout_bracket.py		indirect_dispatch_requires_case_tests
0x4a12d0	CGameInfo::FUN_004a12d0	GameInfo.cpp	3775	GameInfo	fixtures_pass_matching_pending	0	0.6868686868686869	0.6915887850467289	218	differential_session_enumeration.py		branches_differ_may_be_compiler
0x441430	FixBasis_Integrate	FixedPoint.cpp	704	matemática	fixtures_pass_matching_pending	0	0.6944444444444444	0.75	207	differential_fixed_matrix_ops.py		
0x46d610	FUN_0046d610	StageObjects.cpp	12345	objetos/IA/replay	fixtures_pass_matching_pending	0	0.7049608355091384	0.6927083333333334	700	differential_replay_snapshot.py		calls_differ_may_be_inlining;branches_differ_may_be_compiler
0x4b7de0	FUN_004b7de0	Sector.cpp	617	Sector	fixtures_pass_matching_pending	0	0.7126137841352406	0.6675257731958762	1164	differential_sector_visibility.py		
0x486910	FUN_00486910	FixedPoint.cpp	1172	matemática	fixtures_pass_matching_pending	0	0.738255033557047	0.7516778523489933	206	differential_object_matrix.py		
0x4b1150	FUN_004b1150	Graphics.cpp	4342	Graphics	fixtures_pass_matching_pending	0	0.7586206896551724	0.7586206896551724	105	differential_billboard_init.py		
0x5004c0	CGameInfo::FUN_005004c0	GameInfo.cpp	2663	GameInfo	fixtures_pass_matching_pending	0	0.7586206896551724	0.9090909090909091	50	differential_option_cache.py		
0x43eef0	Car_UpdateCorners	Car.cpp	569	coche/cámara	fixtures_pass_matching_pending	0	0.7666034155597723	0.776735459662289	911	differential_car_corners.py		
0x4f1040	FUN_004f1040	FrontendScreens.cpp	3294	FrontendScreens	fixtures_pass_matching_pending	0	0.7668393782383419	0.7628865979381443	287	differential_name_entry.py		branches_differ_may_be_compiler
0x43c7f0	Car_Spawn	Car.cpp	6703	coche/cámara	fixtures_pass_matching_pending	0	0.7755581668625147	0.7266881028938906	6024	differential_car_spawn.py		indirect_dispatch_requires_case_tests
0x48a1f0	FUN_0048a1f0	Collision2D.cpp	569	colisión	fixtures_pass_matching_pending	0	0.7852112676056338	0.7304347826086957	1017	differential_car_contacts.py		branches_differ_may_be_compiler
0x48fb80	FUN_0048fb80	VehiclePhysics.cpp	568	coche/física	fixtures_pass_matching_pending	0	0.7855361596009975	0.7227414330218068	2536	differential_surface_collision.py		branches_differ_may_be_compiler
0x48df50	FUN_0048df50	StageObjects.cpp	9082	objetos/IA/replay	fixtures_pass_matching_pending	0	0.8235294117647058	0.7941176470588235	335	differential_slip.py		branches_differ_may_be_compiler
0x43e680	Car_ResetBodyBasis	Car.cpp	6354	coche/cámara	fixtures_pass_matching_pending	0	0.8290258449304175	0.7736220472440944	1602	differential_car_basis.py		branches_differ_may_be_compiler
0x4d3360	FrontendDraw_MenuList	FrontendDraw.cpp	365	FrontendDraw	fixtures_pass_matching_pending	0	0.8318756073858115	0.7871720116618076	1594	differential_menu_list.py		
0x4b9f20	FixMatrix_Multiply	FixedPoint.cpp	223	matemática	fixtures_pass_matching_pending	0	0.8333333333333334	0.8421052631578947	205	differential_fixed_matrix_ops.py		
0x40a580	FUN_0040a580	NetPlayers.cpp	520	red	fixtures_pass_matching_pending	0	0.8646288209606987	0.8193832599118943	372	differential_network_results.py		
0x4a9b80	CMain::GetFrameDelta	main.cpp	357	main	fixtures_pass_matching_pending	0	0.8941176470588236	0.9047619047619048	149	differential_menu_colour.py		
0x4564d0	FUN_004564d0	StageTiming.cpp	1203	tiempos/replay	fixtures_pass_matching_pending	0	0.9281767955801105	0.9337016574585635	564	differential_rally_times.py		
0x47eab0	FUN_0047eab0	StageObjects.cpp	15469	objetos/IA/replay	fixtures_pass_matching_pending	0	0.9312581063553826	0.9189889825016202	2651	differential_fireworks.py		
0x421470	RallyData_FUN_00421470	RallyData.cpp	4586	rutas/carrera	fixtures_pass_matching_pending	0	0.9425287356321839	0.8275862068965517	144	differential_route_progress.py		
0x4ac7a0	SceneNode_Reparent	SceneNode.cpp	429	SceneNode	fixtures_pass_matching_pending	0	0.9444444444444444	0.9807692307692307	123	differential_scene_reparent.py		
0x42af50	Car_StoreRenderTransforms	Car.cpp	3358	coche/cámara	fixtures_pass_matching_pending	0	0.9452054794520548	0.9144811858608894	1354	differential_render_transforms.py		branches_differ_may_be_compiler
0x4ac820	SceneNode_Rotate	SceneNode.cpp	106	SceneNode	fixtures_pass_matching_pending	0	0.9661266568483063	0.930780559646539	4193	differential_rotation.py		
0x41f560	Race_BuildSelectionPaths	Race.cpp	564	carrera	fixtures_pass_matching_pending	0	0.9694501018329938	0.9650924024640657	552	differential_stage_paths.py		
