address	name	file	line	area	status	priority	reccmp_score	byte_score	original_bytes	tests_passed	unknown	signals
0x4177d0	FUN_004177d0	Race.cpp	988	carrera	unresolved_and_untested	68	0.5844660194174758	0.5600739371534196	1665		__real@8@400f8000000000000000	branches_differ_may_be_compiler
0x459630	FUN_00459630	StageTiming.cpp	2892	tiempos/replay	unresolved_and_untested	66	0.648	0.6039215686274509	346		__real@8@4002a000000000000000	
0x496e00	FUN_00496e00	CarPhysics.cpp	639	coche/física	unresolved_and_untested	66	0.6532622076323349	0.6076051779935275	4014		__real@8@3ff2b60b60b60b60b800;__real@8@bff2b60b60b60b60b800;__real@8@c00afff0000000000000	branches_differ_may_be_compiler
0x4147f0	FUN_004147f0	RallyData.cpp	3315	rutas/carrera	logic_unverified	64	0.5486338797814208	0.5116751269035533	1749			calls_differ_may_be_inlining;branches_differ_may_be_compiler
0x4918d0	FUN_004918d0	StageTiming.cpp	4247	tiempos/replay	logic_unverified	62	0.559322033898305	0.5739130434782609	196			calls_differ_may_be_inlining;branches_differ_may_be_compiler
0x421fe0	View_GetHeading	Car.cpp	5610	coche/cámara	logic_unverified	61	0.32857142857142857	0.2802547770700637	239			branches_differ_may_be_compiler
0x421610	View_SetupCameras	Car.cpp	8058	coche/cámara	logic_unverified	60	0.2695035460992908	0.32051282051282054	265			branches_differ_may_be_compiler
0x4284d0	FUN_004284d0	NetRace.cpp	396	red	logic_unverified	59	0.37593984962406013	0.34146341463414637	214			
0x419cd0	FUN_00419cd0	Race.cpp	1759	carrera	logic_unverified	59	0.37735849056603776	0.3547400611620795	490			indirect_dispatch_requires_case_tests
0x415750	FUN_00415750	RallyData.cpp	5853	rutas/carrera	logic_unverified	59	0.7032967032967034	0.6878306878306878	274			calls_differ_may_be_inlining;branches_differ_may_be_compiler
0x411f70	FUN_00411f70	RallyData.cpp	7648	rutas/carrera	logic_unverified	59	0.7255639097744361	0.697841726618705	1051			calls_differ_may_be_inlining;branches_differ_may_be_compiler
0x45b580	StageTiming_SpawnWheelParticles	StageTiming.cpp	5110	tiempos/replay	logic_unverified	58	0.41012658227848103	0.3739021329987453	4195			indirect_dispatch_requires_case_tests
0x459790	FUN_00459790	StageTiming.cpp	2755	tiempos/replay	logic_unverified	58	0.7323162274618585	0.7027777777777777	1256			calls_differ_may_be_inlining;branches_differ_may_be_compiler
0x494db0	FUN_00494db0	CarPhysics.cpp	447	coche/física	logic_unverified	57	0.4383242823894492	0.42319508448540705	4510			branches_differ_may_be_compiler
0x413e00	FUN_00413e00	RallyData.cpp	6518	rutas/carrera	logic_unverified	56	0.44375	0.4353312302839117	473			
0x4137e0	FUN_004137e0	RallyData.cpp	8189	rutas/carrera	logic_unverified	56	0.46184738955823296	0.452642073778664	1565			
0x4919a0	Stage_InitLightMeshes	TrackCollision.cpp	526	colisión/pista	logic_unverified	55	0.4727272727272727	0.4763779527559055	918			branches_differ_may_be_compiler
0x456a40	FUN_00456a40	StageTiming.cpp	1873	tiempos/replay	logic_unverified	55	0.4897959183673469	0.4807692307692308	146			
0x467e90	StageDeform_ApplyPlanarDent	StageTiming.cpp	2363	tiempos/replay	logic_unverified	55	0.49705304518664045	0.4899135446685879	1666			branches_differ_may_be_compiler
0x428680	FUN_00428680	NetRace.cpp	459	red	logic_unverified	55	0.5039370078740157	0.5	181			branches_differ_may_be_compiler
0x455af0	FUN_00455af0	StageTiming.cpp	4363	tiempos/replay	logic_unverified	55	0.512396694214876	0.4696969696969697	207			branches_differ_may_be_compiler
0x42e450	Car_IntegrateWheelTravel	Car.cpp	6426	coche/cámara	logic_unverified	55	0.5272206303724928	0.48169014084507045	1165			branches_differ_may_be_compiler
0x442e90	Car_SmoothForceFeedback	Car.cpp	6112	coche/cámara	logic_unverified	55	0.5371428571428571	0.48863636363636365	301			branches_differ_may_be_compiler
0x406820	FUN_00406820	RallyData.cpp	1278	rutas/carrera	logic_unverified	55	0.5679012345679012	0.4878048780487805	112			
0x41e6b0	Race_TeardownStage	Race.cpp	3137	carrera	logic_unverified	55	0.5787965616045845	0.49025069637883006	544			branches_differ_may_be_compiler
0x409fd0	FUN_00409fd0	NetPlayers.cpp	303	red	logic_unverified	55	0.8170731707317073	0.8042328042328042	270			calls_differ_may_be_inlining;branches_differ_may_be_compiler
0x492fe0	FUN_00492fe0	TrackCollision.cpp	857	colisión/pista	logic_unverified	54	0.4864864864864865	0.5165562913907285	205			branches_differ_may_be_compiler
0x45eca0	FUN_0045eca0	StageTiming.cpp	9245	tiempos/replay	logic_unverified	54	0.5082872928176796	0.5257731958762887	512			
0x4590a0	FUN_004590a0	StageTiming.cpp	4646	tiempos/replay	logic_unverified	54	0.5094339622641509	0.5048543689320388	218			branches_differ_may_be_compiler
0x504eb0	FUN_00504eb0	RallyData.cpp	6688	rutas/carrera	logic_unverified	54	0.511340206185567	0.5051334702258727	776			
0x407b10	FUN_00407b10	RallyData.cpp	557	rutas/carrera	logic_unverified	54	0.5220729366602687	0.5143953934740882	779			branches_differ_may_be_compiler
0x411b20	FUN_00411b20	RallyData.cpp	6849	rutas/carrera	logic_unverified	54	0.5573770491803278	0.5244122965641953	786			branches_differ_may_be_compiler
0x4916a0	Track_FindNearestTriangle	TrackCollision.cpp	147	colisión/pista	logic_unverified	54	0.5632183908045977	0.5028571428571429	240			
0x4219b0	View_UpdateCamera	Car.cpp	8153	coche/cámara	logic_unverified	54	0.5724770642201835	0.5326278659611993	972			branches_differ_may_be_compiler
0x493b30	Car_UpdateAutomaticGear	TrackCollision.cpp	353	colisión/pista	logic_unverified	54	0.5971943887775552	0.5217391304347826	921			branches_differ_may_be_compiler
0x47a3d0	FUN_0047a3d0	SurfaceTypes.cpp	1252	superficies	logic_unverified	54	0.9148936170212766	0.8336755646817249	823			calls_differ_may_be_inlining;branches_differ_may_be_compiler
0x423460	Camera_Update	Car.cpp	7923	coche/cámara	logic_unverified	53	0.484149855907781	0.5418994413407822	546			indirect_dispatch_requires_case_tests
0x493520	FUN_00493520	TrackCollision.cpp	1289	colisión/pista	logic_unverified	53	0.5053533190578159	0.5477707006369427	873			branches_differ_may_be_compiler
0x490f20	Track_PointInTriangle	TrackCollision.cpp	71	colisión/pista	logic_unverified	53	0.5612648221343873	0.5588235294117647	462			
0x508890	FUN_00508890	StageTiming.cpp	5325	tiempos/replay	logic_unverified	53	0.5665071770334928	0.5338417540514776	1614			branches_differ_may_be_compiler
0x467700	StageDeform_ApplyRadialDent	StageTiming.cpp	2220	tiempos/replay	logic_unverified	53	0.5759745425616547	0.546031746031746	1933			branches_differ_may_be_compiler
0x417090	FUN_00417090	Race.cpp	4371	carrera	logic_unverified	53	0.5835866261398176	0.5449101796407185	1081			branches_differ_may_be_compiler
0x470580	FUN_00470580	FixedPoint.cpp	1464	matemática	logic_unverified	53	0.6206095791001451	0.5409556313993175	5072			branches_differ_may_be_compiler
0x428bf0	View_SelectVisibleCars	Car.cpp	274	coche/cámara	logic_unverified	53	0.6371681415929203	0.5651793525809273	1734			branches_differ_may_be_compiler
0x40fd30	RallyData_DrawListItem	RallyData.cpp	4933	rutas/carrera	logic_unverified	52	0.5684210526315789	0.5684210526315789	288			
0x423b20	View_PlaceCarCamera	Car.cpp	7187	coche/cámara	logic_unverified	52	0.5698630136986301	0.5810055865921788	583			
0x413610	FUN_00413610	RallyData.cpp	3215	rutas/carrera	logic_unverified	52	0.5737704918032787	0.576	455			branches_differ_may_be_compiler
0x40f050	FUN_0040f050	RallyData.cpp	5732	rutas/carrera	logic_unverified	52	0.5789473684210527	0.5714285714285714	99			branches_differ_may_be_compiler
0x4581d0	FUN_004581d0	StageTiming.cpp	5507	tiempos/replay	logic_unverified	52	0.5833333333333334	0.5833333333333334	84			
0x5051c0	FUN_005051c0	RallyData.cpp	6996	rutas/carrera	logic_unverified	52	0.5849673202614379	0.5911330049261084	965			
0x441500	Car_UpdateWheelForces	Car.cpp	3046	coche/cámara	logic_unverified	52	0.5879765395894428	0.5885190545103715	6536			branches_differ_may_be_compiler
0x429f20	FixBasis_Rotate	FixedPoint.cpp	450	matemática	logic_unverified	52	0.6026629292221444	0.5667932343803935	4129			
0x424af0	FUN_00424af0	StageTiming.cpp	4922	tiempos/replay	logic_unverified	52	0.6052631578947368	0.5882352941176471	268			branches_differ_may_be_compiler
0x433e80	Car_BalanceTwoPlayerRideHeight	Car.cpp	4787	coche/cámara	logic_unverified	52	0.6095238095238096	0.5959595959595959	323			branches_differ_may_be_compiler
0x489750	Collision_CarVsBox	Collision2D.cpp	418	colisión	logic_unverified	52	0.6104553119730185	0.593192868719611	974			branches_differ_may_be_compiler
0x42c890	Car_UpdateEngineNoteFalloff	Car.cpp	3997	coche/cámara	logic_unverified	52	0.6130268199233716	0.5813953488372093	471			
0x416f70	FUN_00416f70	Race.cpp	3994	carrera	logic_unverified	52	0.6145251396648045	0.5795454545454546	284			
0x45af90	FUN_0045af90	StageTiming.cpp	8963	tiempos/replay	logic_unverified	52	0.6205305651672434	0.586483390607102	1438			
0x419b90	FUN_00419b90	Race.cpp	1704	carrera	logic_unverified	51	0.5027322404371585	0.6176470588235294	224			indirect_dispatch_requires_case_tests
0x437dc0	Car_UpdateEngineTorque	Car.cpp	5839	coche/cámara	logic_unverified	51	0.576271186440678	0.6090534979423868	461			
0x42e8e0	FUN_0042e8e0	FixedPoint.cpp	1008	matemática	logic_unverified	51	0.5803921568627451	0.6148148148148148	504			
0x42f8c0	Car_LiftFreeCorners	Car.cpp	5958	coche/cámara	logic_unverified	51	0.5942028985507246	0.6197183098591549	269			branches_differ_may_be_compiler
0x421590	View_ReleaseNodes	Car.cpp	5927	coche/cámara	logic_unverified	51	0.6153846153846154	0.625	123			branches_differ_may_be_compiler
0x428a00	Car_MarkHiddenFromCameras	Car.cpp	221	coche/cámara	logic_unverified	51	0.6170212765957447	0.6075085324232082	484			branches_differ_may_be_compiler
0x471dd0	FUN_00471dd0	RallyData.cpp	7329	rutas/carrera	logic_unverified	51	0.6241234221598878	0.6005586592178771	2384			branches_differ_may_be_compiler
0x41ae80	FUN_0041ae80	Race.cpp	2035	carrera	logic_unverified	51	0.6285714285714286	0.6197183098591549	210			branches_differ_may_be_compiler
0x4584d0	FUN_004584d0	StageTiming.cpp	5914	tiempos/replay	logic_unverified	51	0.6492271105826397	0.6113116726835138	142			indirect_dispatch_requires_case_tests
0x41a340	FUN_0041a340	Race.cpp	1934	carrera	logic_unverified	51	0.6559139784946236	0.6052631578947368	625			branches_differ_may_be_compiler
0x448920	FUN_00448920	StageTiming.cpp	8690	tiempos/replay	logic_unverified	51	0.69	0.6253101736972705	706			branches_differ_may_be_compiler
0x457000	FUN_00457000	StageTiming.cpp	8044	tiempos/replay	logic_unverified	51	0.7101910828025477	0.6209463051568315	3073			indirect_dispatch_requires_case_tests
0x41c5a0	FUN_0041c5a0	Race.cpp	5132	carrera	logic_unverified	51	0.7201492537313433	0.6275252525252525	2701			indirect_dispatch_requires_case_tests
0x468520	FUN_00468520	StageTiming.cpp	2025	tiempos/replay	logic_unverified	51	0.7402376910016978	0.6254180602006689	908			branches_differ_may_be_compiler
0x41d2b0	FUN_0041d2b0	Race.cpp	2428	carrera	logic_unverified	51	0.9435897435897436	0.9461538461538461	1221			calls_differ_may_be_inlining
0x4a52d0	CGraphics::BlendPixel	Graphics.cpp	977	Graphics	unresolved_and_untested	50	0.30996309963099633	0.3230240549828179	1008		__real@4@00000000000000000000;__real@4@3ff78080810000000000;__real@4@3fff8000000000000000	branches_differ_may_be_compiler
0x418d30	FUN_00418d30	Race.cpp	1657	carrera	logic_unverified	50	0.5581395348837209	0.6666666666666666	146			branches_differ_may_be_compiler
0x40bc90	CInput::FUN_0040bc90	Input.cpp	2269	entrada	logic_unverified	50	0.5714285714285714	0.6666666666666666	61			
0x455e60	StageTiming_Reset	StageTiming.cpp	504	tiempos/replay	logic_unverified	50	0.5964912280701754	0.6666666666666666	99			
0x423970	FUN_00423970	RallyData.cpp	1106	rutas/carrera	logic_unverified	50	0.6376811594202898	0.6666666666666666	86			indirect_dispatch_requires_case_tests
0x497db0	FUN_00497db0	CarPhysics.cpp	161	coche/física	logic_unverified	50	0.6408163265306123	0.6436548223350254	1471			branches_differ_may_be_compiler
0x4380c0	Car_UpdateEngineSpeed	Car.cpp	5054	coche/cámara	logic_unverified	50	0.6415929203539823	0.6391304347826087	924			branches_differ_may_be_compiler
0x49f6d0	CInput::SetupJoystick	Input.cpp	810	entrada	logic_unverified	50	0.6555386949924128	0.649624060150376	1009			branches_differ_may_be_compiler
0x4eadb0	FUN_004eadb0	RallyData.cpp	1423	rutas/carrera	logic_unverified	50	0.6578947368421053	0.6578947368421053	141			
0x434f50	Car_UpdateCornerVelocities	Car.cpp	1709	coche/cámara	logic_unverified	50	0.6602972399150743	0.6588983050847458	1307			
0x489b20	Collision_SphereVsBox	Collision2D.cpp	268	colisión	logic_unverified	50	0.672254819782062	0.655	1740			
0x424360	FUN_00424360	StageTiming.cpp	4736	tiempos/replay	logic_unverified	50	0.6807228915662651	0.6586826347305389	510			
0x498590	FUN_00498590	StageTiming.cpp	3589	tiempos/replay	logic_unverified	50	0.6868686868686869	0.6530612244897959	138			
0x42bf70	Car_InterpolateRenderTransforms	Car.cpp	3789	coche/cámara	logic_unverified	50	0.6875	0.6519756838905775	2108			branches_differ_may_be_compiler
0x418000	FUN_00418000	Race.cpp	1281	carrera	logic_unverified	50	0.7043189368770764	0.6410891089108911	1170			indirect_dispatch_requires_case_tests
0x4816f0	FUN_004816f0	StageTiming.cpp	6430	tiempos/replay	logic_unverified	50	0.7239935587761674	0.6550836550836551	5064			branches_differ_may_be_compiler
0x4387a0	Car_UpdateTyreForces	Car.cpp	2306	coche/cámara	logic_unverified	50	0.7327905255366395	0.6436443791329904	8567			branches_differ_may_be_compiler
0x411450	FUN_00411450	RallyData.cpp	7779	rutas/carrera	logic_unverified	50	0.7796610169491526	0.6554621848739496	244			
0x4786b0	FUN_004786b0	SurfaceTypes.cpp	1452	superficies	logic_unverified	49	0.6341463414634146	0.6697892271662763	764			branches_differ_may_be_compiler
0x432b30	Car_ShareWeightOnWheels	Car.cpp	5804	coche/cámara	logic_unverified	49	0.6535947712418301	0.6708860759493671	237			branches_differ_may_be_compiler
0x42b4a0	Car_IntegrateWheelRotation	Car.cpp	6038	coche/cámara	logic_unverified	49	0.6583850931677019	0.6708074534161491	258			branches_differ_may_be_compiler
0x471bf0	FUN_00471bf0	RallyData.cpp	3832	rutas/carrera	logic_unverified	49	0.6666666666666666	0.6915887850467289	204			branches_differ_may_be_compiler
0x4eb000	FUN_004eb000	RallyData.cpp	1682	rutas/carrera	logic_unverified	49	0.6728971962616822	0.6851851851851852	190			
0x4129d0	FUN_004129d0	RallyData.cpp	2901	rutas/carrera	logic_unverified	49	0.6779089376053963	0.6699588477366255	1922			branches_differ_may_be_compiler
0x456b70	FUN_00456b70	StageTiming.cpp	737	tiempos/replay	logic_unverified	49	0.68	0.68	57			
0x442fc0	Car_SplitEngineTorque	Car.cpp	4151	coche/cámara	logic_unverified	49	0.6821705426356589	0.6923076923076923	230			
0x414720	FUN_00414720	RallyData.cpp	5552	rutas/carrera	logic_unverified	49	0.6833333333333333	0.6942148760330579	194			branches_differ_may_be_compiler
0x43f630	Car_RunStepPasses	Car.cpp	7460	coche/cámara	logic_unverified	49	0.6840579710144927	0.6685962373371924	1305			branches_differ_may_be_compiler
0x435470	Car_IntegrateContacts	Car.cpp	6157	coche/cámara	logic_unverified	49	0.7063829787234043	0.6679403897592663	4530			
0x41d0c0	FUN_0041d0c0	Race.cpp	4040	carrera	logic_unverified	49	0.7215189873417721	0.6838709677419355	450			branches_differ_may_be_compiler
0x45ea70	FUN_0045ea70	StageTiming.cpp	4616	tiempos/replay	logic_unverified	49	0.7352941176470589	0.6861313868613139	220			
0x41a5c0	FUN_0041a5c0	Race.cpp	4582	carrera	logic_unverified	49	0.7366818873668188	0.6784343821949348	2227			branches_differ_may_be_compiler
0x4174e0	FUN_004174e0	Race.cpp	868	carrera	logic_unverified	49	0.7469879518072289	0.6932270916334662	375			
0x432cc0	Car_UpdateBodyMatrix	Car.cpp	1182	coche/cámara	logic_unverified	49	0.7478849407783418	0.6722595078299777	2599			
0x40f8d0	FUN_0040f8d0	RallyData.cpp	8080	rutas/carrera	logic_unverified	49	0.764612954186414	0.6803149606299213	1117			branches_differ_may_be_compiler
0x431ff0	Car_PlaceAtStart	Car.cpp	6532	coche/cámara	logic_unverified	48	0.5605095541401274	0.7198492462311558	2874			branches_differ_may_be_compiler
0x423d70	FUN_00423d70	Car.cpp	87	coche/cámara	logic_unverified	48	0.6666666666666666	0.7142857142857143	54			
0x415480	FUN_00415480	RallyData.cpp	2772	rutas/carrera	logic_unverified	48	0.6814159292035398	0.700218818380744	711			
0x42ce60	Car_StepGroundContact	Car.cpp	7294	coche/cámara	logic_unverified	48	0.7016160819865983	0.7319587628865979	4017			branches_differ_may_be_compiler
0x4efe60	FUN_004efe60	RallyData.cpp	1816	rutas/carrera	logic_unverified	48	0.7028753993610224	0.7092651757188498	492			
0x418c30	FUN_00418c30	Race.cpp	3943	carrera	logic_unverified	48	0.7115384615384616	0.7155963302752294	152			
0x480cb0	FUN_00480cb0	StageTiming.cpp	5021	tiempos/replay	logic_unverified	48	0.7150837988826816	0.7252747252747253	291			branches_differ_may_be_compiler
0x45f260	FUN_0045f260	StageTiming.cpp	4688	tiempos/replay	logic_unverified	48	0.7272727272727273	0.7027027027027027	158			
0x440840	Car_Integrate	Car.cpp	2861	coche/cámara	logic_unverified	48	0.74945295404814	0.71397616468039	3053			branches_differ_may_be_compiler
0x48ae90	FUN_0048ae90	Collision2D.cpp	876	colisión	logic_unverified	48	0.7507116714111427	0.7226013649136893	3970			
0x433890	Car_StepAll	Car.cpp	4675	coche/cámara	logic_unverified	48	0.7555555555555555	0.7326266195524146	1507			branches_differ_may_be_compiler
0x45f9d0	FUN_0045f9d0	StageTiming.cpp	7340	tiempos/replay	logic_unverified	48	0.7586694975230007	0.7039660056657224	2204			branches_differ_may_be_compiler
0x458a00	FUN_00458a00	StageTiming.cpp	5692	tiempos/replay	logic_unverified	48	0.7659574468085106	0.7142857142857143	379			
0x4894b0	FUN_004894b0	Collision2D.cpp	136	colisión	logic_unverified	48	0.774818401937046	0.7299270072992701	659			
0x4702f0	FUN_004702f0	FixedPoint.cpp	1121	matemática	logic_unverified	48	0.7777777777777778	0.7318181818181818	641			
0x40f0c0	FUN_0040f0c0	RallyData.cpp	6182	rutas/carrera	logic_unverified	48	0.8003300330033003	0.7125506072874493	2058			
0x43b100	Car_UpdateSuspension	Car.cpp	2675	coche/cámara	logic_unverified	48	0.8217605248769819	0.7242128121606949	5428			branches_differ_may_be_compiler
0x45c610	FUN_0045c610	StageTiming.cpp	3815	tiempos/replay	logic_unverified	47	0.7022900763358778	0.7540983606557377	145			branches_differ_may_be_compiler
0x443d10	Car_FollowGround	Car.cpp	4377	coche/cámara	logic_unverified	47	0.7077669902912621	0.7565217391304347	3415			branches_differ_may_be_compiler
0x490d50	FUN_00490d50	StageTiming.cpp	1691	tiempos/replay	logic_unverified	47	0.7111111111111111	0.7608695652173914	169			
0x40d9e0	FUN_0040d9e0	RallyData.cpp	2363	rutas/carrera	logic_unverified	47	0.7133333333333334	0.7483870967741936	511			branches_differ_may_be_compiler
0x45f4a0	FUN_0045f4a0	StageTiming.cpp	8656	tiempos/replay	logic_unverified	47	0.7216494845360825	0.7428571428571429	140			
0x4143f0	FUN_004143f0	RallyData.cpp	6596	rutas/carrera	logic_unverified	47	0.7263157894736842	0.75	343			
0x418580	FUN_00418580	Race.cpp	1552	carrera	logic_unverified	47	0.7453416149068323	0.749185667752443	448			indirect_dispatch_requires_case_tests
0x45e8b0	FUN_0045e8b0	StageTiming.cpp	4535	tiempos/replay	logic_unverified	47	0.75	0.7466666666666667	230			branches_differ_may_be_compiler
0x448de0	FUN_00448de0	StageTiming.cpp	3677	tiempos/replay	logic_unverified	47	0.75	0.75	125			branches_differ_may_be_compiler
0x414ed0	FUN_00414ed0	RallyData.cpp	8384	rutas/carrera	logic_unverified	47	0.7564766839378239	0.7357512953367875	1452			
0x40c2a0	CInput::GetButtonMapping	Input.cpp	1811	entrada	logic_unverified	47	0.7611336032388664	0.7647058823529411	323			indirect_dispatch_requires_case_tests
0x47a710	FUN_0047a710	SurfaceTypes.cpp	1176	superficies	logic_unverified	47	0.771689497716895	0.7460674157303371	834			branches_differ_may_be_compiler
0x4373c0	Car_UpdateRollover	Car.cpp	4553	coche/cámara	logic_unverified	47	0.7768707482993197	0.7623497997329773	2470			branches_differ_may_be_compiler
0x414550	FUN_00414550	RallyData.cpp	6637	rutas/carrera	logic_unverified	47	0.7786885245901639	0.7642276422764228	424			
0x426fc0	FUN_00426fc0	FixedPoint.cpp	1274	matemática	logic_unverified	47	0.7888531618435155	0.7526652452025586	1466			
0x457e10	FUN_00457e10	StageTiming.cpp	1856	tiempos/replay	logic_unverified	47	0.8095238095238095	0.7619047619047619	59			
0x438460	Car_UpdateCornerFriction	Car.cpp	2263	coche/cámara	logic_unverified	47	0.8336252189141856	0.7464788732394366	822			branches_differ_may_be_compiler
0x49fe30	CInput::DInputCreateDevice	Input.cpp	562	entrada	logic_unverified	47	0.8454545454545455	0.7443946188340808	283			
0x421e20	View_SnapCameras	Car.cpp	8265	coche/cámara	logic_unverified	46	0.7561837455830389	0.7730496453900709	433			
0x478a20	FUN_00478a20	SurfaceTypes.cpp	1404	superficies	logic_unverified	46	0.7596899224806202	0.7899159663865546	228			indirect_dispatch_requires_case_tests
0x4814d0	FUN_004814d0	StageTiming.cpp	3551	tiempos/replay	logic_unverified	46	0.7647058823529411	0.7887323943661971	135			
0x45e7f0	FUN_0045e7f0	StageTiming.cpp	4120	tiempos/replay	logic_unverified	46	0.7652173913043478	0.7704918032786885	188			branches_differ_may_be_compiler
0x420630	FUN_00420630	RallyData.cpp	8590	rutas/carrera	logic_unverified	46	0.7661691542288557	0.7761194029850746	353			branches_differ_may_be_compiler
0x422d40	FUN_00422d40	FixedPoint.cpp	731	matemática	logic_unverified	46	0.7668393782383419	0.77	291			
0x4285b0	FUN_004285b0	NetRace.cpp	439	red	logic_unverified	46	0.7751937984496124	0.784	194			
0x42f820	Car_FlagAirborneCorners	Car.cpp	1607	coche/cámara	logic_unverified	46	0.7894736842105263	0.7894736842105263	152			
0x4348c0	Car_UpdateCornerLoads	Car.cpp	4956	coche/cámara	logic_unverified	46	0.7907444668008048	0.7812817904374364	1668			branches_differ_may_be_compiler
0x427ad0	FUN_00427ad0	NetRace.cpp	535	red	logic_unverified	46	0.7941176470588235	0.7941176470588235	153			
0x448550	FUN_00448550	StageTiming.cpp	4157	tiempos/replay	logic_unverified	46	0.796875	0.796875	202			
0x4247a0	FUN_004247a0	StageTiming.cpp	4789	tiempos/replay	logic_unverified	46	0.8	0.7971014492753623	254			
0x455300	FUN_00455300	StageTiming.cpp	5589	tiempos/replay	logic_unverified	46	0.8097560975609757	0.7843137254901961	341			branches_differ_may_be_compiler
0x466ef0	FUN_00466ef0	StageTiming.cpp	7186	tiempos/replay	logic_unverified	46	0.8361581920903954	0.7840593141797961	1743			branches_differ_may_be_compiler
0x408e30	RallyData_FUN_00408e30	RallyData.cpp	5663	rutas/carrera	logic_unverified	46	0.8379888268156425	0.7845303867403315	238			branches_differ_may_be_compiler
0x413330	FUN_00413330	RallyData.cpp	3156	rutas/carrera	logic_unverified	46	0.8602941176470589	0.7838827838827839	490			branches_differ_may_be_compiler
0x415990	FUN_00415990	RallyData.cpp	5587	rutas/carrera	logic_unverified	45	0.7777777777777778	0.8235294117647058	193			
0x422140	View_BlendCameraStates	Car.cpp	8303	coche/cámara	logic_unverified	45	0.7993421052631579	0.8045977011494253	920			
0x427e20	FUN_00427e20	NetRace.cpp	1012	red	logic_unverified	45	0.7996051332675223	0.8015794669299111	1413			branches_differ_may_be_compiler
0x42b660	Car_BuildRaceOrder	Car.cpp	3511	coche/cámara	logic_unverified	45	0.8	0.8	140			
0x490720	Collision_ClassifyFaceVertices	VehiclePhysics.cpp	331	coche/física	logic_unverified	45	0.8015978695073236	0.8095872170439414	1126			
0x427b70	FUN_00427b70	NetRace.cpp	556	red	logic_unverified	45	0.8088235294117647	0.8088235294117647	156			
0x443a20	Car_UpdateCornerVelocityPair	Car.cpp	4296	coche/cámara	logic_unverified	45	0.8150470219435737	0.8297213622291022	451			
0x43c640	Car_UpdateWheelTorques	Car.cpp	2808	coche/cámara	logic_unverified	45	0.823076923076923	0.8262548262548263	417			
0x408600	RallyData_FUN_00408600	RallyData.cpp	2574	rutas/carrera	logic_unverified	45	0.8269230769230769	0.8269230769230769	172			
0x4561e0	FUN_004561e0	StageTiming.cpp	8913	tiempos/replay	logic_unverified	45	0.8372093023255814	0.8095238095238095	106			branches_differ_may_be_compiler
0x444c10	Car_PrepareStep	Car.cpp	5163	coche/cámara	logic_unverified	45	0.8466666666666667	0.8127753303964758	3256			
0x411550	FUN_00411550	RallyData.cpp	678	rutas/carrera	logic_unverified	45	0.8518518518518519	0.830820770519263	806			branches_differ_may_be_compiler
0x480e50	FUN_00480e50	StageTiming.cpp	6772	tiempos/replay	logic_unverified	45	0.8524096385542169	0.8267477203647416	1345			indirect_dispatch_requires_case_tests
0x41db10	FUN_0041db10	Race.cpp	2741	carrera	logic_unverified	45	0.8574057037718491	0.8190127970749543	1792			branches_differ_may_be_compiler
0x443250	Car_UpdateBodyLean	Car.cpp	1953	coche/cámara	logic_unverified	45	0.8604459124690339	0.8240131578947368	2000			branches_differ_may_be_compiler
0x40fec0	FUN_0040fec0	RallyData.cpp	4964	rutas/carrera	logic_unverified	45	0.8695652173913043	0.8322147651006712	479			
0x40d6c0	FUN_0040d6c0	RallyData.cpp	180	rutas/carrera	logic_unverified	45	0.875	0.8188976377952756	340			branches_differ_may_be_compiler
0x493ed0	FUN_00493ed0	TrackCollision.cpp	1135	colisión/pista	logic_unverified	45	0.9024390243902439	0.8206686930091185	575			branches_differ_may_be_compiler
0x4bc490	Flare_SampleVisibility	Graphics.cpp	4168	Graphics	logic_unverified	44	0.375	0.3617511520737327	1496			calls_differ_may_be_inlining;branches_differ_may_be_compiler
0x409b60	FUN_00409b60	NetPlayers.cpp	91	red	logic_unverified	44	0.8	0.8620689655172413	86			
0x424560	FUN_00424560	StageTiming.cpp	1369	tiempos/replay	logic_unverified	44	0.8333333333333334	0.8604651162790697	116			
0x45f530	FUN_0045f530	StageTiming.cpp	3769	tiempos/replay	logic_unverified	44	0.8440366972477065	0.8518518518518519	154			
0x40dc30	FUN_0040dc30	RallyData.cpp	7885	rutas/carrera	logic_unverified	44	0.8444444444444444	0.8380566801619433	765			branches_differ_may_be_compiler
0x4984b0	FUN_004984b0	CarPhysics.cpp	879	coche/física	logic_unverified	44	0.8545454545454545	0.8545454545454545	177			
0x508740	StageDeform_ClampVertex	StageTiming.cpp	2175	tiempos/replay	logic_unverified	44	0.8571428571428571	0.8617886178861789	330			branches_differ_may_be_compiler
0x415870	FUN_00415870	RallyData.cpp	5763	rutas/carrera	logic_unverified	44	0.8571428571428571	0.8571428571428571	273			branches_differ_may_be_compiler
0x40e210	FUN_0040e210	RallyData.cpp	5813	rutas/carrera	logic_unverified	44	0.863013698630137	0.863013698630137	276			
0x4248a0	FUN_004248a0	StageTiming.cpp	4821	tiempos/replay	logic_unverified	44	0.8657534246575342	0.8509485094850948	584			
0x418ba0	FUN_00418ba0	Race.cpp	3958	carrera	logic_unverified	44	0.8913043478260869	0.8387096774193549	135			
0x436630	Car_UpdateBodyAxes	Car.cpp	861	coche/cámara	logic_unverified	44	0.8976034858387799	0.8423795049934868	3461			
0x49f0e0	CInput::SetupKeyboard	Input.cpp	680	entrada	logic_unverified	44	0.8976377952755905	0.8477366255144033	517			indirect_dispatch_requires_case_tests
0x4336f0	Car_UpdateWheelTravel	Car.cpp	1281	coche/cámara	logic_unverified	44	0.9028571428571428	0.8651685393258427	326			
0x48a5f0	FUN_0048a5f0	Collision2D.cpp	692	colisión	logic_unverified	44	0.9117432530999271	0.8658892128279884	2193			branches_differ_may_be_compiler
0x48f470	CarPhysics_ApplyImpulse	VehiclePhysics.cpp	146	coche/física	logic_unverified	44	0.9134275618374559	0.8493392070484581	1800			
0x456110	FUN_00456110	StageTiming.cpp	4467	tiempos/replay	logic_unverified	43	0.8413793103448276	0.8794326241134752	204			
0x413fe0	FUN_00413fe0	RallyData.cpp	8301	rutas/carrera	logic_unverified	43	0.8714069591527988	0.8700906344410876	1036			
0x40a820	FUN_0040a820	NetPlayers.cpp	622	red	logic_unverified	43	0.8727272727272727	0.867579908675799	345			
0x424ed0	FUN_00424ed0	NetRace.cpp	607	red	logic_unverified	43	0.875	0.875	76			
0x40d820	FUN_0040d820	RallyData.cpp	2283	rutas/carrera	logic_unverified	43	0.8786885245901639	0.8963210702341137	439			branches_differ_may_be_compiler
0x45eed0	FUN_0045eed0	StageTiming.cpp	9170	tiempos/replay	logic_unverified	43	0.8821292775665399	0.8825757575757576	870			
0x458bd0	FUN_00458bd0	StageTiming.cpp	3343	tiempos/replay	logic_unverified	43	0.8833333333333333	0.8796680497925311	557			branches_differ_may_be_compiler
0x410100	FUN_00410100	RallyData.cpp	3602	rutas/carrera	logic_unverified	43	0.8943911066195048	0.8820826952526799	2911			indirect_dispatch_requires_case_tests
0x42eae0	Car_UpdateGroundContact	Car.cpp	1362	coche/cámara	logic_unverified	43	0.9168081494057725	0.8753525098702764	3380			branches_differ_may_be_compiler
0x495f50	FUN_00495f50	CarPhysics.cpp	588	coche/física	logic_unverified	43	0.9173419773095624	0.8947368421052632	871			
0x479360	FUN_00479360	SurfaceTypes.cpp	833	superficies	logic_unverified	43	0.9188720173535792	0.8782608695652174	4094			indirect_dispatch_requires_case_tests
0x483100	FUN_00483100	StageTiming.cpp	6887	tiempos/replay	logic_unverified	43	0.9295039164490861	0.8932291666666666	1134			
0x43fcc0	Car_UpdateBodyAxesNoDamping	Car.cpp	1047	coche/cámara	logic_unverified	43	0.9326478149100257	0.8790983606557377	2935			
0x429810	Car_UpdateViewNodes	Car.cpp	786	coche/cámara	logic_unverified	43	0.9405204460966543	0.8775510204081632	1797			
0x4669f0	FUN_004669f0	StageTiming.cpp	8421	tiempos/replay	logic_unverified	43	0.952076677316294	0.8778135048231511	1169			
0x508ee0	FUN_00508ee0	StageTiming.cpp	5440	tiempos/replay	logic_unverified	43	0.9615384615384616	0.8932038834951457	125			
0x456d90	FUN_00456d90	StageTiming.cpp	7912	tiempos/replay	logic_unverified	43	0.9675810473815462	0.8955223880597015	617			
0x4b0480	Particle_DrawAll	Graphics.cpp	5857	Graphics	logic_unverified	42	0.44329896907216493	0.4251968503937008	535			calls_differ_may_be_inlining;branches_differ_may_be_compiler
0x487f60	FUN_00487f60	StageObjects.cpp	14630	objetos/IA/replay	logic_unverified	42	0.4482412060301508	0.41334569045412417	1752			calls_differ_may_be_inlining;branches_differ_may_be_compiler
0x4dce00	FUN_004dce00	FrontendScreens.cpp	11347	FrontendScreens	unresolved_and_untested	42	0.6100966702470462	0.5963488843813387	1685		??_C@_01NON@_?$AA@	indirect_dispatch_requires_case_tests
0x427d50	FUN_00427d50	NetRace.cpp	357	red	logic_unverified	42	0.8771929824561403	0.9230769230769231	206			
0x5043b0	FUN_005043b0	RallyData.cpp	8550	rutas/carrera	logic_unverified	42	0.8875	0.9012345679012346	278			
0x458fd0	FUN_00458fd0	StageTiming.cpp	4490	tiempos/replay	logic_unverified	42	0.9024390243902439	0.9024390243902439	203			
0x444a70	Car_RebuildBodyAxes	Car.cpp	5115	coche/cámara	logic_unverified	42	0.9032258064516129	0.9206349206349206	416			
0x458f30	FUN_00458f30	StageTiming.cpp	3728	tiempos/replay	logic_unverified	42	0.9047619047619048	0.9047619047619048	159			
0x41c260	FUN_0041c260	Race.cpp	242	carrera	logic_unverified	42	0.9055690072639225	0.9055690072639225	676			branches_differ_may_be_compiler
0x426b90	FUN_00426b90	NetRace.cpp	822	red	logic_unverified	42	0.9069767441860465	0.9069767441860465	496			
0x4487a0	FUN_004487a0	StageTiming.cpp	5797	tiempos/replay	logic_unverified	42	0.9098712446351931	0.9090909090909091	381			branches_differ_may_be_compiler
0x425a90	FUN_00425a90	NetRace.cpp	1320	red	logic_unverified	42	0.9149797570850202	0.905511811023622	417			
0x40dfa0	FUN_0040dfa0	RallyData.cpp	5138	rutas/carrera	logic_unverified	42	0.9172413793103448	0.9172413793103448	472			
0x40c610	CInput::FUN_0040c610	Input.cpp	2029	entrada	logic_unverified	42	0.9266409266409267	0.9019108280254777	1604			
0x4925c0	FUN_004925c0	TrackCollision.cpp	1042	colisión/pista	logic_unverified	42	0.926829268292683	0.926829268292683	289			
0x5040f0	FUN_005040f0	RallyData.cpp	4159	rutas/carrera	logic_unverified	42	0.9293478260869565	0.9293478260869565	699			
0x492e60	FUN_00492e60	TrackCollision.cpp	770	colisión/pista	logic_unverified	42	0.9302325581395349	0.9147286821705426	171			
0x423a30	View_GetCarBodyMatrix	Car.cpp	5642	coche/cámara	logic_unverified	42	0.9310344827586207	0.9310344827586207	238			
0x41afe0	FUN_0041afe0	Race.cpp	2063	carrera	logic_unverified	42	0.9310344827586207	0.9310344827586207	91			
0x421230	FUN_00421230	RallyData.cpp	4522	rutas/carrera	logic_unverified	42	0.9316239316239316	0.919831223628692	316			branches_differ_may_be_compiler
0x434140	Car_UpdateSteering	Car.cpp	4893	coche/cámara	logic_unverified	42	0.931782945736434	0.9109217660728117	1911			
0x482ac0	Vehicle_UpdateMotion	VehiclePhysics.cpp	443	coche/física	logic_unverified	42	0.9401709401709402	0.9034090909090909	1126			
0x42de20	Car_UpdateGroundNormal	Car.cpp	1829	coche/cámara	logic_unverified	42	0.9402985074626866	0.9230769230769231	1572			
0x491d40	Stage_SetHeightColours	TrackCollision.cpp	656	colisión/pista	logic_unverified	42	0.9457627118644067	0.9069373942470389	910			
0x4187d0	FUN_004187d0	Race.cpp	3891	carrera	logic_unverified	42	0.9493670886075949	0.9056603773584906	235			branches_differ_may_be_compiler
0x417e70	FUN_00417e70	Race.cpp	1228	carrera	logic_unverified	42	0.9629629629629629	0.922509225092251	385			
0x484f40	FUN_00484f40	StageTiming.cpp	6935	tiempos/replay	logic_unverified	42	0.9737827715355806	0.9027431421446384	1142			
0x431220	Car_RelaxBodyAxes	Car.cpp	1632	coche/cámara	logic_unverified	42	0.9781710914454277	0.9293286219081273	2542			branches_differ_may_be_compiler
0x4a4d30	CGraphics::RemapTextureAlpha	Graphics.cpp	883	Graphics	logic_unverified	41	0.42105263157894735	0.43458980044345896	833			calls_differ_may_be_inlining;branches_differ_may_be_compiler
0x500270	FUN_00500270	GameInfo.cpp	11173	GameInfo	logic_unverified	41	0.44036697247706424	0.44036697247706424	0			calls_differ_may_be_inlining;branches_differ_may_be_compiler
0x4a3650	Sprite_DrawLayer	Sprite.cpp	67	Sprite	logic_unverified	41	0.45912653975363943	0.44097995545657015	1503			calls_differ_may_be_inlining;branches_differ_may_be_compiler
0x4a6710	CGraphics::LoadTGATexture	Graphics.cpp	6332	Graphics	logic_unverified	41	0.4932003626473255	0.45714285714285713	1816			calls_differ_may_be_inlining;branches_differ_may_be_compiler
0x5062d0	FUN_005062d0	GameInfo.cpp	11703	GameInfo	unresolved_and_untested	41	0.6139817629179332	0.6192592592592593	1100		??_C@_05DPOJ@L?4c3d?$AA@;??_C@_05FMGM@S?4c3d?$AA@;??_C@_06CPOC@?$CFs?4c3d?$AA@;??_C@_06GGND@A1?4bfl?$AA@;??_C@_06KFEA@?$CFs?4bfl?$AA@;??_C@_07IPPI@A1N?4c3d?$AA@	branches_differ_may_be_compiler
0x4a98b0	CMain::MessageHandler	main.cpp	202	main	unresolved_and_untested	41	0.6618181818181819	0.6197183098591549	356		??_C@_0BE@HKJM@QueryCancelAutoPlay?$AA@	indirect_dispatch_requires_case_tests
0x411280	FUN_00411280	RallyData.cpp	6467	rutas/carrera	logic_unverified	41	0.9253731343283582	0.9363295880149812	452			
0x43a920	Car_ApplyCornerFriction	Car.cpp	2086	coche/cámara	logic_unverified	41	0.9343629343629344	0.9362934362934363	1604			branches_differ_may_be_compiler
0x503ea0	FUN_00503ea0	RallyData.cpp	4104	rutas/carrera	logic_unverified	41	0.9393939393939394	0.9393939393939394	582			
0x4430b0	Car_UpdateRideHeight	Car.cpp	4173	coche/cámara	logic_unverified	41	0.9423076923076923	0.9423076923076923	369			
0x40ad20	FUN_0040ad20	NetPlayers.cpp	805	red	logic_unverified	41	0.95	0.9411764705882353	363			
0x413520	FUN_00413520	RallyData.cpp	5617	rutas/carrera	logic_unverified	41	0.9508196721311475	0.9508196721311475	228			
0x4ba440	FixMatrix_Invert	FixedPoint.cpp	156	matemática	logic_unverified	41	0.952	0.952	1062			
0x43dff0	Car_SetRideHeight	Car.cpp	4095	coche/cámara	logic_unverified	41	0.9565217391304348	0.9565217391304348	362			
0x423780	Camera_SnapTo	Car.cpp	8030	coche/cámara	logic_unverified	41	0.9574468085106383	0.9444444444444444	104			indirect_dispatch_requires_case_tests
0x423f30	Render_GetDetailDistanceScale	Car.cpp	5450	coche/cámara	logic_unverified	41	0.9583333333333334	0.9583333333333334	139			
0x493890	FUN_00493890	TrackCollision.cpp	291	colisión/pista	logic_unverified	41	0.959349593495935	0.943089430894309	432			
0x426810	FUN_00426810	NetRace.cpp	861	red	logic_unverified	41	0.9653979238754326	0.9653979238754326	885			
0x4292c0	Car_ApplyViewTransforms	Car.cpp	681	coche/cámara	logic_unverified	41	0.965675057208238	0.965675057208238	1345			
0x403890	FUN_00403890	GameInfo.cpp	9049	GameInfo	logic_unverified	40	0.4926739926739927	0.4977293369663942	1625			calls_differ_may_be_inlining;branches_differ_may_be_compiler
0x4926f0	FUN_004926f0	StageObjects.cpp	9710	objetos/IA/replay	logic_unverified	40	0.4930232558139535	0.4954954954954955	410			calls_differ_may_be_inlining;branches_differ_may_be_compiler
0x4b67f0	Mesh_GetShadowCylinder	Graphics.cpp	3304	Graphics	unresolved_and_untested	40	0.7289002557544757	0.6352040816326531	1195		__real@4@00000000000000000000	
0x443bf0	Car_UpdateSuspensionPass	Car.cpp	4338	coche/cámara	logic_unverified	40	0.9696969696969697	0.9696969696969697	280			
0x42fb20	Car_SolveUpright	Car.cpp	7609	coche/cámara	logic_unverified	40	0.975148568341437	0.975148568341437	5874			
0x40a980	FUN_0040a980	NetPlayers.cpp	663	red	logic_unverified	40	0.9754098360655737	0.9754098360655737	386			
0x40a0e0	FUN_0040a0e0	NetPlayers.cpp	333	red	logic_unverified	40	0.9821428571428571	0.9821428571428571	323			
0x478dc0	FUN_00478dc0	SurfaceTypes.cpp	577	superficies	logic_unverified	40	0.9868421052631579	0.9868421052631579	368			
0x478f50	FUN_00478f50	SurfaceTypes.cpp	685	superficies	logic_unverified	40	0.9891696750902527	0.9963898916967509	845			
0x4556f0	FUN_004556f0	StageTiming.cpp	239	tiempos/replay	logic_unverified	40	0.9966666666666667	0.9964664310954063	898			indirect_dispatch_requires_case_tests
0x4a5be0	CGraphics::FUN_004a5be0	Graphics.cpp	234	Graphics	logic_unverified	39	0.5116279069767442	0.5081081081081081	289			calls_differ_may_be_inlining;branches_differ_may_be_compiler
0x4b0110	Particle_UpdateAll	Graphics.cpp	5717	Graphics	logic_unverified	39	0.5747899159663865	0.515702479338843	878			calls_differ_may_be_inlining;branches_differ_may_be_compiler
0x4a28d0	CSound::FUN_004a28d0	Sound.cpp	46	Sound	unresolved_and_untested	39	0.7766990291262136	0.6981132075471698	333		$L56065;__except_list	branches_differ_may_be_compiler
0x4b21e0	FUN_004b21e0	Graphics.cpp	5333	Graphics	unresolved_and_untested	39	0.7884615384615384	0.6919431279620853	431		_?$S390@?1??FUN_004b21e0@@YGXXZ@4EA;_?s_now@?1??FUN_004b21e0@@YGXXZ@4IA;_?s_prev@?1??FUN_004b21e0@@YGXXZ@4IA;_?s_secondStart@?1??FUN_004b21e0@@YGXXZ@4IA;_?s_start@?1??FUN_004b21e0@@YGXXZ@4IA;__real@4@4008fa00000000000000	
0x4a6e30	CGraphics::LoadDDSTexture	Graphics.cpp	2991	Graphics	logic_unverified	38	0.5631517960602549	0.5630630630630631	1494			calls_differ_may_be_inlining;branches_differ_may_be_compiler
0x4bd9d0	CGraphics::GetMipMapSurfaces	Graphics.cpp	1341	Graphics	logic_unverified	38	0.575	0.5609756097560976	139			calls_differ_may_be_inlining
0x506bb0	FUN_00506bb0	GameInfo.cpp	7703	GameInfo	logic_unverified	38	0.6528662420382165	0.549079754601227	1029			calls_differ_may_be_inlining;branches_differ_may_be_compiler
0x4a5e40	Sprite_FillRect	Sprite.cpp	348	Sprite	logic_unverified	37	0.24193548387096775	0.248	404			
0x500550	FUN_00500550	GameInfo.cpp	9334	GameInfo	logic_unverified	37	0.5371428571428571	0.592057761732852	962			calls_differ_may_be_inlining;branches_differ_may_be_compiler
0x473d60	FUN_00473d60	StageObjects.cpp	15756	objetos/IA/replay	logic_unverified	37	0.5823754789272031	0.5788982259570495	1720			calls_differ_may_be_inlining;branches_differ_may_be_compiler
0x4aac40	FUN_004aac40	Game.cpp	3380	Game	logic_unverified	37	0.6333333333333333	0.5950413223140496	174			calls_differ_may_be_inlining;branches_differ_may_be_compiler
0x476640	FUN_00476640	StageObjects.cpp	2553	objetos/IA/replay	logic_unverified	36	0.23255813953488372	0.2792452830188679	513			
0x463fe0	FUN_00463fe0	StageObjects.cpp	11592	objetos/IA/replay	logic_unverified	36	0.2939068100358423	0.2991596638655462	1026			branches_differ_may_be_compiler
0x46bdc0	FUN_0046bdc0	StageObjects.cpp	7982	objetos/IA/replay	logic_unverified	36	0.3173076923076923	0.2962962962962963	254			branches_differ_may_be_compiler
0x4736b0	FUN_004736b0	StageObjects.cpp	2275	objetos/IA/replay	logic_unverified	36	0.5588235294117647	0.6099290780141844	209			calls_differ_may_be_inlining
0x473810	FUN_00473810	StageObjects.cpp	2334	objetos/IA/replay	logic_unverified	36	0.5588235294117647	0.6099290780141844	209			calls_differ_may_be_inlining
0x40e8d0	CInstallInfo::FUN_0040e8d0	InstallInfo.cpp	194	InstallInfo	logic_unverified	36	0.6450567260940032	0.630048465266559	1089			calls_differ_may_be_inlining
0x469100	FUN_00469100	StageObjects.cpp	4883	objetos/IA/replay	logic_unverified	35	0.3194444444444444	0.31833910034602075	417			
0x4b4180	FUN_004b4180	SceneNode.cpp	2679	SceneNode	logic_unverified	35	0.32220039292730845	0.31702544031311153	781			branches_differ_may_be_compiler
0x46ec40	FUN_0046ec40	StageObjects.cpp	8127	objetos/IA/replay	logic_unverified	35	0.384	0.3308270676691729	246			branches_differ_may_be_compiler
0x4ded80	FUN_004ded80	FrontendScreens.cpp	5426	FrontendScreens	logic_unverified	35	0.5870307167235495	0.6348547717842323	1679			calls_differ_may_be_inlining;branches_differ_may_be_compiler
0x4f0620	FUN_004f0620	FrontendScreens.cpp	3216	FrontendScreens	logic_unverified	35	0.6538461538461539	0.6618181818181819	444			calls_differ_may_be_inlining;branches_differ_may_be_compiler
0x4b8e30	Sector_NearestCornerHeight	Sector.cpp	415	Sector	unresolved_and_untested	35	0.9113924050632911	0.8029465930018416	813		__real@8@400f8000000000000000;__real@8@c00f8000000000000000	indirect_dispatch_requires_case_tests
0x47ca30	FUN_0047ca30	StageObjects.cpp	9389	objetos/IA/replay	logic_unverified	34	0.30962343096234307	0.33725490196078434	387			branches_differ_may_be_compiler
0x4d6870	FUN_004d6870	FrontendScreens.cpp	8464	FrontendScreens	logic_unverified	34	0.35014836795252224	0.3460410557184751	482			branches_differ_may_be_compiler
0x4a4b10	FUN_004a4b10	Graphics.cpp	5191	Graphics	logic_unverified	34	0.36585365853658536	0.36	189			branches_differ_may_be_compiler
0x48cc30	FUN_0048cc30	StageObjects.cpp	13482	objetos/IA/replay	logic_unverified	34	0.6563307493540051	0.685	587			calls_differ_may_be_inlining;branches_differ_may_be_compiler
0x4d7750	FUN_004d7750	FrontendScreens.cpp	9782	FrontendScreens	logic_unverified	34	0.6823204419889503	0.6971736204576043	1197			calls_differ_may_be_inlining;branches_differ_may_be_compiler
0x5091c0	FUN_005091c0	GameInfo.cpp	7298	GameInfo	logic_unverified	34	0.7198177676537585	0.34869516935036093	2591			
0x4b1ea0	Mesh_Rebuild	Mesh.cpp	109	Mesh	logic_unverified	33	0.38493723849372385	0.38493723849372385	379			branches_differ_may_be_compiler
0x5034f0	FUN_005034f0	GameInfo.cpp	8715	GameInfo	logic_unverified	33	0.3903345724907063	0.3831417624521073	1032			indirect_dispatch_requires_case_tests
0x47f740	FUN_0047f740	StageObjects.cpp	16028	objetos/IA/replay	logic_unverified	33	0.39898348157560354	0.39847715736040606	1380			branches_differ_may_be_compiler
0x46cfa0	FUN_0046cfa0	StageObjects.cpp	14187	objetos/IA/replay	logic_unverified	33	0.4056603773584906	0.3888888888888889	717			branches_differ_may_be_compiler
0x4b93c0	FUN_004b93c0	Sector.cpp	84	Sector	logic_unverified	33	0.4223013048635824	0.3958333333333333	1320			branches_differ_may_be_compiler
0x484e00	FUN_00484e00	StageObjects.cpp	12777	objetos/IA/replay	logic_unverified	33	0.42452830188679247	0.39069767441860465	316			branches_differ_may_be_compiler
0x47d330	FUN_0047d330	StageObjects.cpp	15194	objetos/IA/replay	logic_unverified	33	0.4573643410852713	0.39330543933054396	395			indirect_dispatch_requires_case_tests
0x464cb0	StageObject_UpdateSkidTrails	StageObjects.cpp	5171	objetos/IA/replay	logic_unverified	33	0.4707818930041152	0.3946750195771339	2172			branches_differ_may_be_compiler
0x44bcd0	FUN_0044bcd0	GameMenus.cpp	691	GameMenus	logic_unverified	33	0.7071220930232558	0.7045373347624152	4308			calls_differ_may_be_inlining;branches_differ_may_be_compiler
0x47b0e0	FUN_0047b0e0	StageObjects.cpp	12574	objetos/IA/replay	logic_unverified	33	0.7372654155495979	0.7238605898123325	1344			calls_differ_may_be_inlining;branches_differ_may_be_compiler
0x4a9f90	CGenericFileLoader::StrUpperPolish	GenericFileLoader.cpp	94	GenericFileLoader	logic_unverified	33	0.7542087542087542	0.37735849056603776	122			indirect_dispatch_requires_case_tests
0x4aa220	CFileBuffer::GetGenericFileBuffer	FileBuffer.cpp	49	FileBuffer	logic_unverified	33	0.7625570776255708	0.7165532879818595	595			calls_differ_may_be_inlining;branches_differ_may_be_compiler
0x4a1d60	Sound_InitDevice	Sound.cpp	866	Sound	logic_unverified	33	0.7692307692307693	0.7169811320754716	487			calls_differ_may_be_inlining
0x4e1d70	FUN_004e1d70	FrontendScreens.cpp	8525	FrontendScreens	logic_unverified	32	0.35714285714285715	0.42696629213483145	565			branches_differ_may_be_compiler
0x419200	StageUI_ApplySoundState	StageUI.cpp	272	StageUI	logic_unverified	32	0.35934664246823955	0.4247517188693659	2278			indirect_dispatch_requires_case_tests
0x476e00	FUN_00476e00	StageObjects.cpp	10993	objetos/IA/replay	logic_unverified	32	0.41444270015698587	0.40392706872370265	1340			branches_differ_may_be_compiler
0x4a5880	CGraphics::GenerateBumpMap	Graphics.cpp	2076	Graphics	logic_unverified	32	0.417910447761194	0.40370370370370373	786			branches_differ_may_be_compiler
0x4b4aa0	Scene_LoadLighting	SceneNode.cpp	1293	SceneNode	logic_unverified	32	0.42053789731051344	0.4028268551236749	1538			branches_differ_may_be_compiler
0x49c1c0	CGame::FUN_0049c1c0	Game.cpp	1219	Game	logic_unverified	32	0.4588235294117647	0.4293785310734463	255			
0x4b5770	FUN_004b5770	SceneNode.cpp	1736	SceneNode	logic_unverified	32	0.46993318485523383	0.40476190476190477	1763			branches_differ_may_be_compiler
0x48e730	FUN_0048e730	StageObjects.cpp	13242	objetos/IA/replay	logic_unverified	32	0.6342213114754098	0.41553202218860313	3265			branches_differ_may_be_compiler
0x471950	FUN_00471950	StageObjects.cpp	8197	objetos/IA/replay	logic_unverified	32	0.6850828729281768	0.4175824175824176	272			
0x4da710	FUN_004da710	FrontendScreens.cpp	7275	FrontendScreens	logic_unverified	32	0.6987551867219917	0.7418856259659969	2172			calls_differ_may_be_inlining;branches_differ_may_be_compiler
0x4a9e60	CTexture::FindLoadTexture	Texture.cpp	25	Texture	logic_unverified	32	0.7835051546391752	0.7537688442211056	231			calls_differ_may_be_inlining;branches_differ_may_be_compiler
0x49a910	Car_QueueWindowBreak	CarEffects.cpp	305	CarEffects	logic_unverified	31	0.35714285714285715	0.43983402489626555	522			
0x47fcb0	StageObject_SpawnDebris	StageObjects.cpp	2794	objetos/IA/replay	logic_unverified	31	0.3795180722891566	0.45609065155807366	1379			branches_differ_may_be_compiler
0x48caa0	FUN_0048caa0	StageObjects.cpp	4276	objetos/IA/replay	logic_unverified	31	0.41025641025641024	0.45	60			branches_differ_may_be_compiler
0x4778b0	FUN_004778b0	StageObjects.cpp	8569	objetos/IA/replay	logic_unverified	31	0.4177215189873418	0.46060606060606063	299			
0x498dd0	CarEffects_Init	CarEffects.cpp	71	CarEffects	logic_unverified	31	0.42597402597402595	0.45012787723785164	591			branches_differ_may_be_compiler
0x4b06a0	Particle_Interpolate	Graphics.cpp	5831	Graphics	logic_unverified	31	0.4277456647398844	0.4367816091954023	247			
0x4fcb30	FUN_004fcb30	FrontendMenus.cpp	972	FrontendMenus	logic_unverified	31	0.4318181818181818	0.44086021505376344	288			branches_differ_may_be_compiler
0x4ade00	Scene_SetViewFromCamera	SceneNode.cpp	2480	SceneNode	logic_unverified	31	0.4444444444444444	0.4444444444444444	340			
0x487140	FUN_00487140	StageObjects.cpp	9195	objetos/IA/replay	logic_unverified	31	0.4490566037735849	0.44569288389513106	681			
0x4d5de0	FUN_004d5de0	FrontendScreens.cpp	285	FrontendScreens	logic_unverified	31	0.4521072796934866	0.45136186770428016	445			indirect_dispatch_requires_case_tests
0x45c820	WheelSplash_Update	CarEffects.cpp	1267	CarEffects	logic_unverified	31	0.4646864686468647	0.4616393442622951	2496			branches_differ_may_be_compiler
0x4b3c00	Scene_RelightSector	SceneNode.cpp	1001	SceneNode	logic_unverified	31	0.4662813102119461	0.4490566037735849	798			branches_differ_may_be_compiler
0x4ed840	FUN_004ed840	FrontendScreens.cpp	8584	FrontendScreens	logic_unverified	31	0.4663677130044843	0.4605263157894737	742			branches_differ_may_be_compiler
0x4b1ac0	Mesh_BuildParts	Mesh.cpp	135	Mesh	logic_unverified	31	0.4671916010498688	0.4416243654822335	561			branches_differ_may_be_compiler
0x4675c0	FUN_004675c0	StageObjects.cpp	4653	objetos/IA/replay	logic_unverified	31	0.48044692737430167	0.45054945054945056	316			
0x4a91b0	CGraphics::EnumTextureFormatsCallback	Graphics.cpp	1570	Graphics	logic_unverified	31	0.48313090418353577	0.4372574385510996	1294			branches_differ_may_be_compiler
0x4b6ca0	Scene_AttenuateSectorLight	Graphics.cpp	3433	Graphics	logic_unverified	31	0.4958217270194986	0.4528301886792453	589			branches_differ_may_be_compiler
0x49cbc0	FUN_0049cbc0	Game.cpp	2288	Game	logic_unverified	31	0.5045045045045045	0.4424778761061947	137			
0x492910	FUN_00492910	StageObjects.cpp	3344	objetos/IA/replay	logic_unverified	31	0.5386819484240688	0.4462809917355372	565			branches_differ_may_be_compiler
0x423900	FUN_00423900	Game.cpp	2829	Game	logic_unverified	31	0.6388888888888888	0.4583333333333333	71			indirect_dispatch_requires_case_tests
0x46cc60	Replay_StopRecording	StageObjects.cpp	7223	objetos/IA/replay	logic_unverified	30	0.36363636363636365	0.47058823529411764	113			branches_differ_may_be_compiler
0x46c8e0	FUN_0046c8e0	StageObjects.cpp	10159	objetos/IA/replay	logic_unverified	30	0.3816793893129771	0.4688995215311005	765			branches_differ_may_be_compiler
0x476a40	FUN_00476a40	StageObjects.cpp	9053	objetos/IA/replay	logic_unverified	30	0.41228070175438597	0.4669260700389105	547			
0x46d2d0	FUN_0046d2d0	StageObjects.cpp	8522	objetos/IA/replay	logic_unverified	30	0.4745762711864407	0.4787234042553192	284			branches_differ_may_be_compiler
0x488de0	FUN_00488de0	StageObjects.cpp	4538	objetos/IA/replay	logic_unverified	30	0.48514851485148514	0.47959183673469385	615			indirect_dispatch_requires_case_tests
0x49da50	Tri2D_Contains	Graphics.cpp	2591	Graphics	logic_unverified	30	0.49230769230769234	0.48346055979643765	544			branches_differ_may_be_compiler
0x4ae470	Graphics_DrawLayerQuad	Graphics.cpp	4812	Graphics	logic_unverified	30	0.49572649572649574	0.4825090470446321	1239			
0x4a6370	CGraphics::LoadTGABumpMap	Graphics.cpp	6605	Graphics	logic_unverified	30	0.50187265917603	0.4963235294117647	768			branches_differ_may_be_compiler
0x488640	FUN_00488640	StageObjects.cpp	13071	objetos/IA/replay	logic_unverified	30	0.5039257673090649	0.4693295292439372	1948			branches_differ_may_be_compiler
0x47b970	FUN_0047b970	StageObjects.cpp	10554	objetos/IA/replay	logic_unverified	30	0.5425531914893617	0.4777777777777778	317			indirect_dispatch_requires_case_tests
0x47cd10	FUN_0047cd10	StageObjects.cpp	10813	objetos/IA/replay	logic_unverified	30	0.56	0.4889589905362776	965			branches_differ_may_be_compiler
0x4a49c0	CGraphics::FUN_004a49c0	Graphics.cpp	6286	Graphics	logic_unverified	29	0.4413145539906103	0.5065502183406113	335			branches_differ_may_be_compiler
0x46ea80	FUN_0046ea80	StageObjects.cpp	9304	objetos/IA/replay	logic_unverified	29	0.4934210526315789	0.5048543689320388	438			branches_differ_may_be_compiler
0x4ee6e0	FUN_004ee6e0	FrontendScreens.cpp	8312	FrontendScreens	logic_unverified	29	0.4942084942084942	0.5223880597014925	365			branches_differ_may_be_compiler
0x4994f0	GlassShard_Draw	CarEffects.cpp	446	CarEffects	logic_unverified	29	0.5060975609756098	0.5325443786982249	535			branches_differ_may_be_compiler
0x4dfe20	FUN_004dfe20	FrontendScreens.cpp	11159	FrontendScreens	logic_unverified	29	0.5062789160608063	0.5043830074173972	2321			indirect_dispatch_requires_case_tests
0x4fb8d0	FUN_004fb8d0	FrontendScreens.cpp	8054	FrontendScreens	logic_unverified	29	0.5064935064935064	0.5333333333333333	232			
0x4fdb10	FUN_004fdb10	FrontendMenus.cpp	1530	FrontendMenus	logic_unverified	29	0.5104972375690607	0.5251937984496124	1818			indirect_dispatch_requires_case_tests
0x47b640	FUN_0047b640	StageObjects.cpp	14014	objetos/IA/replay	logic_unverified	29	0.5119047619047619	0.5207100591715976	354			branches_differ_may_be_compiler
0x4eb860	FUN_004eb860	FileBuffer.cpp	370	FileBuffer	logic_unverified	29	0.5227963525835866	0.5209580838323353	500			branches_differ_may_be_compiler
0x46f810	StageObject_InitMovingObject	StageObjects.cpp	956	objetos/IA/replay	logic_unverified	29	0.525974025974026	0.514047866805411	1620			branches_differ_may_be_compiler
0x461830	FUN_00461830	StageObjects.cpp	6209	objetos/IA/replay	logic_unverified	29	0.5286103542234333	0.5040650406504065	498			branches_differ_may_be_compiler
0x46bb40	FUN_0046bb40	StageObjects.cpp	8957	objetos/IA/replay	logic_unverified	29	0.5292307692307693	0.5228758169934641	452			indirect_dispatch_requires_case_tests
0x47c5e0	FUN_0047c5e0	StageObjects.cpp	10692	objetos/IA/replay	logic_unverified	29	0.5569620253164557	0.5171428571428571	946			branches_differ_may_be_compiler
0x464960	FUN_00464960	StageObjects.cpp	5895	objetos/IA/replay	logic_unverified	29	0.5637065637065637	0.5317460317460317	391			branches_differ_may_be_compiler
0x4bdd30	CGraphics::FUN_004bdd30	Graphics.cpp	664	Graphics	logic_unverified	29	0.8378378378378378	0.8378378378378378	239			calls_differ_may_be_inlining
0x4dec30	FUN_004dec30	FrontendScreens.cpp	735	FrontendScreens	logic_unverified	29	0.8648648648648649	0.8584474885844748	329			calls_differ_may_be_inlining
0x46de20	FUN_0046de20	StageObjects.cpp	11518	objetos/IA/replay	logic_unverified	28	0.301840490797546	0.5647058823529412	1304			branches_differ_may_be_compiler
0x46f550	FUN_0046f550	StageObjects.cpp	1800	objetos/IA/replay	logic_unverified	28	0.512	0.5392670157068062	655			branches_differ_may_be_compiler
0x4bc110	Timer_GetValue	Graphics.cpp	3608	Graphics	logic_unverified	28	0.5230769230769231	0.5447154471544715	357			indirect_dispatch_requires_case_tests
0x4028d0	FUN_004028d0	GameInfo.cpp	5274	GameInfo	logic_unverified	28	0.5336658354114713	0.5532879818594104	726			branches_differ_may_be_compiler
0x47ad20	FUN_0047ad20	StageObjects.cpp	12475	objetos/IA/replay	logic_unverified	28	0.5438202247191011	0.5603448275862069	732			branches_differ_may_be_compiler
0x40b5b0	Font_GetTextWidth	Font.cpp	149	Font	logic_unverified	28	0.5546875	0.5645161290322581	376			branches_differ_may_be_compiler
0x47aa70	FUN_0047aa70	StageObjects.cpp	12383	objetos/IA/replay	logic_unverified	28	0.5574572127139364	0.56	676			branches_differ_may_be_compiler
0x4b45d0	Scene_AddShadowCaster	SceneNode.cpp	1217	SceneNode	logic_unverified	28	0.5579567779960707	0.5369649805447471	825			
0x4aa930	CGame::AddConnection	Game.cpp	1891	Game	logic_unverified	28	0.5620915032679739	0.5584415584415584	219			
0x46bfd0	FUN_0046bfd0	StageObjects.cpp	1530	objetos/IA/replay	logic_unverified	28	0.5674418604651162	0.5545454545454546	428			
0x4b8270	FUN_004b8270	Sector.cpp	735	Sector	logic_unverified	28	0.5694915254237288	0.5472972972972973	480			branches_differ_may_be_compiler
0x4e2e50	CGame::FUN_004e2e50	Game.cpp	1754	Game	logic_unverified	28	0.5714285714285714	0.55078125	991			
0x4f0580	FUN_004f0580	FrontendScreens.cpp	8764	FrontendScreens	logic_unverified	28	0.5714285714285714	0.5411764705882353	118			
0x46cbe0	FUN_0046cbe0	StageObjects.cpp	8404	objetos/IA/replay	logic_unverified	28	0.5740740740740741	0.5490196078431373	121			branches_differ_may_be_compiler
0x415f50	FUN_00415f50	StageUI.cpp	1089	StageUI	logic_unverified	28	0.5746478873239437	0.5666041275797373	1678			branches_differ_may_be_compiler
0x499ac0	Debris_Draw	CarEffects.cpp	585	CarEffects	logic_unverified	28	0.5800376647834274	0.5437616387337058	786			branches_differ_may_be_compiler
0x4ee170	FUN_004ee170	FrontendScreens.cpp	8369	FrontendScreens	logic_unverified	28	0.580896686159844	0.5443786982248521	739			branches_differ_may_be_compiler
0x477ce0	FUN_00477ce0	StageObjects.cpp	3990	objetos/IA/replay	logic_unverified	28	0.583756345177665	0.5408163265306123	584			branches_differ_may_be_compiler
0x46a500	FUN_0046a500	StageObjects.cpp	11122	objetos/IA/replay	logic_unverified	28	0.6207928197456993	0.549663928304705	1963			branches_differ_may_be_compiler
0x469e40	FUN_00469e40	StageObjects.cpp	12204	objetos/IA/replay	logic_unverified	28	0.6484312148028962	0.5615686274509804	1716			branches_differ_may_be_compiler
0x4be160	check_header	ZlibGzio.cpp	274	ZlibGzio	logic_unverified	28	0.8607198748043818	0.8931750741839762	958			calls_differ_may_be_inlining;branches_differ_may_be_compiler
0x4a7910	CGraphics::FUN_004a7910	Graphics.cpp	382	Graphics	logic_unverified	28	0.9221902017291066	0.8829174664107485	1826			calls_differ_may_be_inlining;branches_differ_may_be_compiler
0x463410	StageLights_Create	StageObjects.cpp	7078	objetos/IA/replay	logic_unverified	27	0.5373134328358209	0.5967110415035238	1983			branches_differ_may_be_compiler
0x46c5a0	FUN_0046c5a0	StageObjects.cpp	8482	objetos/IA/replay	logic_unverified	27	0.5465116279069767	0.5806451612903226	299			branches_differ_may_be_compiler
0x4fccb0	FUN_004fccb0	FrontendMenus.cpp	1201	FrontendMenus	logic_unverified	27	0.5695364238410596	0.5718954248366013	965			
0x4b2d90	SceneNode_SetMeshFlagBits	Graphics.cpp	4034	Graphics	logic_unverified	27	0.5714285714285714	0.5714285714285714	125			
0x4daf90	FUN_004daf90	FrontendScreens.cpp	7319	FrontendScreens	logic_unverified	27	0.5752285951787198	0.5701149425287356	2217			indirect_dispatch_requires_case_tests
0x4b1530	Billboard_Draw	Graphics.cpp	4504	Graphics	logic_unverified	27	0.584717607973422	0.5862646566164154	1078			branches_differ_may_be_compiler
0x4f4760	FUN_004f4760	FrontendScreens.cpp	4965	FrontendScreens	logic_unverified	27	0.5851063829787234	0.5851063829787234	325			branches_differ_may_be_compiler
0x4cfb30	FUN_004cfb30	Frontend.cpp	1445	Frontend	logic_unverified	27	0.6	0.5976095617529881	344			branches_differ_may_be_compiler
0x4b4490	FUN_004b4490	SceneNode.cpp	1959	SceneNode	logic_unverified	27	0.6017699115044248	0.5779816513761468	308			branches_differ_may_be_compiler
0x446bf0	Dash_DrawDial	HudDash.cpp	568	HudDash	logic_unverified	27	0.6059850374064838	0.5804878048780487	1286			branches_differ_may_be_compiler
0x506930	FUN_00506930	GameInfo.cpp	7615	GameInfo	logic_unverified	27	0.6098654708520179	0.5803571428571429	485			branches_differ_may_be_compiler
0x41b460	FUN_0041b460	StageUI.cpp	1221	StageUI	logic_unverified	27	0.6101249178172256	0.5899665551839465	2709			indirect_dispatch_requires_case_tests
0x4b5f90	FUN_004b5f90	SceneNode.cpp	2066	SceneNode	logic_unverified	27	0.6142857142857143	0.5714285714285714	688			
0x50ee50	FUN_0050ee50	GameInfo.cpp	6618	GameInfo	logic_unverified	27	0.6147540983606558	0.5988023952095808	715			branches_differ_may_be_compiler
0x47dd70	FUN_0047dd70	StageObjects.cpp	15302	objetos/IA/replay	logic_unverified	27	0.6348387096774194	0.5982028241335045	1122			branches_differ_may_be_compiler
0x4ae950	Graphics_DrawProjectedQuad	Graphics.cpp	4701	Graphics	logic_unverified	27	0.6389099167297502	0.5958702064896755	1992			branches_differ_may_be_compiler
0x486500	FUN_00486500	StageObjects.cpp	3086	objetos/IA/replay	logic_unverified	27	0.6502463054187192	0.5980392156862745	304			branches_differ_may_be_compiler
0x46d8d0	FUN_0046d8d0	StageObjects.cpp	11407	objetos/IA/replay	logic_unverified	27	0.6610978520286396	0.5959475566150179	1358			
0x4e4130	FUN_004e4130	FrontendScreens.cpp	1066	FrontendScreens	logic_unverified	27	0.9024583663758922	0.9040444091990484	1047			calls_differ_may_be_inlining;branches_differ_may_be_compiler
0x49c680	FUN_0049c680	Graphics.cpp	7247	Graphics	logic_unverified	26	0.5760869565217391	0.6145833333333334	299			branches_differ_may_be_compiler
0x4471b0	Dash_DrawNeedle	HudDash.cpp	495	HudDash	logic_unverified	26	0.5884353741496599	0.6013513513513513	882			
0x4cfff0	FUN_004cfff0	Frontend.cpp	1613	Frontend	logic_unverified	26	0.5894736842105263	0.6102941176470589	385			branches_differ_may_be_compiler
0x4fc9f0	FUN_004fc9f0	FrontendMenus.cpp	1026	FrontendMenus	logic_unverified	26	0.5955056179775281	0.6171428571428571	317			branches_differ_may_be_compiler
0x4f8b30	FUN_004f8b30	GameInfo.cpp	11837	GameInfo	logic_unverified	26	0.6203007518796992	0.6259124087591241	1793			branches_differ_may_be_compiler
0x4fd080	FUN_004fd080	FrontendMenus.cpp	1285	FrontendMenus	logic_unverified	26	0.6242424242424243	0.6026986506746627	1019			branches_differ_may_be_compiler
0x461710	FUN_00461710	StageObjects.cpp	8425	objetos/IA/replay	logic_unverified	26	0.6301369863013698	0.6306306306306306	282			
0x499750	Car_SpawnDebris	CarEffects.cpp	509	CarEffects	logic_unverified	26	0.6305609284332688	0.6091954022988506	814			branches_differ_may_be_compiler
0x472cb0	FUN_00472cb0	StageObjects.cpp	1987	objetos/IA/replay	logic_unverified	26	0.6350710900473934	0.6190476190476191	317			indirect_dispatch_requires_case_tests
0x469c30	FUN_00469c30	StageObjects.cpp	14339	objetos/IA/replay	logic_unverified	26	0.6462585034013606	0.6305084745762712	420			
0x4f37c0	FUN_004f37c0	FrontendScreens.cpp	4353	FrontendScreens	logic_unverified	26	0.6465256797583081	0.6126126126126126	428			branches_differ_may_be_compiler
0x4643f0	FUN_004643f0	StageObjects.cpp	11737	objetos/IA/replay	logic_unverified	26	0.6527093596059114	0.6324786324786325	1272			
0x4930e0	FUN_004930e0	StageObjects.cpp	9484	objetos/IA/replay	logic_unverified	26	0.6846153846153846	0.6230769230769231	455			
0x505b40	FUN_00505b40	GameInfo.cpp	9439	GameInfo	logic_unverified	26	0.6892177589852009	0.6058091286307054	713			
0x4abaf0	Mesh_CloneInto	Mesh.cpp	314	Mesh	logic_unverified	26	0.6937269372693727	0.6194368755676658	1616			
0x49af20	WheelSpray_Init	CarEffects.cpp	744	CarEffects	logic_unverified	26	0.6985294117647058	0.6308243727598566	430			
0x499de0	Car_ShatterWindow	CarEffects.cpp	135	CarEffects	logic_unverified	26	0.7016393442622951	0.6294148655772273	2697			branches_differ_may_be_compiler
0x477340	FUN_00477340	StageObjects.cpp	8449	objetos/IA/replay	logic_unverified	26	0.73224043715847	0.6304347826086957	280			branches_differ_may_be_compiler
0x46ed80	FUN_0046ed80	StageObjects.cpp	9277	objetos/IA/replay	logic_unverified	25	0.4787234042553192	0.6572769953051644	304			branches_differ_may_be_compiler
0x4e7ed0	FUN_004e7ed0	FrontendScreens.cpp	9476	FrontendScreens	logic_unverified	25	0.5972045743329097	0.6666666666666666	1552			indirect_dispatch_requires_case_tests
0x45d2d0	FUN_0045d2d0	CarEffects.cpp	1183	CarEffects	logic_unverified	25	0.6141732283464567	0.6564885496183206	206			
0x4ff0f0	FUN_004ff0f0	FrontendMenus.cpp	1718	FrontendMenus	logic_unverified	25	0.6202247191011236	0.6335403726708074	802			
0x4f3c10	FUN_004f3c10	FrontendScreens.cpp	4656	FrontendScreens	logic_unverified	25	0.6265060240963856	0.6439628482972136	434			
0x46d470	Replay_SetupPointers	StageObjects.cpp	7277	objetos/IA/replay	logic_unverified	25	0.6363636363636364	0.6363636363636364	136			
0x4b3860	Scene_GetGroundLight	SceneNode.cpp	2243	SceneNode	logic_unverified	25	0.6410256410256411	0.6410256410256411	224			
0x4bb2b0	ScreenLine2D_Draw	Sprite.cpp	490	Sprite	logic_unverified	25	0.6451612903225806	0.6572769953051644	373			
0x5057e0	FUN_005057e0	GameInfo.cpp	8900	GameInfo	logic_unverified	25	0.6476190476190476	0.6435331230283912	491			
0x4b9910	FUN_004b9910	Graphics.cpp	4074	Graphics	logic_unverified	25	0.6479750778816199	0.6459627329192547	467			branches_differ_may_be_compiler
0x4658e0	FUN_004658e0	StageObjects.cpp	1178	objetos/IA/replay	logic_unverified	25	0.649546827794562	0.6438152011922503	1166			branches_differ_may_be_compiler
0x503b70	FUN_00503b70	GameInfo.cpp	6069	GameInfo	logic_unverified	25	0.6593406593406593	0.6521739130434783	267			
0x4d2cd0	FrontendDraw_ScrollerRow	FrontendDraw.cpp	565	FrontendDraw	logic_unverified	25	0.6673662119622246	0.645748987854251	1674			branches_differ_may_be_compiler
0x4e8500	FUN_004e8500	FrontendScreens.cpp	11628	FrontendScreens	logic_unverified	25	0.6713450292397661	0.665943600867679	1600			indirect_dispatch_requires_case_tests
0x4657d0	FUN_004657d0	StageObjects.cpp	8327	objetos/IA/replay	logic_unverified	25	0.6735751295336787	0.6632124352331606	264			
0x49ab90	CarEffects_InitDebris	CarEffects.cpp	648	CarEffects	logic_unverified	25	0.6784452296819788	0.6492146596858639	905			branches_differ_may_be_compiler
0x4752f0	FUN_004752f0	StageObjects.cpp	2376	objetos/IA/replay	logic_unverified	25	0.6818181818181818	0.6666666666666666	319			
0x510120	FUN_00510120	GameInfo.cpp	682	GameInfo	logic_unverified	25	0.6835443037974683	0.6448362720403022	677			
0x44a1b0	FUN_0044a1b0	GameMenus.cpp	3060	GameMenus	logic_unverified	25	0.6838854576080854	0.6545454545454545	3438			indirect_dispatch_requires_case_tests
0x4fc500	FUN_004fc500	FrontendMenus.cpp	829	FrontendMenus	logic_unverified	25	0.6946107784431138	0.6463414634146342	265			branches_differ_may_be_compiler
0x4d0d30	FUN_004d0d30	Game.cpp	627	Game	logic_unverified	25	0.6991150442477876	0.6666666666666666	360			
0x46b8f0	FUN_0046b8f0	StageObjects.cpp	8902	objetos/IA/replay	logic_unverified	25	0.7156549520766773	0.6451612903225806	581			
0x4a8c30	CGraphics::FUN_004a8c30_DDEnumCallback	Graphics.cpp	859	Graphics	logic_unverified	25	0.7222222222222222	0.6666666666666666	298			
0x4b3f20	FUN_004b3f20	SceneNode.cpp	1131	SceneNode	logic_unverified	25	0.7428571428571429	0.6575342465753424	103			branches_differ_may_be_compiler
0x48e0a0	FUN_0048e0a0	StageObjects.cpp	14893	objetos/IA/replay	logic_unverified	25	0.7864214992927864	0.6645865834633385	1173			indirect_dispatch_requires_case_tests
0x4b7210	CGraphics::FUN_004b7210	Graphics.cpp	2332	Graphics	logic_unverified	25	0.8858695652173914	0.6537396121883656	665			
0x4e9990	FUN_004e9990	FrontendScreens.cpp	10248	FrontendScreens	logic_unverified	25	0.9809069212410502	0.9750297265160524	1199			calls_differ_may_be_inlining;branches_differ_may_be_compiler
0x49b0d0	WheelSpray_GetEffect	CarEffects.cpp	770	CarEffects	logic_unverified	24	0.6515837104072398	0.6782608695652174	575			indirect_dispatch_requires_case_tests
0x4dd4b0	FUN_004dd4b0	FrontendScreens.cpp	11949	FrontendScreens	logic_unverified	24	0.6590662323561346	0.674724119810825	3221			indirect_dispatch_requires_case_tests
0x4a8140	CMain::CreateGameWindow	main.cpp	138	main	logic_unverified	24	0.6595744680851063	0.6701030927835051	303			branches_differ_may_be_compiler
0x4e2610	FUN_004e2610	FrontendScreens.cpp	8892	FrontendScreens	logic_unverified	24	0.6676783004552352	0.6893617021276596	1180			branches_differ_may_be_compiler
0x4e5630	FUN_004e5630	FrontendScreens.cpp	5754	FrontendScreens	logic_unverified	24	0.6679209783631233	0.6790697674418604	1632			branches_differ_may_be_compiler
0x50e780	FUN_0050e780	GameInfo.cpp	9992	GameInfo	logic_unverified	24	0.6688524590163935	0.6813880126182965	1045			branches_differ_may_be_compiler
0x4d5fb0	FUN_004d5fb0	FrontendScreens.cpp	5894	FrontendScreens	logic_unverified	24	0.6736401673640168	0.6752688172043011	695			indirect_dispatch_requires_case_tests
0x4db850	FUN_004db850	FrontendScreens.cpp	8795	FrontendScreens	logic_unverified	24	0.6986128625472888	0.6871165644171779	1322			branches_differ_may_be_compiler
0x502570	FUN_00502570	GameInfo.cpp	3916	GameInfo	logic_unverified	24	0.7021276595744681	0.6875	191			
0x4475f0	FUN_004475f0	HudDash.cpp	860	HudDash	logic_unverified	24	0.7040498442367601	0.6889226100151745	1036			branches_differ_may_be_compiler
0x447f70	FUN_00447f70	HudDash.cpp	971	HudDash	logic_unverified	24	0.7142857142857143	0.6694214876033058	400			branches_differ_may_be_compiler
0x46b790	FUN_0046b790	StageObjects.cpp	8852	objetos/IA/replay	logic_unverified	24	0.7215189873417721	0.6764705882352942	307			indirect_dispatch_requires_case_tests
0x503010	FUN_00503010	GameInfo.cpp	11199	GameInfo	logic_unverified	24	0.7678300455235205	0.6846275752773375	0			indirect_dispatch_requires_case_tests
0x45d540	FUN_0045d540	CarEffects.cpp	1515	CarEffects	logic_unverified	24	0.782608695652174	0.6798206278026906	1677			indirect_dispatch_requires_case_tests
0x45def0	WheelTrail_Update	WheelTrail.cpp	26	WheelTrail	logic_unverified	24	0.8430826369545033	0.6883116883116883	1644			branches_differ_may_be_compiler
0x4a0570	Menu_Update	Menu.cpp	294	Menu	logic_unverified	24	0.8550573514077163	0.6819603753910324	1363			branches_differ_may_be_compiler
0x4a17f0	CGame::FUN_004a17f0	Game.cpp	1632	Game	logic_unverified	23	0.5625	0.7169811320754716	82			
0x4e8b60	FUN_004e8b60	FrontendScreens.cpp	10773	FrontendScreens	logic_unverified	23	0.6855670103092784	0.7268292682926829	1394			indirect_dispatch_requires_case_tests
0x402460	FUN_00402460	GameInfo.cpp	5188	GameInfo	logic_unverified	23	0.6922060766182299	0.707774798927614	1124			branches_differ_may_be_compiler
0x48c900	FUN_0048c900	StageObjects.cpp	3173	objetos/IA/replay	logic_unverified	23	0.7023809523809523	0.7176470588235294	310			branches_differ_may_be_compiler
0x4b11c0	Billboard_Add	Graphics.cpp	4397	Graphics	logic_unverified	23	0.7078891257995735	0.7166666666666667	825			
0x4b3740	Scene_SetAmbient	SceneNode.cpp	883	SceneNode	logic_unverified	23	0.7194244604316546	0.723404255319149	249			
0x4f4050	FUN_004f4050	FrontendScreens.cpp	4777	FrontendScreens	logic_unverified	23	0.7241379310344828	0.7184466019417476	1299			indirect_dispatch_requires_case_tests
0x4fc620	FUN_004fc620	FrontendMenus.cpp	873	FrontendMenus	logic_unverified	23	0.732484076433121	0.7225806451612903	548			branches_differ_may_be_compiler
0x49c510	FUN_0049c510	Game.cpp	2113	Game	logic_unverified	23	0.7413793103448276	0.7224669603524229	354			
0x4a5730	CGraphics::GetPixelRed	Graphics.cpp	1050	Graphics	logic_unverified	23	0.7480916030534351	0.7272727272727273	161			
0x466100	FUN_00466100	StageObjects.cpp	3674	objetos/IA/replay	logic_unverified	23	0.7493112947658402	0.7287671232876712	604			branches_differ_may_be_compiler
0x50c420	FUN_0050c420	GameInfo.cpp	10403	GameInfo	logic_unverified	23	0.7562724014336918	0.7182222222222222	1804			branches_differ_may_be_compiler
0x47f510	FUN_0047f510	StageObjects.cpp	8788	objetos/IA/replay	logic_unverified	23	0.7568922305764411	0.71	546			
0x47b000	FUN_0047b000	StageObjects.cpp	13983	objetos/IA/replay	logic_unverified	23	0.7652173913043478	0.7017543859649122	223			
0x460ca0	FUN_00460ca0	StageObjects.cpp	14541	objetos/IA/replay	logic_unverified	23	0.7708333333333334	0.72	250			
0x4201d0	RallyRoute_GetNodeDirection	RallyRoute.cpp	20	RallyRoute	logic_unverified	23	0.8160200250312891	0.7173100871731009	1120			
0x486c30	FUN_00486c30	StageObjects.cpp	9975	objetos/IA/replay	logic_unverified	23	0.8173652694610778	0.7289156626506024	907			
0x4a1c50	FUN_004a1c50	Game.cpp	3291	Game	logic_unverified	23	0.8235294117647058	0.7272727272727273	83			branches_differ_may_be_compiler
0x460a30	FUN_00460a30	StageObjects.cpp	1070	objetos/IA/replay	logic_unverified	23	0.8375	0.7204301075268817	302			
0x463070	StageLights_UpdateDirection	StageObjects.cpp	7040	objetos/IA/replay	logic_unverified	23	0.850632911392405	0.7182044887780549	512			
0x466570	FUN_00466570	StageObjects.cpp	3620	objetos/IA/replay	logic_unverified	23	0.8676470588235294	0.7153284671532847	190			
0x4a0ec0	FUN_004a0ec0	Game.cpp	2949	Game	logic_unverified	23	0.8779342723004695	0.7131782945736435	396			indirect_dispatch_requires_case_tests
0x4aa090	CGenericFileLoader::StrLowerPolish	GenericFileLoader.cpp	122	GenericFileLoader	logic_unverified	23	0.9243986254295533	0.7083333333333334	125			indirect_dispatch_requires_case_tests
0x4b7b20	FUN_004b7b20	SceneNode.cpp	2632	SceneNode	logic_unverified	22	0.6987951807228916	0.7380952380952381	343			
0x4dc930	FUN_004dc930	FrontendScreens.cpp	8137	FrontendScreens	logic_unverified	22	0.7138810198300283	0.7474226804123711	1224			
0x47e4d0	FUN_0047e4d0	StageObjects.cpp	15096	objetos/IA/replay	logic_unverified	22	0.717663421418637	0.7496463932107497	1348			branches_differ_may_be_compiler
0x4d0780	CGame::FUN_004d0780	Game.cpp	152	Game	logic_unverified	22	0.7317073170731707	0.7380952380952381	152			branches_differ_may_be_compiler
0x423860	FUN_00423860	Game.cpp	2856	Game	logic_unverified	22	0.7333333333333333	0.7575757575757576	86			indirect_dispatch_requires_case_tests
0x401d20	FUN_00401d20	GameInfo.cpp	5130	GameInfo	logic_unverified	22	0.7355371900826446	0.7443762781186094	733			branches_differ_may_be_compiler
0x4041e0	FUN_004041e0	GameInfo.cpp	9173	GameInfo	logic_unverified	22	0.7520858164481525	0.7521058965102286	2427			indirect_dispatch_requires_case_tests
0x402000	FUN_00402000	GameInfo.cpp	8946	GameInfo	logic_unverified	22	0.7527777777777778	0.7393767705382436	1090			indirect_dispatch_requires_case_tests
0x486fc0	FUN_00486fc0	StageObjects.cpp	8715	objetos/IA/replay	logic_unverified	22	0.7573529411764706	0.7527675276752768	365			
0x4f13c0	FUN_004f13c0	FrontendScreens.cpp	3455	FrontendScreens	logic_unverified	22	0.7592592592592593	0.7613293051359517	517			branches_differ_may_be_compiler
0x446270	Dash_DrawBar	HudDash.cpp	337	HudDash	logic_unverified	22	0.7601572739187418	0.7518009168303864	2424			branches_differ_may_be_compiler
0x4e0770	FUN_004e0770	FrontendScreens.cpp	564	FrontendScreens	logic_unverified	22	0.7650635710337202	0.7607361963190185	2721			indirect_dispatch_requires_case_tests
0x4ea5e0	CGameInfo::LoadGameInfo	GameInfo.cpp	1016	GameInfo	logic_unverified	22	0.7667731629392971	0.74375	602			branches_differ_may_be_compiler
0x48e580	FUN_0048e580	StageObjects.cpp	14858	objetos/IA/replay	logic_unverified	22	0.7669172932330827	0.7464788732394366	429			
0x4fb400	FUN_004fb400	FrontendScreens.cpp	7889	FrontendScreens	logic_unverified	22	0.7682458386683739	0.7474747474747475	1232			branches_differ_may_be_compiler
0x4d40d0	FrontendDraw_MenuPath	FrontendDraw.cpp	107	FrontendDraw	logic_unverified	22	0.7792207792207793	0.75	267			
0x4fc070	FUN_004fc070	FrontendMenus.cpp	750	FrontendMenus	logic_unverified	22	0.7855973813420621	0.7533333333333333	1042			branches_differ_may_be_compiler
0x404d00	FUN_00404d00	GameInfo.cpp	4474	GameInfo	logic_unverified	22	0.7901234567901234	0.7361963190184049	262			
0x505e10	CGameInfo::FUN_00505e10	GameInfo.cpp	2707	GameInfo	logic_unverified	22	0.7916666666666666	0.75	83			
0x4d3fa0	FrontendDraw_Breadcrumb	FrontendDraw.cpp	70	FrontendDraw	logic_unverified	22	0.7966101694915254	0.7543859649122807	146			
0x49b3e0	WheelSpray_Update	CarEffects.cpp	917	CarEffects	logic_unverified	22	0.7977126518942101	0.7501769285208776	2244			
0x47c2f0	FUN_0047c2f0	StageObjects.cpp	14078	objetos/IA/replay	logic_unverified	22	0.8088888888888889	0.756152125279642	701			branches_differ_may_be_compiler
0x4878a0	FUN_004878a0	StageObjects.cpp	14752	objetos/IA/replay	logic_unverified	22	0.8156182212581344	0.7662337662337663	732			branches_differ_may_be_compiler
0x48df10	FUN_0048df10	StageObjects.cpp	4369	objetos/IA/replay	logic_unverified	22	0.8333333333333334	0.7567567567567568	64			
0x4873f0	FUN_004873f0	StageObjects.cpp	10614	objetos/IA/replay	logic_unverified	22	0.8350983358547656	0.750373692077728	931			branches_differ_may_be_compiler
0x4738f0	FUN_004738f0	StageObjects.cpp	5515	objetos/IA/replay	logic_unverified	21	0.733229329173167	0.7696709585121603	1131			
0x510410	CGameInfo::FUN_00510410	GameInfo.cpp	767	GameInfo	logic_unverified	21	0.7466666666666667	0.7792207792207793	344			
0x49ffd0	Menu_Init	Menu.cpp	30	Menu	logic_unverified	21	0.7529411764705882	0.7674418604651163	144			
0x499070	Spark_Draw	CarEffects.cpp	376	CarEffects	logic_unverified	21	0.7569721115537849	0.7702349869451697	1117			
0x4d5ad0	FUN_004d5ad0	FrontendScreens.cpp	5844	FrontendScreens	logic_unverified	21	0.759581881533101	0.7766323024054983	450			branches_differ_may_be_compiler
0x4bb4c0	Line2D_Draw	Sprite.cpp	528	Sprite	logic_unverified	21	0.7692307692307693	0.7692307692307693	289			
0x46c1a0	FUN_0046c1a0	StageObjects.cpp	1584	objetos/IA/replay	logic_unverified	21	0.7733333333333333	0.7792207792207793	124			
0x5020a0	FUN_005020a0	GameInfo.cpp	5787	GameInfo	logic_unverified	21	0.7747747747747747	0.7818181818181819	283			
0x47d850	FUN_0047d850	StageObjects.cpp	12718	objetos/IA/replay	logic_unverified	21	0.7768595041322314	0.7779056386651323	1302			branches_differ_may_be_compiler
0x41b060	CGame::FUN_0041b060	Game.cpp	1393	Game	logic_unverified	21	0.7874396135265701	0.7860696517412935	643			indirect_dispatch_requires_case_tests
0x4ed100	FUN_004ed100	FrontendScreens.cpp	8696	FrontendScreens	logic_unverified	21	0.7904509283819628	0.7905759162303665	561			branches_differ_may_be_compiler
0x475a50	StageUI_DrawChampionshipBar	StageUI.cpp	584	StageUI	logic_unverified	21	0.792156862745098	0.7894039735099337	1179			indirect_dispatch_requires_case_tests
0x46ef50	FUN_0046ef50	StageObjects.cpp	7594	objetos/IA/replay	logic_unverified	21	0.7950310559006211	0.7950310559006211	215			branches_differ_may_be_compiler
0x4cfc90	FUN_004cfc90	Frontend.cpp	1500	Frontend	logic_unverified	21	0.7971014492753623	0.7971014492753623	386			
0x4d50a0	FUN_004d50a0	FrontendScreens.cpp	10319	FrontendScreens	logic_unverified	21	0.8021917808219178	0.7984665936473165	2601			
0x4b2e50	Scene_RestoreLights	SceneNode.cpp	2434	SceneNode	logic_unverified	21	0.802547770700637	0.7924528301886793	301			
0x480220	FUN_00480220	StageObjects.cpp	4245	objetos/IA/replay	logic_unverified	21	0.8034934497816594	0.7787610619469026	346			
0x4d7380	FUN_004d7380	FrontendScreens.cpp	10099	FrontendScreens	logic_unverified	21	0.8150470219435737	0.7949921752738655	967			branches_differ_may_be_compiler
0x48d0f0	FUN_0048d0f0	StageObjects.cpp	13601	objetos/IA/replay	logic_unverified	21	0.8247422680412371	0.779777206512425	1719			
0x476850	FUN_00476850	StageObjects.cpp	9553	objetos/IA/replay	logic_unverified	21	0.8333333333333334	0.7764705882352941	491			
0x460390	FUN_00460390	StageObjects.cpp	14419	objetos/IA/replay	logic_unverified	21	0.8404669260700389	0.7934044616876819	1691			
0x4744f0	FUN_004744f0	StageObjects.cpp	5587	objetos/IA/replay	logic_unverified	21	0.8493723849372385	0.7820177731312076	2774			indirect_dispatch_requires_case_tests
0x4f0820	FUN_004f0820	FrontendScreens.cpp	9586	FrontendScreens	logic_unverified	21	0.8673469387755102	0.7914438502673797	297			indirect_dispatch_requires_case_tests
0x484310	FUN_00484310	StageObjects.cpp	15879	objetos/IA/replay	logic_unverified	21	0.87422934648582	0.7724803862401931	2557			branches_differ_may_be_compiler
0x4fbae0	FUN_004fbae0	FrontendMenus.cpp	1118	FrontendMenus	logic_unverified	20	0.715927750410509	0.8085808580858086	891			branches_differ_may_be_compiler
0x4866a0	FUN_004866a0	StageObjects.cpp	5436	objetos/IA/replay	logic_unverified	20	0.7575757575757576	0.8059701492537313	83			
0x4d28c0	FUN_004d28c0	Frontend.cpp	663	Frontend	logic_unverified	20	0.7899159663865546	0.8083333333333333	771			
0x46e340	FUN_0046e340	StageObjects.cpp	7309	objetos/IA/replay	logic_unverified	20	0.7904191616766467	0.8135593220338984	252			
0x4f03f0	FUN_004f03f0	FrontendScreens.cpp	6553	FrontendScreens	logic_unverified	20	0.7916666666666666	0.8	386			
0x407ec0	CAIHelper::GetNameForID	AIHelper.cpp	45	AIHelper	logic_unverified	20	0.7931034482758621	0.8214285714285714	93			
0x4760a0	FUN_004760a0	StageObjects.cpp	13729	objetos/IA/replay	logic_unverified	20	0.7981220657276995	0.8037825059101655	866			
0x404000	FUN_00404000	GameInfo.cpp	4424	GameInfo	logic_unverified	20	0.8	0.8177339901477833	302			branches_differ_may_be_compiler
0x47cc50	StageObject_UpdateApproachingCar	StageObjects.cpp	3415	objetos/IA/replay	logic_unverified	20	0.8181818181818182	0.8181818181818182	169			
0x5105a0	type_info::FUN_005105a0	GameInfo.cpp	9628	GameInfo	logic_unverified	20	0.8181818181818182	0.8181818181818182	28			
0x4d6f10	FUN_004d6f10	FrontendScreens.cpp	9892	FrontendScreens	logic_unverified	20	0.8218085106382979	0.8037135278514589	1131			branches_differ_may_be_compiler
0x406580	CGameInfo::FUN_00406580	GameInfo.cpp	923	GameInfo	logic_unverified	20	0.822429906542056	0.821256038647343	257			branches_differ_may_be_compiler
0x50cb30	FUN_0050cb30	GameInfo.cpp	5680	GameInfo	logic_unverified	20	0.8253968253968254	0.8253968253968254	214			
0x4bbd80	Quad2D_DrawLayer	Sprite.cpp	710	Sprite	logic_unverified	20	0.8329718004338394	0.8258064516129032	782			branches_differ_may_be_compiler
0x4d65c0	FUN_004d65c0	FrontendScreens.cpp	402	FrontendScreens	logic_unverified	20	0.8343815513626834	0.8240165631469979	683			
0x4f0960	FUN_004f0960	FrontendScreens.cpp	6595	FrontendScreens	logic_unverified	20	0.837696335078534	0.8222222222222222	327			indirect_dispatch_requires_case_tests
0x487b80	FUN_00487b80	StageObjects.cpp	4461	objetos/IA/replay	logic_unverified	20	0.8414634146341463	0.8121212121212121	192			
0x4a57e0	CGraphics::GetPixelAlpha	Graphics.cpp	1086	Graphics	logic_unverified	20	0.8461538461538461	0.8153846153846154	156			
0x46f330	FUN_0046f330	StageObjects.cpp	7643	objetos/IA/replay	logic_unverified	20	0.8529411764705882	0.8173076923076923	353			
0x45d3a0	FUN_0045d3a0	CarEffects.cpp	1216	CarEffects	logic_unverified	20	0.8583690987124464	0.8205128205128205	408			
0x451690	FUN_00451690	GameMenus.cpp	1648	GameMenus	logic_unverified	20	0.869281045751634	0.8273615635179153	443			
0x47d0e0	FUN_0047d0e0	StageObjects.cpp	3455	objetos/IA/replay	logic_unverified	20	0.8733850129198967	0.8144329896907216	578			
0x45dc00	FUN_0045dc00	CarEffects.cpp	1460	CarEffects	logic_unverified	20	0.8967136150234741	0.8009367681498829	630			branches_differ_may_be_compiler
0x404f40	FUN_00404f40	GameInfo.cpp	4708	GameInfo	logic_unverified	20	0.9356110381077529	0.8326639892904953	1294			indirect_dispatch_requires_case_tests
0x4f16f0	FUN_004f16f0	FrontendScreens.cpp	3599	FrontendScreens	logic_unverified	19	0.7538461538461538	0.8349514563106796	161			indirect_dispatch_requires_case_tests
0x4eb200	FUN_004eb200	FrontendScreens.cpp	6157	FrontendScreens	logic_unverified	19	0.7931034482758621	0.8518518518518519	129			
0x454df0	GameMenus_DrawTextRow	GameMenus.cpp	2729	GameMenus	logic_unverified	19	0.8210526315789474	0.8359788359788359	296			
0x4a0bc0	Menu_PlaySoundId	Menu.cpp	536	Menu	logic_unverified	19	0.8253968253968254	0.8461538461538461	99			indirect_dispatch_requires_case_tests
0x401b60	FUN_00401b60	GameInfo.cpp	5043	GameInfo	logic_unverified	19	0.8356164383561644	0.8413793103448276	436			
0x462d80	FUN_00462d80	StageObjects.cpp	10279	objetos/IA/replay	logic_unverified	19	0.8366013071895425	0.8391304347826087	744			
0x4d9450	FUN_004d9450	FrontendScreens.cpp	429	FrontendScreens	logic_unverified	19	0.8419540229885057	0.8390804597701149	1060			
0x41b3a0	FUN_0041b3a0	StageUI.cpp	500	StageUI	logic_unverified	19	0.8455284552845529	0.848	179			branches_differ_may_be_compiler
0x4affb0	FUN_004affb0	Graphics.cpp	5623	Graphics	logic_unverified	19	0.8461538461538461	0.8461538461538461	37			
0x4e20e0	FUN_004e20e0	FrontendScreens.cpp	8236	FrontendScreens	logic_unverified	19	0.8466076696165191	0.85	1043			
0x415bd0	FormatGapToLeader	StageUI.cpp	49	StageUI	logic_unverified	19	0.8490566037735849	0.8473520249221184	466			
0x4a8890	CGraphics::SetProjection	Graphics.cpp	2016	Graphics	logic_unverified	19	0.8527131782945736	0.8527131782945736	661			
0x4a24a0	FUN_004a24a0	Sound.cpp	1037	Sound	logic_unverified	19	0.8559670781893004	0.8408163265306122	326			
0x47e1e0	FUN_0047e1e0	StageObjects.cpp	4172	objetos/IA/replay	logic_unverified	19	0.857707509881423	0.857707509881423	681			
0x47d5a0	FUN_0047d5a0	StageObjects.cpp	4111	objetos/IA/replay	logic_unverified	19	0.8584905660377359	0.8658823529411764	673			
0x4d4460	FrontendDraw_HelpText	FrontendDraw.cpp	201	FrontendDraw	logic_unverified	19	0.8585365853658536	0.8461538461538461	335			
0x4bd520	ReadMMIO	Sound.cpp	315	Sound	logic_unverified	19	0.860655737704918	0.852589641434263	399			branches_differ_may_be_compiler
0x4f17d0	FUN_004f17d0	FrontendScreens.cpp	3644	FrontendScreens	logic_unverified	19	0.8615384615384616	0.8571428571428571	395			
0x402c90	FUN_00402c90	GameInfo.cpp	5330	GameInfo	logic_unverified	19	0.8626198083067093	0.8450704225352113	487			indirect_dispatch_requires_case_tests
0x4efb70	FUN_004efb70	FrontendScreens.cpp	10485	FrontendScreens	logic_unverified	19	0.8641304347826086	0.8509485094850948	585			branches_differ_may_be_compiler
0x4fd480	FUN_004fd480	FrontendMenus.cpp	1414	FrontendMenus	logic_unverified	19	0.8657534246575342	0.8487626031164069	1669			branches_differ_may_be_compiler
0x449ce0	FUN_00449ce0	GameMenus.cpp	2794	GameMenus	logic_unverified	19	0.8669201520912547	0.8582375478927203	424			
0x4b8690	SceneNode_UpdateSector	Sector.cpp	323	Sector	logic_unverified	19	0.8954423592493298	0.8571428571428571	630			
0x4a9c70	CGenericFileLoader::FindFileInArchive	GenericFileLoader.cpp	46	GenericFileLoader	logic_unverified	19	0.9060773480662984	0.850828729281768	251			
0x4ab7e0	Mesh_Free	Mesh.cpp	21	Mesh	logic_unverified	19	0.9074074074074074	0.8623853211009175	191			branches_differ_may_be_compiler
0x4edef0	FUN_004edef0	FrontendScreens.cpp	2483	FrontendScreens	logic_unverified	19	0.9174917491749175	0.8609271523178808	412			
0x466360	FUN_00466360	StageObjects.cpp	15584	objetos/IA/replay	logic_unverified	19	0.9214659685863874	0.8601036269430051	291			
0x4ffab0	FUN_004ffab0	GameInfo.cpp	11568	GameInfo	logic_unverified	19	0.9228441754916793	0.8492307692307692	1038			indirect_dispatch_requires_case_tests
0x4877a0	FUN_004877a0	StageObjects.cpp	15016	objetos/IA/replay	logic_unverified	19	0.9493670886075949	0.8427672955974843	241			
0x509d00	FUN_00509d00	GameInfo.cpp	2003	GameInfo	logic_unverified	18	0.7619047619047619	0.8695652173913043	41			
0x509d90	FUN_00509d90	GameInfo.cpp	2015	GameInfo	logic_unverified	18	0.7619047619047619	0.8695652173913043	41			
0x4bb650	Tri2D_Queue	Sprite.cpp	245	Sprite	logic_unverified	18	0.8515625	0.8692307692307693	418			
0x480600	StageObject_UpdateDebris	StageObjects.cpp	2965	objetos/IA/replay	logic_unverified	18	0.8547008547008547	0.888268156424581	617			
0x507080	FUN_00507080	GameInfo.cpp	7132	GameInfo	logic_unverified	18	0.8553846153846154	0.8722741433021807	521			
0x4bd970	CGraphics::SetMipMapCount	Graphics.cpp	1310	Graphics	logic_unverified	18	0.8571428571428571	0.875	92			
0x4a0d60	FUN_004a0d60	Game.cpp	2899	Game	logic_unverified	18	0.863849765258216	0.8858447488584474	343			branches_differ_may_be_compiler
0x4854a0	FUN_004854a0	StageObjects.cpp	3045	objetos/IA/replay	logic_unverified	18	0.8650306748466258	0.8703703703703703	486			
0x4e1230	FUN_004e1230	FrontendScreens.cpp	6963	FrontendScreens	logic_unverified	18	0.8768768768768769	0.8780487804878049	1584			indirect_dispatch_requires_case_tests
0x4ef190	FUN_004ef190	FrontendScreens.cpp	2966	FrontendScreens	logic_unverified	18	0.8774193548387097	0.8888888888888888	222			
0x4b4040	Mesh_GetCornerLight	SceneNode.cpp	2221	SceneNode	logic_unverified	18	0.8805970149253731	0.8805970149253731	190			
0x4bc290	FUN_004bc290	Graphics.cpp	3698	Graphics	logic_unverified	18	0.8810572687224669	0.8826291079812206	305			indirect_dispatch_requires_case_tests
0x4bbc60	Quad2D_Queue	Sprite.cpp	644	Sprite	logic_unverified	18	0.8819875776397516	0.8888888888888888	283			
0x4fe240	FUN_004fe240	FrontendMenus.cpp	1612	FrontendMenus	logic_unverified	18	0.8825910931174089	0.8766788766788767	3582			indirect_dispatch_requires_case_tests
0x50a3f0	FUN_0050a3f0	GameInfo.cpp	8649	GameInfo	logic_unverified	18	0.8868360277136259	0.8767123287671232	656			
0x50f650	FUN_0050f650	GameInfo.cpp	10525	GameInfo	logic_unverified	18	0.8874773139745916	0.8746618575293057	1758			branches_differ_may_be_compiler
0x50a920	FUN_0050a920	GameInfo.cpp	10166	GameInfo	logic_unverified	18	0.8912071535022354	0.8857566765578635	2201			branches_differ_may_be_compiler
0x4a4c40	Graphics_ReloadAllTextures	Graphics.cpp	2561	Graphics	logic_unverified	18	0.8941176470588236	0.8823529411764706	233			
0x468c10	FUN_00468c10	StageObjects.cpp	4734	objetos/IA/replay	logic_unverified	18	0.8975609756097561	0.8786885245901639	1255			
0x450c10	FUN_00450c10	GameMenus.cpp	1445	GameMenus	logic_unverified	18	0.8997867803837953	0.8851063829787233	698			
0x4ad8d0	SceneNode_FlushTransforms	SceneNode.cpp	2535	SceneNode	logic_unverified	18	0.9011857707509882	0.8844621513944223	568			branches_differ_may_be_compiler
0x4d45b0	FrontendDraw_Carousel	FrontendDraw.cpp	245	FrontendDraw	logic_unverified	18	0.9020021074815595	0.8740740740740741	1511			
0x49c4b0	FUN_0049c4b0	Game.cpp	2092	Game	logic_unverified	18	0.9024390243902439	0.8888888888888888	94			
0x4b9170	Sector_ComputeBounds	Sector.cpp	897	Sector	logic_unverified	18	0.9038461538461539	0.8896103896103896	483			
0x4694a0	FUN_004694a0	StageObjects.cpp	575	objetos/IA/replay	logic_unverified	18	0.9050279329608939	0.8688046647230321	449			indirect_dispatch_requires_case_tests
0x4bba00	Quad2D_QueueFixedTriangle	Sprite.cpp	795	Sprite	logic_unverified	18	0.9050632911392406	0.8867924528301887	596			
0x487c40	FUN_00487c40	StageObjects.cpp	8745	objetos/IA/replay	logic_unverified	18	0.9050632911392406	0.8987341772151899	448			
0x4d21e0	CFrontend::FUN_004d21e0	Frontend.cpp	175	Frontend	logic_unverified	18	0.9090909090909091	0.8825910931174089	404			
0x4e9f70	FUN_004e9f70	FrontendScreens.cpp	1352	FrontendScreens	logic_unverified	18	0.9169139465875371	0.8768	1226			indirect_dispatch_requires_case_tests
0x4ae2f0	Glow_Add	Graphics.cpp	4916	Graphics	logic_unverified	18	0.9178082191780822	0.8979591836734694	215			branches_differ_may_be_compiler
0x4ea510	FUN_004ea510	FrontendScreens.cpp	1570	FrontendScreens	logic_unverified	18	0.9195402298850575	0.8837209302325582	148			
0x4b2f80	Scene_CreateLight	SceneNode.cpp	524	SceneNode	logic_unverified	18	0.9244712990936556	0.8698315467075038	1201			indirect_dispatch_requires_case_tests
0x477460	FUN_00477460	StageObjects.cpp	3816	objetos/IA/replay	logic_unverified	18	0.924812030075188	0.8838951310861424	397			
0x4a20c0	FUN_004a20c0	Sound.cpp	982	Sound	logic_unverified	18	0.9281767955801105	0.8666666666666667	321			
0x402f90	FUN_00402f90	GameInfo.cpp	4090	GameInfo	logic_unverified	18	0.9325153374233128	0.8902439024390244	256			branches_differ_may_be_compiler
0x4a8bf0	CGraphics::GetDisplayDeviceNames	Graphics.cpp	1201	Graphics	logic_unverified	18	0.9333333333333333	0.8936170212765957	64			
0x46f060	FUN_0046f060	StageObjects.cpp	1710	objetos/IA/replay	logic_unverified	18	0.9351669941060904	0.8976377952755905	714			
0x509dc0	FUN_00509dc0	GameInfo.cpp	7209	GameInfo	logic_unverified	18	0.9370277078085643	0.8944723618090452	605			
0x507290	FUN_00507290	GameInfo.cpp	2727	GameInfo	logic_unverified	18	0.9391304347826087	0.8728323699421965	564			
0x465d70	StageObject_GetWheelSlip	StageObjects.cpp	780	objetos/IA/replay	logic_unverified	18	0.9420289855072463	0.8920863309352518	206			branches_differ_may_be_compiler
0x48dce0	FUN_0048dce0	StageObjects.cpp	4332	objetos/IA/replay	logic_unverified	18	0.9877149877149877	0.8992628992628993	560			
0x500130	FUN_00500130	GameInfo.cpp	8281	GameInfo	logic_unverified	17	0.7931034482758621	0.9032258064516129	83			
0x4a9f50	FUN_004a9f50	Texture.cpp	16	Texture	logic_unverified	17	0.8695652173913043	0.9302325581395349	57			
0x4f3dd0	FUN_004f3dd0	FrontendScreens.cpp	4702	FrontendScreens	logic_unverified	17	0.8851063829787233	0.908256880733945	368			indirect_dispatch_requires_case_tests
0x48d950	FUN_0048d950	StageObjects.cpp	3271	objetos/IA/replay	logic_unverified	17	0.8888888888888888	0.9078498293515358	417			
0x4e7120	FUN_004e7120	FrontendScreens.cpp	9397	FrontendScreens	logic_unverified	17	0.8940955951265229	0.9013282732447818	1602			
0x4e2b40	FUN_004e2b40	FrontendScreens.cpp	980	FrontendScreens	logic_unverified	17	0.8963210702341137	0.9	599			
0x40ccd0	FUN_0040ccd0	RallyTiming.cpp	88	RallyTiming	logic_unverified	17	0.8979591836734694	0.9081632653061225	338			
0x4aff80	Particle_KillAll	Graphics.cpp	5611	Graphics	logic_unverified	17	0.9	0.9	48			
0x501de0	FUN_00501de0	GameInfo.cpp	8442	GameInfo	logic_unverified	17	0.9029126213592233	0.912621359223301	288			
0x48cae0	FUN_0048cae0	StageObjects.cpp	13441	objetos/IA/replay	logic_unverified	17	0.905982905982906	0.905982905982906	329			
0x4a3050	FUN_004a3050	Sound.cpp	771	Sound	logic_unverified	17	0.9080459770114943	0.9080459770114943	257			
0x4a2d30	FUN_004a2d30	Sound.cpp	618	Sound	logic_unverified	17	0.9090909090909091	0.9090909090909091	84			
0x4cf3f0	FUN_004cf3f0	Frontend.cpp	1096	Frontend	logic_unverified	17	0.9090909090909091	0.9090909090909091	35			
0x4853c0	FUN_004853c0	StageObjects.cpp	7853	objetos/IA/replay	logic_unverified	17	0.9117647058823529	0.9117647058823529	222			
0x4d0620	FUN_004d0620	GameInfo.cpp	1161	GameInfo	logic_unverified	17	0.9130434782608695	0.9130434782608695	208			
0x4d8480	FUN_004d8480	FrontendScreens.cpp	10170	FrontendScreens	logic_unverified	17	0.9153846153846154	0.9114249037227214	1220			branches_differ_may_be_compiler
0x4d3e80	FrontendDraw_BreadcrumbItem	FrontendDraw.cpp	51	FrontendDraw	logic_unverified	17	0.9157894736842105	0.9157894736842105	282			
0x452be0	FUN_00452be0	GameMenus.cpp	1852	GameMenus	logic_unverified	17	0.9159561510353228	0.9168704156479217	1265			branches_differ_may_be_compiler
0x4d39a0	FUN_004d39a0	FrontendDraw.cpp	477	FrontendDraw	logic_unverified	17	0.917312661498708	0.9072426937738246	1246			branches_differ_may_be_compiler
0x4de1d0	FUN_004de1d0	TimingUtils.cpp	72	TimingUtils	logic_unverified	17	0.9174412247129579	0.9169398907103825	2651			branches_differ_may_be_compiler
0x44ec30	GameMenus_DrawRowFrame	GameMenus.cpp	2682	GameMenus	logic_unverified	17	0.9199255121042831	0.9239332096474954	866			
0x4bcaf0	Graphics_SetFog	Graphics.cpp	3990	Graphics	logic_unverified	17	0.92	0.92	181			
0x48c870	FUN_0048c870	StageObjects.cpp	3147	objetos/IA/replay	logic_unverified	17	0.9230769230769231	0.9230769230769231	138			branches_differ_may_be_compiler
0x50f4f0	FUN_0050f4f0	GameInfo.cpp	6194	GameInfo	logic_unverified	17	0.9285714285714286	0.9186046511627907	301			
0x451890	FUN_00451890	GameMenus.cpp	2558	GameMenus	logic_unverified	17	0.9303703703703704	0.9235294117647059	1100			
0x5013a0	FUN_005013a0	GameInfo.cpp	6242	GameInfo	logic_unverified	17	0.9306930693069307	0.9306930693069307	361			
0x4cfe80	FUN_004cfe80	Frontend.cpp	1564	Frontend	logic_unverified	17	0.9327731092436975	0.9327731092436975	356			
0x506720	FUN_00506720	GameInfo.cpp	7556	GameInfo	logic_unverified	17	0.9344978165938864	0.9170305676855895	397			
0x4ee460	FUN_004ee460	FrontendScreens.cpp	2563	FrontendScreens	logic_unverified	17	0.935064935064935	0.9285714285714286	405			
0x49d3f0	FUN_0049d3f0	Game.cpp	2599	Game	logic_unverified	17	0.9361702127659575	0.900117508813161	1360			
0x4ff630	FUN_004ff630	GameInfo.cpp	8843	GameInfo	logic_unverified	17	0.9382716049382716	0.9325153374233128	230			
0x4adfa0	SceneType2_Create	SceneNode.cpp	682	SceneNode	logic_unverified	17	0.9411764705882353	0.927536231884058	202			
0x4e77c0	FUN_004e77c0	FrontendScreens.cpp	11489	FrontendScreens	logic_unverified	17	0.9441984056687334	0.9239033124440466	1788			indirect_dispatch_requires_case_tests
0x485860	FUN_00485860	StageObjects.cpp	12879	objetos/IA/replay	logic_unverified	17	0.9853085210577864	0.90357317670093	2917			branches_differ_may_be_compiler
0x4a1940	FUN_004a1940	Game.cpp	3447	Game	logic_unverified	16	0.8823529411764706	0.9538461538461539	119			
0x47d510	FUN_0047d510	StageObjects.cpp	7721	objetos/IA/replay	logic_unverified	16	0.9032258064516129	0.9574468085106383	144			
0x465530	FUN_00465530	StageObjects.cpp	7754	objetos/IA/replay	logic_unverified	16	0.9047619047619048	0.9354838709677419	204			
0x466030	FUN_00466030	StageObjects.cpp	14305	objetos/IA/replay	logic_unverified	16	0.9142857142857143	0.9411764705882353	66			
0x4a60d0	CGraphics::SampleTGAPixel	Graphics.cpp	6521	Graphics	logic_unverified	16	0.9267015706806283	0.9470899470899471	666			
0x480b40	FUN_00480b40	StageObjects.cpp	5949	objetos/IA/replay	logic_unverified	16	0.9333333333333333	0.9333333333333333	97			
0x4b35b0	Scene_SetLightPosition	SceneNode.cpp	2511	SceneNode	logic_unverified	16	0.9361702127659575	0.9361702127659575	387			
0x506080	FUN_00506080	GameInfo.cpp	7496	GameInfo	logic_unverified	16	0.9381443298969072	0.9381443298969072	580			branches_differ_may_be_compiler
0x4d7db0	FUN_004d7db0	FrontendScreens.cpp	10614	FrontendScreens	logic_unverified	16	0.9400705052878966	0.94021101992966	1399			branches_differ_may_be_compiler
0x4d8950	FUN_004d8950	FrontendScreens.cpp	10691	FrontendScreens	logic_unverified	16	0.9400705052878966	0.94021101992966	1399			branches_differ_may_be_compiler
0x4ff720	FUN_004ff720	GameInfo.cpp	11374	GameInfo	logic_unverified	16	0.9403508771929825	0.9508771929824561	811			branches_differ_may_be_compiler
0x401420	FUN_00401420	GameInfo.cpp	4537	GameInfo	logic_unverified	16	0.9411764705882353	0.9411764705882353	196			
0x451df0	FUN_00451df0	GameMenus.cpp	1713	GameMenus	logic_unverified	16	0.9444444444444444	0.9482439926062847	1585			branches_differ_may_be_compiler
0x418ff0	FUN_00418ff0	StageUI.cpp	218	StageUI	logic_unverified	16	0.9453376205787781	0.9617834394904459	513			
0x48db00	FUN_0048db00	StageObjects.cpp	5976	objetos/IA/replay	logic_unverified	16	0.9456521739130435	0.9347826086956522	304			
0x4b07a0	Particle_Spawn	Graphics.cpp	5935	Graphics	logic_unverified	16	0.9476108232584917	0.9334875650665124	2456			branches_differ_may_be_compiler
0x4af120	Glow_Draw	Graphics.cpp	4991	Graphics	logic_unverified	16	0.9481902058197303	0.9548022598870056	2078			
0x50b1c0	FUN_0050b1c0	GameInfo.cpp	10673	GameInfo	logic_unverified	16	0.9490940465918896	0.9367965367965368	3566			indirect_dispatch_requires_case_tests
0x4dbd80	FUN_004dbd80	FrontendScreens.cpp	11037	FrontendScreens	logic_unverified	16	0.950097213220998	0.9396495781959766	2436			
0x44d790	FUN_0044d790	GameMenus.cpp	926	GameMenus	logic_unverified	16	0.9506172839506173	0.9506172839506173	464			
0x4f4b90	FUN_004f4b90	GameInfo.cpp	3118	GameInfo	logic_unverified	16	0.9523809523809523	0.9487179487179487	281			indirect_dispatch_requires_case_tests
0x49bcb0	FUN_0049bcb0	Game.cpp	1951	Game	logic_unverified	16	0.9529780564263323	0.9529780564263323	955			
0x4bcc60	Pulse_Update	Graphics.cpp	3825	Graphics	logic_unverified	16	0.9545454545454546	0.9422222222222222	534			branches_differ_may_be_compiler
0x4b6340	Graphics_GetTriangleHeight	Graphics.cpp	6141	Graphics	logic_unverified	16	0.954954954954955	0.954954954954955	1199			
0x480af0	FUN_00480af0	StageObjects.cpp	5304	objetos/IA/replay	logic_unverified	16	0.9565217391304348	0.9565217391304348	79			
0x46fe70	FUN_0046fe70	StageObjects.cpp	10359	objetos/IA/replay	logic_unverified	16	0.9617834394904459	0.9617834394904459	969			branches_differ_may_be_compiler
0x4d1370	FUN_004d1370	Game.cpp	840	Game	logic_unverified	16	0.9627659574468085	0.9627659574468085	623			
0x4e90f0	FUN_004e90f0	FrontendScreens.cpp	11739	FrontendScreens	logic_unverified	16	0.9655172413793104	0.9525816649104321	1487			indirect_dispatch_requires_case_tests
0x4d15e0	CGame::InitializeGame	Game.cpp	948	Game	logic_unverified	16	0.967741935483871	0.9498607242339833	1191			branches_differ_may_be_compiler
0x47bad0	FUN_0047bad0	StageObjects.cpp	9910	objetos/IA/replay	logic_unverified	16	0.967741935483871	0.9661016949152542	440			indirect_dispatch_requires_case_tests
0x4d6a60	FUN_004d6a60	FrontendScreens.cpp	9987	FrontendScreens	logic_unverified	16	0.9689922480620154	0.9431968295904888	1163			indirect_dispatch_requires_case_tests
0x44d960	FUN_0044d960	GameMenus.cpp	962	GameMenus	logic_unverified	16	0.972972972972973	0.9636098981077147	2000			branches_differ_may_be_compiler
0x4d8330	FUN_004d8330	FrontendScreens.cpp	6040	FrontendScreens	logic_unverified	16	0.9745762711864406	0.9372384937238494	334			
0x500920	FUN_00500920	GameInfo.cpp	1562	GameInfo	logic_unverified	15	0.9130434782608695	0.9782608695652174	148			
0x4a04a0	Menu_ValidateCursor	Menu.cpp	216	Menu	logic_unverified	15	0.9459459459459459	0.972972972972973	77			
0x4b2090	Mesh_SetColourAndRefresh	Mesh.cpp	275	Mesh	logic_unverified	15	0.9591836734693877	0.9795918367346939	128			
0x4ac200	SceneNode_Attach	SceneNode.cpp	185	SceneNode	logic_unverified	15	0.967741935483871	0.967741935483871	87			
0x4f2620	FUN_004f2620	FrontendScreens.cpp	5268	FrontendScreens	logic_unverified	15	0.9705882352941176	0.9705882352941176	195			
0x46b440	FUN_0046b440	StageObjects.cpp	1389	objetos/IA/replay	logic_unverified	15	0.9705882352941176	0.9705882352941176	114			
0x507fe0	FUN_00507fe0	GameInfo.cpp	8109	GameInfo	logic_unverified	15	0.9741518578352181	0.9717514124293786	1880			
0x468a80	FUN_00468a80	StageObjects.cpp	4832	objetos/IA/replay	logic_unverified	15	0.9761904761904762	0.9920634920634921	388			
0x4920d0	FUN_004920d0	StageObjects.cpp	9648	objetos/IA/replay	logic_unverified	15	0.978021978021978	0.978021978021978	326			
0x49e1f0	FUN_0049e1f0	Graphics.cpp	2799	Graphics	logic_unverified	15	0.9790575916230366	0.9787610619469026	1823			indirect_dispatch_requires_case_tests
0x4b0060	Particle_Init	Graphics.cpp	5679	Graphics	logic_unverified	15	0.9795918367346939	0.9795918367346939	160			
0x501780	FUN_00501780	GameInfo.cpp	6846	GameInfo	logic_unverified	15	0.9800796812749004	0.9879518072289156	401			
0x46acb0	FUN_0046acb0	StageObjects.cpp	11274	objetos/IA/replay	logic_unverified	15	0.9803921568627451	0.984313725490196	801			
0x501f80	FUN_00501f80	GameInfo.cpp	4934	GameInfo	logic_unverified	15	0.9813084112149533	0.9813084112149533	284			
0x49a870	Car_BreakWindow	CarEffects.cpp	273	CarEffects	logic_unverified	15	0.9824561403508771	0.9824561403508771	159			
0x506fc0	FUN_00506fc0	GameInfo.cpp	8247	GameInfo	logic_unverified	15	0.9830508474576272	0.9830508474576272	177			
0x492220	FUN_00492220	StageObjects.cpp	9673	objetos/IA/replay	logic_unverified	15	0.9836065573770492	0.9836065573770492	432			
0x4f28c0	FUN_004f28c0	FrontendScreens.cpp	5364	FrontendScreens	logic_unverified	15	0.9855072463768116	0.9855072463768116	168			
0x4d8ed0	FUN_004d8ed0	FrontendScreens.cpp	11839	FrontendScreens	logic_unverified	15	0.9866369710467706	0.9866369710467706	1405			
0x46e6a0	Events_ComputeSteps	StageObjects.cpp	7362	objetos/IA/replay	logic_unverified	15	0.9873417721518988	0.9873417721518988	212			
0x450ef0	FUN_00450ef0	GameMenus.cpp	1538	GameMenus	logic_unverified	15	0.9894894894894894	0.990990990990991	1938			
0x48ce80	FUN_0048ce80	StageObjects.cpp	13546	objetos/IA/replay	logic_unverified	15	0.98989898989899	0.98989898989899	617			
0x492bd0	FUN_00492bd0	StageObjects.cpp	9759	objetos/IA/replay	logic_unverified	15	0.98989898989899	0.98989898989899	606			
0x500c80	FUN_00500c80	GameInfo.cpp	1900	GameInfo	logic_unverified	15	0.99	0.98	363			
0x4e48b0	FUN_004e48b0	FrontendScreens.cpp	8976	FrontendScreens	logic_unverified	15	0.9900497512437811	0.9842584921292461	1796			
0x4b50b0	FUN_004b50b0	SceneNode.cpp	1625	SceneNode	logic_unverified	15	0.990990990990991	0.990990990990991	613			
0x44fea0	FUN_0044fea0	GameMenus.cpp	1266	GameMenus	logic_unverified	15	0.9934959349593496	0.9951219512195122	1795			
0x4541c0	FUN_004541c0	GameMenus.cpp	2877	GameMenus	logic_unverified	15	0.9943502824858758	0.9943502824858758	3119			
0x4d9c40	FUN_004d9c40	FrontendScreens.cpp	10885	FrontendScreens	logic_unverified	15	0.9956167814652473	0.9855799373040752	2529			
0x46afe0	FUN_0046afe0	StageObjects.cpp	10449	objetos/IA/replay	logic_unverified	15	0.9970238095238095	0.9970238095238095	1055			
0x44efa0	FUN_0044efa0	GameMenus.cpp	1176	GameMenus	logic_unverified	15	0.9983277591973244	0.9983277591973244	1753			
0x44e130	FUN_0044e130	GameMenus.cpp	1066	GameMenus	logic_unverified	15	0.9984076433121019	0.9952229299363057	1784			
0x460da0	StageObject_SetLighting	StageObjects.cpp	4934	objetos/IA/replay	fixtures_pass_matching_pending	0	0.24564796905222436	0.2621448212648946	2322	differential_stage_lighting.py		
0x448d50	FUN_00448d50	StageTiming.cpp	3869	tiempos/replay	fixtures_pass_matching_pending	0	0.25	0.3023255813953488	132	differential_race_order.py		
0x456250	StageTiming_RebuildSplitPositions	StageTiming.cpp	552	tiempos/replay	fixtures_pass_matching_pending	0	0.25316455696202533	0.267515923566879	222	differential_rankings.py		
0x40b880	Font_DrawText	Font.cpp	282	Font	fixtures_pass_matching_pending	0	0.29916897506925205	0.2808988764044944	548	differential_font_coordinates.py		branches_differ_may_be_compiler
0x461c30	FUN_00461c30	StageObjects.cpp	6485	objetos/IA/replay	fixtures_pass_matching_pending	0	0.3176631675034231	0.32383536861148804	3694	differential_stage_lighting.py		branches_differ_may_be_compiler
0x475f80	FUN_00475f80	StageTiming.cpp	1953	tiempos/replay	fixtures_pass_matching_pending	0	0.3660130718954248	0.3815789473684211	277	differential_low_logic.py		
0x46e780	FUN_0046e780	StageObjects.cpp	8030	objetos/IA/replay	fixtures_pass_matching_pending	0	0.40609137055837563	0.4050632911392405	637	differential_event_draw_abi.py		indirect_dispatch_requires_case_tests
0x489060	Collision_RayQuad	Collision2D.cpp	18	colisión	fixtures_pass_matching_pending	0	0.4103225806451613	0.38276299112801015	1098	differential_track_geometry.py		branches_differ_may_be_compiler
0x47bdd0	FUN_0047bdd0	StageObjects.cpp	13829	objetos/IA/replay	fixtures_pass_matching_pending	0	0.4116504854368932	0.358148893360161	940	differential_ai_controls.py		indirect_dispatch_requires_case_tests
0x456960	FUN_00456960	StageTiming.cpp	1265	tiempos/replay	fixtures_pass_matching_pending	0	0.4146341463414634	0.44155844155844154	90	differential_rally_times.py		branches_differ_may_be_compiler
0x458e00	FUN_00458e00	StageTiming.cpp	4973	tiempos/replay	fixtures_pass_matching_pending	0	0.4293785310734463	0.40217391304347827	297	differential_checkpoint_advance.py		branches_differ_may_be_compiler
0x4111a0	FUN_004111a0	RallyData.cpp	7257	rutas/carrera	fixtures_pass_matching_pending	0	0.46	0.5048543689320388	209	differential_low_logic.py		
0x420a30	RallyData_UpdateCarRoute	RallyData.cpp	4365	rutas/carrera	fixtures_pass_matching_pending	0	0.4699777613046701	0.6143790849673203	2035	differential_car_route_update.py		branches_differ_may_be_compiler
0x491550	Track_FindTriangle	TrackCollision.cpp	191	colisión/pista	fixtures_pass_matching_pending	0	0.47572815533980584	0.48756218905472637	323	differential_track_geometry.py		
0x4483e0	FUN_004483e0	StageTiming.cpp	5638	tiempos/replay	fixtures_pass_matching_pending	0	0.47761194029850745	0.460093896713615	358	differential_race_estimates.py		branches_differ_may_be_compiler
0x416670	FUN_00416670	Race.cpp	943	carrera	fixtures_pass_matching_pending	0	0.4819277108433735	0.5617977528089888	148	differential_race_state_reset.py		branches_differ_may_be_compiler
0x424f20	NetRace_PackCarState	NetRace.cpp	673	red	fixtures_pass_matching_pending	0	0.4838455476753349	0.49133383571966843	2496	differential_net_car_state.py		branches_differ_may_be_compiler
0x4b5380	Scene_FreeShadowCasters	SceneNode.cpp	2296	SceneNode	fixtures_pass_matching_pending	0	0.49070631970260226	0.5018181818181818	400	differential_shadow_cleanup.py		
0x456710	FUN_00456710	StageTiming.cpp	8836	tiempos/replay	fixtures_pass_matching_pending	0	0.5172413793103449	0.508557457212714	592	differential_rally_times.py		branches_differ_may_be_compiler
0x455f00	FUN_00455f00	StageTiming.cpp	4401	tiempos/replay	fixtures_pass_matching_pending	0	0.5263157894736842	0.5348837209302325	527	differential_rally_times.py		
0x4781d0	Car_UpdateSurfaceParams	SurfaceTypes.cpp	182	superficies	fixtures_pass_matching_pending	0	0.5648648648648649	0.5483870967741935	1243	differential_surface_params.py		branches_differ_may_be_compiler
0x418f20	FUN_00418f20	StageUI.cpp	108	StageUI	fixtures_pass_matching_pending	0	0.5686274509803921	0.5773195876288659	185	differential_stage_sound_reset.py		branches_differ_may_be_compiler
0x425c40	FUN_00425c40	NetRace.cpp	1146	red	fixtures_pass_matching_pending	0	0.5706472196900638	0.5412186379928315	1922	differential_net_car_receive.py	__real@4@4002a000000000000000	
0x498620	FUN_00498620	StageTiming.cpp	7582	tiempos/replay	fixtures_pass_matching_pending	0	0.5711382113821138	0.45925925925925926	1572	differential_ai_telemetry.py		indirect_dispatch_requires_case_tests
0x494bb0	FUN_00494bb0	CarPhysics.cpp	99	coche/física	fixtures_pass_matching_pending	0	0.5769230769230769	0.5544554455445545	391	differential_contact_init.py		branches_differ_may_be_compiler
0x40cc60	FUN_0040cc60	RallyTiming.cpp	42	RallyTiming	fixtures_pass_matching_pending	0	0.5862068965517241	0.6037735849056604	75	differential_tables.py		
0x406010	CGameInfo::FUN_00406010	GameInfo.cpp	810	GameInfo	fixtures_pass_matching_pending	0	0.5991902834008097	0.5853658536585366	759	differential_record_reset.py		branches_differ_may_be_compiler
0x490b90	FUN_00490b90	VehiclePhysics.cpp	508	coche/física	fixtures_pass_matching_pending	0	0.6019417475728155	0.5714285714285714	156	differential_collision_face_decision.py		
0x41e8d0	FUN_0041e8d0	Race.cpp	3219	carrera	fixtures_pass_matching_pending	0	0.6293365794278758	0.6118251928020566	2267	differential_race_handler.py		indirect_dispatch_requires_case_tests
0x462aa0	FUN_00462aa0	StageObjects.cpp	6357	objetos/IA/replay	fixtures_pass_matching_pending	0	0.6386554621848739	0.6267806267806267	518	differential_car_lighting.py		
0x4a13b0	CGameInfo::FUN_004a13b0	GameInfo.cpp	3738	GameInfo	fixtures_pass_matching_pending	0	0.6451612903225806	0.6601941747572816	197	differential_session_enumeration.py		branches_differ_may_be_compiler
0x447530	FUN_00447530	HudDash.cpp	829	HudDash	fixtures_pass_matching_pending	0	0.6458333333333334	0.6551724137931034	189	differential_low_logic.py		calls_differ_may_be_inlining
0x477f70	StageUI_DrawStageGrid	StageUI.cpp	834	StageUI	fixtures_pass_matching_pending	0	0.6526315789473685	0.6480836236933798	447	differential_stage_grid.py		branches_differ_may_be_compiler
0x4069c0	RallyData_InitKnockoutBracket	RallyData.cpp	278	rutas/carrera	fixtures_pass_matching_pending	0	0.6703397612488522	0.6198723792160438	1746	differential_knockout_bracket.py		indirect_dispatch_requires_case_tests
0x4a12d0	CGameInfo::FUN_004a12d0	GameInfo.cpp	3775	GameInfo	fixtures_pass_matching_pending	0	0.6868686868686869	0.6915887850467289	218	differential_session_enumeration.py		branches_differ_may_be_compiler
0x441430	FixBasis_Integrate	FixedPoint.cpp	704	matemática	fixtures_pass_matching_pending	0	0.6944444444444444	0.75	207	differential_fixed_matrix_ops.py		
0x4b7de0	FUN_004b7de0	Sector.cpp	617	Sector	fixtures_pass_matching_pending	0	0.7126137841352406	0.6675257731958762	1164	differential_sector_visibility.py		
0x486910	FUN_00486910	FixedPoint.cpp	1172	matemática	fixtures_pass_matching_pending	0	0.738255033557047	0.7516778523489933	206	differential_object_matrix.py		
0x4b1150	FUN_004b1150	Graphics.cpp	4342	Graphics	fixtures_pass_matching_pending	0	0.7586206896551724	0.7586206896551724	105	differential_billboard_init.py		
0x5004c0	CGameInfo::FUN_005004c0	GameInfo.cpp	2663	GameInfo	fixtures_pass_matching_pending	0	0.7586206896551724	0.9090909090909091	50	differential_option_cache.py		
0x43eef0	Car_UpdateCorners	Car.cpp	569	coche/cámara	fixtures_pass_matching_pending	0	0.7666034155597723	0.776735459662289	911	differential_car_corners.py		
0x4f1040	FUN_004f1040	FrontendScreens.cpp	3294	FrontendScreens	fixtures_pass_matching_pending	0	0.7668393782383419	0.7628865979381443	287	differential_name_entry.py		branches_differ_may_be_compiler
0x43c7f0	Car_Spawn	Car.cpp	6703	coche/cámara	fixtures_pass_matching_pending	0	0.7755581668625147	0.7266881028938906	6024	differential_car_spawn.py		indirect_dispatch_requires_case_tests
0x48a1f0	FUN_0048a1f0	Collision2D.cpp	569	colisión	fixtures_pass_matching_pending	0	0.7852112676056338	0.7304347826086957	1017	differential_car_contacts.py		branches_differ_may_be_compiler
0x48fb80	FUN_0048fb80	VehiclePhysics.cpp	568	coche/física	fixtures_pass_matching_pending	0	0.7855361596009975	0.7227414330218068	2536	differential_surface_collision.py		branches_differ_may_be_compiler
0x48df50	FUN_0048df50	StageObjects.cpp	9153	objetos/IA/replay	fixtures_pass_matching_pending	0	0.8235294117647058	0.7941176470588235	335	differential_slip.py		branches_differ_may_be_compiler
0x43e680	Car_ResetBodyBasis	Car.cpp	6354	coche/cámara	fixtures_pass_matching_pending	0	0.8290258449304175	0.7736220472440944	1602	differential_car_basis.py		branches_differ_may_be_compiler
0x4d3360	FrontendDraw_MenuList	FrontendDraw.cpp	365	FrontendDraw	fixtures_pass_matching_pending	0	0.8318756073858115	0.7871720116618076	1594	differential_menu_list.py		
0x4b9f20	FixMatrix_Multiply	FixedPoint.cpp	223	matemática	fixtures_pass_matching_pending	0	0.8333333333333334	0.8421052631578947	205	differential_fixed_matrix_ops.py		
0x47c5c0	FUN_0047c5c0	StageObjects.cpp	845	objetos/IA/replay	local_byte_exact	0	0.8333333333333334	1.0	22			
0x40b200	FUN_0040b200	NetPlayers.cpp	1041	red	local_byte_exact	0	0.8571428571428571	1.0	30			
0x40a580	FUN_0040a580	NetPlayers.cpp	520	red	fixtures_pass_matching_pending	0	0.8646288209606987	0.8193832599118943	372	differential_network_results.py		
0x40e3c0	CNetworkLeaderboards::Reset	NetworkLeaderboards.cpp	16	NetworkLeaderboards	local_byte_exact	0	0.875	1.0	41			
0x4a9b80	CMain::GetFrameDelta	main.cpp	357	main	fixtures_pass_matching_pending	0	0.8941176470588236	0.9047619047619048	149	differential_menu_colour.py		
0x4d05f0	FUN_004d05f0	GameInfo.cpp	1136	GameInfo	local_byte_exact	0	0.9	1.0	41			
0x49e940	FUN_0049e940	StageObjects.cpp	3437	objetos/IA/replay	local_byte_exact	0	0.9	1.0	32			
0x4b7a70	Sound_FindFreeSlot	Sound.cpp	1398	Sound	local_byte_exact	0	0.9	1.0	28			
0x46d610	FUN_0046d610	StageObjects.cpp	12319	objetos/IA/replay	fixtures_pass_matching_pending	0	0.90625	0.90625	700	differential_replay_snapshot.py		
0x4207f0	RallyData_FUN_004207f0	RallyData.cpp	4315	rutas/carrera	local_byte_exact	0	0.9090909090909091	1.0	37			
0x4d5ca0	FUN_004d5ca0	FrontendScreens.cpp	240	FrontendScreens	local_byte_exact	0	0.9101123595505618	1.0	319			
0x42baf0	Car_UpdateAndRenderAll	Car.cpp	3688	coche/cámara	local_byte_exact	0	0.9148936170212766	1.0	385			
0x4aaa10	CGame::FUN_004aaa10	Game.cpp	1668	Game	local_byte_exact	0	0.9230769230769231	1.0	40			
0x4564d0	FUN_004564d0	StageTiming.cpp	1203	tiempos/replay	fixtures_pass_matching_pending	0	0.9281767955801105	0.9337016574585635	564	differential_rally_times.py		
0x4b7d10	CInput::FUN_004b7d10	Input.cpp	2230	entrada	local_byte_exact	0	0.9285714285714286	1.0	48	differential_tables.py		
0x4b3450	Scene_FreeAllLights	SceneNode.cpp	507	SceneNode	local_byte_exact	0	0.9285714285714286	1.0	46			
0x4ae070	SceneType2_ReleaseAll	SceneNode.cpp	665	SceneNode	local_byte_exact	0	0.9285714285714286	1.0	46			
0x47eab0	FUN_0047eab0	StageObjects.cpp	15433	objetos/IA/replay	fixtures_pass_matching_pending	0	0.9312581063553826	0.9189889825016202	2651	differential_fireworks.py		
0x49eb50	CInput::FUN_0049eb50	Input.cpp	1311	entrada	local_byte_exact	0	0.9333333333333333	1.0	64			
0x4b7a40	CGame::FUN_004b7a40	Game.cpp	136	Game	local_byte_exact	0	0.9333333333333333	1.0	40			
0x46c500	FUN_0046c500	StageTiming.cpp	714	tiempos/replay	local_byte_exact	0	0.9375	1.0	62			
0x477f30	FUN_00477f30	StageObjects.cpp	4064	objetos/IA/replay	local_byte_exact	0	0.9375	1.0	58			
0x4729f0	FUN_004729f0	StageObjects.cpp	3792	objetos/IA/replay	local_byte_exact	0	0.9375	1.0	56			
0x4b7910	Sound_FreeAll	Sound.cpp	1352	Sound	local_byte_exact	0	0.9375	1.0	45			
0x4a5ba0	CGraphics::FUN_004a5ba0	Graphics.cpp	299	Graphics	local_byte_exact	0	0.9411764705882353	1.0	50			
0x46d270	FUN_0046d270	StageObjects.cpp	14281	objetos/IA/replay	local_byte_exact	0	0.9411764705882353	1.0	47	differential_replay_slots.py		
0x46d5e0	FUN_0046d5e0	StageObjects.cpp	14293	objetos/IA/replay	local_byte_exact	0	0.9411764705882353	1.0	47	differential_replay_slots.py		
0x421470	RallyData_FUN_00421470	RallyData.cpp	4586	rutas/carrera	fixtures_pass_matching_pending	0	0.9425287356321839	0.8275862068965517	144	differential_route_progress.py		
0x463d60	CarLights_LoadTextures	StageObjects.cpp	7011	objetos/IA/replay	local_byte_exact	0	0.943502824858757	1.0	630			
0x4ac7a0	SceneNode_Reparent	SceneNode.cpp	429	SceneNode	fixtures_pass_matching_pending	0	0.9444444444444444	0.9807692307692307	123	differential_scene_reparent.py		
0x49c0f0	CGame::UnwindCallbacks	Game.cpp	2034	Game	local_byte_exact	0	0.9444444444444444	1.0	56			
0x4a19c0	FUN_004a19c0	Game.cpp	3479	Game	local_byte_exact	0	0.9444444444444444	1.0	56			
0x4b7950	Sound_SetMasterVolume	Sound.cpp	1446	Sound	local_byte_exact	0	0.9444444444444444	1.0	53			
0x478b50	FUN_00478b50	SurfaceTypes.cpp	343	superficies	local_byte_exact	0	0.9444444444444444	1.0	44			
0x42af50	Car_StoreRenderTransforms	Car.cpp	3358	coche/cámara	fixtures_pass_matching_pending	0	0.9452054794520548	0.9144811858608894	1354	differential_render_transforms.py		branches_differ_may_be_compiler
0x428810	Car_BuildViewOrder	Car.cpp	144	coche/cámara	local_byte_exact	0	0.9465648854961832	1.0	493			
0x40aed0	FUN_0040aed0	NetPlayers.cpp	864	red	local_byte_exact	0	0.9473684210526315	1.0	40			
0x49eaf0	CGameInfo::SetupInputs	GameInfo.cpp	995	GameInfo	local_byte_exact	0	0.95	1.0	81			
0x4eb470	FUN_004eb470	FileBuffer.cpp	265	FileBuffer	local_byte_exact	0	0.95	1.0	61			
0x4ef150	FUN_004ef150	FrontendScreens.cpp	2952	FrontendScreens	local_byte_exact	0	0.9523809523809523	1.0	62			
0x4adf60	FUN_004adf60	SceneNode.cpp	630	SceneNode	local_byte_exact	0	0.9523809523809523	1.0	59			
0x4246c0	FUN_004246c0	StageTiming.cpp	1433	tiempos/replay	local_byte_exact	0	0.9545454545454546	1.0	76			
0x4bdb20	CGraphics::BltMipMaps	Graphics.cpp	1423	Graphics	local_byte_exact	0	0.9545454545454546	1.0	57			
0x424640	FUN_00424640	StageTiming.cpp	1412	tiempos/replay	local_byte_exact	0	0.9583333333333334	1.0	89			
0x4ab8a0	Mesh_Alloc	Mesh.cpp	47	Mesh	local_byte_exact	0	0.9583333333333334	1.0	79			
0x4734f0	FUN_004734f0	StageUI.cpp	895	StageUI	local_byte_exact	0	0.9583333333333334	1.0	72			
0x4aaa40	CGame::FUN_004aaa40	Game.cpp	1713	Game	local_byte_exact	0	0.9615384615384616	1.0	114			
0x4b3480	FUN_004b3480	SceneNode.cpp	481	SceneNode	local_byte_exact	0	0.9615384615384616	1.0	80			
0x501ac0	FUN_00501ac0	GameInfo.cpp	5929	GameInfo	local_byte_exact	0	0.9629629629629629	1.0	193			
0x4f3b50	FUN_004f3b50	FrontendScreens.cpp	4545	FrontendScreens	local_byte_exact	0	0.9629629629629629	1.0	84			
0x50f3c0	FUN_0050f3c0	GameInfo.cpp	6103	GameInfo	local_byte_exact	0	0.9629629629629629	1.0	84			
0x478b80	FUN_00478b80	StageObjects.cpp	2731	objetos/IA/replay	local_byte_exact	0	0.9629629629629629	1.0	84			
0x4eae40	FUN_004eae40	FrontendScreens.cpp	6071	FrontendScreens	local_byte_exact	0	0.9629629629629629	1.0	78			
0x4245e0	FUN_004245e0	StageTiming.cpp	1389	tiempos/replay	local_byte_exact	0	0.9642857142857143	1.0	93			
0x408340	RallyData_FUN_00408340	RallyData.cpp	1396	rutas/carrera	local_byte_exact	0	0.9642857142857143	1.0	67			
0x42b600	Car_GetWheelSpeed	Car.cpp	435	coche/cámara	local_byte_exact	0	0.9655172413793104	1.0	88			
0x401720	FUN_00401720	GameMenus.cpp	209	GameMenus	local_byte_exact	0	0.9655172413793104	1.0	0			
0x4ac820	SceneNode_Rotate	SceneNode.cpp	106	SceneNode	fixtures_pass_matching_pending	0	0.9661266568483063	0.930780559646539	4193	differential_rotation.py		
0x4aa880	CGame::ClearConnections	Game.cpp	1869	Game	local_byte_exact	0	0.967741935483871	1.0	96			
0x41f560	Race_BuildSelectionPaths	Race.cpp	564	carrera	fixtures_pass_matching_pending	0	0.9694501018329938	0.9650924024640657	552	differential_stage_paths.py		
0x418e70	FUN_00418e70	Race.cpp	3613	carrera	local_byte_exact	0	0.9705882352941176	1.0	109			
0x449020	FUN_00449020	GameMenus.cpp	283	GameMenus	local_byte_exact	0	0.9705882352941176	1.0	107			
0x509150	FUN_00509150	GameInfo.cpp	6974	GameInfo	local_byte_exact	0	0.9705882352941176	1.0	100			
0x4016b0	FUN_004016b0	GameMenus.cpp	191	GameMenus	local_byte_exact	0	0.9714285714285714	1.0	112			
0x4ac6f0	SceneNode_Create	SceneNode.cpp	405	SceneNode	local_byte_exact	0	0.9714285714285714	1.0	106			
0x4eb3e0	FUN_004eb3e0	FileBuffer.cpp	237	FileBuffer	local_byte_exact	0	0.9722222222222222	1.0	93			
0x4bdad0	CGraphics::GetMipMapPixelCount	Graphics.cpp	1397	Graphics	local_byte_exact	0	0.9722222222222222	1.0	80			
0x4a1850	FUN_004a1850	Game.cpp	3198	Game	local_byte_exact	0	0.974025974025974	1.0	230			
0x40d4b0	FUN_0040d4b0	TimingUtils.cpp	36	TimingUtils	local_byte_exact	0	0.9743589743589743	1.0	107			
0x4ec020	FUN_004ec020	RallyData.cpp	1724	rutas/carrera	local_byte_exact	0	0.9743589743589743	1.0	103			
0x5078e0	FUN_005078e0	GameInfo.cpp	7832	GameInfo	local_byte_exact	0	0.975	1.0	295			
0x49fad0	CInput::SetupJoystickDeviceInfo	Input.cpp	943	entrada	local_byte_exact	0	0.975	1.0	156			
0x4bda60	CGraphics::GetMipMapDataSize	Graphics.cpp	1366	Graphics	local_byte_exact	0	0.975	1.0	102			
0x505f10	FUN_00505f10	GameInfo.cpp	11499	GameInfo	local_byte_exact	0	0.9761904761904762	1.0	368			
0x4fbec0	FUN_004fbec0	FrontendMenus.cpp	664	FrontendMenus	local_byte_exact	0	0.9767441860465116	1.0	149			
0x4d2100	CFrontend::ReleaseLanguageFiles	Frontend.cpp	432	Frontend	local_byte_exact	0	0.9767441860465116	1.0	144			
0x47c9a0	FUN_0047c9a0	StageObjects.cpp	9451	objetos/IA/replay	local_byte_exact	0	0.9767441860465116	1.0	135	differential_ai_controls.py;differential_ai_network.py		
0x4ec090	FUN_004ec090	RallyData.cpp	1746	rutas/carrera	local_byte_exact	0	0.9767441860465116	1.0	115			
0x5059d0	FUN_005059d0	GameInfo.cpp	9515	GameInfo	local_byte_exact	0	0.9772727272727273	1.0	131			
0x4d0180	FUN_004d0180	Frontend.cpp	1660	Frontend	local_byte_exact	0	0.9782608695652174	1.0	154			
0x507710	FUN_00507710	GameInfo.cpp	2905	GameInfo	local_byte_exact	0	0.9785714285714285	1.0	463			
0x4688b0	FUN_004688b0	StageObjects.cpp	4700	objetos/IA/replay	local_byte_exact	0	0.9785714285714285	1.0	463			
0x40cf30	FUN_0040cf30	RallyTiming.cpp	223	RallyTiming	local_byte_exact	0	0.9795918367346939	1.0	172			
0x4176b0	FUN_004176b0	Race.cpp	68	carrera	local_byte_exact	0	0.98	1.0	170			
0x4a2d90	FUN_004a2d90	Sound.cpp	640	Sound	local_byte_exact	0	0.9801980198019802	1.0	358			
0x4946c0	FUN_004946c0	TrackCollision.cpp	891	colisión/pista	local_byte_exact	0	0.9805825242718447	1.0	433			
0x41f2b0	FUN_0041f2b0	GameMenus.cpp	484	GameMenus	local_byte_exact	0	0.9807692307692307	1.0	150			
0x4ec110	FUN_004ec110	RallyData.cpp	1770	rutas/carrera	local_byte_exact	0	0.9807692307692307	1.0	135			
0x494960	FUN_00494960	TrackCollision.cpp	832	colisión/pista	local_byte_exact	0	0.9811320754716981	1.0	211			
0x494880	FUN_00494880	TrackCollision.cpp	927	colisión/pista	local_byte_exact	0	0.9818181818181818	1.0	223			
0x4bb0a0	FixVec_Length	FixedPoint.cpp	566	matemática	local_byte_exact	0	0.9819277108433735	1.0	472			
0x505e70	FUN_00505e70	GameInfo.cpp	7449	GameInfo	local_byte_exact	0	0.9821428571428571	1.0	155			
0x459c80	FUN_00459c80	StageTiming.cpp	7807	tiempos/replay	local_byte_exact	0	0.9833333333333333	1.0	1220			
0x420850	FUN_00420850	RallyData.cpp	6404	rutas/carrera	local_byte_exact	0	0.983739837398374	1.0	371			
0x4ab720	StageObject_FreeAll	Mesh.cpp	411	Mesh	local_byte_exact	0	0.9838709677419355	1.0	184			
0x46d510	FUN_0046d510	StageObjects.cpp	14585	objetos/IA/replay	local_byte_exact	0	0.9841269841269841	1.0	200			
0x4f45a0	FUN_004f45a0	FrontendScreens.cpp	4910	FrontendScreens	local_byte_exact	0	0.9841269841269841	1.0	174			
0x40bad0	FUN_0040bad0	Input.cpp	2319	entrada	local_byte_exact	0	0.9850746268656716	1.0	207			
0x4ebd60	FUN_004ebd60	FrontendScreens.cpp	6172	FrontendScreens	local_byte_exact	0	0.9850746268656716	1.0	166			
0x46e440	FUN_0046e440	StageObjects.cpp	7875	objetos/IA/replay	local_byte_exact	0	0.9857142857142858	1.0	233			
0x4188c0	FUN_004188c0	Race.cpp	3805	carrera	local_byte_exact	0	0.9858490566037735	1.0	571			
0x47bca0	FUN_0047bca0	StageObjects.cpp	7953	objetos/IA/replay	local_byte_exact	0	0.9863013698630136	1.0	246			
0x45f890	FUN_0045f890	StageTiming.cpp	8626	tiempos/replay	local_byte_exact	0	0.9866666666666667	1.0	306			
0x4097b0	FUN_004097b0	RallyData.cpp	1053	rutas/carrera	local_byte_exact	0	0.9867549668874173	1.0	634			
0x4eed80	FUN_004eed80	FrontendScreens.cpp	2818	FrontendScreens	local_byte_exact	0	0.9868421052631579	1.0	217			
0x4bae10	FixVec_Normalize	FixedPoint.cpp	601	matemática	local_byte_exact	0	0.9871794871794872	1.0	642			
0x4b2610	FUN_004b2610	Graphics.cpp	7026	Graphics	local_byte_exact	0	0.9872340425531915	1.0	853			
0x423ff0	FUN_00423ff0	StageTiming.cpp	5058	tiempos/replay	local_byte_exact	0	0.9882352941176471	1.0	295			
0x4b2980	Mesh_DrawEnvMapped	Graphics.cpp	3171	Graphics	local_byte_exact	0	0.9895104895104895	1.0	1007			
0x4cfa10	FUN_004cfa10	Frontend.cpp	1409	Frontend	local_byte_exact	0	0.9895833333333334	1.0	280			
0x42b800	Car_ReloadModels	Car.cpp	3626	coche/cámara	local_byte_exact	0	0.99	1.0	743			
0x45eb50	FUN_0045eb50	StageTiming.cpp	5552	tiempos/replay	local_byte_exact	0	0.9900990099009901	1.0	332			
0x408020	RallyData_UpdateFlags	RallyData.cpp	1166	rutas/carrera	local_byte_exact	0	0.9905660377358491	1.0	420			
0x5074d0	FUN_005074d0	GameInfo.cpp	2806	GameInfo	local_byte_exact	0	0.990990990990991	1.0	379			
0x41e220	FUN_0041e220	Race.cpp	2920	carrera	local_byte_exact	0	0.990990990990991	1.0	301			
0x478c40	FUN_00478c40	SurfaceTypes.cpp	1554	superficies	local_byte_exact	0	0.9911504424778761	1.0	378			
0x4d2590	CFrontend::FUN_004d2590	Frontend.cpp	280	Frontend	local_byte_exact	0	0.9925373134328358	1.0	468			
0x4f0e80	FUN_004f0e80	FrontendScreens.cpp	9718	FrontendScreens	local_byte_exact	0	0.9925925925925926	1.0	438			
0x4f11d0	FUN_004f11d0	FrontendScreens.cpp	3370	FrontendScreens	local_byte_exact	0	0.993421052631579	1.0	488			
0x4eb4c0	FUN_004eb4c0	FileBuffer.cpp	293	FileBuffer	local_byte_exact	0	0.9935064935064936	1.0	513			
0x41a0a0	FUN_0041a0a0	Race.cpp	1877	carrera	local_byte_exact	0	0.9956140350877193	1.0	660			
0x45a170	FUN_0045a170	StageTiming.cpp	6131	tiempos/replay	local_byte_exact	0	0.9957446808510638	1.0	3472			
0x41f930	FUN_0041f930	Race.cpp	688	carrera	local_byte_exact	0	0.9958677685950413	1.0	790	differential_stage_paths.py		
0x4f5190	FUN_004f5190	GameInfo.cpp	11030	GameInfo	local_byte_exact	0	0.996415770609319	1.0	901			
0x4530e0	FUN_004530e0	GameMenus.cpp	1924	GameMenus	local_byte_exact	0	0.9968454258675079	1.0	1858			
0x4bf640	deflate	ZlibDeflate.cpp	422	ZlibDeflate	local_byte_exact	0	0.9976019184652278	1.0	1132			
0x4962c0	FUN_004962c0	CarPhysics.cpp	273	coche/física	local_byte_exact	0	0.9988801791713325	1.0	2869	differential_body_patch.py		
0x50cc10	FUN_0050cc10	GameInfo.cpp	9648	GameInfo	local_byte_exact	0	1.0	1.0	5522			
0x483570	FUN_00483570	StageTiming.cpp	7008	tiempos/replay	local_byte_exact	0	1.0	1.0	3480			
0x4c0d50	inflate_blocks	ZlibInfblock.cpp	121	ZlibInfblock	local_byte_exact	0	1.0	1.0	3212			
0x449100	GameMenus_Build	GameMenus.cpp	2080	GameMenus	local_byte_exact	0	1.0	1.0	2556			
0x4df410	FUN_004df410	FrontendScreens.cpp	6831	FrontendScreens	local_byte_exact	0	1.0	1.0	2541			
0x5044d0	FUN_005044d0	RallyData.cpp	7107	rutas/carrera	local_byte_exact	0	1.0	1.0	2516			
0x4a3e90	CGraphics::FUN_004a3e90	Graphics.cpp	6697	Graphics	local_byte_exact	0	1.0	1.0	2435			
0x48be20	FUN_0048be20	Collision2D.cpp	1114	colisión	local_byte_exact	0	1.0	1.0	2234			
0x4224e0	FixMatrix_Interpolate	FixedPoint.cpp	670	matemática	local_byte_exact	0	1.0	1.0	2129			
0x416770	FUN_00416770	Race.cpp	4902	carrera	local_byte_exact	0	1.0	1.0	2043			
0x4c37a0	inflate_codes	ZlibInfcodes.cpp	83	ZlibInfcodes	local_byte_exact	0	1.0	1.0	1900			
0x4e5c90	FUN_004e5c90	FrontendScreens.cpp	9143	FrontendScreens	local_byte_exact	0	1.0	1.0	1854			
0x4e3340	FUN_004e3340	FrontendScreens.cpp	5597	FrontendScreens	local_byte_exact	0	1.0	1.0	1845			
0x4e63d0	FUN_004e63d0	FrontendScreens.cpp	9231	FrontendScreens	local_byte_exact	0	1.0	1.0	1708			
0x4e3a80	FUN_004e3a80	FrontendScreens.cpp	5676	FrontendScreens	local_byte_exact	0	1.0	1.0	1697			
0x4e6a80	FUN_004e6a80	FrontendScreens.cpp	9319	FrontendScreens	local_byte_exact	0	1.0	1.0	1684			
0x4e4fc0	FUN_004e4fc0	FrontendScreens.cpp	9069	FrontendScreens	local_byte_exact	0	1.0	1.0	1634			
0x4505b0	FUN_004505b0	GameMenus.cpp	1362	GameMenus	local_byte_exact	0	1.0	1.0	1618			
0x44f8a0	FUN_0044f8a0	GameMenus.cpp	2465	GameMenus	local_byte_exact	0	1.0	1.0	1529			
0x507a10	FUN_00507a10	GameInfo.cpp	7874	GameInfo	local_byte_exact	0	1.0	1.0	1431			
0x452430	FUN_00452430	GameMenus.cpp	2609	GameMenus	local_byte_exact	0	1.0	1.0	1409			
0x4c0530	deflate_slow	ZlibDeflate.cpp	1208	ZlibDeflate	local_byte_exact	0	1.0	1.0	1389			
0x453c50	FUN_00453c50	GameMenus.cpp	2422	GameMenus	local_byte_exact	0	1.0	1.0	1380			
0x4be660	gzread	ZlibGzio.cpp	366	ZlibGzio	local_byte_exact	0	1.0	1.0	1350			
0x44d260	FUN_0044d260	GameMenus.cpp	2345	GameMenus	local_byte_exact	0	1.0	1.0	1316			
0x4c4000	huft_build	ZlibInftrees.cpp	131	ZlibInftrees	local_byte_exact	0	1.0	1.0	1233			
0x409150	FUN_00409150	RallyData.cpp	856	rutas/carrera	local_byte_exact	0	1.0	1.0	1217			
0x44cdb0	FUN_0044cdb0	GameMenus.cpp	612	GameMenus	local_byte_exact	0	1.0	1.0	1200			
0x44b7b0	FUN_0044b7b0	GameMenus.cpp	539	GameMenus	local_byte_exact	0	1.0	1.0	1142			
0x472e00	FUN_00472e00	StageObjects.cpp	2098	objetos/IA/replay	local_byte_exact	0	1.0	1.0	1135			
0x4910f0	Track_GetHeight	TrackCollision.cpp	110	colisión/pista	local_byte_exact	0	1.0	1.0	1110			
0x4e1920	FUN_004e1920	FrontendScreens.cpp	7501	FrontendScreens	local_byte_exact	0	1.0	1.0	1094			
0x4263d0	FUN_004263d0	NetRace.cpp	940	red	local_byte_exact	0	1.0	1.0	1078			
0x50e280	FUN_0050e280	GameInfo.cpp	9921	GameInfo	local_byte_exact	0	1.0	1.0	1050			
0x453830	FUN_00453830	GameMenus.cpp	2013	GameMenus	local_byte_exact	0	1.0	1.0	1044			
0x4bef00	inflate	ZlibInflate.cpp	148	ZlibInflate	local_byte_exact	0	1.0	1.0	1025			
0x44e830	FUN_0044e830	GameMenus.cpp	2249	GameMenus	local_byte_exact	0	1.0	1.0	1013			
0x44b3a0	FUN_0044b3a0	GameMenus.cpp	3566	GameMenus	local_byte_exact	0	1.0	1.0	960			
0x4a3290	Sprite_Queue	Sprite.cpp	319	Sprite	local_byte_exact	0	1.0	1.0	935			
0x4c47c0	inflate_fast	ZlibInffast.cpp	33	ZlibInffast	local_byte_exact	0	1.0	1.0	917			
0x4125f0	FUN_004125f0	RallyData.cpp	2823	rutas/carrera	local_byte_exact	0	1.0	1.0	894			
0x4a8450	CGraphics::CreateDirect3DDevice	Graphics.cpp	1941	Graphics	local_byte_exact	0	1.0	1.0	880			
0x445ea0	Dash_Update	HudDash.cpp	263	HudDash	local_byte_exact	0	1.0	1.0	878			
0x41d7a0	FUN_0041d7a0	Race.cpp	2588	carrera	local_byte_exact	0	1.0	1.0	864			
0x4c1e00	_tr_align	ZlibTrees.cpp	898	ZlibTrees	local_byte_exact	0	1.0	1.0	858			
0x4fb010	FUN_004fb010	FrontendScreens.cpp	7739	FrontendScreens	local_byte_exact	0	1.0	1.0	848			
0x50a080	FUN_0050a080	GameInfo.cpp	7065	GameInfo	local_byte_exact	0	1.0	1.0	823			
0x43e1f0	Car_SelectGearSpeedTable	Car.cpp	459	coche/cámara	local_byte_exact	0	1.0	1.0	804			
0x474fe0	FUN_00474fe0	StageObjects.cpp	10063	objetos/IA/replay	local_byte_exact	0	1.0	1.0	780			
0x475430	FUN_00475430	StageObjects.cpp	10109	objetos/IA/replay	local_byte_exact	0	1.0	1.0	771			
0x4bf340	deflateInit2_	ZlibDeflate.cpp	207	ZlibDeflate	local_byte_exact	0	1.0	1.0	753			
0x41fd30	FUN_0041fd30	Race.cpp	4260	carrera	local_byte_exact	0	1.0	1.0	748			
0x4b6f00	Graphics_SetLightingMode	Graphics.cpp	3526	Graphics	local_byte_exact	0	1.0	1.0	744			
0x401870	FUN_00401870	GameInfo.cpp	5071	GameInfo	local_byte_exact	0	1.0	1.0	743			
0x4d1080	FUN_004d1080	Game.cpp	286	Game	local_byte_exact	0	1.0	1.0	742			
0x50c130	FUN_0050c130	GameInfo.cpp	10286	GameInfo	local_byte_exact	0	1.0	1.0	741	differential_rally_menu_selection.py		
0x43f280	Car_ApplyCornerOffsets	Car.cpp	640	coche/cámara	local_byte_exact	0	1.0	1.0	739	differential_car_corners.py		
0x4f7a30	FUN_004f7a30	FrontendMenus.cpp	2985	FrontendMenus	local_byte_exact	0	1.0	1.0	707			
0x4f9670	FUN_004f9670	FrontendMenus.cpp	3189	FrontendMenus	local_byte_exact	0	1.0	1.0	707			
0x4f99b0	FUN_004f99b0	FrontendMenus.cpp	3228	FrontendMenus	local_byte_exact	0	1.0	1.0	707			
0x4f9cf0	FUN_004f9cf0	FrontendMenus.cpp	3267	FrontendMenus	local_byte_exact	0	1.0	1.0	707			
0x4a7410	CGraphics::CreateTextureSurface	Graphics.cpp	2203	Graphics	local_byte_exact	0	1.0	1.0	703			
0x494110	FUN_00494110	TrackCollision.cpp	1202	colisión/pista	local_byte_exact	0	1.0	1.0	702	differential_auto_steering.py		
0x46cce0	FUN_0046cce0	StageObjects.cpp	12002	objetos/IA/replay	local_byte_exact	0	1.0	1.0	694			
0x4d4cf0	FUN_004d4cf0	FrontendScreens.cpp	9647	FrontendScreens	local_byte_exact	0	1.0	1.0	669			
0x4bfb50	deflate_stored	ZlibDeflate.cpp	1056	ZlibDeflate	local_byte_exact	0	1.0	1.0	666			
0x4b8b90	Sector_BuildCorners	Sector.cpp	474	Sector	local_byte_exact	0	1.0	1.0	665			
0x4593a0	FUN_004593a0	StageTiming.cpp	2644	tiempos/replay	local_byte_exact	0	1.0	1.0	652			
0x4adb10	FixMatrix_FromAxisAngle	FixedPoint.cpp	463	matemática	local_byte_exact	0	1.0	1.0	633			
0x431d80	Car_OverlapsOtherCar	Car.cpp	5759	coche/cámara	local_byte_exact	0	1.0	1.0	621			
0x4ecaf0	FUN_004ecaf0	FrontendScreens.cpp	1954	FrontendScreens	local_byte_exact	0	1.0	1.0	619			
0x480380	FUN_00480380	StageObjects.cpp	2911	objetos/IA/replay	local_byte_exact	0	1.0	1.0	617			
0x41e350	FUN_0041e350	Race.cpp	2956	carrera	local_byte_exact	0	1.0	1.0	616			
0x4f4ef0	FUN_004f4ef0	GameInfo.cpp	3364	GameInfo	local_byte_exact	0	1.0	1.0	603			
0x4bdf00	gz_open	ZlibGzio.cpp	89	ZlibGzio	local_byte_exact	0	1.0	1.0	599			
0x49df90	CGraphics::FUN_0049df90	Graphics.cpp	1902	Graphics	local_byte_exact	0	1.0	1.0	598			
0x472a30	FUN_00472a30	StageObjects.cpp	15672	objetos/IA/replay	local_byte_exact	0	1.0	1.0	595			
0x505590	FUN_00505590	RallyData.cpp	6800	rutas/carrera	local_byte_exact	0	1.0	1.0	588			
0x49d040	FUN_0049d040	Game.cpp	2330	Game	local_byte_exact	0	1.0	1.0	577			
0x426d80	FUN_00426d80	FixedPoint.cpp	956	matemática	local_byte_exact	0	1.0	1.0	567	differential_car_restore.py		
0x423070	FixMatrix_RebuildBasis	FixedPoint.cpp	782	matemática	local_byte_exact	0	1.0	1.0	560			
0x4775f0	FUN_004775f0	StageObjects.cpp	3860	objetos/IA/replay	local_byte_exact	0	1.0	1.0	560			
0x4932f0	FUN_004932f0	TrackCollision.cpp	1081	colisión/pista	local_byte_exact	0	1.0	1.0	559			
0x50eba0	FUN_0050eba0	GameInfo.cpp	10062	GameInfo	local_byte_exact	0	1.0	1.0	553			
0x475740	FUN_00475740	StageObjects.cpp	2506	objetos/IA/replay	local_byte_exact	0	1.0	1.0	548			
0x4529c0	FUN_004529c0	GameMenus.cpp	1806	GameMenus	local_byte_exact	0	1.0	1.0	533			
0x445a60	Dash_LoadTextures	HudDash.cpp	147	HudDash	local_byte_exact	0	1.0	1.0	533			
0x4faa50	FUN_004faa50	FrontendMenus.cpp	27	FrontendMenus	local_byte_exact	0	1.0	1.0	531			
0x43ecd0	FUN_0043ecd0	FixedPoint.cpp	925	matemática	local_byte_exact	0	1.0	1.0	529			
0x4d2380	CFrontend::LoadLanguageFiles	Frontend.cpp	466	Frontend	local_byte_exact	0	1.0	1.0	527			
0x4ed610	FUN_004ed610	FrontendScreens.cpp	2307	FrontendScreens	local_byte_exact	0	1.0	1.0	525			
0x412390	FUN_00412390	RallyData.cpp	8024	rutas/carrera	local_byte_exact	0	1.0	1.0	521			
0x49f480	CInput::ReadKeyboardDevice	Input.cpp	1518	entrada	local_byte_exact	0	1.0	1.0	516			
0x469690	FUN_00469690	StageObjects.cpp	11905	objetos/IA/replay	local_byte_exact	0	1.0	1.0	514			
0x4a8fb0	CGraphics::SelectTextureFormats	Graphics.cpp	1812	Graphics	local_byte_exact	0	1.0	1.0	505			
0x50a680	FUN_0050a680	GameInfo.cpp	8616	GameInfo	local_byte_exact	0	1.0	1.0	502			
0x4ab380	CInput::CreateForceFeedbackEffect	Input.cpp	1728	entrada	local_byte_exact	0	1.0	1.0	498			
0x4118b0	FUN_004118b0	RallyData.cpp	3065	rutas/carrera	local_byte_exact	0	1.0	1.0	497			
0x4f4910	FUN_004f4910	GameInfo.cpp	2970	GameInfo	local_byte_exact	0	1.0	1.0	485			
0x4698a0	FUN_004698a0	StageTiming.cpp	4291	tiempos/replay	local_byte_exact	0	1.0	1.0	480			
0x4a50f0	CGraphics::LockTexture	Graphics.cpp	1434	Graphics	local_byte_exact	0	1.0	1.0	479			
0x4d0ea0	FUN_004d0ea0	Game.cpp	519	Game	local_byte_exact	0	1.0	1.0	477			
0x4d1e90	FUN_004d1e90	Game.cpp	749	Game	local_byte_exact	0	1.0	1.0	474			
0x4af940	ParticleEdit_Select	Graphics.cpp	5402	Graphics	local_byte_exact	0	1.0	1.0	466			
0x4ba870	FixMatrix_ProjectToScreen	FixedPoint.cpp	87	matemática	local_byte_exact	0	1.0	1.0	464			
0x4072d0	FUN_004072d0	RallyData.cpp	2490	rutas/carrera	local_byte_exact	0	1.0	1.0	463			
0x485690	FUN_00485690	StageObjects.cpp	12822	objetos/IA/replay	local_byte_exact	0	1.0	1.0	456			
0x455080	FUN_00455080	StageTiming.cpp	9504	tiempos/replay	local_byte_exact	0	1.0	1.0	456			
0x4a76d0	CGraphics::CreateCubeMapSurfaces	Graphics.cpp	1523	Graphics	local_byte_exact	0	1.0	1.0	452			
0x419ed0	FUN_00419ed0	Race.cpp	1823	carrera	local_byte_exact	0	1.0	1.0	448			
0x407940	FUN_00407940	RallyData.cpp	510	rutas/carrera	local_byte_exact	0	1.0	1.0	447			
0x45f6d0	FUN_0045f6d0	StageTiming.cpp	8577	tiempos/replay	local_byte_exact	0	1.0	1.0	444			
0x4bb850	Tri2D_DrawLayer	Sprite.cpp	555	Sprite	local_byte_exact	0	1.0	1.0	432			
0x4b2460	FUN_004b2460	Graphics.cpp	6985	Graphics	local_byte_exact	0	1.0	1.0	424			
0x448e70	FUN_00448e70	GameMenus.cpp	3853	GameMenus	local_byte_exact	0	1.0	1.0	421			
0x421720	View_SwitchCamera	Car.cpp	8107	coche/cámara	local_byte_exact	0	1.0	1.0	419			
0x4ed340	FUN_004ed340	FrontendScreens.cpp	2207	FrontendScreens	local_byte_exact	0	1.0	1.0	419			
0x457c50	FUN_00457c50	Graphics.cpp	5234	Graphics	local_byte_exact	0	1.0	1.0	419			
0x4d9880	FUN_004d9880	FrontendScreens.cpp	6450	FrontendScreens	local_byte_exact	0	1.0	1.0	414			
0x447a40	FUN_00447a40	FixedPoint.cpp	872	matemática	local_byte_exact	0	1.0	1.0	413			
0x4ec6f0	FUN_004ec6f0	FrontendScreens.cpp	1824	FrontendScreens	local_byte_exact	0	1.0	1.0	413			
0x502df0	FUN_00502df0	GameInfo.cpp	5821	GameInfo	local_byte_exact	0	1.0	1.0	408			
0x508fa0	FUN_00508fa0	GameInfo.cpp	6346	GameInfo	local_byte_exact	0	1.0	1.0	408			
0x456330	FUN_00456330	StageTiming.cpp	596	tiempos/replay	local_byte_exact	0	1.0	1.0	407	differential_rally_times.py		
0x44b0d0	FUN_0044b0d0	GameMenus.cpp	3523	GameMenus	local_byte_exact	0	1.0	1.0	405			
0x4b3940	Scene_BuildLightTables	SceneNode.cpp	746	SceneNode	local_byte_exact	0	1.0	1.0	405			
0x50fdf0	FUN_0050fdf0	GameInfo.cpp	582	GameInfo	local_byte_exact	0	1.0	1.0	402			
0x4ebad0	FUN_004ebad0	RallyData.cpp	1589	rutas/carrera	local_byte_exact	0	1.0	1.0	402			
0x476c70	FUN_00476c70	StageObjects.cpp	9107	objetos/IA/replay	local_byte_exact	0	1.0	1.0	399			
0x50ff90	FUN_0050ff90	GameInfo.cpp	632	GameInfo	local_byte_exact	0	1.0	1.0	398			
0x501920	FUN_00501920	GameInfo.cpp	6878	GameInfo	local_byte_exact	0	1.0	1.0	398			
0x49fb70	CInput::ReadJoystick	Input.cpp	1575	entrada	local_byte_exact	0	1.0	1.0	398			
0x405990	CGraphics::SetDefaults	Graphics.cpp	177	Graphics	local_byte_exact	0	1.0	1.0	396			
0x4692f0	FUN_004692f0	StageTiming.cpp	3203	tiempos/replay	local_byte_exact	0	1.0	1.0	395			
0x4241d0	ForceFeedback_UpdateSlot	FixedPoint.cpp	811	matemática	local_byte_exact	0	1.0	1.0	394			
0x4276c0	FUN_004276c0	NetRace.cpp	133	red	local_byte_exact	0	1.0	1.0	391			
0x46c750	FUN_0046c750	StageObjects.cpp	10933	objetos/IA/replay	local_byte_exact	0	1.0	1.0	390			
0x4a82c0	CGraphics::RestoreSurfaces	Graphics.cpp	1278	Graphics	local_byte_exact	0	1.0	1.0	388			
0x4b8910	Sector_GetNeighbours	Sector.cpp	847	Sector	local_byte_exact	0	1.0	1.0	388			
0x46b4e0	FUN_0046b4e0	StageObjects.cpp	1403	objetos/IA/replay	local_byte_exact	0	1.0	1.0	388			
0x4d0ba0	FUN_004d0ba0	Game.cpp	375	Game	local_byte_exact	0	1.0	1.0	386			
0x4a9720	CMain::Initialize	main.cpp	53	main	local_byte_exact	0	1.0	1.0	385			
0x4dc7b0	FUN_004dc7b0	FrontendScreens.cpp	537	FrontendScreens	local_byte_exact	0	1.0	1.0	382			
0x4eeab0	FUN_004eeab0	FrontendScreens.cpp	2716	FrontendScreens	local_byte_exact	0	1.0	1.0	381			
0x4c44e0	inflate_trees_dynamic	ZlibInftrees.cpp	355	ZlibInftrees	local_byte_exact	0	1.0	1.0	380			
0x401150	FUN_00401150	GameInfo.cpp	4345	GameInfo	local_byte_exact	0	1.0	1.0	376			
0x465600	FUN_00465600	StageObjects.cpp	7804	objetos/IA/replay	local_byte_exact	0	1.0	1.0	376			
0x4d08d0	CFrontend::LoadSplashScreens	Frontend.cpp	384	Frontend	local_byte_exact	0	1.0	1.0	375			
0x4ec560	FUN_004ec560	FrontendScreens.cpp	1763	FrontendScreens	local_byte_exact	0	1.0	1.0	375			
0x4d7c00	FUN_004d7c00	FrontendScreens.cpp	5954	FrontendScreens	local_byte_exact	0	1.0	1.0	374			
0x4f0ac0	FUN_004f0ac0	FrontendScreens.cpp	6213	FrontendScreens	local_byte_exact	0	1.0	1.0	374			
0x503c80	FUN_00503c80	RallyData.cpp	8501	rutas/carrera	local_byte_exact	0	1.0	1.0	370			
0x4d41e0	FrontendDraw_PlayTime	FrontendDraw.cpp	142	FrontendDraw	local_byte_exact	0	1.0	1.0	364			
0x457ed0	FUN_00457ed0	StageTiming.cpp	2941	tiempos/replay	local_byte_exact	0	1.0	1.0	364			
0x42cb90	Car_SwapWheelTextures	Car.cpp	4250	coche/cámara	local_byte_exact	0	1.0	1.0	363			
0x4a1f50	Sound_LoadWave	Sound.cpp	930	Sound	local_byte_exact	0	1.0	1.0	363			
0x424c50	FUN_00424c50	StageTiming.cpp	9334	tiempos/replay	local_byte_exact	0	1.0	1.0	361			
0x4b4910	Scene_UpdateShadowColour	SceneNode.cpp	834	SceneNode	local_byte_exact	0	1.0	1.0	359			
0x4bed90	inflateInit2_	ZlibInflate.cpp	85	ZlibInflate	local_byte_exact	0	1.0	1.0	358			
0x4e9820	FUN_004e9820	FrontendScreens.cpp	1153	FrontendScreens	local_byte_exact	0	1.0	1.0	357			
0x4ef970	FUN_004ef970	FrontendScreens.cpp	6706	FrontendScreens	local_byte_exact	0	1.0	1.0	357			
0x4a10b0	FUN_004a10b0	Game.cpp	3003	Game	local_byte_exact	0	1.0	1.0	357			
0x4d9ad0	FUN_004d9ad0	FrontendScreens.cpp	507	FrontendScreens	local_byte_exact	0	1.0	1.0	355			
0x4943d0	FUN_004943d0	TrackCollision.cpp	987	colisión/pista	local_byte_exact	0	1.0	1.0	354			
0x405830	CGraphics::InitializeDirectX	Graphics.cpp	136	Graphics	local_byte_exact	0	1.0	1.0	351			
0x410c80	FUN_00410c80	RallyData.cpp	4729	rutas/carrera	local_byte_exact	0	1.0	1.0	351			
0x42cd00	Car_PrepareBodies	Car.cpp	7252	coche/cámara	local_byte_exact	0	1.0	1.0	348			
0x4ab150	CInput::CreateConstantForceEffect	Input.cpp	1906	entrada	local_byte_exact	0	1.0	1.0	348			
0x4c1ca0	_tr_stored_block	ZlibTrees.cpp	876	ZlibTrees	local_byte_exact	0	1.0	1.0	348			
0x44af70	FUN_0044af70	GameMenus.cpp	3495	GameMenus	local_byte_exact	0	1.0	1.0	346			
0x4f2050	FUN_004f2050	FrontendScreens.cpp	3939	FrontendScreens	local_byte_exact	0	1.0	1.0	345			
0x42bcd0	Car_ResetRenderTransforms	Car.cpp	3735	coche/cámara	local_byte_exact	0	1.0	1.0	344			
0x4eb700	FUN_004eb700	FileBuffer.cpp	515	FileBuffer	local_byte_exact	0	1.0	1.0	344			
0x4aa720	CRegKey::GetValueFromKey	RegKey.cpp	43	RegKey	local_byte_exact	0	1.0	1.0	343	differential_registry_value.py		
0x4ee850	FUN_004ee850	FrontendScreens.cpp	2636	FrontendScreens	local_byte_exact	0	1.0	1.0	341			
0x49d290	FUN_0049d290	Game.cpp	2531	Game	local_byte_exact	0	1.0	1.0	340			
0x50bfd0	FUN_0050bfd0	GameInfo.cpp	10333	GameInfo	local_byte_exact	0	1.0	1.0	339			
0x4bff90	deflate_fast	ZlibDeflate.cpp	1113	ZlibDeflate	local_byte_exact	0	1.0	1.0	338			
0x415a60	FUN_00415a60	RallyData.cpp	3464	rutas/carrera	local_byte_exact	0	1.0	1.0	337			
0x4f8020	FUN_004f8020	FrontendMenus.cpp	3068	FrontendMenus	local_byte_exact	0	1.0	1.0	336			
0x4ba160	FloatMatrix_ToFix	FixedPoint.cpp	61	matemática	local_byte_exact	0	1.0	1.0	335			
0x4f2210	FUN_004f2210	FrontendScreens.cpp	5549	FrontendScreens	local_byte_exact	0	1.0	1.0	335			
0x4f7ed0	FUN_004f7ed0	FrontendMenus.cpp	3049	FrontendMenus	local_byte_exact	0	1.0	1.0	333			
0x42f9d0	Car_SettleFreeCorners	Car.cpp	5992	coche/cámara	local_byte_exact	0	1.0	1.0	330			
0x4f6b40	FUN_004f6b40	FrontendMenus.cpp	2174	FrontendMenus	local_byte_exact	0	1.0	1.0	330			
0x4d1cc0	FUN_004d1cc0	Game.cpp	693	Game	local_byte_exact	0	1.0	1.0	327			
0x49eb90	CInput::FUN_0049eb90	Input.cpp	1226	entrada	local_byte_exact	0	1.0	1.0	327			
0x49de40	FUN_0049de40	Graphics.cpp	2708	Graphics	local_byte_exact	0	1.0	1.0	326			
0x4f29b0	FUN_004f29b0	FrontendScreens.cpp	5340	FrontendScreens	local_byte_exact	0	1.0	1.0	323			
0x4458d0	Car_LiftOutOfGround	Car.cpp	5343	coche/cámara	local_byte_exact	0	1.0	1.0	321			
0x425950	FUN_00425950	NetRace.cpp	1283	red	local_byte_exact	0	1.0	1.0	319			
0x4ecd60	FUN_004ecd60	FrontendScreens.cpp	2070	FrontendScreens	local_byte_exact	0	1.0	1.0	315			
0x41bf80	FUN_0041bf80	Race.cpp	2229	carrera	local_byte_exact	0	1.0	1.0	315			
0x4869e0	FUN_004869e0	FixedPoint.cpp	1064	matemática	local_byte_exact	0	1.0	1.0	314	differential_object_matrix.py		
0x4d6460	FUN_004d6460	FrontendScreens.cpp	6362	FrontendScreens	local_byte_exact	0	1.0	1.0	313			
0x4c0aa0	crc32	ZlibCrc32.cpp	147	ZlibCrc32	local_byte_exact	0	1.0	1.0	313			
0x4e96d0	FUN_004e96d0	FrontendScreens.cpp	7089	FrontendScreens	local_byte_exact	0	1.0	1.0	311			
0x4b5620	Scene_InitLighting	SceneNode.cpp	1539	SceneNode	local_byte_exact	0	1.0	1.0	311			
0x498370	FUN_00498370	CarPhysics.cpp	864	coche/física	local_byte_exact	0	1.0	1.0	309			
0x4b1980	CGraphics::FUN_004b1980	Graphics.cpp	1869	Graphics	local_byte_exact	0	1.0	1.0	308			
0x466680	FUN_00466680	StageTiming.cpp	1548	tiempos/replay	local_byte_exact	0	1.0	1.0	308			
0x4baa40	FixMatrix_TransformPoint	FixedPoint.cpp	511	matemática	local_byte_exact	0	1.0	1.0	306			
0x4c1aa0	adler32	ZlibAdler32.cpp	25	ZlibAdler32	local_byte_exact	0	1.0	1.0	306			
0x427c10	FUN_00427c10	NetRace.cpp	577	red	local_byte_exact	0	1.0	1.0	305			
0x423300	Camera_Start	Car.cpp	7881	coche/cámara	local_byte_exact	0	1.0	1.0	304			
0x409680	FUN_00409680	RallyData.cpp	5994	rutas/carrera	local_byte_exact	0	1.0	1.0	303			
0x4cf260	FUN_004cf260	Frontend.cpp	890	Frontend	local_byte_exact	0	1.0	1.0	302			
0x4d6290	FUN_004d6290	FrontendScreens.cpp	336	FrontendScreens	local_byte_exact	0	1.0	1.0	300			
0x501b90	FUN_00501b90	GameInfo.cpp	5954	GameInfo	local_byte_exact	0	1.0	1.0	299			
0x502310	FUN_00502310	GameInfo.cpp	5532	GameInfo	local_byte_exact	0	1.0	1.0	298	differential_service_menus.py		
0x4c4690	inflate_flush	ZlibInfutil.cpp	28	ZlibInfutil	local_byte_exact	0	1.0	1.0	298			
0x4ef7c0	FUN_004ef7c0	FrontendScreens.cpp	6260	FrontendScreens	local_byte_exact	0	1.0	1.0	297			
0x4ecfd0	FUN_004ecfd0	FrontendScreens.cpp	2185	FrontendScreens	local_byte_exact	0	1.0	1.0	296			
0x4ef600	FUN_004ef600	FrontendScreens.cpp	3081	FrontendScreens	local_byte_exact	0	1.0	1.0	296			
0x44f680	GameMenus_DrawRowHighlight	GameMenus.cpp	3648	GameMenus	local_byte_exact	0	1.0	1.0	296			
0x4863d0	StageObject_DistanceFade	StageObjects.cpp	677	objetos/IA/replay	local_byte_exact	0	1.0	1.0	296			
0x40e660	FUN_0040e660	NetworkLeaderboards.cpp	160	NetworkLeaderboards	local_byte_exact	0	1.0	1.0	295			
0x502b10	FUN_00502b10	GameInfo.cpp	6016	GameInfo	local_byte_exact	0	1.0	1.0	293			
0x413200	FUN_00413200	RallyData.cpp	5906	rutas/carrera	local_byte_exact	0	1.0	1.0	293			
0x4a22c0	FUN_004a22c0	Sound.cpp	1086	Sound	local_byte_exact	0	1.0	1.0	293			
0x4e9e40	FUN_004e9e40	FrontendScreens.cpp	1309	FrontendScreens	local_byte_exact	0	1.0	1.0	292			
0x431c50	Car_ResetToStage	Car.cpp	5717	coche/cámara	local_byte_exact	0	1.0	1.0	291			
0x4edb70	FUN_004edb70	FrontendScreens.cpp	2386	FrontendScreens	local_byte_exact	0	1.0	1.0	291			
0x4f3400	FUN_004f3400	FrontendScreens.cpp	5149	FrontendScreens	local_byte_exact	0	1.0	1.0	291			
0x4f1e40	FUN_004f1e40	FrontendScreens.cpp	3869	FrontendScreens	local_byte_exact	0	1.0	1.0	290			
0x49f360	CInput::ReadMouse	Input.cpp	1483	entrada	local_byte_exact	0	1.0	1.0	287			
0x4aa5a0	CInstallInfo::WriteFileToDisk	InstallInfo.cpp	314	InstallInfo	local_byte_exact	0	1.0	1.0	284			
0x509be0	FUN_00509be0	GameInfo.cpp	6326	GameInfo	local_byte_exact	0	1.0	1.0	283			
0x4ab9d0	Mesh_FreeClones	Mesh.cpp	442	Mesh	local_byte_exact	0	1.0	1.0	283			
0x4d0a80	FUN_004d0a80	Game.cpp	246	Game	local_byte_exact	0	1.0	1.0	282			
0x4bd400	AcmGetDriverFormat	Sound.cpp	274	Sound	local_byte_exact	0	1.0	1.0	282			
0x500f80	FUN_00500f80	GameInfo.cpp	2574	GameInfo	local_byte_exact	0	1.0	1.0	281			
0x4ac4f0	SceneNode_SetRotation	SceneNode.cpp	305	SceneNode	local_byte_exact	0	1.0	1.0	281			
0x4bdb60	CGraphics::FUN_004bdb60	Graphics.cpp	594	Graphics	local_byte_exact	0	1.0	1.0	280			
0x48c750	FUN_0048c750	Collision2D.cpp	224	colisión	local_byte_exact	0	1.0	1.0	279			
0x4b9c20	FixMatrix_RotateVector	FixedPoint.cpp	258	matemática	local_byte_exact	0	1.0	1.0	279			
0x4b9da0	FixMatrix_InverseRotateVector	FixedPoint.cpp	268	matemática	local_byte_exact	0	1.0	1.0	279			
0x4813b0	FUN_004813b0	StageTiming.cpp	4944	tiempos/replay	local_byte_exact	0	1.0	1.0	279			
0x40d270	RallyTiming_SortStageOrder	RallyTiming.cpp	349	RallyTiming	local_byte_exact	0	1.0	1.0	278			
0x42be30	Car_UpdateWheelMeshStates	Car.cpp	6070	coche/cámara	local_byte_exact	0	1.0	1.0	277			
0x49e960	CInput::UpdateDevice	Input.cpp	1666	entrada	local_byte_exact	0	1.0	1.0	276			
0x455470	FUN_00455470	StageTiming.cpp	9409	tiempos/replay	local_byte_exact	0	1.0	1.0	276			
0x490e00	Track_GetTriangle	TrackCollision.cpp	43	colisión/pista	local_byte_exact	0	1.0	1.0	276			
0x4f7150	FUN_004f7150	FrontendMenus.cpp	2262	FrontendMenus	local_byte_exact	0	1.0	1.0	274			
0x4ef030	FUN_004ef030	FrontendScreens.cpp	2926	FrontendScreens	local_byte_exact	0	1.0	1.0	274			
0x4cf140	FUN_004cf140	Frontend.cpp	1043	Frontend	local_byte_exact	0	1.0	1.0	273			
0x4ffed0	FUN_004ffed0	GameInfo.cpp	11134	GameInfo	local_byte_exact	0	1.0	1.0	272			
0x4e3230	FUN_004e3230	FrontendScreens.cpp	1038	FrontendScreens	local_byte_exact	0	1.0	1.0	271			
0x4b5510	Scene_FreeLighting	SceneNode.cpp	1485	SceneNode	local_byte_exact	0	1.0	1.0	271			
0x47c1e0	FUN_0047c1e0	StageObjects.cpp	8249	objetos/IA/replay	local_byte_exact	0	1.0	1.0	271			
0x4815e0	VehicleMotion_UpdateWorldPosition	StageTiming.cpp	2562	tiempos/replay	local_byte_exact	0	1.0	1.0	271			
0x4d4f90	FUN_004d4f90	FrontendScreens.cpp	204	FrontendScreens	local_byte_exact	0	1.0	1.0	270			
0x4aa480	CInstallInfo::ShowNoCDErrorMessage	InstallInfo.cpp	138	InstallInfo	local_byte_exact	0	1.0	1.0	270			
0x463bd0	StageLights_Update	StageObjects.cpp	6959	objetos/IA/replay	local_byte_exact	0	1.0	1.0	270			
0x4f4650	FUN_004f4650	FrontendScreens.cpp	4935	FrontendScreens	local_byte_exact	0	1.0	1.0	269			
0x4ef300	FUN_004ef300	FrontendScreens.cpp	5051	FrontendScreens	local_byte_exact	0	1.0	1.0	268			
0x4a8da0	CGraphics::FUN_004a8da0	Graphics.cpp	785	Graphics	local_byte_exact	0	1.0	1.0	268			
0x4bd2b0	AcmDriverEnumCallback	Sound.cpp	224	Sound	local_byte_exact	0	1.0	1.0	268			
0x424dc0	FUN_00424dc0	StageTiming.cpp	5478	tiempos/replay	local_byte_exact	0	1.0	1.0	268			
0x4f6130	FUN_004f6130	FrontendMenus.cpp	2704	FrontendMenus	local_byte_exact	0	1.0	1.0	266			
0x49c940	Graphics_DrawMeshLOD	Graphics.cpp	7133	Graphics	local_byte_exact	0	1.0	1.0	266			
0x487e50	FUN_00487e50	StageObjects.cpp	4489	objetos/IA/replay	local_byte_exact	0	1.0	1.0	266			
0x4eec40	FUN_004eec40	FrontendScreens.cpp	2785	FrontendScreens	local_byte_exact	0	1.0	1.0	265			
0x403ef0	DrawRectOutline	GameInfo.cpp	4968	GameInfo	local_byte_exact	0	1.0	1.0	264			
0x415e30	FUN_00415e30	StageUI.cpp	1014	StageUI	local_byte_exact	0	1.0	1.0	264			
0x4f3010	FUN_004f3010	FrontendScreens.cpp	4272	FrontendScreens	local_byte_exact	0	1.0	1.0	262			
0x472720	FUN_00472720	RallyData.cpp	5705	rutas/carrera	local_byte_exact	0	1.0	1.0	262			
0x4b7790	FUN_004b7790	Sound.cpp	1219	Sound	local_byte_exact	0	1.0	1.0	262			
0x4fa0b0	FUN_004fa0b0	FrontendMenus.cpp	3316	FrontendMenus	local_byte_exact	0	1.0	1.0	261			
0x4fa1c0	FUN_004fa1c0	FrontendMenus.cpp	3332	FrontendMenus	local_byte_exact	0	1.0	1.0	261			
0x4fa780	FUN_004fa780	FrontendMenus.cpp	3776	FrontendMenus	local_byte_exact	0	1.0	1.0	261			
0x4ac280	SceneNode_UpdateTree	SceneNode.cpp	216	SceneNode	local_byte_exact	0	1.0	1.0	260			
0x4f5eb0	FUN_004f5eb0	FrontendMenus.cpp	2084	FrontendMenus	local_byte_exact	0	1.0	1.0	259			
0x4f02e0	FUN_004f02e0	FrontendScreens.cpp	6509	FrontendScreens	local_byte_exact	0	1.0	1.0	258			
0x480bb0	FUN_00480bb0	StageTiming.cpp	9112	tiempos/replay	local_byte_exact	0	1.0	1.0	256			
0x4ee9b0	FUN_004ee9b0	FrontendScreens.cpp	2694	FrontendScreens	local_byte_exact	0	1.0	1.0	254			
0x4a48c0	CGraphics::FUN_004a48c0	Graphics.cpp	6247	Graphics	local_byte_exact	0	1.0	1.0	254			
0x4b6240	Scene_DrawShadowBatches	SceneNode.cpp	2374	SceneNode	local_byte_exact	0	1.0	1.0	254			
0x47b870	FUN_0047b870	StageObjects.cpp	7926	objetos/IA/replay	local_byte_exact	0	1.0	1.0	254			
0x449ba0	FUN_00449ba0	GameMenus.cpp	378	GameMenus	local_byte_exact	0	1.0	1.0	253			
0x4bce80	Args_Parse	Graphics.cpp	3913	Graphics	local_byte_exact	0	1.0	1.0	253			
0x423de0	CameraState_Interpolate	Car.cpp	5421	coche/cámara	local_byte_exact	0	1.0	1.0	252			
0x502670	FUN_00502670	GameInfo.cpp	8330	GameInfo	local_byte_exact	0	1.0	1.0	251			
0x4a8040	CGraphics::ReleaseSurfaces	Graphics.cpp	335	Graphics	local_byte_exact	0	1.0	1.0	249			
0x407830	RallyData_GetRoundDrivers	RallyData.cpp	485	rutas/carrera	local_byte_exact	0	1.0	1.0	249			
0x4f5c90	FUN_004f5c90	FrontendMenus.cpp	2652	FrontendMenus	local_byte_exact	0	1.0	1.0	248			
0x486810	FUN_00486810	FixedPoint.cpp	1210	matemática	local_byte_exact	0	1.0	1.0	247			
0x4f1c00	FUN_004f1c00	FrontendScreens.cpp	3793	FrontendScreens	local_byte_exact	0	1.0	1.0	247			
0x4d2bd0	FUN_004d2bd0	Frontend.cpp	622	Frontend	local_byte_exact	0	1.0	1.0	246			
0x4f5670	FUN_004f5670	FrontendMenus.cpp	2031	FrontendMenus	local_byte_exact	0	1.0	1.0	246			
0x4eae90	FUN_004eae90	RallyData.cpp	1449	rutas/carrera	local_byte_exact	0	1.0	1.0	246			
0x4f3120	FUN_004f3120	FrontendScreens.cpp	4303	FrontendScreens	local_byte_exact	0	1.0	1.0	245			
0x40a230	FUN_0040a230	NetPlayers.cpp	371	red	local_byte_exact	0	1.0	1.0	243			
0x464b60	FUN_00464b60	StageObjects.cpp	8155	objetos/IA/replay	local_byte_exact	0	1.0	1.0	242			
0x45f5d0	FUN_0045f5d0	StageTiming.cpp	5764	tiempos/replay	local_byte_exact	0	1.0	1.0	242			
0x4bd7b0	WaveReadFile	Sound.cpp	412	Sound	local_byte_exact	0	1.0	1.0	241			
0x454f20	FUN_00454f20	StageTiming.cpp	4873	tiempos/replay	local_byte_exact	0	1.0	1.0	241			
0x4f6740	FUN_004f6740	FrontendMenus.cpp	2791	FrontendMenus	local_byte_exact	0	1.0	1.0	240			
0x4f6a50	FUN_004f6a50	FrontendMenus.cpp	2842	FrontendMenus	local_byte_exact	0	1.0	1.0	240			
0x403110	FUN_00403110	GameInfo.cpp	5578	GameInfo	local_byte_exact	0	1.0	1.0	239			
0x4b8450	Sector_RebuildNodeLists	Sector.cpp	802	Sector	local_byte_exact	0	1.0	1.0	238			
0x4f3310	FUN_004f3310	FrontendScreens.cpp	7473	FrontendScreens	local_byte_exact	0	1.0	1.0	237			
0x4bd010	Args_Has	Graphics.cpp	3953	Graphics	local_byte_exact	0	1.0	1.0	237			
0x493a40	FUN_00493a40	TrackCollision.cpp	949	colisión/pista	local_byte_exact	0	1.0	1.0	237			
0x4054f0	FUN_004054f0	GameInfo.cpp	5607	GameInfo	local_byte_exact	0	1.0	1.0	236			
0x4945d0	FUN_004945d0	TrackCollision.cpp	1008	colisión/pista	local_byte_exact	0	1.0	1.0	236			
0x4f6040	FUN_004f6040	FrontendMenus.cpp	2690	FrontendMenus	local_byte_exact	0	1.0	1.0	235			
0x4ec460	FUN_004ec460	FrontendScreens.cpp	1735	FrontendScreens	local_byte_exact	0	1.0	1.0	235			
0x502a00	FUN_00502a00	GameInfo.cpp	8401	GameInfo	local_byte_exact	0	1.0	1.0	235			
0x437fd0	Car_FilterWheelSpin	Car.cpp	5879	coche/cámara	local_byte_exact	0	1.0	1.0	234			
0x4f5580	FUN_004f5580	FrontendMenus.cpp	2009	FrontendMenus	local_byte_exact	0	1.0	1.0	234			
0x4f7de0	FUN_004f7de0	FrontendMenus.cpp	3033	FrontendMenus	local_byte_exact	0	1.0	1.0	234			
0x451ce0	GameMenus_FormatModeName	GameMenus.cpp	3691	GameMenus	local_byte_exact	0	1.0	1.0	233			
0x4cf8e0	FUN_004cf8e0	Frontend.cpp	1362	Frontend	local_byte_exact	0	1.0	1.0	232			
0x43fbd0	Car_SetupSuspensionRates	Car.cpp	1027	coche/cámara	local_byte_exact	0	1.0	1.0	230			
0x502790	FUN_00502790	GameInfo.cpp	8367	GameInfo	local_byte_exact	0	1.0	1.0	230			
0x44f7b0	GameMenus_DrawRowSeparator	GameMenus.cpp	3667	GameMenus	local_byte_exact	0	1.0	1.0	230			
0x40a490	FUN_0040a490	NetPlayers.cpp	474	red	local_byte_exact	0	1.0	1.0	230	differential_network_results.py		
0x4cf740	FUN_004cf740	Frontend.cpp	1303	Frontend	local_byte_exact	0	1.0	1.0	229			
0x40d180	RallyTiming_SortOverallOrder	RallyTiming.cpp	319	RallyTiming	local_byte_exact	0	1.0	1.0	229			
0x46bec0	FUN_0046bec0	StageObjects.cpp	1483	objetos/IA/replay	local_byte_exact	0	1.0	1.0	228			
0x473360	FUN_00473360	StageUI.cpp	551	StageUI	local_byte_exact	0	1.0	1.0	227			
0x50f240	FUN_0050f240	GameInfo.cpp	2492	GameInfo	local_byte_exact	0	1.0	1.0	225			
0x40c440	CInput::FUN_0040c440	Input.cpp	1189	entrada	local_byte_exact	0	1.0	1.0	225			
0x40b350	Font_Setup	Font.cpp	72	Font	local_byte_exact	0	1.0	1.0	224			
0x4cf660	FUN_004cf660	Frontend.cpp	1224	Frontend	local_byte_exact	0	1.0	1.0	224			
0x4f3530	FUN_004f3530	FrontendScreens.cpp	6334	FrontendScreens	local_byte_exact	0	1.0	1.0	224			
0x482f30	FUN_00482f30	VehiclePhysics.cpp	537	coche/física	local_byte_exact	0	1.0	1.0	224			
0x4b1d00	Mesh_UploadVertices	Mesh.cpp	241	Mesh	local_byte_exact	0	1.0	1.0	222			
0x45e710	FUN_0045e710	StageTiming.cpp	4572	tiempos/replay	local_byte_exact	0	1.0	1.0	222			
0x4ed530	FUN_004ed530	FrontendScreens.cpp	2266	FrontendScreens	local_byte_exact	0	1.0	1.0	221			
0x4d27e0	FUN_004d27e0	Frontend.cpp	635	Frontend	local_byte_exact	0	1.0	1.0	220			
0x4f2d90	FUN_004f2d90	FrontendScreens.cpp	4211	FrontendScreens	local_byte_exact	0	1.0	1.0	220			
0x4035e0	FUN_004035e0	GameInfo.cpp	4138	GameInfo	local_byte_exact	0	1.0	1.0	220			
0x4ee090	FUN_004ee090	FrontendScreens.cpp	2540	FrontendScreens	local_byte_exact	0	1.0	1.0	219			
0x4f2c40	FUN_004f2c40	FrontendScreens.cpp	4166	FrontendScreens	local_byte_exact	0	1.0	1.0	217			
0x4faef0	FUN_004faef0	FrontendScreens.cpp	7684	FrontendScreens	local_byte_exact	0	1.0	1.0	217			
0x40be90	CInput::FUN_0040be90	Input.cpp	1162	entrada	local_byte_exact	0	1.0	1.0	217			
0x4f6830	FUN_004f6830	FrontendMenus.cpp	2807	FrontendMenus	local_byte_exact	0	1.0	1.0	216			
0x4da630	FUN_004da630	FrontendScreens.cpp	477	FrontendScreens	local_byte_exact	0	1.0	1.0	216			
0x4f1a40	FUN_004f1a40	FrontendScreens.cpp	3698	FrontendScreens	local_byte_exact	0	1.0	1.0	216			
0x505a60	CGameInfo::FUN_00505a60	GameInfo.cpp	3815	GameInfo	local_byte_exact	0	1.0	1.0	215	differential_option_cache.py		
0x490640	FUN_00490640	VehiclePhysics.cpp	306	coche/física	local_byte_exact	0	1.0	1.0	215			
0x4ee600	FUN_004ee600	FrontendScreens.cpp	2615	FrontendScreens	local_byte_exact	0	1.0	1.0	214			
0x40c050	CInput::FUN_0040c050	Input.cpp	2155	entrada	local_byte_exact	0	1.0	1.0	214			
0x422e70	FixMatrix_RotateAboutRight	FixedPoint.cpp	122	matemática	local_byte_exact	0	1.0	1.0	213			
0x4f8170	FUN_004f8170	FrontendMenus.cpp	2355	FrontendMenus	local_byte_exact	0	1.0	1.0	212			
0x4ecea0	FUN_004ecea0	FrontendScreens.cpp	2123	FrontendScreens	local_byte_exact	0	1.0	1.0	212			
0x4f36e0	FUN_004f36e0	FrontendScreens.cpp	4326	FrontendScreens	local_byte_exact	0	1.0	1.0	210			
0x447d20	FUN_00447d20	HudDash.cpp	792	HudDash	local_byte_exact	0	1.0	1.0	210			
0x43e5a0	Car_BindModel	Car.cpp	544	coche/cámara	local_byte_exact	0	1.0	1.0	209			
0x4ede10	FUN_004ede10	FrontendScreens.cpp	2459	FrontendScreens	local_byte_exact	0	1.0	1.0	209			
0x469a80	FUN_00469a80	StageTiming.cpp	4337	tiempos/replay	local_byte_exact	0	1.0	1.0	208			
0x458100	FUN_00458100	StageTiming.cpp	5860	tiempos/replay	local_byte_exact	0	1.0	1.0	208			
0x45c750	Tyre_AddWear	CarEffects.cpp	882	CarEffects	local_byte_exact	0	1.0	1.0	207			
0x4eee60	FUN_004eee60	FrontendScreens.cpp	2849	FrontendScreens	local_byte_exact	0	1.0	1.0	207			
0x486740	FUN_00486740	StageObjects.cpp	9805	objetos/IA/replay	local_byte_exact	0	1.0	1.0	206			
0x4f2e70	FUN_004f2e70	FrontendScreens.cpp	4232	FrontendScreens	local_byte_exact	0	1.0	1.0	205			
0x4f2f40	FUN_004f2f40	FrontendScreens.cpp	4252	FrontendScreens	local_byte_exact	0	1.0	1.0	205			
0x49c7b0	FUN_0049c7b0	Graphics.cpp	7217	Graphics	local_byte_exact	0	1.0	1.0	204			
0x41c0e0	FUN_0041c0e0	Race.cpp	2288	carrera	local_byte_exact	0	1.0	1.0	204			
0x4917f0	FUN_004917f0	StageTiming.cpp	4515	tiempos/replay	local_byte_exact	0	1.0	1.0	204			
0x404b80	FUN_00404b80	GameInfo.cpp	4561	GameInfo	local_byte_exact	0	1.0	1.0	203			
0x4b2110	Mesh_ReuploadAll	Mesh.cpp	496	Mesh	local_byte_exact	0	1.0	1.0	202			
0x474420	FUN_00474420	StageObjects.cpp	5804	objetos/IA/replay	local_byte_exact	0	1.0	1.0	202			
0x4ba090	FixMatrix_ToFloat	FixedPoint.cpp	14	matemática	local_byte_exact	0	1.0	1.0	201			
0x500df0	FUN_00500df0	GameInfo.cpp	1722	GameInfo	local_byte_exact	0	1.0	1.0	201			
0x5039d0	FixInterp_StartToOne	GameInfo.cpp	3869	GameInfo	local_byte_exact	0	1.0	1.0	201			
0x459250	FUN_00459250	StageTiming.cpp	4183	tiempos/replay	local_byte_exact	0	1.0	1.0	200	differential_camera_clip.py		
0x490570	FUN_00490570	VehiclePhysics.cpp	285	coche/física	local_byte_exact	0	1.0	1.0	200	differential_collision_checkpoint.py		
0x4f3610	FUN_004f3610	FrontendScreens.cpp	6304	FrontendScreens	local_byte_exact	0	1.0	1.0	199			
0x5028a0	FUN_005028a0	GameInfo.cpp	5742	GameInfo	local_byte_exact	0	1.0	1.0	199			
0x503aa0	FixInterp_StartToZero	GameInfo.cpp	3881	GameInfo	local_byte_exact	0	1.0	1.0	198			
0x45e9a0	FUN_0045e9a0	StageTiming.cpp	1925	tiempos/replay	local_byte_exact	0	1.0	1.0	198			
0x5003d0	FUN_005003d0	GameInfo.cpp	8583	GameInfo	local_byte_exact	0	1.0	1.0	197			
0x45f300	FUN_0045f300	StageTiming.cpp	4059	tiempos/replay	local_byte_exact	0	1.0	1.0	197			
0x4bad40	FUN_004bad40	FixedPoint.cpp	581	matemática	local_byte_exact	0	1.0	1.0	196			
0x4f6540	FUN_004f6540	FrontendMenus.cpp	2765	FrontendMenus	local_byte_exact	0	1.0	1.0	196			
0x4f6610	FUN_004f6610	FrontendMenus.cpp	2778	FrontendMenus	local_byte_exact	0	1.0	1.0	196			
0x463290	StageLights_SetTransform	StageObjects.cpp	6922	objetos/IA/replay	local_byte_exact	0	1.0	1.0	195			
0x4f0c50	FUN_004f0c50	FrontendScreens.cpp	6622	FrontendScreens	local_byte_exact	0	1.0	1.0	194			
0x4ab2b0	CInput::SetConditionCoefficient	Input.cpp	1957	entrada	local_byte_exact	0	1.0	1.0	194			
0x49cc50	Game_DrawDeferredObjects	Game.cpp	2262	Game	local_byte_exact	0	1.0	1.0	193			
0x4a26f0	FUN_004a26f0	Sound.cpp	1152	Sound	local_byte_exact	0	1.0	1.0	193	differential_com_outputs.py		
0x45f3d0	FUN_0045f3d0	StageTiming.cpp	4085	tiempos/replay	local_byte_exact	0	1.0	1.0	193			
0x4037c0	FUN_004037c0	GameInfo.cpp	4598	GameInfo	local_byte_exact	0	1.0	1.0	192			
0x409090	RallyData_FUN_00409090	RallyData.cpp	5482	rutas/carrera	local_byte_exact	0	1.0	1.0	191			
0x477b60	FUN_00477b60	StageObjects.cpp	5364	objetos/IA/replay	local_byte_exact	0	1.0	1.0	191			
0x461a70	FUN_00461a70	StageObjects.cpp	6304	objetos/IA/replay	local_byte_exact	0	1.0	1.0	190			
0x460270	StageTiming_UpdateEventDisplacement	StageTiming.cpp	48	tiempos/replay	local_byte_exact	0	1.0	1.0	190			
0x4f5d90	FUN_004f5d90	FrontendMenus.cpp	2668	FrontendMenus	local_byte_exact	0	1.0	1.0	189			
0x4f2430	FUN_004f2430	FrontendScreens.cpp	3995	FrontendScreens	local_byte_exact	0	1.0	1.0	189			
0x40e790	FUN_0040e790	NetworkLeaderboards.cpp	102	NetworkLeaderboards	local_byte_exact	0	1.0	1.0	188			
0x4f59a0	FUN_004f59a0	FrontendMenus.cpp	2592	FrontendMenus	local_byte_exact	0	1.0	1.0	187			
0x44b270	FUN_0044b270	GameMenus.cpp	3804	GameMenus	local_byte_exact	0	1.0	1.0	187			
0x4f85b0	FUN_004f85b0	FrontendMenus.cpp	3107	FrontendMenus	local_byte_exact	0	1.0	1.0	186			
0x4f8670	FUN_004f8670	FrontendMenus.cpp	3120	FrontendMenus	local_byte_exact	0	1.0	1.0	186			
0x49cf80	FUN_0049cf80	Game.cpp	2501	Game	local_byte_exact	0	1.0	1.0	186			
0x502c60	FUN_00502c60	GameInfo.cpp	5703	GameInfo	local_byte_exact	0	1.0	1.0	186			
0x490c90	Track_GetGroundHeight	TrackCollision.cpp	253	colisión/pista	local_byte_exact	0	1.0	1.0	186			
0x43f570	Car_ResetWheelLoadsAfterShift	Car.cpp	981	coche/cámara	local_byte_exact	0	1.0	1.0	185			
0x408b10	RallyData_FUN_00408b10	RallyData.cpp	2167	rutas/carrera	local_byte_exact	0	1.0	1.0	185	differential_low_logic.py		
0x4bebb0	do_flush	ZlibGzio.cpp	598	ZlibGzio	local_byte_exact	0	1.0	1.0	185			
0x4a3c90	CFrontend::FUN_004a3c90	Frontend.cpp	532	Frontend	local_byte_exact	0	1.0	1.0	184			
0x4f0da0	FUN_004f0da0	FrontendScreens.cpp	6644	FrontendScreens	local_byte_exact	0	1.0	1.0	183			
0x4a1b90	FUN_004a1b90	Game.cpp	3413	Game	local_byte_exact	0	1.0	1.0	183	differential_low_callbacks.py		
0x500ec0	FUN_00500ec0	GameInfo.cpp	1689	GameInfo	local_byte_exact	0	1.0	1.0	183			
0x50e1c0	FUN_0050e1c0	GameInfo.cpp	8545	GameInfo	local_byte_exact	0	1.0	1.0	183			
0x410ee0	FUN_00410ee0	RallyData.cpp	4817	rutas/carrera	local_byte_exact	0	1.0	1.0	183			
0x4c1be0	_tr_init	ZlibTrees.cpp	393	ZlibTrees	local_byte_exact	0	1.0	1.0	183			
0x4032a0	FUN_004032a0	GameInfo.cpp	5414	GameInfo	local_byte_exact	0	1.0	1.0	182			
0x49c880	FUN_0049c880	Graphics.cpp	7192	Graphics	local_byte_exact	0	1.0	1.0	182			
0x47b7b0	FUN_0047b7b0	StageObjects.cpp	14058	objetos/IA/replay	local_byte_exact	0	1.0	1.0	182			
0x40b430	Font_Load	Font.cpp	100	Font	local_byte_exact	0	1.0	1.0	181			
0x407650	FUN_00407650	RallyData.cpp	2013	rutas/carrera	local_byte_exact	0	1.0	1.0	181			
0x407710	FUN_00407710	RallyData.cpp	2020	rutas/carrera	local_byte_exact	0	1.0	1.0	181			
0x411e40	FUN_00411e40	RallyData.cpp	2650	rutas/carrera	local_byte_exact	0	1.0	1.0	181			
0x4f6240	FUN_004f6240	FrontendMenus.cpp	2720	FrontendMenus	local_byte_exact	0	1.0	1.0	180			
0x4a0ca0	Session_AddToList	GameInfo.cpp	3708	GameInfo	local_byte_exact	0	1.0	1.0	180			
0x403700	FUN_00403700	GameInfo.cpp	5641	GameInfo	local_byte_exact	0	1.0	1.0	180			
0x4b1de0	CGraphics::ReleaseVertexBuffers	Graphics.cpp	312	Graphics	local_byte_exact	0	1.0	1.0	180	differential_com_outputs.py		
0x447be0	FUN_00447be0	HudDash.cpp	774	HudDash	local_byte_exact	0	1.0	1.0	180			
0x4c0c90	inflate_blocks_new	ZlibInfblock.cpp	92	ZlibInfblock	local_byte_exact	0	1.0	1.0	180			
0x4f7450	FUN_004f7450	FrontendMenus.cpp	2929	FrontendMenus	local_byte_exact	0	1.0	1.0	179			
0x49cec0	FUN_0049cec0	Game.cpp	2471	Game	local_byte_exact	0	1.0	1.0	179			
0x40c130	CInput::FUN_0040c130	Input.cpp	1633	entrada	local_byte_exact	0	1.0	1.0	179			
0x428410	FUN_00428410	NetRace.cpp	491	red	local_byte_exact	0	1.0	1.0	179			
0x4a2c70	FUN_004a2c70	Sound.cpp	681	Sound	local_byte_exact	0	1.0	1.0	179			
0x492f10	FUN_00492f10	TrackCollision.cpp	797	colisión/pista	local_byte_exact	0	1.0	1.0	179			
0x40b7c0	Font_DrawChar	Font.cpp	256	Font	local_byte_exact	0	1.0	1.0	178			
0x4f6e50	FUN_004f6e50	FrontendMenus.cpp	2206	FrontendMenus	local_byte_exact	0	1.0	1.0	178			
0x4f6f10	FUN_004f6f10	FrontendMenus.cpp	2220	FrontendMenus	local_byte_exact	0	1.0	1.0	178			
0x4f6fd0	FUN_004f6fd0	FrontendMenus.cpp	2234	FrontendMenus	local_byte_exact	0	1.0	1.0	178			
0x4f7090	FUN_004f7090	FrontendMenus.cpp	2248	FrontendMenus	local_byte_exact	0	1.0	1.0	178			
0x4edd50	FUN_004edd50	FrontendScreens.cpp	2434	FrontendScreens	local_byte_exact	0	1.0	1.0	178			
0x507650	FUN_00507650	GameInfo.cpp	2858	GameInfo	local_byte_exact	0	1.0	1.0	178			
0x4f7970	FUN_004f7970	FrontendMenus.cpp	2973	FrontendMenus	local_byte_exact	0	1.0	1.0	177			
0x4fb9c0	FUN_004fb9c0	FrontendScreens.cpp	8083	FrontendScreens	local_byte_exact	0	1.0	1.0	177			
0x4be5a0	destroy	ZlibGzio.cpp	327	ZlibGzio	local_byte_exact	0	1.0	1.0	177			
0x41e5c0	FUN_0041e5c0	Race.cpp	2316	carrera	local_byte_exact	0	1.0	1.0	176			
0x5015d0	FUN_005015d0	GameInfo.cpp	6828	GameInfo	local_byte_exact	0	1.0	1.0	175			
0x4f76f0	FUN_004f76f0	FrontendMenus.cpp	2330	FrontendMenus	local_byte_exact	0	1.0	1.0	174			
0x4f6490	FUN_004f6490	FrontendMenus.cpp	2753	FrontendMenus	local_byte_exact	0	1.0	1.0	174			
0x4e2da0	FUN_004e2da0	FrontendScreens.cpp	1027	FrontendScreens	local_byte_exact	0	1.0	1.0	174			
0x409ab0	FUN_00409ab0	NetPlayers.cpp	65	red	local_byte_exact	0	1.0	1.0	174			
0x4ac140	SceneNode_Init	SceneNode.cpp	144	SceneNode	local_byte_exact	0	1.0	1.0	174			
0x4cf5b0	FUN_004cf5b0	Frontend.cpp	1197	Frontend	local_byte_exact	0	1.0	1.0	173			
0x4fa6d0	FUN_004fa6d0	FrontendMenus.cpp	3761	FrontendMenus	local_byte_exact	0	1.0	1.0	173			
0x4fa410	FUN_004fa410	FrontendMenus.cpp	2542	FrontendMenus	local_byte_exact	0	1.0	1.0	172			
0x408d80	RallyData_FUN_00408d80	RallyData.cpp	4221	rutas/carrera	local_byte_exact	0	1.0	1.0	172			
0x484d30	FUN_00484d30	StageTiming.cpp	3895	tiempos/replay	local_byte_exact	0	1.0	1.0	172			
0x424120	FUN_00424120	StageTiming.cpp	1624	tiempos/replay	local_byte_exact	0	1.0	1.0	171			
0x4d4c40	FUN_004d4c40	FrontendScreens.cpp	185	FrontendScreens	local_byte_exact	0	1.0	1.0	170			
0x4012d0	FUN_004012d0	GameInfo.cpp	4404	GameInfo	local_byte_exact	0	1.0	1.0	170			
0x4b8540	FUN_004b8540	Sector.cpp	261	Sector	local_byte_exact	0	1.0	1.0	170			
0x483050	FUN_00483050	StageTiming.cpp	3943	tiempos/replay	local_byte_exact	0	1.0	1.0	170			
0x501520	FUN_00501520	GameInfo.cpp	1800	GameInfo	local_byte_exact	0	1.0	1.0	169			
0x447100	Dash_DrawDialFace	HudDash.cpp	471	HudDash	local_byte_exact	0	1.0	1.0	169			
0x408a60	RallyData_GetTyreRecord	RallyData.cpp	2146	rutas/carrera	local_byte_exact	0	1.0	1.0	169			
0x4ef4e0	FUN_004ef4e0	FrontendScreens.cpp	3014	FrontendScreens	local_byte_exact	0	1.0	1.0	168			
0x5009c0	FUN_005009c0	GameInfo.cpp	1582	GameInfo	local_byte_exact	0	1.0	1.0	168			
0x4010a0	FUN_004010a0	GameInfo.cpp	4292	GameInfo	local_byte_exact	0	1.0	1.0	168			
0x403370	FUN_00403370	GameInfo.cpp	5429	GameInfo	local_byte_exact	0	1.0	1.0	168			
0x41c1b0	FUN_0041c1b0	Race.cpp	224	carrera	local_byte_exact	0	1.0	1.0	168			
0x4236b0	Camera_Restart	Car.cpp	7998	coche/cámara	local_byte_exact	0	1.0	1.0	167			
0x4cf830	FUN_004cf830	Frontend.cpp	1334	Frontend	local_byte_exact	0	1.0	1.0	167			
0x4f1fa0	FUN_004f1fa0	FrontendScreens.cpp	3915	FrontendScreens	local_byte_exact	0	1.0	1.0	167			
0x404c50	FUN_00404c50	GameInfo.cpp	4509	GameInfo	local_byte_exact	0	1.0	1.0	167			
0x4667c0	FUN_004667c0	StageTiming.cpp	1597	tiempos/replay	local_byte_exact	0	1.0	1.0	167			
0x4ebf20	FUN_004ebf20	FileBuffer.cpp	454	FileBuffer	local_byte_exact	0	1.0	1.0	166			
0x406470	CGameInfo::FUN_00406470	GameInfo.cpp	487	GameInfo	local_byte_exact	0	1.0	1.0	166			
0x404130	FUN_00404130	GameInfo.cpp	4455	GameInfo	local_byte_exact	0	1.0	1.0	166			
0x455bc0	FUN_00455bc0	StageTiming.cpp	431	tiempos/replay	local_byte_exact	0	1.0	1.0	166	differential_rankings.py		
0x4a9a50	CMain::FUN_004a9a50	main.cpp	276	main	local_byte_exact	0	1.0	1.0	166			
0x4f6300	FUN_004f6300	FrontendMenus.cpp	2732	FrontendMenus	local_byte_exact	0	1.0	1.0	165			
0x4d1a90	FUN_004d1a90	Game.cpp	573	Game	local_byte_exact	0	1.0	1.0	165			
0x445c80	Dash_Reset	HudDash.cpp	220	HudDash	local_byte_exact	0	1.0	1.0	165			
0x4b5ee0	FUN_004b5ee0	SceneNode.cpp	2008	SceneNode	local_byte_exact	0	1.0	1.0	165			
0x4f0110	FUN_004f0110	FrontendScreens.cpp	7429	FrontendScreens	local_byte_exact	0	1.0	1.0	164			
0x4779e0	FUN_004779e0	Game.cpp	3339	Game	local_byte_exact	0	1.0	1.0	164			
0x4b3f90	Scene_SetLight	SceneNode.cpp	905	SceneNode	local_byte_exact	0	1.0	1.0	164			
0x4a2210	FUN_004a2210	Sound.cpp	1015	Sound	local_byte_exact	0	1.0	1.0	164			
0x4583d0	FUN_004583d0	Stage.cpp	64	Stage	local_byte_exact	0	1.0	1.0	164			
0x463360	StageLights_LoadTextures	StageObjects.cpp	6945	objetos/IA/replay	local_byte_exact	0	1.0	1.0	164			
0x4f8500	FUN_004f8500	FrontendMenus.cpp	3095	FrontendMenus	local_byte_exact	0	1.0	1.0	163			
0x449f30	FUN_00449f30	GameMenus.cpp	448	GameMenus	local_byte_exact	0	1.0	1.0	163			
0x4afbc0	ParticleEdit_SetExtendedParams	Graphics.cpp	5476	Graphics	local_byte_exact	0	1.0	1.0	163			
0x445df0	Dash_Interpolate	HudDash.cpp	244	HudDash	local_byte_exact	0	1.0	1.0	163			
0x43af70	Car_BalanceWheelPairs	Car.cpp	2055	coche/cámara	local_byte_exact	0	1.0	1.0	162			
0x4f78c0	FUN_004f78c0	FrontendMenus.cpp	2962	FrontendMenus	local_byte_exact	0	1.0	1.0	162			
0x4edca0	FUN_004edca0	FrontendScreens.cpp	2415	FrontendScreens	local_byte_exact	0	1.0	1.0	162			
0x4f88e0	FUN_004f88e0	FrontendMenus.cpp	3166	FrontendMenus	local_byte_exact	0	1.0	1.0	161			
0x4a00a0	Menu_AddItemType3	Menu.cpp	75	Menu	local_byte_exact	0	1.0	1.0	161			
0x4a0150	Menu_AddItemType6	Menu.cpp	90	Menu	local_byte_exact	0	1.0	1.0	161			
0x4071c0	FUN_004071c0	RallyData.cpp	2445	rutas/carrera	local_byte_exact	0	1.0	1.0	161			
0x476410	FUN_00476410	StageObjects.cpp	2442	objetos/IA/replay	local_byte_exact	0	1.0	1.0	161			
0x492470	FUN_00492470	TrackLighting.cpp	39	TrackLighting	local_byte_exact	0	1.0	1.0	161			
0x4f8730	FUN_004f8730	FrontendMenus.cpp	3133	FrontendMenus	local_byte_exact	0	1.0	1.0	160			
0x4f87d0	FUN_004f87d0	FrontendMenus.cpp	3145	FrontendMenus	local_byte_exact	0	1.0	1.0	160			
0x4b34d0	Scene_SetLightColour	SceneNode.cpp	2194	SceneNode	local_byte_exact	0	1.0	1.0	160			
0x411070	FUN_00411070	RallyData.cpp	6082	rutas/carrera	local_byte_exact	0	1.0	1.0	159			
0x4ac3d0	SceneNode_SetTransform	SceneNode.cpp	264	SceneNode	local_byte_exact	0	1.0	1.0	159			
0x4f9530	FUN_004f9530	FrontendMenus.cpp	2507	FrontendMenus	local_byte_exact	0	1.0	1.0	158			
0x4b9b80	FUN_004b9b80	Graphics.cpp	7108	Graphics	local_byte_exact	0	1.0	1.0	158			
0x492520	FUN_00492520	TrackLighting.cpp	55	TrackLighting	local_byte_exact	0	1.0	1.0	158			
0x421d80	View_ResetCameras	Car.cpp	8244	coche/cámara	local_byte_exact	0	1.0	1.0	157			
0x4ab0b0	CInput::SetEffectGainAndDirection	Input.cpp	1880	entrada	local_byte_exact	0	1.0	1.0	157			
0x4a2bd0	FUN_004a2bd0	Sound.cpp	745	Sound	local_byte_exact	0	1.0	1.0	157			
0x4c3f60	inflate_trees_bits	ZlibInftrees.cpp	323	ZlibInftrees	local_byte_exact	0	1.0	1.0	157			
0x4f5770	FUN_004f5770	FrontendMenus.cpp	2057	FrontendMenus	local_byte_exact	0	1.0	1.0	156			
0x4f7820	FUN_004f7820	FrontendMenus.cpp	2951	FrontendMenus	local_byte_exact	0	1.0	1.0	156			
0x4e2040	FUN_004e2040	FrontendScreens.cpp	794	FrontendScreens	local_byte_exact	0	1.0	1.0	156			
0x408500	RallyData_FUN_00408500	RallyData.cpp	4631	rutas/carrera	local_byte_exact	0	1.0	1.0	156			
0x4a25f0	FUN_004a25f0	Sound.cpp	1070	Sound	local_byte_exact	0	1.0	1.0	156			
0x4728e0	FUN_004728e0	StageObjects.cpp	1931	objetos/IA/replay	local_byte_exact	0	1.0	1.0	156			
0x433fd0	FUN_00433fd0	Car.cpp	4833	coche/cámara	local_byte_exact	0	1.0	1.0	155			
0x4f7270	FUN_004f7270	FrontendMenus.cpp	2896	FrontendMenus	local_byte_exact	0	1.0	1.0	155			
0x4f7310	FUN_004f7310	FrontendMenus.cpp	2907	FrontendMenus	local_byte_exact	0	1.0	1.0	155			
0x4f73b0	FUN_004f73b0	FrontendMenus.cpp	2918	FrontendMenus	local_byte_exact	0	1.0	1.0	155			
0x4f95d0	FUN_004f95d0	FrontendMenus.cpp	3178	FrontendMenus	local_byte_exact	0	1.0	1.0	155			
0x4ec320	FUN_004ec320	FrontendScreens.cpp	1679	FrontendScreens	local_byte_exact	0	1.0	1.0	155			
0x4eb160	FUN_004eb160	FrontendScreens.cpp	6122	FrontendScreens	local_byte_exact	0	1.0	1.0	155			
0x500aa0	FUN_00500aa0	GameInfo.cpp	1633	GameInfo	local_byte_exact	0	1.0	1.0	155			
0x50e6a0	FUN_0050e6a0	GameInfo.cpp	9572	GameInfo	local_byte_exact	0	1.0	1.0	155			
0x46e580	Events_Init	StageObjects.cpp	7483	objetos/IA/replay	local_byte_exact	0	1.0	1.0	155			
0x4bfab0	deflateEnd	ZlibDeflate.cpp	555	ZlibDeflate	local_byte_exact	0	1.0	1.0	155			
0x4fadd0	FUN_004fadd0	FrontendScreens.cpp	7639	FrontendScreens	local_byte_exact	0	1.0	1.0	154			
0x401590	FUN_00401590	GameMenus.cpp	228	GameMenus	local_byte_exact	0	1.0	1.0	154			
0x40d520	RallyTiming_SortOrder	RallyTiming.cpp	407	RallyTiming	local_byte_exact	0	1.0	1.0	154	differential_sort.py		
0x4b9ff0	FloatMatrix_Multiply	FixedPoint.cpp	37	matemática	local_byte_exact	0	1.0	1.0	153			
0x401000	FUN_00401000	GameInfo.cpp	4260	GameInfo	local_byte_exact	0	1.0	1.0	153			
0x49fd90	CInput::DInputReleaseDevices	Input.cpp	622	entrada	local_byte_exact	0	1.0	1.0	153			
0x4081d0	FUN_004081d0	RallyData.cpp	5271	rutas/carrera	local_byte_exact	0	1.0	1.0	153			
0x403200	FUN_00403200	GameInfo.cpp	4192	GameInfo	local_byte_exact	0	1.0	1.0	152			
0x401380	FUN_00401380	GameInfo.cpp	4204	GameInfo	local_byte_exact	0	1.0	1.0	152			
0x418b00	FUN_00418b00	Race.cpp	3841	carrera	local_byte_exact	0	1.0	1.0	152			
0x408760	RallyData_FUN_00408760	RallyData.cpp	2033	rutas/carrera	local_byte_exact	0	1.0	1.0	151			
0x4ec3c0	FUN_004ec3c0	FrontendScreens.cpp	1700	FrontendScreens	local_byte_exact	0	1.0	1.0	150			
0x4ead10	FUN_004ead10	GameInfo.cpp	3656	GameInfo	local_byte_exact	0	1.0	1.0	150			
0x4b85f0	Sector_FromPosition	Sector.cpp	293	Sector	local_byte_exact	0	1.0	1.0	150			
0x4923d0	FUN_004923d0	TrackLighting.cpp	23	TrackLighting	local_byte_exact	0	1.0	1.0	150			
0x44bc30	FUN_0044bc30	GameMenus.cpp	596	GameMenus	local_byte_exact	0	1.0	1.0	149			
0x4b23c0	FUN_004b23c0	Graphics.cpp	6950	Graphics	local_byte_exact	0	1.0	1.0	148			
0x477ac0	FUN_00477ac0	StageObjects.cpp	5318	objetos/IA/replay	local_byte_exact	0	1.0	1.0	148			
0x45e610	FUN_0045e610	StageTiming.cpp	3794	tiempos/replay	local_byte_exact	0	1.0	1.0	148			
0x4f7510	FUN_004f7510	FrontendMenus.cpp	2284	FrontendMenus	local_byte_exact	0	1.0	1.0	147			
0x4f75b0	FUN_004f75b0	FrontendMenus.cpp	2297	FrontendMenus	local_byte_exact	0	1.0	1.0	147			
0x4f7650	FUN_004f7650	FrontendMenus.cpp	2310	FrontendMenus	local_byte_exact	0	1.0	1.0	147			
0x4eb0c0	FUN_004eb0c0	FrontendScreens.cpp	6096	FrontendScreens	local_byte_exact	0	1.0	1.0	147			
0x4dc710	FUN_004dc710	FrontendScreens.cpp	9683	FrontendScreens	local_byte_exact	0	1.0	1.0	147			
0x432c20	Car_StoreBodyMatrix	Car.cpp	1148	coche/cámara	local_byte_exact	0	1.0	1.0	146			
0x4fa370	FUN_004fa370	FrontendMenus.cpp	2528	FrontendMenus	local_byte_exact	0	1.0	1.0	146			
0x4f3fb0	FUN_004f3fb0	FrontendScreens.cpp	4756	FrontendScreens	local_byte_exact	0	1.0	1.0	146			
0x4d4ba0	FUN_004d4ba0	FrontendScreens.cpp	5098	FrontendScreens	local_byte_exact	0	1.0	1.0	146			
0x4f8a90	FUN_004f8a90	GameInfo.cpp	3344	GameInfo	local_byte_exact	0	1.0	1.0	146	differential_low_callbacks.py		
0x4a6670	CGraphics::ParseTGAHeader	Graphics.cpp	1254	Graphics	local_byte_exact	0	1.0	1.0	146			
0x503e00	FUN_00503e00	RallyData.cpp	3946	rutas/carrera	local_byte_exact	0	1.0	1.0	146			
0x4a5da0	Graphics_ReloadTexture	Graphics.cpp	6903	Graphics	local_byte_exact	0	1.0	1.0	145			
0x40c550	CInput::FUN_0040c550	Input.cpp	1650	entrada	local_byte_exact	0	1.0	1.0	145			
0x427580	FUN_00427580	NetRace.cpp	59	red	local_byte_exact	0	1.0	1.0	145	differential_network_font.py		
0x4a2a20	FUN_004a2a20	Sound.cpp	1502	Sound	local_byte_exact	0	1.0	1.0	145			
0x476540	FUN_00476540	StageObjects.cpp	2477	objetos/IA/replay	local_byte_exact	0	1.0	1.0	145			
0x500020	FUN_00500020	GameInfo.cpp	11119	GameInfo	local_byte_exact	0	1.0	1.0	144			
0x466920	FUN_00466920	StageTiming.cpp	3847	tiempos/replay	local_byte_exact	0	1.0	1.0	144	differential_replay_reset.py		
0x4cf060	CFrontend::FUN_004cf060	Frontend.cpp	838	Frontend	local_byte_exact	0	1.0	1.0	142			
0x4d0840	FUN_004d0840	Game.cpp	203	Game	local_byte_exact	0	1.0	1.0	142			
0x5010a0	FUN_005010a0	GameInfo.cpp	6770	GameInfo	local_byte_exact	0	1.0	1.0	142			
0x41f420	FUN_0041f420	Race.cpp	3865	carrera	local_byte_exact	0	1.0	1.0	142			
0x4088a0	RallyData_FUN_004088a0	RallyData.cpp	2083	rutas/carrera	local_byte_exact	0	1.0	1.0	142			
0x4f5850	FUN_004f5850	FrontendMenus.cpp	2563	FrontendMenus	local_byte_exact	0	1.0	1.0	141			
0x4e1890	FUN_004e1890	FrontendScreens.cpp	770	FrontendScreens	local_byte_exact	0	1.0	1.0	141			
0x4e1fb0	FUN_004e1fb0	FrontendScreens.cpp	782	FrontendScreens	local_byte_exact	0	1.0	1.0	141			
0x4e2500	FUN_004e2500	FrontendScreens.cpp	7124	FrontendScreens	local_byte_exact	0	1.0	1.0	141			
0x4d1ba0	FUN_004d1ba0	Game.cpp	903	Game	local_byte_exact	0	1.0	1.0	141			
0x40a330	FUN_0040a330	NetPlayers.cpp	406	red	local_byte_exact	0	1.0	1.0	141	differential_network_tables.py		
0x40e180	FUN_0040e180	RallyData.cpp	5198	rutas/carrera	local_byte_exact	0	1.0	1.0	141			
0x47ea20	FUN_0047ea20	StageObjects.cpp	2750	objetos/IA/replay	local_byte_exact	0	1.0	1.0	141			
0x448120	FUN_00448120	StageTiming.cpp	8798	tiempos/replay	local_byte_exact	0	1.0	1.0	141			
0x4f9370	FUN_004f9370	FrontendMenus.cpp	2407	FrontendMenus	local_byte_exact	0	1.0	1.0	140			
0x4a2830	FUN_004a2830	Sound.cpp	1483	Sound	local_byte_exact	0	1.0	1.0	140			
0x460b60	FUN_00460b60	StageObjects.cpp	12175	objetos/IA/replay	local_byte_exact	0	1.0	1.0	140			
0x50fd30	FUN_0050fd30	GameInfo.cpp	8505	GameInfo	local_byte_exact	0	1.0	1.0	139			
0x494540	FUN_00494540	TrackCollision.cpp	740	colisión/pista	local_byte_exact	0	1.0	1.0	139	differential_low_logic.py		
0x4d4350	FrontendDraw_ItemLabel	FrontendDraw.cpp	164	FrontendDraw	local_byte_exact	0	1.0	1.0	138			
0x501d50	FUN_00501d50	GameInfo.cpp	5721	GameInfo	local_byte_exact	0	1.0	1.0	138			
0x447ee0	FUN_00447ee0	HudDash.cpp	751	HudDash	local_byte_exact	0	1.0	1.0	138			
0x4bd6b0	WaveOpenFile	Sound.cpp	373	Sound	local_byte_exact	0	1.0	1.0	138			
0x4fa540	FUN_004fa540	FrontendMenus.cpp	3695	FrontendMenus	local_byte_exact	0	1.0	1.0	137			
0x4d9a40	FUN_004d9a40	FrontendScreens.cpp	5307	FrontendScreens	local_byte_exact	0	1.0	1.0	137			
0x498ca0	FUN_00498ca0	StageTiming.cpp	3611	tiempos/replay	local_byte_exact	0	1.0	1.0	137			
0x4ba320	FixMatrix_RotationZ	FixedPoint.cpp	498	matemática	local_byte_exact	0	1.0	1.0	136			
0x4f3280	FUN_004f3280	FrontendScreens.cpp	7453	FrontendScreens	local_byte_exact	0	1.0	1.0	136			
0x407520	FUN_00407520	RallyData.cpp	1919	rutas/carrera	local_byte_exact	0	1.0	1.0	136			
0x4ba3b0	FixMatrix_TransformAboutPivot	FixedPoint.cpp	526	matemática	local_byte_exact	0	1.0	1.0	135			
0x4d0470	FUN_004d0470	Frontend.cpp	1785	Frontend	local_byte_exact	0	1.0	1.0	135			
0x4f5c00	FUN_004f5c00	FrontendMenus.cpp	2641	FrontendMenus	local_byte_exact	0	1.0	1.0	135			
0x4ef270	FUN_004ef270	FrontendScreens.cpp	5025	FrontendScreens	local_byte_exact	0	1.0	1.0	135			
0x4fb370	FUN_004fb370	FrontendScreens.cpp	7835	FrontendScreens	local_byte_exact	0	1.0	1.0	135			
0x4eabc0	FUN_004eabc0	GameInfo.cpp	3672	GameInfo	local_byte_exact	0	1.0	1.0	135			
0x4ae170	FUN_004ae170	Graphics.cpp	5132	Graphics	local_byte_exact	0	1.0	1.0	135			
0x40e550	CNetworkLeaderboards::AddLeaderboard	NetworkLeaderboards.cpp	127	NetworkLeaderboards	local_byte_exact	0	1.0	1.0	135			
0x424710	FUN_00424710	StageTiming.cpp	1462	tiempos/replay	local_byte_exact	0	1.0	1.0	135			
0x4ff060	FUN_004ff060	FrontendMenus.cpp	1762	FrontendMenus	local_byte_exact	0	1.0	1.0	134	differential_axis_colours.py		
0x44a000	FUN_0044a000	GameMenus.cpp	467	GameMenus	local_byte_exact	0	1.0	1.0	134			
0x409bf0	FUN_00409bf0	NetPlayers.cpp	119	red	local_byte_exact	0	1.0	1.0	134			
0x4ebcd0	FUN_004ebcd0	RallyData.cpp	1640	rutas/carrera	local_byte_exact	0	1.0	1.0	134			
0x471a60	FUN_00471a60	StageObjects.cpp	8222	objetos/IA/replay	local_byte_exact	0	1.0	1.0	134			
0x4486a0	FUN_004486a0	StageTiming.cpp	967	tiempos/replay	local_byte_exact	0	1.0	1.0	134			
0x4165e0	FUN_004165e0	StageUI.cpp	953	StageUI	local_byte_exact	0	1.0	1.0	134			
0x4fbf60	FUN_004fbf60	FrontendMenus.cpp	691	FrontendMenus	local_byte_exact	0	1.0	1.0	133			
0x49c370	CGame::FUN_0049c370	Game.cpp	1169	Game	local_byte_exact	0	1.0	1.0	133	differential_callback_cursor.py		
0x4b9af0	Graphics_HasLocalSuffix	Graphics.cpp	4112	Graphics	local_byte_exact	0	1.0	1.0	133			
0x41c510	FUN_0041c510	Race.cpp	320	carrera	local_byte_exact	0	1.0	1.0	133			
0x4a5d10	CGraphics::FreeTextureBuffers	Graphics.cpp	1122	Graphics	local_byte_exact	0	1.0	1.0	132			
0x4e2ab0	FUN_004e2ab0	FrontendScreens.cpp	807	FrontendScreens	local_byte_exact	0	1.0	1.0	131			
0x404e10	FUN_00404e10	GameInfo.cpp	4161	GameInfo	local_byte_exact	0	1.0	1.0	131			
0x506b20	FUN_00506b20	GameInfo.cpp	7684	GameInfo	local_byte_exact	0	1.0	1.0	131			
0x40ef10	FUN_0040ef10	RallyData.cpp	4909	rutas/carrera	local_byte_exact	0	1.0	1.0	131			
0x4bd120	FUN_004bd120	Sound.cpp	580	Sound	local_byte_exact	0	1.0	1.0	131			
0x4bb430	Line2D_Queue	Sprite.cpp	452	Sprite	local_byte_exact	0	1.0	1.0	131			
0x42c7b0	CarTransforms_Copy	Car.cpp	3946	coche/cámara	local_byte_exact	0	1.0	1.0	130			
0x40b4f0	Font_Reload	Font.cpp	121	Font	local_byte_exact	0	1.0	1.0	130			
0x4f9400	FUN_004f9400	FrontendMenus.cpp	2462	FrontendMenus	local_byte_exact	0	1.0	1.0	130			
0x4f9490	FUN_004f9490	FrontendMenus.cpp	2482	FrontendMenus	local_byte_exact	0	1.0	1.0	130			
0x4eca60	FUN_004eca60	FrontendScreens.cpp	2046	FrontendScreens	local_byte_exact	0	1.0	1.0	130			
0x4f1db0	FUN_004f1db0	FrontendScreens.cpp	3844	FrontendScreens	local_byte_exact	0	1.0	1.0	130			
0x480870	FUN_00480870	StageTiming.cpp	1293	tiempos/replay	local_byte_exact	0	1.0	1.0	130			
0x4d4040	FrontendDraw_MenuTitle	FrontendDraw.cpp	92	FrontendDraw	local_byte_exact	0	1.0	1.0	129			
0x4a8b30	CGraphics::FUN_004a8b30_DDEnumCallback	Graphics.cpp	766	Graphics	local_byte_exact	0	1.0	1.0	129			
0x4a2ac0	CSound::FUN_004a2ac0	Sound.cpp	97	Sound	local_byte_exact	0	1.0	1.0	129			
0x45af00	FUN_0045af00	StageTiming.cpp	9077	tiempos/replay	local_byte_exact	0	1.0	1.0	129	differential_effect_calls.py		
0x49ee10	CInput::SetJoystickAxisRange	Input.cpp	979	entrada	local_byte_exact	0	1.0	1.0	128			
0x4ab670	CLogger::LogToFile	Logger.cpp	23	Logger	local_byte_exact	0	1.0	1.0	128			
0x410fa0	FUN_00410fa0	RallyData.cpp	4842	rutas/carrera	local_byte_exact	0	1.0	1.0	128			
0x456ca0	FUN_00456ca0	StageTiming.cpp	661	tiempos/replay	local_byte_exact	0	1.0	1.0	128			
0x481560	FUN_00481560	StageTiming.cpp	2548	tiempos/replay	local_byte_exact	0	1.0	1.0	128			
0x455620	FUN_00455620	StageTiming.cpp	3701	tiempos/replay	local_byte_exact	0	1.0	1.0	128			
0x4d43e0	FUN_004d43e0	FrontendDraw.cpp	183	FrontendDraw	local_byte_exact	0	1.0	1.0	127			
0x4fa5d0	FUN_004fa5d0	FrontendMenus.cpp	3713	FrontendMenus	local_byte_exact	0	1.0	1.0	127			
0x4a1a10	FUN_004a1a10	Game.cpp	3315	Game	local_byte_exact	0	1.0	1.0	127	differential_com_outputs.py		
0x501f00	FUN_00501f00	GameInfo.cpp	5904	GameInfo	local_byte_exact	0	1.0	1.0	127			
0x4b8b10	FUN_004b8b10	Sector.cpp	578	Sector	local_byte_exact	0	1.0	1.0	127			
0x461b30	FUN_00461b30	StageObjects.cpp	6154	objetos/IA/replay	local_byte_exact	0	1.0	1.0	127			
0x4bdc80	CGraphics::FUN_004bdb60_DDEnumCallback	Graphics.cpp	644	Graphics	local_byte_exact	0	1.0	1.0	126			
0x4aae20	CInput::FUN_004aae20	Input.cpp	1028	entrada	local_byte_exact	0	1.0	1.0	126			
0x40bf70	CInput::LoadControllerInfo	Input.cpp	1138	entrada	local_byte_exact	0	1.0	1.0	126			
0x409d50	FUN_00409d50	NetPlayers.cpp	189	red	local_byte_exact	0	1.0	1.0	126			
0x413160	FUN_00413160	RallyData.cpp	5967	rutas/carrera	local_byte_exact	0	1.0	1.0	126			
0x48d8b0	FUN_0048d8b0	StageObjects.cpp	3237	objetos/IA/replay	local_byte_exact	0	1.0	1.0	126			
0x4fa890	FUN_004fa890	FrontendMenus.cpp	2421	FrontendMenus	local_byte_exact	0	1.0	1.0	125			
0x4f77a0	FUN_004f77a0	FrontendMenus.cpp	2941	FrontendMenus	local_byte_exact	0	1.0	1.0	125			
0x49cd90	FUN_0049cd90	Game.cpp	2410	Game	local_byte_exact	0	1.0	1.0	125			
0x4b4100	Scene_MarkShadowPartDirty	SceneNode.cpp	1154	SceneNode	local_byte_exact	0	1.0	1.0	125			
0x46c6d0	Replay_FreeBuffers	StageObjects.cpp	7197	objetos/IA/replay	local_byte_exact	0	1.0	1.0	125			
0x445d30	Dash_InitStyle	HudDash.cpp	194	HudDash	local_byte_exact	0	1.0	1.0	124			
0x49ee90	CInput::SetJoystickAxisDeadzone	Input.cpp	996	entrada	local_byte_exact	0	1.0	1.0	124			
0x49ef10	CInput::SetJoystickAxisSaturation	Input.cpp	1012	entrada	local_byte_exact	0	1.0	1.0	124			
0x40e3f0	CNetworkLeaderboards::LoadLeaderboards	NetworkLeaderboards.cpp	30	NetworkLeaderboards	local_byte_exact	0	1.0	1.0	124			
0x40e5e0	CNetworkLeaderboards::RemoveLeaderboard	NetworkLeaderboards.cpp	142	NetworkLeaderboards	local_byte_exact	0	1.0	1.0	124			
0x434070	Car_UpdateSlopeGrip	Car.cpp	4852	coche/cámara	local_byte_exact	0	1.0	1.0	123			
0x49dcc0	FUN_0049dcc0	Graphics.cpp	2634	Graphics	local_byte_exact	0	1.0	1.0	123			
0x409f00	FUN_00409f00	NetPlayers.cpp	272	red	local_byte_exact	0	1.0	1.0	123			
0x409010	RallyData_FUN_00409010	RallyData.cpp	5461	rutas/carrera	local_byte_exact	0	1.0	1.0	123			
0x4fa650	FUN_004fa650	FrontendMenus.cpp	3743	FrontendMenus	local_byte_exact	0	1.0	1.0	122			
0x4d63e0	FUN_004d63e0	FrontendScreens.cpp	381	FrontendScreens	local_byte_exact	0	1.0	1.0	122			
0x4e2590	FUN_004e2590	FrontendScreens.cpp	5329	FrontendScreens	local_byte_exact	0	1.0	1.0	122			
0x49ca50	Game_DrawViewMaskNodes	Game.cpp	2163	Game	local_byte_exact	0	1.0	1.0	122			
0x4ea480	FUN_004ea480	GameInfo.cpp	3409	GameInfo	local_byte_exact	0	1.0	1.0	122			
0x447e20	FUN_00447e20	HudDash.cpp	708	HudDash	local_byte_exact	0	1.0	1.0	122			
0x40efa0	FUN_0040efa0	RallyData.cpp	7845	rutas/carrera	local_byte_exact	0	1.0	1.0	122			
0x4c1a20	inflate_blocks_free	ZlibInfblock.cpp	366	ZlibInfblock	local_byte_exact	0	1.0	1.0	122			
0x43fb50	Car_SetupDriveTrain	Car.cpp	1008	coche/cámara	local_byte_exact	0	1.0	1.0	121			
0x4fc8f0	FUN_004fc8f0	FrontendMenus.cpp	940	FrontendMenus	local_byte_exact	0	1.0	1.0	121			
0x4f01c0	FUN_004f01c0	FrontendScreens.cpp	6777	FrontendScreens	local_byte_exact	0	1.0	1.0	121			
0x49f060	CInput::SetupMouse	Input.cpp	765	entrada	local_byte_exact	0	1.0	1.0	121			
0x4ab030	CInput::SetEffectGain	Input.cpp	1860	entrada	local_byte_exact	0	1.0	1.0	121			
0x40b120	FUN_0040b120	NetPlayers.cpp	997	red	local_byte_exact	0	1.0	1.0	121			
0x411120	FUN_00411120	RallyData.cpp	6060	rutas/carrera	local_byte_exact	0	1.0	1.0	121			
0x46e620	Events_Add	StageObjects.cpp	7506	objetos/IA/replay	local_byte_exact	0	1.0	1.0	121			
0x4bec70	gzclose	ZlibGzio.cpp	808	ZlibGzio	local_byte_exact	0	1.0	1.0	121			
0x4f6910	FUN_004f6910	FrontendMenus.cpp	2823	FrontendMenus	local_byte_exact	0	1.0	1.0	120			
0x4f6c90	FUN_004f6c90	FrontendMenus.cpp	2858	FrontendMenus	local_byte_exact	0	1.0	1.0	120			
0x4f2840	FUN_004f2840	FrontendScreens.cpp	4105	FrontendScreens	local_byte_exact	0	1.0	1.0	120			
0x49cad0	Game_DrawViewMaskNode	Game.cpp	2185	Game	local_byte_exact	0	1.0	1.0	120			
0x494a70	FUN_00494a70	RallyData.cpp	5411	rutas/carrera	local_byte_exact	0	1.0	1.0	120			
0x4eef30	FUN_004eef30	FrontendScreens.cpp	2883	FrontendScreens	local_byte_exact	0	1.0	1.0	119			
0x4f2750	FUN_004f2750	FrontendScreens.cpp	5235	FrontendScreens	local_byte_exact	0	1.0	1.0	119			
0x4f0250	FUN_004f0250	FrontendScreens.cpp	6812	FrontendScreens	local_byte_exact	0	1.0	1.0	119			
0x4d1e10	FUN_004d1e10	Game.cpp	928	Game	local_byte_exact	0	1.0	1.0	119			
0x5068b0	FUN_005068b0	GameInfo.cpp	7598	GameInfo	local_byte_exact	0	1.0	1.0	119			
0x40e470	CNetworkLeaderboards::SaveLeaderboards	NetworkLeaderboards.cpp	57	NetworkLeaderboards	local_byte_exact	0	1.0	1.0	119			
0x41af60	FUN_0041af60	Race.cpp	4748	carrera	local_byte_exact	0	1.0	1.0	119			
0x4be520	get_byte	ZlibGzio.cpp	245	ZlibGzio	local_byte_exact	0	1.0	1.0	119			
0x4f5a60	FUN_004f5a60	FrontendMenus.cpp	2605	FrontendMenus	local_byte_exact	0	1.0	1.0	118			
0x49ce40	Game_DrawUnsortedNodes	Game.cpp	2435	Game	local_byte_exact	0	1.0	1.0	118			
0x471cc0	RallyData_FUN_00471cc0	RallyData.cpp	3863	rutas/carrera	local_byte_exact	0	1.0	1.0	118			
0x4bd1b0	FUN_004bd1b0	Sound.cpp	134	Sound	local_byte_exact	0	1.0	1.0	118			
0x4b76c0	Sound_LoadSample	Sound.cpp	1295	Sound	local_byte_exact	0	1.0	1.0	118			
0x46d3f0	Replay_Save	StageObjects.cpp	7253	objetos/IA/replay	local_byte_exact	0	1.0	1.0	118			
0x4fa030	FUN_004fa030	FrontendMenus.cpp	3306	FrontendMenus	local_byte_exact	0	1.0	1.0	117			
0x4afc70	ParticleEdit_SetMotion	Graphics.cpp	5494	Graphics	local_byte_exact	0	1.0	1.0	117			
0x461bb0	FUN_00461bb0	StageObjects.cpp	6430	objetos/IA/replay	local_byte_exact	0	1.0	1.0	117			
0x4f5fc0	FUN_004f5fc0	FrontendMenus.cpp	2104	FrontendMenus	local_byte_exact	0	1.0	1.0	116			
0x4f6dd0	FUN_004f6dd0	FrontendMenus.cpp	2886	FrontendMenus	local_byte_exact	0	1.0	1.0	116			
0x4ef740	FUN_004ef740	FrontendScreens.cpp	7139	FrontendScreens	local_byte_exact	0	1.0	1.0	116			
0x4efde0	FUN_004efde0	FrontendScreens.cpp	10462	FrontendScreens	local_byte_exact	0	1.0	1.0	116			
0x403090	FUN_00403090	GameInfo.cpp	5402	GameInfo	local_byte_exact	0	1.0	1.0	116			
0x4bde60	CGraphics::FUN_004bde60	Graphics.cpp	715	Graphics	local_byte_exact	0	1.0	1.0	116			
0x4ae0a0	FUN_004ae0a0	Graphics.cpp	5168	Graphics	local_byte_exact	0	1.0	1.0	116			
0x40b0a0	FUN_0040b0a0	NetPlayers.cpp	982	red	local_byte_exact	0	1.0	1.0	116			
0x4c0c10	inflate_blocks_reset	ZlibInfblock.cpp	73	ZlibInfblock	local_byte_exact	0	1.0	1.0	116			
0x4d03f0	FUN_004d03f0	Frontend.cpp	1772	Frontend	local_byte_exact	0	1.0	1.0	115			
0x403550	FUN_00403550	GameInfo.cpp	5489	GameInfo	local_byte_exact	0	1.0	1.0	115			
0x409a30	FUN_00409a30	NetPlayers.cpp	44	red	local_byte_exact	0	1.0	1.0	115			
0x457e50	FUN_00457e50	StageTiming.cpp	6754	tiempos/replay	local_byte_exact	0	1.0	1.0	115			
0x4d0500	FUN_004d0500	Frontend.cpp	1803	Frontend	local_byte_exact	0	1.0	1.0	114			
0x501690	FUN_00501690	Game.cpp	1508	Game	local_byte_exact	0	1.0	1.0	114			
0x500c00	FUN_00500c00	GameInfo.cpp	5511	GameInfo	local_byte_exact	0	1.0	1.0	114			
0x49d9d0	CGraphics::ClearZBuffer	Graphics.cpp	2538	Graphics	local_byte_exact	0	1.0	1.0	114			
0x4a02e0	Menu_AddItemType2	Menu.cpp	129	Menu	local_byte_exact	0	1.0	1.0	114			
0x46c390	FUN_0046c390	StageObjects.cpp	9851	objetos/IA/replay	local_byte_exact	0	1.0	1.0	114			
0x46c2a0	FUN_0046c2a0	StageObjects.cpp	11962	objetos/IA/replay	local_byte_exact	0	1.0	1.0	114			
0x455590	FUN_00455590	StageTiming.cpp	4898	tiempos/replay	local_byte_exact	0	1.0	1.0	114			
0x415db0	PrepareFormatGapToLeader	StageUI.cpp	83	StageUI	local_byte_exact	0	1.0	1.0	114			
0x4f1640	FUN_004f1640	FrontendScreens.cpp	3536	FrontendScreens	local_byte_exact	0	1.0	1.0	113			
0x4f0090	FUN_004f0090	FrontendScreens.cpp	7368	FrontendScreens	local_byte_exact	0	1.0	1.0	113			
0x401630	FUN_00401630	GameMenus.cpp	247	GameMenus	local_byte_exact	0	1.0	1.0	113			
0x44a0a0	FUN_0044a0a0	GameMenus.cpp	515	GameMenus	local_byte_exact	0	1.0	1.0	113			
0x4a8810	CGraphics::ReleaseDirect3D	Graphics.cpp	278	Graphics	local_byte_exact	0	1.0	1.0	113			
0x480900	FUN_00480900	StageTiming.cpp	1321	tiempos/replay	local_byte_exact	0	1.0	1.0	113			
0x473470	FUN_00473470	StageUI.cpp	977	StageUI	local_byte_exact	0	1.0	1.0	113			
0x45d1e0	FUN_0045d1e0	CarEffects.cpp	1117	CarEffects	local_byte_exact	0	1.0	1.0	112			
0x4a1610	Session_GetListedUserValue	Game.cpp	3465	Game	local_byte_exact	0	1.0	1.0	112			
0x4a9df0	CGenericFileLoader::FindFile	GenericFileLoader.cpp	152	GenericFileLoader	local_byte_exact	0	1.0	1.0	112			
0x49d960	CGraphics::ClearTarget	Graphics.cpp	2525	Graphics	local_byte_exact	0	1.0	1.0	112			
0x4ec2b0	FUN_004ec2b0	FrontendScreens.cpp	1620	FrontendScreens	local_byte_exact	0	1.0	1.0	111			
0x4f4e80	FUN_004f4e80	GameInfo.cpp	3294	GameInfo	local_byte_exact	0	1.0	1.0	111			
0x403420	FUN_00403420	GameInfo.cpp	5444	GameInfo	local_byte_exact	0	1.0	1.0	111			
0x403490	FUN_00403490	GameInfo.cpp	5456	GameInfo	local_byte_exact	0	1.0	1.0	111			
0x5022a0	FUN_005022a0	GameInfo.cpp	6530	GameInfo	local_byte_exact	0	1.0	1.0	111			
0x4a78a0	CGraphics::FUN_004a78a0	Graphics.cpp	213	Graphics	local_byte_exact	0	1.0	1.0	111			source_marker
0x4a27c0	CSound::FUN_004a27c0	Sound.cpp	513	Sound	local_byte_exact	0	1.0	1.0	111			
0x4591e0	FUN_004591e0	StageTiming.cpp	3497	tiempos/replay	local_byte_exact	0	1.0	1.0	111	differential_collision_checkpoint.py		
0x40b220	Font_InitTable	Font.cpp	31	Font	local_byte_exact	0	1.0	1.0	110			
0x4f63b0	FUN_004f63b0	FrontendMenus.cpp	2125	FrontendMenus	local_byte_exact	0	1.0	1.0	110			
0x4ec9a0	FUN_004ec9a0	FrontendScreens.cpp	1907	FrontendScreens	local_byte_exact	0	1.0	1.0	110			
0x4eb370	FUN_004eb370	RallyData.cpp	1551	rutas/carrera	local_byte_exact	0	1.0	1.0	110			
0x4ec1a0	RallyData_FUN_004ec1a0	RallyData.cpp	3889	rutas/carrera	local_byte_exact	0	1.0	1.0	110	differential_low_logic.py		
0x411f00	FUN_00411f00	RallyData.cpp	5531	rutas/carrera	local_byte_exact	0	1.0	1.0	110			
0x473290	FUN_00473290	StageObjects.cpp	4399	objetos/IA/replay	local_byte_exact	0	1.0	1.0	110			
0x46ea10	FUN_0046ea10	StageObjects.cpp	9354	objetos/IA/replay	local_byte_exact	0	1.0	1.0	110			
0x50f480	FUN_0050f480	GameInfo.cpp	6284	GameInfo	local_byte_exact	0	1.0	1.0	109			
0x4017e0	FUN_004017e0	GameMenus.cpp	269	GameMenus	local_byte_exact	0	1.0	1.0	109			
0x4ac480	SceneNode_SetPosition	SceneNode.cpp	290	SceneNode	local_byte_exact	0	1.0	1.0	109			
0x462d10	FUN_00462d10	StageObjects.cpp	6776	objetos/IA/replay	local_byte_exact	0	1.0	1.0	109			
0x4f2b70	FUN_004f2b70	FrontendScreens.cpp	4116	FrontendScreens	local_byte_exact	0	1.0	1.0	108			
0x40fe50	RallyData_FUN_0040fe50	RallyData.cpp	3554	rutas/carrera	local_byte_exact	0	1.0	1.0	108			
0x465fc0	FUN_00465fc0	StageObjects.cpp	1337	objetos/IA/replay	local_byte_exact	0	1.0	1.0	108			
0x475f00	FUN_00475f00	StageObjects.cpp	2423	objetos/IA/replay	local_byte_exact	0	1.0	1.0	108			
0x4f9940	FUN_004f9940	FrontendMenus.cpp	3219	FrontendMenus	local_byte_exact	0	1.0	1.0	107			
0x4f9c80	FUN_004f9c80	FrontendMenus.cpp	3258	FrontendMenus	local_byte_exact	0	1.0	1.0	107			
0x4f9fc0	FUN_004f9fc0	FrontendMenus.cpp	3297	FrontendMenus	local_byte_exact	0	1.0	1.0	107			
0x44b330	FUN_0044b330	GameMenus.cpp	3782	GameMenus	local_byte_exact	0	1.0	1.0	107			
0x486630	FUN_00486630	StageObjects.cpp	6112	objetos/IA/replay	local_byte_exact	0	1.0	1.0	107			
0x480de0	FUN_00480de0	StageTiming.cpp	7542	tiempos/replay	local_byte_exact	0	1.0	1.0	107			
0x43b020	Car_StartPendingCountdown	Car.cpp	2640	coche/cámara	local_byte_exact	0	1.0	1.0	106			
0x4fbff0	FUN_004fbff0	FrontendMenus.cpp	721	FrontendMenus	local_byte_exact	0	1.0	1.0	106			
0x4f2b00	FUN_004f2b00	GameInfo.cpp	3234	GameInfo	local_byte_exact	0	1.0	1.0	106			
0x501130	FUN_00501130	GameInfo.cpp	6794	GameInfo	local_byte_exact	0	1.0	1.0	106			
0x407150	FUN_00407150	RallyData.cpp	2432	rutas/carrera	local_byte_exact	0	1.0	1.0	106			
0x4759d0	FUN_004759d0	StageObjects.cpp	8672	objetos/IA/replay	local_byte_exact	0	1.0	1.0	106			
0x46c320	FUN_0046c320	StageObjects.cpp	9833	objetos/IA/replay	local_byte_exact	0	1.0	1.0	106			
0x4220d0	Car_GetViewPositionDelta	Car.cpp	52	coche/cámara	local_byte_exact	0	1.0	1.0	105			
0x42cae0	Car_UsesNarrowWheels	Car.cpp	4081	coche/cámara	local_byte_exact	0	1.0	1.0	105			
0x4a4bd0	FUN_004a4bd0	Graphics.cpp	4614	Graphics	local_byte_exact	0	1.0	1.0	105			
0x47cbc0	FUN_0047cbc0	StageObjects.cpp	862	objetos/IA/replay	local_byte_exact	0	1.0	1.0	105			
0x486b20	FUN_00486b20	StageObjects.cpp	6090	objetos/IA/replay	local_byte_exact	0	1.0	1.0	105			
0x448260	FUN_00448260	StageTiming.cpp	893	tiempos/replay	local_byte_exact	0	1.0	1.0	105			
0x469b50	FUN_00469b50	StageTiming.cpp	2474	tiempos/replay	local_byte_exact	0	1.0	1.0	105			
0x494d40	FUN_00494d40	CarPhysics.cpp	144	coche/física	local_byte_exact	0	1.0	1.0	104			
0x4f7d00	FUN_004f7d00	FrontendMenus.cpp	3015	FrontendMenus	local_byte_exact	0	1.0	1.0	104			
0x4f15d0	FUN_004f15d0	FrontendScreens.cpp	3520	FrontendScreens	local_byte_exact	0	1.0	1.0	104			
0x4f27d0	FUN_004f27d0	FrontendScreens.cpp	5252	FrontendScreens	local_byte_exact	0	1.0	1.0	104			
0x5012e0	FUN_005012e0	GameInfo.cpp	6811	GameInfo	local_byte_exact	0	1.0	1.0	104			
0x4b2020	Mesh_RefreshVertices	Mesh.cpp	264	Mesh	local_byte_exact	0	1.0	1.0	104			
0x4086f0	FUN_004086f0	RallyData.cpp	2606	rutas/carrera	local_byte_exact	0	1.0	1.0	104			
0x48f400	FUN_0048f400	StageObjects.cpp	6061	objetos/IA/replay	local_byte_exact	0	1.0	1.0	104			
0x4fc880	FUN_004fc880	FrontendMenus.cpp	928	FrontendMenus	local_byte_exact	0	1.0	1.0	103			
0x4f0d30	FUN_004f0d30	FrontendScreens.cpp	3195	FrontendScreens	local_byte_exact	0	1.0	1.0	103			
0x4ec930	FUN_004ec930	FrontendScreens.cpp	5130	FrontendScreens	local_byte_exact	0	1.0	1.0	103			
0x503960	FUN_00503960	GameInfo.cpp	8300	GameInfo	local_byte_exact	0	1.0	1.0	103			
0x501710	FUN_00501710	GameInfo.cpp	8477	GameInfo	local_byte_exact	0	1.0	1.0	103			
0x43b090	Car_ScaleRatesByTimeStep	Car.cpp	2660	coche/cámara	local_byte_exact	0	1.0	1.0	102			
0x49cd20	Game_DrawSortedNodes	Game.cpp	2394	Game	local_byte_exact	0	1.0	1.0	102			
0x408400	RallyData_GetRecord	RallyData.cpp	4616	rutas/carrera	local_byte_exact	0	1.0	1.0	102			
0x46bd50	StageObject_UsesExtendedMode	StageObjects.cpp	552	objetos/IA/replay	local_byte_exact	0	1.0	1.0	102			
0x48c6e0	FUN_0048c6e0	Collision2D.cpp	203	colisión	local_byte_exact	0	1.0	1.0	101			
0x4f5ae0	FUN_004f5ae0	FrontendMenus.cpp	2615	FrontendMenus	local_byte_exact	0	1.0	1.0	101			
0x4ebe10	FUN_004ebe10	FrontendScreens.cpp	6198	FrontendScreens	local_byte_exact	0	1.0	1.0	101			
0x449090	FUN_00449090	GameMenus.cpp	300	GameMenus	local_byte_exact	0	1.0	1.0	101			
0x4ab8f0	Mesh_SetVertexColours	Mesh.cpp	65	Mesh	local_byte_exact	0	1.0	1.0	101			
0x4258e0	FUN_004258e0	NetRace.cpp	802	red	local_byte_exact	0	1.0	1.0	101			
0x420060	FUN_00420060	Race.cpp	2152	carrera	local_byte_exact	0	1.0	1.0	101			
0x4eaf90	FUN_004eaf90	RallyData.cpp	1475	rutas/carrera	local_byte_exact	0	1.0	1.0	101			
0x411ab0	FUN_00411ab0	RallyData.cpp	2631	rutas/carrera	local_byte_exact	0	1.0	1.0	101			
0x4735a0	FUN_004735a0	StageObjects.cpp	6024	objetos/IA/replay	local_byte_exact	0	1.0	1.0	101	differential_knockout_bracket.py		
0x45c6b0	FUN_0045c6b0	StageTiming.cpp	3525	tiempos/replay	local_byte_exact	0	1.0	1.0	101			
0x43e530	Car_SetDifficultyHandling	Car.cpp	528	coche/cámara	local_byte_exact	0	1.0	1.0	100			
0x4fc490	FUN_004fc490	FrontendMenus.cpp	736	FrontendMenus	local_byte_exact	0	1.0	1.0	100			
0x4afe10	ParticleEdit_SetSizeRange	Graphics.cpp	5543	Graphics	local_byte_exact	0	1.0	1.0	100			
0x4a4850	CGraphics::FUN_004a4850	Graphics.cpp	6869	Graphics	local_byte_exact	0	1.0	1.0	100			
0x4bd740	WaveStartDataRead	Sound.cpp	398	Sound	local_byte_exact	0	1.0	1.0	100			
0x448bf0	FUN_00448bf0	StageTiming.cpp	996	tiempos/replay	local_byte_exact	0	1.0	1.0	100			
0x4809e0	FUN_004809e0	StageTiming.cpp	3472	tiempos/replay	local_byte_exact	0	1.0	1.0	100			
0x49ab20	Car_BreakQueuedWindows	CarEffects.cpp	333	CarEffects	local_byte_exact	0	1.0	1.0	99			
0x4ba2b0	FixMatrix_Identity	FixedPoint.cpp	110	matemática	local_byte_exact	0	1.0	1.0	99			
0x402eb0	FUN_00402eb0	GameInfo.cpp	4051	GameInfo	local_byte_exact	0	1.0	1.0	99			
0x4ff5b0	FUN_004ff5b0	GameInfo.cpp	6435	GameInfo	local_byte_exact	0	1.0	1.0	99			
0x500360	FUN_00500360	GameInfo.cpp	8828	GameInfo	local_byte_exact	0	1.0	1.0	99			
0x4a5080	CGraphics::BltTexture	Graphics.cpp	956	Graphics	local_byte_exact	0	1.0	1.0	99			
0x4a0200	Menu_AddItemType4	Menu.cpp	105	Menu	local_byte_exact	0	1.0	1.0	99			
0x4a0270	Menu_AddItemType1	Menu.cpp	117	Menu	local_byte_exact	0	1.0	1.0	99			
0x408990	RallyData_FUN_00408990	RallyData.cpp	2115	rutas/carrera	local_byte_exact	0	1.0	1.0	99			
0x4ac680	SceneNode_Free	SceneNode.cpp	380	SceneNode	local_byte_exact	0	1.0	1.0	99			
0x48dc30	FUN_0048dc30	StageObjects.cpp	6002	objetos/IA/replay	local_byte_exact	0	1.0	1.0	99	differential_low_logic.py		
0x458090	FUN_00458090	StageTiming.cpp	5745	tiempos/replay	local_byte_exact	0	1.0	1.0	99			
0x4f5b90	FUN_004f5b90	FrontendMenus.cpp	2632	FrontendMenus	local_byte_exact	0	1.0	1.0	98			
0x4f6420	FUN_004f6420	FrontendMenus.cpp	2744	FrontendMenus	local_byte_exact	0	1.0	1.0	98			
0x4f7d70	FUN_004f7d70	FrontendMenus.cpp	3024	FrontendMenus	local_byte_exact	0	1.0	1.0	98			
0x4f1160	FUN_004f1160	FrontendScreens.cpp	3340	FrontendScreens	local_byte_exact	0	1.0	1.0	98			
0x4f1960	FUN_004f1960	FrontendScreens.cpp	3576	FrontendScreens	local_byte_exact	0	1.0	1.0	98			
0x49c440	FUN_0049c440	Game.cpp	2074	Game	local_byte_exact	0	1.0	1.0	98			
0x4afcf0	ParticleEdit_SetAlphaRamp	Graphics.cpp	5508	Graphics	local_byte_exact	0	1.0	1.0	98			
0x4b8aa0	Sector_RemoveNode	Sector.cpp	225	Sector	local_byte_exact	0	1.0	1.0	98			
0x4a2fe0	FUN_004a2fe0	Sound.cpp	795	Sound	local_byte_exact	0	1.0	1.0	98			
0x4f2d20	FUN_004f2d20	FrontendScreens.cpp	4196	FrontendScreens	local_byte_exact	0	1.0	1.0	97			
0x4facd0	FUN_004facd0	FrontendScreens.cpp	7597	FrontendScreens	local_byte_exact	0	1.0	1.0	97			
0x4d0700	FUN_004d0700	GameInfo.cpp	1188	GameInfo	local_byte_exact	0	1.0	1.0	97			
0x4a56c0	CGraphics::UnlockTexture	Graphics.cpp	1034	Graphics	local_byte_exact	0	1.0	1.0	97			
0x4bcbb0	Graphics_EnableFog	Graphics.cpp	4006	Graphics	local_byte_exact	0	1.0	1.0	97			
0x40bd60	FUN_0040bd60	Input.cpp	2411	entrada	local_byte_exact	0	1.0	1.0	97			
0x4a0b30	Menu_GoBack	Menu.cpp	517	Menu	local_byte_exact	0	1.0	1.0	97			
0x4eba60	FUN_004eba60	RallyData.cpp	1571	rutas/carrera	local_byte_exact	0	1.0	1.0	97			
0x4a2f70	FUN_004a2f70	Sound.cpp	712	Sound	local_byte_exact	0	1.0	1.0	97			
0x4a2430	FUN_004a2430	Sound.cpp	815	Sound	local_byte_exact	0	1.0	1.0	97			
0x4b7650	Sound_Init	Sound.cpp	1277	Sound	local_byte_exact	0	1.0	1.0	97			
0x4648f0	FUN_004648f0	StageObjects.cpp	5865	objetos/IA/replay	local_byte_exact	0	1.0	1.0	97			
0x455df0	StageTiming_GetSplitTimesForPositions	StageTiming.cpp	533	tiempos/replay	local_byte_exact	0	1.0	1.0	97			
0x4f1d00	FUN_004f1d00	FrontendScreens.cpp	3817	FrontendScreens	local_byte_exact	0	1.0	1.0	96			
0x4ff450	CGame::FUN_004ff450	Game.cpp	1282	Game	local_byte_exact	0	1.0	1.0	96			
0x502d50	FUN_00502d50	GameInfo.cpp	1965	GameInfo	local_byte_exact	0	1.0	1.0	96	differential_option_cache.py		
0x408800	RallyData_FUN_00408800	RallyData.cpp	2055	rutas/carrera	local_byte_exact	0	1.0	1.0	96			
0x49c310	CGame::FUN_0049c310	Game.cpp	1140	Game	local_byte_exact	0	1.0	1.0	95			
0x4a16c0	Session_SetUserValue	Game.cpp	3144	Game	local_byte_exact	0	1.0	1.0	95			
0x4f4cc0	FUN_004f4cc0	GameInfo.cpp	3100	GameInfo	local_byte_exact	0	1.0	1.0	95			
0x5024a0	FUN_005024a0	GameInfo.cpp	6552	GameInfo	local_byte_exact	0	1.0	1.0	95	differential_service_menus.py		
0x408930	RallyData_FUN_00408930	RallyData.cpp	2100	rutas/carrera	local_byte_exact	0	1.0	1.0	95			
0x408a00	RallyData_FUN_00408a00	RallyData.cpp	2131	rutas/carrera	local_byte_exact	0	1.0	1.0	95			
0x4ac620	SceneNode_Destroy	SceneNode.cpp	351	SceneNode	local_byte_exact	0	1.0	1.0	95			
0x463d00	StageLights_Off	StageObjects.cpp	6994	objetos/IA/replay	local_byte_exact	0	1.0	1.0	95			
0x45d270	FUN_0045d270	CarEffects.cpp	1153	CarEffects	local_byte_exact	0	1.0	1.0	94			
0x4f66e0	FUN_004f66e0	FrontendMenus.cpp	2146	FrontendMenus	local_byte_exact	0	1.0	1.0	94			
0x4f69f0	FUN_004f69f0	FrontendMenus.cpp	2159	FrontendMenus	local_byte_exact	0	1.0	1.0	94			
0x477850	FUN_00477850	StageObjects.cpp	8696	objetos/IA/replay	local_byte_exact	0	1.0	1.0	94			
0x480980	FUN_00480980	StageTiming.cpp	3449	tiempos/replay	local_byte_exact	0	1.0	1.0	94			
0x50f120	FUN_0050f120	GameInfo.cpp	2405	GameInfo	local_byte_exact	0	1.0	1.0	93			
0x46c450	FUN_0046c450	StageObjects.cpp	8359	objetos/IA/replay	local_byte_exact	0	1.0	1.0	93			
0x491790	FUN_00491790	StageTiming.cpp	1672	tiempos/replay	local_byte_exact	0	1.0	1.0	93			
0x4fcc50	FUN_004fcc50	FrontendMenus.cpp	1076	FrontendMenus	local_byte_exact	0	1.0	1.0	92			
0x4fa910	FUN_004fa910	FrontendMenus.cpp	2441	FrontendMenus	local_byte_exact	0	1.0	1.0	92			
0x509d30	FUN_00509d30	GameInfo.cpp	6311	GameInfo	local_byte_exact	0	1.0	1.0	92			
0x40bff0	CInput::SaveControllerInfo	Input.cpp	1984	entrada	local_byte_exact	0	1.0	1.0	92			
0x4f26f0	FUN_004f26f0	FrontendScreens.cpp	5209	FrontendScreens	local_byte_exact	0	1.0	1.0	91			
0x50f1d0	FUN_0050f1d0	GameInfo.cpp	2436	GameInfo	local_byte_exact	0	1.0	1.0	91			
0x4a2690	FUN_004a2690	Sound.cpp	1133	Sound	local_byte_exact	0	1.0	1.0	91			
0x472990	FUN_00472990	StageObjects.cpp	1969	objetos/IA/replay	local_byte_exact	0	1.0	1.0	91			
0x4218d0	View_FindFreeModeSlot	Car.cpp	5484	coche/cámara	local_byte_exact	0	1.0	1.0	90			
0x4b9d40	FloatMatrix_RotateVector	FixedPoint.cpp	278	matemática	local_byte_exact	0	1.0	1.0	90			
0x4b9ec0	FloatMatrix_InverseRotateVector	FixedPoint.cpp	288	matemática	local_byte_exact	0	1.0	1.0	90			
0x4cf470	FUN_004cf470	Frontend.cpp	1135	Frontend	local_byte_exact	0	1.0	1.0	90			
0x4f8870	FUN_004f8870	FrontendMenus.cpp	3157	FrontendMenus	local_byte_exact	0	1.0	1.0	90			
0x4f3220	FUN_004f3220	FrontendScreens.cpp	7385	FrontendScreens	local_byte_exact	0	1.0	1.0	90			
0x4f4d20	FUN_004f4d20	GameInfo.cpp	3168	GameInfo	local_byte_exact	0	1.0	1.0	90			
0x40ac70	FUN_0040ac70	NetPlayers.cpp	769	red	local_byte_exact	0	1.0	1.0	90			
0x470240	FUN_00470240	RallyData.cpp	5398	rutas/carrera	local_byte_exact	0	1.0	1.0	90			
0x4482d0	FUN_004482d0	StageTiming.cpp	908	tiempos/replay	local_byte_exact	0	1.0	1.0	90			
0x490c30	FUN_00490c30	TrackCollision.cpp	239	colisión/pista	local_byte_exact	0	1.0	1.0	90			
0x40b730	Font_GetTextHeight	Font.cpp	225	Font	local_byte_exact	0	1.0	1.0	89			
0x4f1b30	FUN_004f1b30	FrontendScreens.cpp	3742	FrontendScreens	local_byte_exact	0	1.0	1.0	89			
0x4f3bb0	FUN_004f3bb0	FrontendScreens.cpp	4563	FrontendScreens	local_byte_exact	0	1.0	1.0	89			
0x50f420	FUN_0050f420	GameInfo.cpp	6125	GameInfo	local_byte_exact	0	1.0	1.0	89			
0x4b3ae0	Scene_GetLightColour	SceneNode.cpp	803	SceneNode	local_byte_exact	0	1.0	1.0	89			
0x4b3b40	Scene_GetLightColourD3D	SceneNode.cpp	923	SceneNode	local_byte_exact	0	1.0	1.0	89			
0x4b3ba0	Scene_GetShadowColourD3D	SceneNode.cpp	941	SceneNode	local_byte_exact	0	1.0	1.0	89			
0x465e40	FUN_00465e40	StageObjects.cpp	5845	objetos/IA/replay	local_byte_exact	0	1.0	1.0	89			
0x473540	FUN_00473540	StageUI.cpp	913	StageUI	local_byte_exact	0	1.0	1.0	89			
0x478be0	FUN_00478be0	SurfaceTypes.cpp	1365	superficies	local_byte_exact	0	1.0	1.0	89			
0x423010	View_SetShake	Car.cpp	4209	coche/cámara	local_byte_exact	0	1.0	1.0	88			
0x4cf4d0	FUN_004cf4d0	Frontend.cpp	1151	Frontend	local_byte_exact	0	1.0	1.0	88			
0x4f48b0	FUN_004f48b0	GameInfo.cpp	3197	GameInfo	local_byte_exact	0	1.0	1.0	88			
0x49f000	CInput::SetMouseCoopLevel	Input.cpp	787	entrada	local_byte_exact	0	1.0	1.0	88			
0x4a0ad0	Menu_SetNextAction	Menu.cpp	277	Menu	local_byte_exact	0	1.0	1.0	88			
0x475970	FUN_00475970	StageObjects.cpp	5830	objetos/IA/replay	local_byte_exact	0	1.0	1.0	88			
0x4664c0	FUN_004664c0	StageObjects.cpp	14318	objetos/IA/replay	local_byte_exact	0	1.0	1.0	88			
0x465ec0	FUN_00465ec0	StageTiming.cpp	1178	tiempos/replay	local_byte_exact	0	1.0	1.0	88			
0x40b290	Font_ReleaseAll	Font.cpp	45	Font	local_byte_exact	0	1.0	1.0	87			
0x4f5940	FUN_004f5940	FrontendMenus.cpp	2583	FrontendMenus	local_byte_exact	0	1.0	1.0	87			
0x4d1c30	FUN_004d1c30	Game.cpp	917	Game	local_byte_exact	0	1.0	1.0	87			
0x502440	FUN_00502440	GameInfo.cpp	6541	GameInfo	local_byte_exact	0	1.0	1.0	87			
0x4cf550	FUN_004cf550	Frontend.cpp	1181	Frontend	local_byte_exact	0	1.0	1.0	86			
0x4f5e50	FUN_004f5e50	FrontendMenus.cpp	2681	FrontendMenus	local_byte_exact	0	1.0	1.0	86			
0x4afdb0	ParticleEdit_SetSizeRamp	Graphics.cpp	5531	Graphics	local_byte_exact	0	1.0	1.0	86			
0x41fcd0	FUN_0041fcd0	Race.cpp	3558	carrera	local_byte_exact	0	1.0	1.0	86			
0x40d120	RallyTiming_AddStageTimes	RallyTiming.cpp	455	RallyTiming	local_byte_exact	0	1.0	1.0	86			
0x480a60	FUN_00480a60	StageObjects.cpp	5481	objetos/IA/replay	local_byte_exact	0	1.0	1.0	86			
0x45e5b0	FUN_0045e5b0	StageTiming.cpp	1168	tiempos/replay	local_byte_exact	0	1.0	1.0	86			
0x459180	FUN_00459180	StageTiming.cpp	3428	tiempos/replay	local_byte_exact	0	1.0	1.0	86			
0x4fac70	FUN_004fac70	FrontendMenus.cpp	70	FrontendMenus	local_byte_exact	0	1.0	1.0	85			
0x4ec8d0	FUN_004ec8d0	FrontendScreens.cpp	1889	FrontendScreens	local_byte_exact	0	1.0	1.0	85			
0x4ff4e0	FUN_004ff4e0	GameInfo.cpp	1474	GameInfo	local_byte_exact	0	1.0	1.0	85			
0x500ba0	GameInfo_ProcessNetworkMessages	GameInfo.cpp	1674	GameInfo	local_byte_exact	0	1.0	1.0	85			
0x4f2360	FUN_004f2360	GameInfo.cpp	3220	GameInfo	local_byte_exact	0	1.0	1.0	85			
0x500210	FUN_00500210	GameInfo.cpp	8564	GameInfo	local_byte_exact	0	1.0	1.0	85			
0x4aaea0	CInput::ResetForceFeedbackEffectsAlt	Input.cpp	1109	entrada	local_byte_exact	0	1.0	1.0	85			
0x40c210	CInput::FUN_0040c210	Input.cpp	1430	entrada	local_byte_exact	0	1.0	1.0	85			
0x4aaf70	CInput::StartForceFeedbackEffect	Input.cpp	1455	entrada	local_byte_exact	0	1.0	1.0	85			
0x409e30	FUN_00409e30	NetPlayers.cpp	234	red	local_byte_exact	0	1.0	1.0	85			
0x427890	FUN_00427890	NetRace.cpp	200	red	local_byte_exact	0	1.0	1.0	85			
0x408d00	RallyData_MarkTyresChanged	RallyData.cpp	2236	rutas/carrera	local_byte_exact	0	1.0	1.0	85			
0x477c80	FUN_00477c80	StageObjects.cpp	5469	objetos/IA/replay	local_byte_exact	0	1.0	1.0	85			
0x46c540	Replay_InitSlots	StageObjects.cpp	7177	objetos/IA/replay	local_byte_exact	0	1.0	1.0	85	differential_replay_slots.py		
0x4f6990	FUN_004f6990	FrontendMenus.cpp	2833	FrontendMenus	local_byte_exact	0	1.0	1.0	84			
0x4f6d10	FUN_004f6d10	FrontendMenus.cpp	2868	FrontendMenus	local_byte_exact	0	1.0	1.0	84			
0x4f6d70	FUN_004f6d70	FrontendMenus.cpp	2877	FrontendMenus	local_byte_exact	0	1.0	1.0	84			
0x4d1b40	FUN_004d1b40	Game.cpp	595	Game	local_byte_exact	0	1.0	1.0	84			
0x502240	FUN_00502240	GameInfo.cpp	6519	GameInfo	local_byte_exact	0	1.0	1.0	84			
0x4bd250	AcmFormatEnumCallback	Sound.cpp	208	Sound	local_byte_exact	0	1.0	1.0	84			
0x45e6b0	FUN_0045e6b0	StageTiming.cpp	1915	tiempos/replay	local_byte_exact	0	1.0	1.0	84			
0x4de170	FormatCentisecondsAsMinSecMSec	TimingUtils.cpp	14	TimingUtils	local_byte_exact	0	1.0	1.0	84			
0x4eb2e0	FUN_004eb2e0	FileBuffer.cpp	206	FileBuffer	local_byte_exact	0	1.0	1.0	83			
0x40b2f0	Font_Release	Font.cpp	58	Font	local_byte_exact	0	1.0	1.0	83			
0x4d0310	FUN_004d0310	Frontend.cpp	1738	Frontend	local_byte_exact	0	1.0	1.0	83			
0x4ef420	FUN_004ef420	FrontendScreens.cpp	5080	FrontendScreens	local_byte_exact	0	1.0	1.0	83			
0x4aafd0	CInput::SetForceFeedbackAutocenter	Input.cpp	1059	entrada	local_byte_exact	0	1.0	1.0	83			
0x49f300	CInput::ReadKeyboardState	Input.cpp	1368	entrada	local_byte_exact	0	1.0	1.0	83			
0x4070f0	RallyData_FUN_004070f0	RallyData.cpp	652	rutas/carrera	local_byte_exact	0	1.0	1.0	83			
0x412970	FUN_00412970	RallyData.cpp	2728	rutas/carrera	local_byte_exact	0	1.0	1.0	83			
0x407f20	RallyData_FUN_00407f20	RallyData.cpp	3534	rutas/carrera	local_byte_exact	0	1.0	1.0	83			
0x48d850	FUN_0048d850	StageObjects.cpp	5454	objetos/IA/replay	local_byte_exact	0	1.0	1.0	83			
0x4765e0	FUN_004765e0	StageObjects.cpp	12369	objetos/IA/replay	local_byte_exact	0	1.0	1.0	83			
0x460330	FUN_00460330	StageObjects.cpp	14526	objetos/IA/replay	local_byte_exact	0	1.0	1.0	83			
0x448cf0	StageTiming_QueueDriverSlot	StageTiming.cpp	810	tiempos/replay	local_byte_exact	0	1.0	1.0	83			
0x466870	FUN_00466870	StageTiming.cpp	3290	tiempos/replay	local_byte_exact	0	1.0	1.0	83			
0x4f9300	FUN_004f9300	FrontendMenus.cpp	2383	FrontendMenus	local_byte_exact	0	1.0	1.0	82			
0x44a150	FUN_0044a150	GameMenus.cpp	3766	GameMenus	local_byte_exact	0	1.0	1.0	82			
0x4bcf80	Args_Free	Graphics.cpp	3899	Graphics	local_byte_exact	0	1.0	1.0	82			
0x41d060	FUN_0041d060	Race.cpp	4539	carrera	local_byte_exact	0	1.0	1.0	82			
0x4085a0	FUN_004085a0	RallyData.cpp	2560	rutas/carrera	local_byte_exact	0	1.0	1.0	82			
0x4100a0	FUN_004100a0	RallyData.cpp	3585	rutas/carrera	local_byte_exact	0	1.0	1.0	82			
0x46c240	FUN_0046c240	StageObjects.cpp	1615	objetos/IA/replay	local_byte_exact	0	1.0	1.0	82			
0x4bab80	FixMatrix_CopyRotation	FixedPoint.cpp	300	matemática	local_byte_exact	0	1.0	1.0	81			
0x4babe0	FixMatrix_CopyRotationFrom	FixedPoint.cpp	547	matemática	local_byte_exact	0	1.0	1.0	81			
0x4f5520	FUN_004f5520	FrontendMenus.cpp	1988	FrontendMenus	local_byte_exact	0	1.0	1.0	81			
0x4f58e0	FUN_004f58e0	FrontendMenus.cpp	2574	FrontendMenus	local_byte_exact	0	1.0	1.0	81			
0x4f23d0	FUN_004f23d0	FrontendScreens.cpp	3977	FrontendScreens	local_byte_exact	0	1.0	1.0	81			
0x401780	FUN_00401780	GameMenus.cpp	259	GameMenus	local_byte_exact	0	1.0	1.0	81			
0x449b00	FUN_00449b00	GameMenus.cpp	347	GameMenus	local_byte_exact	0	1.0	1.0	81			
0x446210	Dash_Draw	HudDash.cpp	674	HudDash	local_byte_exact	0	1.0	1.0	81			
0x407270	FUN_00407270	RallyData.cpp	2472	rutas/carrera	local_byte_exact	0	1.0	1.0	81			
0x477c20	FUN_00477c20	StageObjects.cpp	5391	objetos/IA/replay	local_byte_exact	0	1.0	1.0	81			
0x492b50	FUN_00492b50	StageObjects.cpp	5412	objetos/IA/replay	local_byte_exact	0	1.0	1.0	81			
0x462cb0	FUN_00462cb0	StageObjects.cpp	6760	objetos/IA/replay	local_byte_exact	0	1.0	1.0	81			
0x466e90	FUN_00466e90	StageTiming.cpp	1080	tiempos/replay	local_byte_exact	0	1.0	1.0	81			
0x494b50	FUN_00494b50	StageTiming.cpp	1127	tiempos/replay	local_byte_exact	0	1.0	1.0	81			
0x456c10	FUN_00456c10	StageTiming.cpp	1830	tiempos/replay	local_byte_exact	0	1.0	1.0	81			
0x4340f0	FUN_004340f0	Car.cpp	4870	coche/cámara	local_byte_exact	0	1.0	1.0	80			
0x499020	CarEffects_InitUVs	CarEffects.cpp	347	CarEffects	local_byte_exact	0	1.0	1.0	80			
0x45dea0	FUN_0045dea0	CarEffects.cpp	1139	CarEffects	local_byte_exact	0	1.0	1.0	80			
0x4d2070	FUN_004d2070	Frontend.cpp	1824	Frontend	local_byte_exact	0	1.0	1.0	80			
0x50f370	FUN_0050f370	GameInfo.cpp	6962	GameInfo	local_byte_exact	0	1.0	1.0	80			
0x40acd0	FUN_0040acd0	NetPlayers.cpp	787	red	local_byte_exact	0	1.0	1.0	80			
0x4125a0	FUN_004125a0	RallyData.cpp	2679	rutas/carrera	local_byte_exact	0	1.0	1.0	80			
0x4ec260	FUN_004ec260	RallyData.cpp	3911	rutas/carrera	local_byte_exact	0	1.0	1.0	80			
0x4a9da0	CGenericFileLoader::GetFileNameFromPath	GenericFileLoader.cpp	75	GenericFileLoader	local_byte_exact	0	1.0	1.0	79			
0x4a3e40	CGraphics::FUN_004a3e40	Graphics.cpp	6232	Graphics	local_byte_exact	0	1.0	1.0	79			
0x417660	Race_AssignUnusedSlot	Race.cpp	45	carrera	local_byte_exact	0	1.0	1.0	79			
0x417780	FUN_00417780	Race.cpp	835	carrera	local_byte_exact	0	1.0	1.0	79			
0x4213d0	RallyData_FUN_004213d0	RallyData.cpp	4303	rutas/carrera	local_byte_exact	0	1.0	1.0	79			
0x46f500	FUN_0046f500	StageObjects.cpp	1664	objetos/IA/replay	local_byte_exact	0	1.0	1.0	79			
0x45e560	FUN_0045e560	StageTiming.cpp	1149	tiempos/replay	local_byte_exact	0	1.0	1.0	79			
0x4668d0	FUN_004668d0	StageTiming.cpp	3975	tiempos/replay	local_byte_exact	0	1.0	1.0	79	differential_replay_reset.py		
0x5001c0	FUN_005001c0	GameInfo.cpp	6716	GameInfo	local_byte_exact	0	1.0	1.0	78			
0x416720	FUN_00416720	Race.cpp	3717	carrera	local_byte_exact	0	1.0	1.0	78			
0x4eb290	FUN_004eb290	RallyData.cpp	1526	rutas/carrera	local_byte_exact	0	1.0	1.0	78			
0x460c30	StageObject_SetScaledValue	StageObjects.cpp	1127	objetos/IA/replay	local_byte_exact	0	1.0	1.0	78			
0x4f1d60	FUN_004f1d60	FrontendScreens.cpp	3832	FrontendScreens	local_byte_exact	0	1.0	1.0	77			
0x49c0a0	CGame::RegisterCallback	Game.cpp	1586	Game	local_byte_exact	0	1.0	1.0	77			
0x408f20	RallyData_FUN_00408f20	RallyData.cpp	800	rutas/carrera	local_byte_exact	0	1.0	1.0	77			
0x408f70	RallyData_IncrementCategoryUse	RallyData.cpp	815	rutas/carrera	local_byte_exact	0	1.0	1.0	77			
0x408fc0	RallyData_FUN_00408fc0	RallyData.cpp	830	rutas/carrera	local_byte_exact	0	1.0	1.0	77			
0x4074a0	RallyData_FUN_004074a0	RallyData.cpp	3510	rutas/carrera	local_byte_exact	0	1.0	1.0	77			
0x473620	RallyData_GetRoundEntry	RallyData.cpp	3807	rutas/carrera	local_byte_exact	0	1.0	1.0	77			
0x4556a0	FUN_004556a0	StageTiming.cpp	214	tiempos/replay	local_byte_exact	0	1.0	1.0	77			
0x4287c0	Car_AllocateTable	Car.cpp	110	coche/cámara	local_byte_exact	0	1.0	1.0	76			
0x437d70	Car_DampenBodyMotion	Car.cpp	425	coche/cámara	local_byte_exact	0	1.0	1.0	76			
0x423ee0	CameraState_Copy	Car.cpp	5435	coche/cámara	local_byte_exact	0	1.0	1.0	76			
0x4f25d0	FUN_004f25d0	FrontendScreens.cpp	5113	FrontendScreens	local_byte_exact	0	1.0	1.0	76			
0x44b760	FUN_0044b760	GameMenus.cpp	3636	GameMenus	local_byte_exact	0	1.0	1.0	76			
0x4bca70	FUN_004bca70	Graphics.cpp	4122	Graphics	local_byte_exact	0	1.0	1.0	76			
0x4ab620	CLogger::OpenLogFile	Logger.cpp	13	Logger	local_byte_exact	0	1.0	1.0	76			
0x409e90	FUN_00409e90	NetPlayers.cpp	253	red	local_byte_exact	0	1.0	1.0	76			
0x408bd0	RallyData_FUN_00408bd0	RallyData.cpp	2195	rutas/carrera	local_byte_exact	0	1.0	1.0	76			
0x471b30	Sector_GetListA	RallyData.cpp	3777	rutas/carrera	local_byte_exact	0	1.0	1.0	76			
0x471b80	Sector_GetListB	RallyData.cpp	3791	rutas/carrera	local_byte_exact	0	1.0	1.0	76			
0x407fc0	FUN_00407fc0	RallyData.cpp	5247	rutas/carrera	local_byte_exact	0	1.0	1.0	76			
0x4702a0	FUN_004702a0	RallyData.cpp	5444	rutas/carrera	local_byte_exact	0	1.0	1.0	76			
0x4b5e60	Scene_BeginShadowBatch	SceneNode.cpp	1689	SceneNode	local_byte_exact	0	1.0	1.0	76			
0x4a31f0	CSound::FUN_004a31f0	Sound.cpp	194	Sound	local_byte_exact	0	1.0	1.0	76			
0x4f3f60	FUN_004f3f60	FrontendScreens.cpp	4574	FrontendScreens	local_byte_exact	0	1.0	1.0	75			
0x406380	CGameInfo::FUN_00406380	GameInfo.cpp	442	GameInfo	local_byte_exact	0	1.0	1.0	75			
0x40af60	FUN_0040af60	NetPlayers.cpp	898	red	local_byte_exact	0	1.0	1.0	75			
0x471d80	FUN_00471d80	RallyData.cpp	5378	rutas/carrera	local_byte_exact	0	1.0	1.0	75			
0x4f21c0	FUN_004f21c0	FrontendScreens.cpp	5525	FrontendScreens	local_byte_exact	0	1.0	1.0	74			
0x418dd0	FUN_00418dd0	Race.cpp	1671	carrera	local_byte_exact	0	1.0	1.0	74			
0x4ec210	FUN_004ec210	RallyData.cpp	1668	rutas/carrera	local_byte_exact	0	1.0	1.0	74			
0x403500	FUN_00403500	GameInfo.cpp	5470	GameInfo	local_byte_exact	0	1.0	1.0	73			
0x4014f0	FUN_004014f0	GameMenus.cpp	160	GameMenus	local_byte_exact	0	1.0	1.0	73			
0x4a8f60	CGraphics::FUN_004a8f60	Graphics.cpp	835	Graphics	local_byte_exact	0	1.0	1.0	73			
0x408c20	RallyData_FUN_00408c20	RallyData.cpp	2210	rutas/carrera	local_byte_exact	0	1.0	1.0	73			
0x4207a0	RallyData_FUN_004207a0	RallyData.cpp	4286	rutas/carrera	local_byte_exact	0	1.0	1.0	73			
0x4792c0	FUN_004792c0	SurfaceTypes.cpp	759	superficies	local_byte_exact	0	1.0	1.0	73			
0x479310	FUN_00479310	SurfaceTypes.cpp	1115	superficies	local_byte_exact	0	1.0	1.0	73			
0x47a380	FUN_0047a380	SurfaceTypes.cpp	1338	superficies	local_byte_exact	0	1.0	1.0	73			
0x42bc80	FUN_0042bc80	Car.cpp	3718	coche/cámara	local_byte_exact	0	1.0	1.0	72			
0x49c2c0	CGame::FUN_0049c2c0	Game.cpp	1117	Game	local_byte_exact	0	1.0	1.0	72			
0x4ff550	FUN_004ff550	GameInfo.cpp	5759	GameInfo	local_byte_exact	0	1.0	1.0	72			
0x5000b0	FUN_005000b0	GameInfo.cpp	6944	GameInfo	local_byte_exact	0	1.0	1.0	72			
0x4afec0	ParticleEdit_SetSpread	Graphics.cpp	5561	Graphics	local_byte_exact	0	1.0	1.0	72			
0x40dbe0	FUN_0040dbe0	RallyData.cpp	247	rutas/carrera	local_byte_exact	0	1.0	1.0	72			
0x4d0230	FUN_004d0230	Frontend.cpp	948	Frontend	local_byte_exact	0	1.0	1.0	71			
0x4ef590	FUN_004ef590	FrontendScreens.cpp	3049	FrontendScreens	local_byte_exact	0	1.0	1.0	71			
0x5029b0	FUN_005029b0	GameInfo.cpp	6925	GameInfo	local_byte_exact	0	1.0	1.0	71			
0x4b0010	Particle_Shutdown	Graphics.cpp	5660	Graphics	local_byte_exact	0	1.0	1.0	71			
0x418cd0	FUN_00418cd0	Race.cpp	3973	carrera	local_byte_exact	0	1.0	1.0	71			
0x408cb0	RallyData_FUN_00408cb0	RallyData.cpp	4656	rutas/carrera	local_byte_exact	0	1.0	1.0	71			
0x4616c0	FUN_004616c0	StageObjects.cpp	5137	objetos/IA/replay	local_byte_exact	0	1.0	1.0	71			
0x464c60	FUN_00464c60	StageObjects.cpp	5154	objetos/IA/replay	local_byte_exact	0	1.0	1.0	71			
0x424c00	FUN_00424c00	StageTiming.cpp	1486	tiempos/replay	local_byte_exact	0	1.0	1.0	71			
0x458b80	FUN_00458b80	StageTiming.cpp	3317	tiempos/replay	local_byte_exact	0	1.0	1.0	71			
0x421930	View_UpdateModeSurface	Car.cpp	5503	coche/cámara	local_byte_exact	0	1.0	1.0	70			
0x4aaaf0	CGame::CreateDirectPlay	Game.cpp	1831	Game	local_byte_exact	0	1.0	1.0	70			
0x4aab60	CGame::CreateDirectPlayLobby	Game.cpp	1846	Game	local_byte_exact	0	1.0	1.0	70			
0x402f20	FUN_00402f20	GameInfo.cpp	9312	GameInfo	local_byte_exact	0	1.0	1.0	70			
0x4afd60	ParticleEdit_SetColour	Graphics.cpp	5520	Graphics	local_byte_exact	0	1.0	1.0	70			
0x409f80	FUN_00409f80	NetPlayers.cpp	289	red	local_byte_exact	0	1.0	1.0	70			
0x418e20	FUN_00418e20	Race.cpp	3603	carrera	local_byte_exact	0	1.0	1.0	70			
0x410e20	FUN_00410e20	RallyData.cpp	4784	rutas/carrera	local_byte_exact	0	1.0	1.0	70			
0x4bed40	inflateEnd	ZlibInflate.cpp	71	ZlibInflate	local_byte_exact	0	1.0	1.0	70			
0x42b790	Physics_UpdateRateHold	Car.cpp	5574	coche/cámara	local_byte_exact	0	1.0	1.0	69			
0x433840	Physics_SetScale	Car.cpp	5597	coche/cámara	local_byte_exact	0	1.0	1.0	69			
0x4aad90	CFileBuffer::ReallocateLockedBuffer	FileBuffer.cpp	29	FileBuffer	local_byte_exact	0	1.0	1.0	69			
0x4cf0f0	CFrontend::FUN_004cf0f0	Frontend.cpp	868	Frontend	local_byte_exact	0	1.0	1.0	69			
0x4eca10	FUN_004eca10	FrontendScreens.cpp	1930	FrontendScreens	local_byte_exact	0	1.0	1.0	69			
0x4faa00	FUN_004faa00	FrontendScreens.cpp	7580	FrontendScreens	local_byte_exact	0	1.0	1.0	69			
0x4fad40	FUN_004fad40	FrontendScreens.cpp	7614	FrontendScreens	local_byte_exact	0	1.0	1.0	69			
0x4faea0	FUN_004faea0	FrontendScreens.cpp	7673	FrontendScreens	local_byte_exact	0	1.0	1.0	69			
0x4a15c0	FUN_004a15c0	Game.cpp	3133	Game	local_byte_exact	0	1.0	1.0	69			
0x4a1cb0	FUN_004a1cb0	Game.cpp	3273	Game	local_byte_exact	0	1.0	1.0	69			
0x4bc0c0	FUN_004bc0c0	Graphics.cpp	3674	Graphics	local_byte_exact	0	1.0	1.0	69			
0x4afb70	ParticleEdit_SetTextureParams	Graphics.cpp	5464	Graphics	local_byte_exact	0	1.0	1.0	69			
0x4aff10	ParticleEdit_SetCallbacks	Graphics.cpp	5575	Graphics	local_byte_exact	0	1.0	1.0	69			
0x447ca0	FUN_00447ca0	HudDash.cpp	807	HudDash	local_byte_exact	0	1.0	1.0	69			
0x40a7d0	FUN_0040a7d0	NetPlayers.cpp	603	red	local_byte_exact	0	1.0	1.0	69			
0x41f510	FUN_0041f510	Race.cpp	492	carrera	local_byte_exact	0	1.0	1.0	69			
0x40d420	RallyTiming_GetPointsForPosition	RallyTiming.cpp	385	RallyTiming	local_byte_exact	0	1.0	1.0	69			
0x4b75c0	FUN_004b75c0	Sound.cpp	1192	Sound	local_byte_exact	0	1.0	1.0	69			
0x4bb800	Tri2D_SetVertex	Sprite.cpp	236	Sprite	local_byte_exact	0	1.0	1.0	69			
0x466630	FUN_00466630	StageObjects.cpp	4630	objetos/IA/replay	local_byte_exact	0	1.0	1.0	69			
0x48d7b0	FUN_0048d7b0	StageObjects.cpp	7695	objetos/IA/replay	local_byte_exact	0	1.0	1.0	69			
0x48d800	FUN_0048d800	StageObjects.cpp	7705	objetos/IA/replay	local_byte_exact	0	1.0	1.0	69			
0x465780	FUN_00465780	StageObjects.cpp	8299	objetos/IA/replay	local_byte_exact	0	1.0	1.0	69			
0x4fa9b0	FUN_004fa9b0	FrontendMenus.cpp	2393	FrontendMenus	local_byte_exact	0	1.0	1.0	68			
0x404ea0	FUN_00404ea0	GameInfo.cpp	4616	GameInfo	local_byte_exact	0	1.0	1.0	68			
0x502fc0	FUN_00502fc0	GameInfo.cpp	6032	GameInfo	local_byte_exact	0	1.0	1.0	68			
0x401540	FUN_00401540	GameMenus.cpp	172	GameMenus	local_byte_exact	0	1.0	1.0	68			
0x449ee0	FUN_00449ee0	GameMenus.cpp	327	GameMenus	local_byte_exact	0	1.0	1.0	68			
0x4ae2a0	Glow_SetPosition	Graphics.cpp	4957	Graphics	local_byte_exact	0	1.0	1.0	68			
0x49ed80	Input_GetLastKeyName	Input.cpp	2436	entrada	local_byte_exact	0	1.0	1.0	68			
0x4a2f00	CSound::StopDirectSoundBuffer	Sound.cpp	154	Sound	local_byte_exact	0	1.0	1.0	68			
0x46e530	Events_Reset	StageObjects.cpp	7524	objetos/IA/replay	local_byte_exact	0	1.0	1.0	68			
0x464b10	FUN_00464b10	StageObjects.cpp	8373	objetos/IA/replay	local_byte_exact	0	1.0	1.0	68			
0x466520	FUN_00466520	StageObjects.cpp	15626	objetos/IA/replay	local_byte_exact	0	1.0	1.0	68			
0x42b740	Car_ClearRecords	Car.cpp	5555	coche/cámara	local_byte_exact	0	1.0	1.0	67			
0x4a87c0	CGraphics::CopyZBufferPixelFormat	Graphics.cpp	1180	Graphics	local_byte_exact	0	1.0	1.0	67			
0x4ab960	Mesh_SetVertexAlpha	Mesh.cpp	81	Mesh	local_byte_exact	0	1.0	1.0	67			
0x4a2b50	CSound::FUN_004a2b50	Sound.cpp	88	Sound	local_byte_exact	0	1.0	1.0	67			
0x4a1d10	FUN_004a1d10	Sound.cpp	1462	Sound	local_byte_exact	0	1.0	1.0	67			
0x448730	FUN_00448730	StageTiming.cpp	8778	tiempos/replay	local_byte_exact	0	1.0	1.0	67			
0x4becf0	inflateReset	ZlibInflate.cpp	57	ZlibInflate	local_byte_exact	0	1.0	1.0	67			
0x4aa8e0	CGame::CompareConnections	Game.cpp	1861	Game	local_byte_exact	0	1.0	1.0	66			
0x402c40	FUN_00402c40	GameInfo.cpp	4042	GameInfo	local_byte_exact	0	1.0	1.0	66			
0x4a8ec0	CGraphics::FUN_004a8ec0	Graphics.cpp	846	Graphics	local_byte_exact	0	1.0	1.0	66			
0x49dd70	CGraphics::SetTextureAddressClamp	Graphics.cpp	2662	Graphics	local_byte_exact	0	1.0	1.0	66			
0x49ddf0	CGraphics::SetTexCoordIndex	Graphics.cpp	2683	Graphics	local_byte_exact	0	1.0	1.0	66			
0x4ae420	Glow_SetLayerPlane	Graphics.cpp	4968	Graphics	local_byte_exact	0	1.0	1.0	66			
0x4afb20	ParticleEdit_CopyTemplate	Graphics.cpp	5452	Graphics	local_byte_exact	0	1.0	1.0	66			
0x408470	FUN_00408470	RallyData.cpp	2546	rutas/carrera	local_byte_exact	0	1.0	1.0	66			
0x4a31a0	CSound::FUN_004a31a0	Sound.cpp	550	Sound	local_byte_exact	0	1.0	1.0	66			
0x473310	FUN_00473310	StageObjects.cpp	4433	objetos/IA/replay	local_byte_exact	0	1.0	1.0	66			
0x487e00	FUN_00487e00	StageObjects.cpp	4477	objetos/IA/replay	local_byte_exact	0	1.0	1.0	66			
0x501230	CGameInfo::FUN_00501230	GameInfo.cpp	2675	GameInfo	local_byte_exact	0	1.0	1.0	65			
0x4aaf00	CInput::ResetForceFeedbackEffects	Input.cpp	1077	entrada	local_byte_exact	0	1.0	1.0	65			
0x418780	FUN_00418780	Race.cpp	3684	carrera	local_byte_exact	0	1.0	1.0	65			
0x486b90	FUN_00486b90	StageObjects.cpp	4382	objetos/IA/replay	local_byte_exact	0	1.0	1.0	65			
0x4a8270	FUN_004a8270	main.cpp	126	main	local_byte_exact	0	1.0	1.0	65			
0x447a00	FUN_00447a00	FixedPoint.cpp	861	matemática	local_byte_exact	0	1.0	1.0	64			
0x4d0370	FUN_004d0370	Frontend.cpp	1750	Frontend	local_byte_exact	0	1.0	1.0	64			
0x4d03b0	FUN_004d03b0	Frontend.cpp	1761	Frontend	local_byte_exact	0	1.0	1.0	64			
0x4fc9b0	FUN_004fc9b0	FrontendMenus.cpp	1004	FrontendMenus	local_byte_exact	0	1.0	1.0	64			
0x502630	FUN_00502630	GameInfo.cpp	6004	GameInfo	local_byte_exact	0	1.0	1.0	64			
0x471d40	FUN_00471d40	RallyData.cpp	5363	rutas/carrera	local_byte_exact	0	1.0	1.0	64			
0x4ad890	SceneNode_FindByType	SceneNode.cpp	2177	SceneNode	local_byte_exact	0	1.0	1.0	64			
0x48dca0	FUN_0048dca0	StageObjects.cpp	4317	objetos/IA/replay	local_byte_exact	0	1.0	1.0	64			
0x448630	FUN_00448630	StageTiming.cpp	1056	tiempos/replay	local_byte_exact	0	1.0	1.0	64			
0x431c10	Car_StartResetFade	Car.cpp	5673	coche/cámara	local_byte_exact	0	1.0	1.0	63			
0x4fc970	FUN_004fc970	FrontendMenus.cpp	952	FrontendMenus	local_byte_exact	0	1.0	1.0	63			
0x4f5810	FUN_004f5810	FrontendMenus.cpp	2555	FrontendMenus	local_byte_exact	0	1.0	1.0	63			
0x4f8250	FUN_004f8250	FrontendMenus.cpp	3087	FrontendMenus	local_byte_exact	0	1.0	1.0	63			
0x502db0	FUN_00502db0	GameInfo.cpp	6904	GameInfo	local_byte_exact	0	1.0	1.0	63	differential_option_cache.py		
0x449ea0	FUN_00449ea0	GameMenus.cpp	317	GameMenus	local_byte_exact	0	1.0	1.0	63			
0x420150	FUN_00420150	Race.cpp	782	carrera	local_byte_exact	0	1.0	1.0	63			
0x420190	FUN_00420190	Race.cpp	802	carrera	local_byte_exact	0	1.0	1.0	63			
0x40d010	FUN_0040d010	RallyTiming.cpp	495	RallyTiming	local_byte_exact	0	1.0	1.0	63	differential_option_cache.py		
0x4b7740	FUN_004b7740	Sound.cpp	1311	Sound	local_byte_exact	0	1.0	1.0	63			
0x46eeb0	FUN_0046eeb0	StageObjects.cpp	4293	objetos/IA/replay	local_byte_exact	0	1.0	1.0	63			
0x46ed40	Events_Tick	StageObjects.cpp	7545	objetos/IA/replay	local_byte_exact	0	1.0	1.0	63	differential_tables.py		
0x4669b0	FUN_004669b0	StageTiming.cpp	3298	tiempos/replay	local_byte_exact	0	1.0	1.0	63			
0x4ef8f0	FUN_004ef8f0	FrontendScreens.cpp	3131	FrontendScreens	local_byte_exact	0	1.0	1.0	62			
0x4f0050	FUN_004f0050	FrontendScreens.cpp	3172	FrontendScreens	local_byte_exact	0	1.0	1.0	62			
0x4eab40	FUN_004eab40	GameInfo.cpp	3591	GameInfo	local_byte_exact	0	1.0	1.0	62			
0x501280	FUN_00501280	GameInfo.cpp	5988	GameInfo	local_byte_exact	0	1.0	1.0	62			
0x50a8a0	FUN_0050a8a0	GameInfo.cpp	9556	GameInfo	local_byte_exact	0	1.0	1.0	62			
0x427680	FUN_00427680	NetRace.cpp	987	red	local_byte_exact	0	1.0	1.0	62			
0x42cb50	Car_ShowsCleanWheels	Car.cpp	4229	coche/cámara	local_byte_exact	0	1.0	1.0	61			
0x40ede0	CFrontend::FUN_0040ede0	Frontend.cpp	778	Frontend	local_byte_exact	0	1.0	1.0	61			
0x40ee20	CFrontend::FUN_0040ee20	Frontend.cpp	788	Frontend	local_byte_exact	0	1.0	1.0	61			
0x4ea840	FUN_004ea840	Game.cpp	1518	Game	local_byte_exact	0	1.0	1.0	61			
0x5103d0	FUN_005103d0	GameInfo.cpp	750	GameInfo	local_byte_exact	0	1.0	1.0	61			
0x501350	FUN_00501350	GameInfo.cpp	6734	GameInfo	local_byte_exact	0	1.0	1.0	61			
0x49efc0	CInput::FUN_0049efc0	Input.cpp	1353	entrada	local_byte_exact	0	1.0	1.0	61			
0x418ee0	FUN_00418ee0	Race.cpp	3626	carrera	local_byte_exact	0	1.0	1.0	61			
0x408300	RallyData_FUN_00408300	RallyData.cpp	1361	rutas/carrera	local_byte_exact	0	1.0	1.0	61			
0x40ce40	FUN_0040ce40	RallyTiming.cpp	149	RallyTiming	local_byte_exact	0	1.0	1.0	61			
0x422f50	FUN_00422f50	Car.cpp	72	coche/cámara	local_byte_exact	0	1.0	1.0	60			
0x4f5b50	FUN_004f5b50	FrontendMenus.cpp	2624	FrontendMenus	local_byte_exact	0	1.0	1.0	60			
0x49c150	CGame::FUN_0049c150	Game.cpp	1196	Game	local_byte_exact	0	1.0	1.0	60			
0x50ee10	FUN_0050ee10	GameInfo.cpp	9593	GameInfo	local_byte_exact	0	1.0	1.0	60			
0x408860	RallyData_FUN_00408860	RallyData.cpp	2069	rutas/carrera	local_byte_exact	0	1.0	1.0	60			
0x408c70	RallyData_FUN_00408c70	RallyData.cpp	2224	rutas/carrera	local_byte_exact	0	1.0	1.0	60			
0x458050	FUN_00458050	StageTiming.cpp	4026	tiempos/replay	local_byte_exact	0	1.0	1.0	60			
0x50a8e0	FUN_0050a8e0	GameInfo.cpp	9564	GameInfo	local_byte_exact	0	1.0	1.0	59			
0x4bcc20	Graphics_DisableFog	Graphics.cpp	4017	Graphics	local_byte_exact	0	1.0	1.0	59			
0x4a0060	Menu_ClearNextItem	Menu.cpp	55	Menu	local_byte_exact	0	1.0	1.0	59			
0x4a0460	Menu_SetFlags	Menu.cpp	205	Menu	local_byte_exact	0	1.0	1.0	59			
0x4086b0	RallyData_FUN_004086b0	RallyData.cpp	2596	rutas/carrera	local_byte_exact	0	1.0	1.0	59			
0x4b7da0	Sector_IsVisible	Sector.cpp	247	Sector	local_byte_exact	0	1.0	1.0	59			
0x4b78d0	Sound_Free	Sound.cpp	1341	Sound	local_byte_exact	0	1.0	1.0	59			
0x47e490	FUN_0047e490	StageObjects.cpp	4228	objetos/IA/replay	local_byte_exact	0	1.0	1.0	59			
0x471af0	FUN_00471af0	StageObjects.cpp	9879	objetos/IA/replay	local_byte_exact	0	1.0	1.0	59			
0x4fbe60	FUN_004fbe60	FrontendMenus.cpp	1102	FrontendMenus	local_byte_exact	0	1.0	1.0	58			
0x4f3990	FUN_004f3990	FrontendScreens.cpp	4438	FrontendScreens	local_byte_exact	0	1.0	1.0	58			
0x4a1a90	CGame::FUN_004a1a90	Game.cpp	1652	Game	local_byte_exact	0	1.0	1.0	58			
0x4f5150	FUN_004f5150	GameInfo.cpp	3328	GameInfo	local_byte_exact	0	1.0	1.0	58			
0x508f60	FUN_00508f60	GameInfo.cpp	6044	GameInfo	local_byte_exact	0	1.0	1.0	58			
0x4b7d60	FUN_004b7d60	Input.cpp	2295	entrada	local_byte_exact	0	1.0	1.0	58	differential_tables.py		
0x4084c0	RallyData_FUN_004084c0	RallyData.cpp	5112	rutas/carrera	local_byte_exact	0	1.0	1.0	58			
0x4b5340	Scene_SetShadowDirection	SceneNode.cpp	1682	SceneNode	local_byte_exact	0	1.0	1.0	58			
0x4bd8e0	MMIOData::Open	Sound.cpp	464	Sound	local_byte_exact	0	1.0	1.0	58			
0x4ebee0	FUN_004ebee0	FileBuffer.cpp	480	FileBuffer	local_byte_exact	0	1.0	1.0	57			
0x4fa970	FUN_004fa970	FrontendMenus.cpp	2495	FrontendMenus	local_byte_exact	0	1.0	1.0	57			
0x4a1680	Session_GetUserValue	Game.cpp	3573	Game	local_byte_exact	0	1.0	1.0	57			
0x4a0c60	CGameInfo::FUN_004a0c60	GameInfo.cpp	1297	GameInfo	local_byte_exact	0	1.0	1.0	57			
0x451850	FUN_00451850	GameMenus.cpp	913	GameMenus	local_byte_exact	0	1.0	1.0	57			
0x41fc90	FUN_0041fc90	Race.cpp	3584	carrera	local_byte_exact	0	1.0	1.0	57			
0x40d5c0	RallyData_ResetSelection	RallyData.cpp	1215	rutas/carrera	local_byte_exact	0	1.0	1.0	57			
0x4a23f0	CSound::FUN_004a23f0	Sound.cpp	501	Sound	local_byte_exact	0	1.0	1.0	57			
0x4789d0	FUN_004789d0	SurfaceTypes.cpp	359	superficies	local_byte_exact	0	1.0	1.0	57			
0x4932b0	Track_GetGroundHeightSurface	TrackCollision.cpp	273	colisión/pista	local_byte_exact	0	1.0	1.0	57			
0x4232a0	View_IsModeAvailable	Car.cpp	5531	coche/cámara	local_byte_exact	0	1.0	1.0	56			
0x423810	FUN_00423810	Game.cpp	2803	Game	local_byte_exact	0	1.0	1.0	56			
0x4eaae0	FUN_004eaae0	GameInfo.cpp	3574	GameInfo	local_byte_exact	0	1.0	1.0	56			
0x4bde20	CGraphics::FUN_004bde20	Graphics.cpp	705	Graphics	local_byte_exact	0	1.0	1.0	56			
0x4ac760	SceneNode_CreateRoot	SceneNode.cpp	652	SceneNode	local_byte_exact	0	1.0	1.0	56			
0x4b9380	FUN_004b9380	Sector.cpp	69	Sector	local_byte_exact	0	1.0	1.0	56			
0x4bd3c0	AcmFindDriver	Sound.cpp	262	Sound	local_byte_exact	0	1.0	1.0	56			
0x473790	FUN_00473790	StageObjects.cpp	2305	objetos/IA/replay	local_byte_exact	0	1.0	1.0	56			
0x455d70	StageTiming_GetTimeForPosition	StageTiming.cpp	121	tiempos/replay	local_byte_exact	0	1.0	1.0	56			
0x456d20	StageTiming_FUN_00456d20	StageTiming.cpp	683	tiempos/replay	local_byte_exact	0	1.0	1.0	56			
0x4692b0	FUN_004692b0	StageTiming.cpp	3275	tiempos/replay	local_byte_exact	0	1.0	1.0	56			
0x4c3760	inflate_codes_new	ZlibInfcodes.cpp	64	ZlibInfcodes	local_byte_exact	0	1.0	1.0	56			
0x4fad90	FUN_004fad90	FrontendScreens.cpp	7627	FrontendScreens	local_byte_exact	0	1.0	1.0	55			
0x4b7cd0	FUN_004b7cd0	Input.cpp	2211	entrada	local_byte_exact	0	1.0	1.0	55	differential_tables.py		
0x4a04f0	Menu_CallCallback0	Menu.cpp	238	Menu	local_byte_exact	0	1.0	1.0	55			
0x40e850	FUN_0040e850	NetworkLeaderboards.cpp	117	NetworkLeaderboards	local_byte_exact	0	1.0	1.0	55			
0x4add90	SceneNode_SetViewMask	SceneNode.cpp	2415	SceneNode	local_byte_exact	0	1.0	1.0	55			
0x501cc0	CGameInfo::FUN_00501cc0	GameInfo.cpp	2649	GameInfo	local_byte_exact	0	1.0	1.0	54			
0x402bf0	FUN_00402bf0	GameInfo.cpp	4028	GameInfo	local_byte_exact	0	1.0	1.0	54			
0x50e740	FUN_0050e740	GameInfo.cpp	6606	GameInfo	local_byte_exact	0	1.0	1.0	54			
0x4ae260	FUN_004ae260	Graphics.cpp	4669	Graphics	local_byte_exact	0	1.0	1.0	54			
0x4b79a0	FUN_004b79a0	Sound.cpp	1205	Sound	local_byte_exact	0	1.0	1.0	54			
0x4bb610	Tri2D_Init	Sprite.cpp	222	Sprite	local_byte_exact	0	1.0	1.0	54			
0x486700	FUN_00486700	StageObjects.cpp	3771	objetos/IA/replay	local_byte_exact	0	1.0	1.0	54			
0x465f20	FUN_00465f20	StageTiming.cpp	3181	tiempos/replay	local_byte_exact	0	1.0	1.0	54			
0x499710	GlassShard_Init	CarEffects.cpp	497	CarEffects	local_byte_exact	0	1.0	1.0	53			
0x4cf3b0	FUN_004cf3b0	Frontend.cpp	1085	Frontend	local_byte_exact	0	1.0	1.0	53			
0x4a1af0	FUN_004a1af0	Game.cpp	3234	Game	local_byte_exact	0	1.0	1.0	53			
0x4aac00	FUN_004aac00	Game.cpp	3258	Game	local_byte_exact	0	1.0	1.0	53			
0x402bb0	FUN_00402bb0	GameInfo.cpp	4017	GameInfo	local_byte_exact	0	1.0	1.0	53			
0x4ffa70	FUN_004ffa70	GameInfo.cpp	6578	GameInfo	local_byte_exact	0	1.0	1.0	53			
0x41e670	FUN_0041e670	Race.cpp	3047	carrera	local_byte_exact	0	1.0	1.0	53			
0x420020	FUN_00420020	Race.cpp	3575	carrera	local_byte_exact	0	1.0	1.0	53			
0x408390	RallyData_FUN_00408390	RallyData.cpp	1379	rutas/carrera	local_byte_exact	0	1.0	1.0	53			
0x410de0	FUN_00410de0	RallyData.cpp	4772	rutas/carrera	local_byte_exact	0	1.0	1.0	53			
0x46b670	FUN_0046b670	StageObjects.cpp	3753	objetos/IA/replay	local_byte_exact	0	1.0	1.0	53			
0x469bf0	FUN_00469bf0	StageObjects.cpp	9824	objetos/IA/replay	local_byte_exact	0	1.0	1.0	53			
0x4cf9d0	FUN_004cf9d0	Frontend.cpp	1391	Frontend	local_byte_exact	0	1.0	1.0	52			
0x4f07e0	FUN_004f07e0	FrontendScreens.cpp	5318	FrontendScreens	local_byte_exact	0	1.0	1.0	52			
0x4f2970	FUN_004f2970	FrontendScreens.cpp	5400	FrontendScreens	local_byte_exact	0	1.0	1.0	52	differential_menu_back.py		
0x4036c0	FUN_004036c0	GameInfo.cpp	5662	GameInfo	local_byte_exact	0	1.0	1.0	52			
0x419b50	FUN_00419b50	Race.cpp	1681	carrera	local_byte_exact	0	1.0	1.0	52			
0x40d0c0	RallyTiming_FUN_0040d0c0	RallyTiming.cpp	478	RallyTiming	local_byte_exact	0	1.0	1.0	52			
0x458480	FUN_00458480	Stage.cpp	92	Stage	local_byte_exact	0	1.0	1.0	52			
0x4737d0	FUN_004737d0	StageObjects.cpp	2322	objetos/IA/replay	local_byte_exact	0	1.0	1.0	52			
0x437f90	FUN_00437f90	Car.cpp	5521	coche/cámara	local_byte_exact	0	1.0	1.0	51			
0x4ebe80	FUN_004ebe80	FileBuffer.cpp	341	FileBuffer	local_byte_exact	0	1.0	1.0	51			
0x4ea8e0	FUN_004ea8e0	GameInfo.cpp	3441	GameInfo	local_byte_exact	0	1.0	1.0	51			
0x50f180	FUN_0050f180	GameInfo.cpp	5554	GameInfo	local_byte_exact	0	1.0	1.0	51			
0x49ff80	CInput::FUN_0049ff80	Input.cpp	1396	entrada	local_byte_exact	0	1.0	1.0	51			
0x4278f0	FUN_004278f0	NetRace.cpp	215	red	local_byte_exact	0	1.0	1.0	51			
0x427950	FUN_00427950	NetRace.cpp	239	red	local_byte_exact	0	1.0	1.0	51			
0x427990	FUN_00427990	NetRace.cpp	254	red	local_byte_exact	0	1.0	1.0	51			
0x4279d0	FUN_004279d0	NetRace.cpp	270	red	local_byte_exact	0	1.0	1.0	51			
0x421530	RallyData_FUN_00421530	RallyData.cpp	4568	rutas/carrera	local_byte_exact	0	1.0	1.0	51			
0x410ea0	FUN_00410ea0	RallyData.cpp	4805	rutas/carrera	local_byte_exact	0	1.0	1.0	51			
0x411020	FUN_00411020	RallyData.cpp	4855	rutas/carrera	local_byte_exact	0	1.0	1.0	51			
0x4ac390	SceneNode_IsVisible	SceneNode.cpp	256	SceneNode	local_byte_exact	0	1.0	1.0	51			
0x4b3570	Scene_SetLightAttenuation	SceneNode.cpp	2164	SceneNode	local_byte_exact	0	1.0	1.0	51			
0x469de0	StageObject_IsEligibleType	StageObjects.cpp	652	objetos/IA/replay	local_byte_exact	0	1.0	1.0	51			
0x4660a0	FUN_004660a0	StageObjects.cpp	3739	objetos/IA/replay	local_byte_exact	0	1.0	1.0	51			
0x461a30	FUN_00461a30	StageObjects.cpp	6290	objetos/IA/replay	local_byte_exact	0	1.0	1.0	51			
0x483010	FUN_00483010	StageTiming.cpp	3934	tiempos/replay	local_byte_exact	0	1.0	1.0	51			
0x407f80	CAIHelper::FUN_00407f80	AIHelper.cpp	25	AIHelper	local_byte_exact	0	1.0	1.0	50			
0x42b5b0	Car_ClearWheelRotation	Car.cpp	3468	coche/cámara	local_byte_exact	0	1.0	1.0	50			
0x499a80	Debris_Init	CarEffects.cpp	1437	CarEffects	local_byte_exact	0	1.0	1.0	50			
0x4a3d80	CFrontend::FUN_004a3d80	Frontend.cpp	749	Frontend	local_byte_exact	0	1.0	1.0	50			
0x4f19d0	FUN_004f19d0	FrontendScreens.cpp	3586	FrontendScreens	local_byte_exact	0	1.0	1.0	50			
0x4f4b40	CGameInfo::FUN_004f4b40	GameInfo.cpp	151	GameInfo	local_byte_exact	0	1.0	1.0	50			
0x4a9c30	CGenericFileLoader::FUN_004a9c30	GenericFileLoader.cpp	20	GenericFileLoader	local_byte_exact	0	1.0	1.0	50			
0x4afe80	FUN_004afe80	Graphics.cpp	5587	Graphics	local_byte_exact	0	1.0	1.0	50			
0x40a720	FUN_0040a720	NetPlayers.cpp	566	red	local_byte_exact	0	1.0	1.0	50			
0x40a760	FUN_0040a760	NetPlayers.cpp	578	red	local_byte_exact	0	1.0	1.0	50			
0x4209f0	FUN_004209f0	RallyData.cpp	5343	rutas/carrera	local_byte_exact	0	1.0	1.0	50			
0x4054b0	FUN_004054b0	GameInfo.cpp	4895	GameInfo	local_byte_exact	0	1.0	1.0	49			
0x4a8f20	CGraphics::GetDisplayMode	Graphics.cpp	1226	Graphics	local_byte_exact	0	1.0	1.0	49			
0x41fc50	FUN_0041fc50	Race.cpp	341	carrera	local_byte_exact	0	1.0	1.0	49			
0x472830	FUN_00472830	StageObjects.cpp	8644	objetos/IA/replay	local_byte_exact	0	1.0	1.0	49			
0x472870	FUN_00472870	StageObjects.cpp	8658	objetos/IA/replay	local_byte_exact	0	1.0	1.0	49			
0x46c410	FUN_0046c410	StageObjects.cpp	11984	objetos/IA/replay	local_byte_exact	0	1.0	1.0	49			
0x494b10	FUN_00494b10	StageTiming.cpp	1114	tiempos/replay	local_byte_exact	0	1.0	1.0	49			
0x4569c0	FUN_004569c0	StageTiming.cpp	4715	tiempos/replay	local_byte_exact	0	1.0	1.0	49			
0x4ed500	FUN_004ed500	FrontendScreens.cpp	2250	FrontendScreens	local_byte_exact	0	1.0	1.0	48			
0x4fae70	FUN_004fae70	FrontendScreens.cpp	7662	FrontendScreens	local_byte_exact	0	1.0	1.0	48			
0x4a1570	Session_SetOpen	Game.cpp	3559	Game	local_byte_exact	0	1.0	1.0	48			
0x500a70	FUN_00500a70	GameInfo.cpp	1608	GameInfo	local_byte_exact	0	1.0	1.0	48			
0x50f340	FUN_0050f340	GameInfo.cpp	6465	GameInfo	local_byte_exact	0	1.0	1.0	48			
0x40cf00	FUN_0040cf00	RallyTiming.cpp	200	RallyTiming	local_byte_exact	0	1.0	1.0	48			
0x466490	FUN_00466490	StageObjects.cpp	3597	objetos/IA/replay	local_byte_exact	0	1.0	1.0	48			
0x46f030	FUN_0046f030	StageObjects.cpp	7627	objetos/IA/replay	local_byte_exact	0	1.0	1.0	48			
0x45eea0	FUN_0045eea0	StageTiming.cpp	3168	tiempos/replay	local_byte_exact	0	1.0	1.0	48			
0x4c4660	inflate_trees_fixed	ZlibInftrees.cpp	430	ZlibInftrees	local_byte_exact	0	1.0	1.0	48			
0x4d0280	FUN_004d0280	Frontend.cpp	1700	Frontend	local_byte_exact	0	1.0	1.0	47			
0x49cb90	FUN_0049cb90	Game.cpp	2218	Game	local_byte_exact	0	1.0	1.0	47			
0x4eac50	CGameInfo::FUN_004eac50	GameInfo.cpp	1121	GameInfo	local_byte_exact	0	1.0	1.0	47			
0x405470	FUN_00405470	GameInfo.cpp	4873	GameInfo	local_byte_exact	0	1.0	1.0	47			
0x447cf0	FUN_00447cf0	HudDash.cpp	732	HudDash	local_byte_exact	0	1.0	1.0	47			
0x49ef90	CInput::FUN_0049ef90	Input.cpp	666	entrada	local_byte_exact	0	1.0	1.0	47			
0x4a0430	Menu_SetCallbacks	Menu.cpp	196	Menu	local_byte_exact	0	1.0	1.0	47			
0x428760	FUN_00428760	NetRace.cpp	520	red	local_byte_exact	0	1.0	1.0	47			
0x4b79e0	Sound_SetPan	Sound.cpp	1379	Sound	local_byte_exact	0	1.0	1.0	47			
0x480ac0	FUN_00480ac0	StageObjects.cpp	3014	objetos/IA/replay	local_byte_exact	0	1.0	1.0	47			
0x4a3c60	CFrontend::GetTextString	Frontend.cpp	559	Frontend	local_byte_exact	0	1.0	1.0	46			
0x4d2790	CFrontend::FUN_004d2790	Frontend.cpp	724	Frontend	local_byte_exact	0	1.0	1.0	46			
0x4a3d50	FUN_004a3d50	Frontend.cpp	734	Frontend	local_byte_exact	0	1.0	1.0	46			
0x4efb20	FUN_004efb20	FrontendScreens.cpp	6418	FrontendScreens	local_byte_exact	0	1.0	1.0	46			
0x4a14e0	FUN_004a14e0	Game.cpp	3086	Game	local_byte_exact	0	1.0	1.0	46			
0x405fa0	CGameInfo::FUN_00405fa0	GameInfo.cpp	277	GameInfo	local_byte_exact	0	1.0	1.0	46			
0x4bdd00	CGraphics::FUN_004bdd00	Graphics.cpp	824	Graphics	local_byte_exact	0	1.0	1.0	46			
0x49fd30	CInput::DInputCreate	Input.cpp	554	entrada	local_byte_exact	0	1.0	1.0	46			
0x4a0380	Menu_FindItem	Menu.cpp	155	Menu	local_byte_exact	0	1.0	1.0	46	differential_menu_lookup.py		
0x409cd0	FUN_00409cd0	NetPlayers.cpp	161	red	local_byte_exact	0	1.0	1.0	46			
0x46b6e0	FUN_0046b6e0	StageObjects.cpp	915	objetos/IA/replay	local_byte_exact	0	1.0	1.0	46			
0x455020	StageTiming_FreeStageFile5	StageTiming.cpp	137	tiempos/replay	local_byte_exact	0	1.0	1.0	46			
0x455050	StageTiming_FreeStageFile2	StageTiming.cpp	147	tiempos/replay	local_byte_exact	0	1.0	1.0	46			
0x455db0	StageTiming_GetCurrentSplitTimeForDriver	StageTiming.cpp	487	tiempos/replay	local_byte_exact	0	1.0	1.0	46			
0x456d60	FUN_00456d60	StageTiming.cpp	696	tiempos/replay	local_byte_exact	0	1.0	1.0	46			
0x422fe0	View_SetCameraType	Car.cpp	8291	coche/cámara	local_byte_exact	0	1.0	1.0	45			
0x4eb6d0	FUN_004eb6d0	FileBuffer.cpp	496	FileBuffer	local_byte_exact	0	1.0	1.0	45			
0x4cfe20	FUN_004cfe20	Frontend.cpp	1543	Frontend	local_byte_exact	0	1.0	1.0	45			
0x4aad00	CGame::GetConnection	Game.cpp	1912	Game	local_byte_exact	0	1.0	1.0	45			
0x4a9d70	CGenericFileLoader::FUN_004a9d70	GenericFileLoader.cpp	10	GenericFileLoader	local_byte_exact	0	1.0	1.0	45			
0x4283e0	FUN_004283e0	NetRace.cpp	514	red	local_byte_exact	0	1.0	1.0	45			
0x411880	RallyData_FUN_00411880	RallyData.cpp	747	rutas/carrera	local_byte_exact	0	1.0	1.0	45			
0x46b6b0	FUN_0046b6b0	StageObjects.cpp	907	objetos/IA/replay	local_byte_exact	0	1.0	1.0	45			
0x46c4b0	FUN_0046c4b0	StageObjects.cpp	7905	objetos/IA/replay	local_byte_exact	0	1.0	1.0	45			
0x456bb0	FUN_00456bb0	StageTiming.cpp	2492	tiempos/replay	local_byte_exact	0	1.0	1.0	45			
0x4eed50	FUN_004eed50	FrontendScreens.cpp	2809	FrontendScreens	local_byte_exact	0	1.0	1.0	44			
0x4f3a00	FUN_004f3a00	FrontendScreens.cpp	4458	FrontendScreens	local_byte_exact	0	1.0	1.0	44			
0x50a020	FUN_0050a020	GameInfo.cpp	2026	GameInfo	local_byte_exact	0	1.0	1.0	44			
0x50a050	FUN_0050a050	GameInfo.cpp	2034	GameInfo	local_byte_exact	0	1.0	1.0	44			
0x4ea9c0	FUN_004ea9c0	GameInfo.cpp	3492	GameInfo	local_byte_exact	0	1.0	1.0	44			
0x40bc60	FUN_0040bc60	Input.cpp	2386	entrada	local_byte_exact	0	1.0	1.0	44			
0x40bd00	FUN_0040bd00	Input.cpp	2398	entrada	local_byte_exact	0	1.0	1.0	44			
0x4b5eb0	Scene_EndShadowBatch	SceneNode.cpp	1703	SceneNode	local_byte_exact	0	1.0	1.0	44			
0x4a3260	Sprite_Init	Sprite.cpp	198	Sprite	local_byte_exact	0	1.0	1.0	44			
0x4bb280	Line2D_Init	Sprite.cpp	441	Sprite	local_byte_exact	0	1.0	1.0	44			
0x46f7e0	FUN_0046f7e0	StageObjects.cpp	940	objetos/IA/replay	local_byte_exact	0	1.0	1.0	44			
0x46b760	FUN_0046b760	StageObjects.cpp	1458	objetos/IA/replay	local_byte_exact	0	1.0	1.0	44			
0x4f89b0	FUN_004f89b0	FrontendMenus.cpp	491	FrontendMenus	local_byte_exact	0	1.0	1.0	43			
0x4e7780	FUN_004e7780	FrontendScreens.cpp	1137	FrontendScreens	local_byte_exact	0	1.0	1.0	43			
0x4f1a10	FUN_004f1a10	FrontendScreens.cpp	3732	FrontendScreens	local_byte_exact	0	1.0	1.0	43			
0x4a1760	FUN_004a1760	Game.cpp	3180	Game	local_byte_exact	0	1.0	1.0	43			
0x4066a0	CGameInfo::FUN_004066a0	GameInfo.cpp	521	GameInfo	local_byte_exact	0	1.0	1.0	43			
0x4066e0	CGameInfo::FUN_004066e0	GameInfo.cpp	533	GameInfo	local_byte_exact	0	1.0	1.0	43			
0x500190	FUN_00500190	GameInfo.cpp	6593	GameInfo	local_byte_exact	0	1.0	1.0	43			
0x4bc3e0	FUN_004bc3e0	Graphics.cpp	3754	Graphics	local_byte_exact	0	1.0	1.0	43			
0x4bcfe0	FUN_004bcfe0	Graphics.cpp	3885	Graphics	local_byte_exact	0	1.0	1.0	43			
0x40c270	CInput::FUN_0040c270	Input.cpp	1441	entrada	local_byte_exact	0	1.0	1.0	43			
0x40b020	FUN_0040b020	NetPlayers.cpp	950	red	local_byte_exact	0	1.0	1.0	43			
0x4200d0	FUN_004200d0	Race.cpp	2165	carrera	local_byte_exact	0	1.0	1.0	43			
0x4b7ae0	FUN_004b7ae0	Sound.cpp	1527	Sound	local_byte_exact	0	1.0	1.0	43			
0x486c00	FUN_00486c00	StageObjects.cpp	3132	objetos/IA/replay	local_byte_exact	0	1.0	1.0	43			
0x456a00	FUN_00456a00	StageTiming.cpp	4674	tiempos/replay	local_byte_exact	0	1.0	1.0	43			
0x478b20	FUN_00478b20	SurfaceTypes.cpp	52	superficies	local_byte_exact	0	1.0	1.0	43			
0x421980	FUN_00421980	Car.cpp	5514	coche/cámara	local_byte_exact	0	1.0	1.0	42			
0x40b580	Font_Select	Font.cpp	139	Font	local_byte_exact	0	1.0	1.0	42			
0x4cf420	FUN_004cf420	Frontend.cpp	1108	Frontend	local_byte_exact	0	1.0	1.0	42			
0x4a1b60	FUN_004a1b60	Game.cpp	3500	Game	local_byte_exact	0	1.0	1.0	42			
0x4a1b30	FUN_004a1b30	Game.cpp	3508	Game	local_byte_exact	0	1.0	1.0	42			
0x4ae140	FUN_004ae140	Graphics.cpp	4651	Graphics	local_byte_exact	0	1.0	1.0	42			
0x4affe0	FUN_004affe0	Graphics.cpp	5640	Graphics	local_byte_exact	0	1.0	1.0	42			
0x4bc410	Timer_FindFree	Graphics.cpp	6929	Graphics	local_byte_exact	0	1.0	1.0	42			
0x409c80	FUN_00409c80	NetPlayers.cpp	144	red	local_byte_exact	0	1.0	1.0	42			
0x40b050	FUN_0040b050	NetPlayers.cpp	962	red	local_byte_exact	0	1.0	1.0	42			
0x494a40	RallyData_FUN_00494a40	RallyData.cpp	1342	rutas/carrera	local_byte_exact	0	1.0	1.0	42			
0x47c1b0	FUN_0047c1b0	StageObjects.cpp	3586	objetos/IA/replay	local_byte_exact	0	1.0	1.0	42			
0x469bc0	FUN_00469bc0	StageTiming.cpp	1540	tiempos/replay	local_byte_exact	0	1.0	1.0	42			
0x428790	Car_FreeTable	Car.cpp	98	coche/cámara	local_byte_exact	0	1.0	1.0	41			
0x40b790	Font_GetLineHeight	Font.cpp	245	Font	local_byte_exact	0	1.0	1.0	41			
0x4d02d0	FUN_004d02d0	Frontend.cpp	1720	Frontend	local_byte_exact	0	1.0	1.0	41			
0x4fc850	FUN_004fc850	FrontendMenus.cpp	1065	FrontendMenus	local_byte_exact	0	1.0	1.0	41			
0x4f8290	FUN_004f8290	FrontendMenus.cpp	3348	FrontendMenus	local_byte_exact	0	1.0	1.0	41			
0x4fafe0	FUN_004fafe0	FrontendScreens.cpp	7727	FrontendScreens	local_byte_exact	0	1.0	1.0	41			
0x49ce10	Game_PrepareScene	Game.cpp	3549	Game	local_byte_exact	0	1.0	1.0	41			
0x449ca0	FUN_00449ca0	GameMenus.cpp	430	GameMenus	local_byte_exact	0	1.0	1.0	41			
0x49dc70	CGraphics::SetCullMode	Graphics.cpp	2621	Graphics	local_byte_exact	0	1.0	1.0	41			
0x49dd40	CGraphics::SetZEnable	Graphics.cpp	2653	Graphics	local_byte_exact	0	1.0	1.0	41			
0x49ddc0	CGraphics::SetZWriteEnable	Graphics.cpp	2674	Graphics	local_byte_exact	0	1.0	1.0	41			
0x4ae200	Glow_FreeTable	Graphics.cpp	5121	Graphics	local_byte_exact	0	1.0	1.0	41			
0x4283b0	FUN_004283b0	NetRace.cpp	378	red	local_byte_exact	0	1.0	1.0	41			
0x40df30	RallyData_FUN_0040df30	RallyData.cpp	2413	rutas/carrera	local_byte_exact	0	1.0	1.0	41			
0x4addd0	SceneNode_SetViewMaskTree	SceneNode.cpp	2602	SceneNode	local_byte_exact	0	1.0	1.0	41			
0x473680	FUN_00473680	StageObjects.cpp	2262	objetos/IA/replay	local_byte_exact	0	1.0	1.0	41			
0x492890	FUN_00492890	StageObjects.cpp	3300	objetos/IA/replay	local_byte_exact	0	1.0	1.0	41			
0x455260	FUN_00455260	StageTiming.cpp	3160	tiempos/replay	local_byte_exact	0	1.0	1.0	41			
0x4a1280	FUN_004a1280	Game.cpp	3070	Game	local_byte_exact	0	1.0	1.0	40			
0x510570	CGameInfo::FUN_00510570	GameInfo.cpp	800	GameInfo	local_byte_exact	0	1.0	1.0	40			
0x40be00	CInput::FUN_0040be00	Input.cpp	1412	entrada	local_byte_exact	0	1.0	1.0	40			
0x40be30	CInput::FUN_0040be30	Input.cpp	1418	entrada	local_byte_exact	0	1.0	1.0	40			
0x40be60	CInput::FUN_0040be60	Input.cpp	1424	entrada	local_byte_exact	0	1.0	1.0	40			
0x4b7ca0	CInput::FUN_004b7ca0	Input.cpp	2192	entrada	local_byte_exact	0	1.0	1.0	40	differential_tables.py		
0x40bc00	FUN_0040bc00	Input.cpp	2374	entrada	local_byte_exact	0	1.0	1.0	40			
0x40bc30	FUN_0040bc30	Input.cpp	2380	entrada	local_byte_exact	0	1.0	1.0	40			
0x40bcd0	FUN_0040bcd0	Input.cpp	2392	entrada	local_byte_exact	0	1.0	1.0	40			
0x40bd30	FUN_0040bd30	Input.cpp	2404	entrada	local_byte_exact	0	1.0	1.0	40			
0x40bdd0	FUN_0040bdd0	Input.cpp	2426	entrada	local_byte_exact	0	1.0	1.0	40			
0x4213a0	RallyData_FUN_004213a0	RallyData.cpp	4488	rutas/carrera	local_byte_exact	0	1.0	1.0	40			
0x423db0	View_GetCarCameraTarget	Car.cpp	5404	coche/cámara	local_byte_exact	0	1.0	1.0	39			
0x4a3c30	FUN_004a3c30	Frontend.cpp	520	Frontend	local_byte_exact	0	1.0	1.0	39			
0x4a1490	FUN_004a1490	Game.cpp	3107	Game	local_byte_exact	0	1.0	1.0	39			
0x4077d0	RallyData_FUN_004077d0	RallyData.cpp	2026	rutas/carrera	local_byte_exact	0	1.0	1.0	39			
0x4b7ab0	Sound_FindHandle	Sound.cpp	1417	Sound	local_byte_exact	0	1.0	1.0	39			
0x498d80	StageObject_Atan2Degrees	StageObjects.cpp	811	objetos/IA/replay	local_byte_exact	0	1.0	1.0	39			
0x492e30	FUN_00492e30	StageObjects.cpp	3574	objetos/IA/replay	local_byte_exact	0	1.0	1.0	39			
0x465f90	FUN_00465f90	StageObjects.cpp	8634	objetos/IA/replay	local_byte_exact	0	1.0	1.0	39			
0x455cc0	StageTiming_GetSplitDriverIDForPosition	StageTiming.cpp	473	tiempos/replay	local_byte_exact	0	1.0	1.0	39			
0x455d10	StageTiming_AddToOverall	StageTiming.cpp	524	tiempos/replay	local_byte_exact	0	1.0	1.0	39			
0x43e160	FUN_0043e160	Car.cpp	4122	coche/cámara	local_byte_exact	0	1.0	1.0	38			
0x4cfe50	CFrontend::FUN_004cfe50	Frontend.cpp	767	Frontend	local_byte_exact	0	1.0	1.0	38			
0x4d1c90	FUN_004d1c90	Game.cpp	609	Game	local_byte_exact	0	1.0	1.0	38			
0x4d05a0	CGameInfo::FUN_004d05a0	GameInfo.cpp	1286	GameInfo	local_byte_exact	0	1.0	1.0	38			
0x4ea990	FUN_004ea990	GameInfo.cpp	3455	GameInfo	local_byte_exact	0	1.0	1.0	38			
0x4a3df0	Graphics_SetTextureFactorAlpha	Graphics.cpp	6891	Graphics	local_byte_exact	0	1.0	1.0	38			
0x49fd00	CInput::GetButtonIndexFromMask	Input.cpp	1382	entrada	local_byte_exact	0	1.0	1.0	38			
0x4a03b0	Menu_GetItem	Menu.cpp	169	Menu	local_byte_exact	0	1.0	1.0	38			
0x40ab50	FUN_0040ab50	NetPlayers.cpp	715	red	local_byte_exact	0	1.0	1.0	38			
0x40ab80	FUN_0040ab80	NetPlayers.cpp	723	red	local_byte_exact	0	1.0	1.0	38			
0x40abb0	FUN_0040abb0	NetPlayers.cpp	731	red	local_byte_exact	0	1.0	1.0	38			
0x40abe0	FUN_0040abe0	NetPlayers.cpp	739	red	local_byte_exact	0	1.0	1.0	38			
0x421370	RallyData_FUN_00421370	RallyData.cpp	4480	rutas/carrera	local_byte_exact	0	1.0	1.0	38			
0x40d090	FUN_0040d090	RallyTiming.cpp	488	RallyTiming	local_byte_exact	0	1.0	1.0	38			
0x4a2ba0	FUN_004a2ba0	Sound.cpp	1540	Sound	local_byte_exact	0	1.0	1.0	38			
0x4bc090	Tri2D_Shutdown	Sprite.cpp	210	Sprite	local_byte_exact	0	1.0	1.0	38			
0x46b710	FUN_0046b710	StageObjects.cpp	1439	objetos/IA/replay	local_byte_exact	0	1.0	1.0	38			
0x4928c0	FUN_004928c0	StageObjects.cpp	3309	objetos/IA/replay	local_byte_exact	0	1.0	1.0	38			
0x4930b0	Track_GetGroundHeight5	StageObjects.cpp	3567	objetos/IA/replay	local_byte_exact	0	1.0	1.0	38			
0x448210	FUN_00448210	StageTiming.cpp	865	tiempos/replay	local_byte_exact	0	1.0	1.0	38			
0x45c720	FUN_0045c720	StageTiming.cpp	3143	tiempos/replay	local_byte_exact	0	1.0	1.0	38			
0x423fc0	FUN_00423fc0	Car.cpp	5472	coche/cámara	local_byte_exact	0	1.0	1.0	37			
0x4aade0	CFileBuffer::FreeGenericFileBuffer	FileBuffer.cpp	157	FileBuffer	local_byte_exact	0	1.0	1.0	37			
0x4fbab0	FUN_004fbab0	FrontendMenus.cpp	1180	FrontendMenus	local_byte_exact	0	1.0	1.0	37			
0x4ecfa0	FUN_004ecfa0	FrontendScreens.cpp	2165	FrontendScreens	local_byte_exact	0	1.0	1.0	37			
0x4f4d80	FUN_004f4d80	GameInfo.cpp	3182	GameInfo	local_byte_exact	0	1.0	1.0	37			
0x4b1500	Billboard_Reset	Graphics.cpp	4476	Graphics	local_byte_exact	0	1.0	1.0	37			
0x4068e0	RallyData_FUN_004068e0	RallyData.cpp	1327	rutas/carrera	local_byte_exact	0	1.0	1.0	37			
0x420820	RallyData_FUN_00420820	RallyData.cpp	4329	rutas/carrera	local_byte_exact	0	1.0	1.0	37			
0x410e70	FUN_00410e70	RallyData.cpp	4796	rutas/carrera	local_byte_exact	0	1.0	1.0	37			
0x46d2a0	FUN_0046d2a0	StageObjects.cpp	1626	objetos/IA/replay	local_byte_exact	0	1.0	1.0	37			
0x455d40	StageTiming_GetSplitTimeForPosition	StageTiming.cpp	481	tiempos/replay	local_byte_exact	0	1.0	1.0	37			
0x422fb0	FUN_00422fb0	Car.cpp	80	coche/cámara	local_byte_exact	0	1.0	1.0	36			
0x4f3a90	FUN_004f3a90	FrontendScreens.cpp	4488	FrontendScreens	local_byte_exact	0	1.0	1.0	36			
0x4a17b0	CGame::FUN_004a17b0	Game.cpp	1615	Game	local_byte_exact	0	1.0	1.0	36			
0x4d0a50	CGame::FUN_004d0a50	Game.cpp	1737	Game	local_byte_exact	0	1.0	1.0	36			
0x4aabd0	FUN_004aabd0	Game.cpp	3251	Game	local_byte_exact	0	1.0	1.0	36			
0x501d20	FUN_00501d20	GameInfo.cpp	1832	GameInfo	local_byte_exact	0	1.0	1.0	36			
0x5021e0	FUN_005021e0	GameInfo.cpp	1848	GameInfo	local_byte_exact	0	1.0	1.0	36			
0x4a6010	CGraphics::FUN_004a6010	Graphics.cpp	1240	Graphics	local_byte_exact	0	1.0	1.0	36			
0x4a6080	CGraphics::FUN_004a6080	Graphics.cpp	1247	Graphics	local_byte_exact	0	1.0	1.0	36			
0x40a7a0	FUN_0040a7a0	NetPlayers.cpp	590	red	local_byte_exact	0	1.0	1.0	36			
0x40ab20	FUN_0040ab20	NetPlayers.cpp	707	red	local_byte_exact	0	1.0	1.0	36			
0x427a50	FUN_00427a50	NetRace.cpp	305	red	local_byte_exact	0	1.0	1.0	36			
0x41f3a0	FUN_0041f3a0	Race.cpp	419	carrera	local_byte_exact	0	1.0	1.0	36			
0x4ebfd0	FUN_004ebfd0	RallyData.cpp	1793	rutas/carrera	local_byte_exact	0	1.0	1.0	36			
0x4b78a0	Sound_IsPlaying	Sound.cpp	1332	Sound	local_byte_exact	0	1.0	1.0	36			
0x459320	FUN_00459320	Stage.cpp	110	Stage	local_byte_exact	0	1.0	1.0	36			
0x478190	FUN_00478190	StageObjects.cpp	2616	objetos/IA/replay	local_byte_exact	0	1.0	1.0	36			
0x40d480	ConvertRawTimeToCentiseconds	TimingUtils.cpp	20	TimingUtils	local_byte_exact	0	1.0	1.0	36			
0x42c840	Car_InvalidateTransformsRange	Car.cpp	3960	coche/cámara	local_byte_exact	0	1.0	1.0	35			
0x4b7560	CFrontend::FUN_004b7560	Frontend.cpp	254	Frontend	local_byte_exact	0	1.0	1.0	35			
0x4b7590	CFrontend::FUN_004b7590	Frontend.cpp	263	Frontend	local_byte_exact	0	1.0	1.0	35			
0x4ef000	FUN_004ef000	FrontendScreens.cpp	2919	FrontendScreens	local_byte_exact	0	1.0	1.0	35			
0x405e10	CGameInfo::FUN_00405e10	GameInfo.cpp	192	GameInfo	local_byte_exact	0	1.0	1.0	35			
0x4f4e20	FUN_004f4e20	GameInfo.cpp	3276	GameInfo	local_byte_exact	0	1.0	1.0	35			
0x50a3c0	FUN_0050a3c0	GameInfo.cpp	8427	GameInfo	local_byte_exact	0	1.0	1.0	35			
0x4bc440	FUN_004bc440	Graphics.cpp	3767	Graphics	local_byte_exact	0	1.0	1.0	35			
0x49fd60	CInput::DInputRelease	Input.cpp	609	entrada	local_byte_exact	0	1.0	1.0	35			
0x4ab590	CInput::CreateSpringEffect	Input.cpp	1798	entrada	local_byte_exact	0	1.0	1.0	35			
0x4ab5c0	CInput::CreateDamperEffect	Input.cpp	1804	entrada	local_byte_exact	0	1.0	1.0	35			
0x4a03e0	Menu_SetItemSubMenu	Menu.cpp	180	Menu	local_byte_exact	0	1.0	1.0	35			
0x49ff50	Menu_PlaySound	Menu.cpp	270	Menu	local_byte_exact	0	1.0	1.0	35			
0x421440	RallyData_FUN_00421440	RallyData.cpp	4508	rutas/carrera	local_byte_exact	0	1.0	1.0	35			
0x40e330	RallyData_FUN_0040e330	RallyData.cpp	5212	rutas/carrera	local_byte_exact	0	1.0	1.0	35			
0x40f020	FUN_0040f020	RallyData.cpp	7831	rutas/carrera	local_byte_exact	0	1.0	1.0	35			
0x46ef20	Events_Flush	StageObjects.cpp	7563	objetos/IA/replay	local_byte_exact	0	1.0	1.0	35			
0x4eb340	FUN_004eb340	FileBuffer.cpp	219	FileBuffer	local_byte_exact	0	1.0	1.0	34			
0x4eefb0	FUN_004eefb0	FrontendScreens.cpp	2900	FrontendScreens	local_byte_exact	0	1.0	1.0	34			
0x49c190	CGame::FUN_0049c190	Game.cpp	1206	Game	local_byte_exact	0	1.0	1.0	34			
0x4aaac0	CGame::Cleanup	Game.cpp	1681	Game	local_byte_exact	0	1.0	1.0	34			
0x405ec0	CGameInfo::FUN_00405ec0	GameInfo.cpp	235	GameInfo	local_byte_exact	0	1.0	1.0	34			
0x40ac40	FUN_0040ac40	NetPlayers.cpp	759	red	local_byte_exact	0	1.0	1.0	34			
0x40e510	CNetworkLeaderboards::GetLoadedLeaderboard	NetworkLeaderboards.cpp	92	NetworkLeaderboards	local_byte_exact	0	1.0	1.0	34			
0x406960	RallyData_FUN_00406960	RallyData.cpp	1314	rutas/carrera	local_byte_exact	0	1.0	1.0	34			
0x45b550	FUN_0045b550	StageTiming.cpp	3130	tiempos/replay	local_byte_exact	0	1.0	1.0	34			
0x455ed0	FUN_00455ed0	StageTiming.cpp	5847	tiempos/replay	local_byte_exact	0	1.0	1.0	34			
0x423a00	View_GetCarCameraRotation	Car.cpp	5396	coche/cámara	local_byte_exact	0	1.0	1.0	33			
0x4f1f70	FUN_004f1f70	FrontendScreens.cpp	3902	FrontendScreens	local_byte_exact	0	1.0	1.0	33			
0x4ae230	FUN_004ae230	Graphics.cpp	4660	Graphics	local_byte_exact	0	1.0	1.0	33			
0x4b7620	CSound::FUN_004b7620	Sound.cpp	493	Sound	local_byte_exact	0	1.0	1.0	33			
0x4b7a10	Sound_GetVolume	Sound.cpp	1389	Sound	local_byte_exact	0	1.0	1.0	33			
0x477a90	FUN_00477a90	StageObjects.cpp	2603	objetos/IA/replay	local_byte_exact	0	1.0	1.0	33			
0x405de0	CGameInfo::FUN_00405de0	GameInfo.cpp	168	GameInfo	local_byte_exact	0	1.0	1.0	32			
0x405e50	CGameInfo::FUN_00405e50	GameInfo.cpp	205	GameInfo	local_byte_exact	0	1.0	1.0	32			
0x405e80	CGameInfo::FUN_00405e80	GameInfo.cpp	217	GameInfo	local_byte_exact	0	1.0	1.0	32			
0x405f00	CGameInfo::FUN_00405f00	GameInfo.cpp	247	GameInfo	local_byte_exact	0	1.0	1.0	32			
0x405f20	CGameInfo::FUN_00405f20	GameInfo.cpp	253	GameInfo	local_byte_exact	0	1.0	1.0	32			
0x405f40	CGameInfo::FUN_00405f40	GameInfo.cpp	259	GameInfo	local_byte_exact	0	1.0	1.0	32			
0x405f60	CGameInfo::FUN_00405f60	GameInfo.cpp	265	GameInfo	local_byte_exact	0	1.0	1.0	32			
0x405f80	CGameInfo::FUN_00405f80	GameInfo.cpp	271	GameInfo	local_byte_exact	0	1.0	1.0	32			
0x405be0	CGameInfo::FUN_00405be0	GameInfo.cpp	346	GameInfo	local_byte_exact	0	1.0	1.0	32			
0x405c80	CGameInfo::FUN_00405c80	GameInfo.cpp	358	GameInfo	local_byte_exact	0	1.0	1.0	32			
0x405cb0	CGameInfo::FUN_00405cb0	GameInfo.cpp	364	GameInfo	local_byte_exact	0	1.0	1.0	32			
0x405ce0	CGameInfo::FUN_00405ce0	GameInfo.cpp	376	GameInfo	local_byte_exact	0	1.0	1.0	32			
0x405d20	CGameInfo::FUN_00405d20	GameInfo.cpp	388	GameInfo	local_byte_exact	0	1.0	1.0	32			
0x406340	CGameInfo::FUN_00406340	GameInfo.cpp	430	GameInfo	local_byte_exact	0	1.0	1.0	32			
0x4f4de0	FUN_004f4de0	GameInfo.cpp	3264	GameInfo	local_byte_exact	0	1.0	1.0	32			
0x4f4e00	FUN_004f4e00	GameInfo.cpp	3270	GameInfo	local_byte_exact	0	1.0	1.0	32			
0x4ea970	FUN_004ea970	GameInfo.cpp	3449	GameInfo	local_byte_exact	0	1.0	1.0	32			
0x4ea8c0	FUN_004ea8c0	GameInfo.cpp	3468	GameInfo	local_byte_exact	0	1.0	1.0	32			
0x4ea950	FUN_004ea950	GameInfo.cpp	3486	GameInfo	local_byte_exact	0	1.0	1.0	32			
0x4eaa10	FUN_004eaa10	GameInfo.cpp	3513	GameInfo	local_byte_exact	0	1.0	1.0	32			
0x4eab20	FUN_004eab20	GameInfo.cpp	3584	GameInfo	local_byte_exact	0	1.0	1.0	32			
0x4eacd0	FUN_004eacd0	GameInfo.cpp	3633	GameInfo	local_byte_exact	0	1.0	1.0	32			
0x49d940	CGraphics::SetClearColour	Graphics.cpp	2517	Graphics	local_byte_exact	0	1.0	1.0	32			
0x40d620	RallyData_FUN_0040d620	RallyData.cpp	1229	rutas/carrera	local_byte_exact	0	1.0	1.0	32			
0x40d680	RallyData_FUN_0040d680	RallyData.cpp	1247	rutas/carrera	local_byte_exact	0	1.0	1.0	32			
0x40d6a0	RallyData_FUN_0040d6a0	RallyData.cpp	1253	rutas/carrera	local_byte_exact	0	1.0	1.0	32			
0x407800	RallyData_FUN_00407800	RallyData.cpp	5046	rutas/carrera	local_byte_exact	0	1.0	1.0	32			
0x40e380	RallyData_FUN_0040e380	RallyData.cpp	5228	rutas/carrera	local_byte_exact	0	1.0	1.0	32			
0x40d100	RallyTiming_ResetOverallPlayerTimes	RallyTiming.cpp	275	RallyTiming	local_byte_exact	0	1.0	1.0	32			
0x4b5320	FUN_004b5320	StageObjects.cpp	9620	objetos/IA/replay	local_byte_exact	0	1.0	1.0	32			
0x455ca0	StageTiming_GetCurrentSplitPositionOfDriver	StageTiming.cpp	462	tiempos/replay	local_byte_exact	0	1.0	1.0	32			
0x459370	FUN_00459370	StageTiming.cpp	2614	tiempos/replay	local_byte_exact	0	1.0	1.0	32			
0x4f8a20	FUN_004f8a20	FrontendMenus.cpp	511	FrontendMenus	local_byte_exact	0	1.0	1.0	31			
0x4ff420	FUN_004ff420	FrontendMenus.cpp	1786	FrontendMenus	local_byte_exact	0	1.0	1.0	31			
0x4ecf80	FUN_004ecf80	FrontendScreens.cpp	2158	FrontendScreens	local_byte_exact	0	1.0	1.0	31			
0x4f3b30	FUN_004f3b30	FrontendScreens.cpp	4529	FrontendScreens	local_byte_exact	0	1.0	1.0	31			
0x4a1720	FUN_004a1720	Game.cpp	3166	Game	local_byte_exact	0	1.0	1.0	31			
0x500530	FUN_00500530	GameInfo.cpp	1524	GameInfo	local_byte_exact	0	1.0	1.0	31			
0x40a420	CGameInfo::FUN_0040a420	GameInfo.cpp	2641	GameInfo	local_byte_exact	0	1.0	1.0	31	differential_network_tables.py		
0x4fffe0	FUN_004fffe0	GameInfo.cpp	11162	GameInfo	local_byte_exact	0	1.0	1.0	31			
0x4b98f0	FUN_004b98f0	Graphics.cpp	3590	Graphics	local_byte_exact	0	1.0	1.0	31			
0x49f690	CInput::GetAttachedJoysticks	Input.cpp	802	entrada	local_byte_exact	0	1.0	1.0	31			
0x41f3d0	FUN_0041f3d0	Race.cpp	429	carrera	local_byte_exact	0	1.0	1.0	31			
0x41f3f0	FUN_0041f3f0	Race.cpp	437	carrera	local_byte_exact	0	1.0	1.0	31			
0x40eed0	FUN_0040eed0	RallyData.cpp	5959	rutas/carrera	local_byte_exact	0	1.0	1.0	31			
0x4bd8c0	CSound::CloseAndCleanupMMIO	Sound.cpp	183	Sound	local_byte_exact	0	1.0	1.0	31			
0x4bd940	MMIOData::Read	Sound.cpp	486	Sound	local_byte_exact	0	1.0	1.0	31			
0x498570	FUN_00498570	StageObjects.cpp	3396	objetos/IA/replay	local_byte_exact	0	1.0	1.0	31			
0x498db0	FUN_00498db0	StageObjects.cpp	3403	objetos/IA/replay	local_byte_exact	0	1.0	1.0	31			
0x47b620	FUN_0047b620	StageObjects.cpp	13974	objetos/IA/replay	local_byte_exact	0	1.0	1.0	31			
0x40d3f0	RallyTiming_SetOverallTimeRaw	TimingUtils.cpp	27	TimingUtils	local_byte_exact	0	1.0	1.0	31			
0x445a20	FUN_00445a20	Car.cpp	5383	coche/cámara	local_byte_exact	0	1.0	1.0	30			
0x4bac40	FixMatrix_GetPosition	FixedPoint.cpp	317	matemática	local_byte_exact	0	1.0	1.0	30			
0x4bac80	FixMatrix_GetUp	FixedPoint.cpp	335	matemática	local_byte_exact	0	1.0	1.0	30			
0x4baca0	FixMatrix_GetForward	FixedPoint.cpp	344	matemática	local_byte_exact	0	1.0	1.0	30			
0x4bacc0	FixMatrix_SetPosition	FixedPoint.cpp	353	matemática	local_byte_exact	0	1.0	1.0	30			
0x4bad00	FixMatrix_SetUp	FixedPoint.cpp	371	matemática	local_byte_exact	0	1.0	1.0	30			
0x4bad20	FixMatrix_SetForward	FixedPoint.cpp	380	matemática	local_byte_exact	0	1.0	1.0	30			
0x4fa4d0	FUN_004fa4d0	FrontendMenus.cpp	3793	FrontendMenus	local_byte_exact	0	1.0	1.0	30			
0x4edb30	FUN_004edb30	FrontendScreens.cpp	2363	FrontendScreens	local_byte_exact	0	1.0	1.0	30			
0x4eefe0	FUN_004eefe0	FrontendScreens.cpp	2908	FrontendScreens	local_byte_exact	0	1.0	1.0	30			
0x4ef4c0	FUN_004ef4c0	FrontendScreens.cpp	3003	FrontendScreens	local_byte_exact	0	1.0	1.0	30			
0x4f1bd0	FUN_004f1bd0	FrontendScreens.cpp	3779	FrontendScreens	local_byte_exact	0	1.0	1.0	30			
0x4ef930	FUN_004ef930	FrontendScreens.cpp	7169	FrontendScreens	local_byte_exact	0	1.0	1.0	30			
0x4764c0	FUN_004764c0	Game.cpp	2785	Game	local_byte_exact	0	1.0	1.0	30			
0x476500	FUN_00476500	Game.cpp	2792	Game	local_byte_exact	0	1.0	1.0	30			
0x4a1ad0	FUN_004a1ad0	Game.cpp	3227	Game	local_byte_exact	0	1.0	1.0	30			
0x501d00	FUN_00501d00	GameInfo.cpp	1821	GameInfo	local_byte_exact	0	1.0	1.0	30			
0x4a12b0	Session_EnumCallback	GameInfo.cpp	3725	GameInfo	local_byte_exact	0	1.0	1.0	30			
0x404ef0	FUN_00404ef0	GameInfo.cpp	5568	GameInfo	local_byte_exact	0	1.0	1.0	30			
0x4b2d70	Graphics_SetRenderTarget	Graphics.cpp	4026	Graphics	local_byte_exact	0	1.0	1.0	30			
0x4ae120	QuadVB_Release	Graphics.cpp	5156	Graphics	local_byte_exact	0	1.0	1.0	30			
0x40e8a0	FUN_0040e8a0	NetworkLeaderboards.cpp	193	NetworkLeaderboards	local_byte_exact	0	1.0	1.0	30			
0x459350	FUN_00459350	Stage.cpp	126	Stage	local_byte_exact	0	1.0	1.0	30			
0x465f60	FUN_00465f60	StageObjects.cpp	8626	objetos/IA/replay	local_byte_exact	0	1.0	1.0	30			
0x45a150	FUN_0045a150	StageTiming.cpp	3116	tiempos/replay	local_byte_exact	0	1.0	1.0	30			
0x45b530	FUN_0045b530	StageTiming.cpp	3123	tiempos/replay	local_byte_exact	0	1.0	1.0	30			
0x4cf530	FUN_004cf530	Frontend.cpp	1167	Frontend	local_byte_exact	0	1.0	1.0	29			
0x4f8a00	FUN_004f8a00	FrontendMenus.cpp	505	FrontendMenus	local_byte_exact	0	1.0	1.0	29			
0x4f9240	FUN_004f9240	FrontendMenus.cpp	542	FrontendMenus	local_byte_exact	0	1.0	1.0	29			
0x4fba90	FUN_004fba90	FrontendMenus.cpp	638	FrontendMenus	local_byte_exact	0	1.0	1.0	29			
0x4a1790	FUN_004a1790	Game.cpp	3188	Game	local_byte_exact	0	1.0	1.0	29			
0x405b80	CGameInfo::FUN_00405b80	GameInfo.cpp	328	GameInfo	local_byte_exact	0	1.0	1.0	29			
0x405bb0	CGameInfo::FUN_00405bb0	GameInfo.cpp	340	GameInfo	local_byte_exact	0	1.0	1.0	29			
0x4ea930	FUN_004ea930	GameInfo.cpp	3480	GameInfo	local_byte_exact	0	1.0	1.0	29			
0x4eaa60	FUN_004eaa60	GameInfo.cpp	3531	GameInfo	local_byte_exact	0	1.0	1.0	29			
0x4eaa90	FUN_004eaa90	GameInfo.cpp	3543	GameInfo	local_byte_exact	0	1.0	1.0	29			
0x4eac80	FUN_004eac80	GameInfo.cpp	3615	GameInfo	local_byte_exact	0	1.0	1.0	29			
0x4eacb0	FUN_004eacb0	GameInfo.cpp	3627	GameInfo	local_byte_exact	0	1.0	1.0	29			
0x4aff60	FUN_004aff60	Graphics.cpp	5596	Graphics	local_byte_exact	0	1.0	1.0	29			
0x49edf0	CInput::IsShiftPressed	Input.cpp	1345	entrada	local_byte_exact	0	1.0	1.0	29			
0x4aa6c0	CInstallInfo::SetGameHDPath	InstallInfo.cpp	287	InstallInfo	local_byte_exact	0	1.0	1.0	29			
0x4aa6e0	CInstallInfo::SetGameCDPath	InstallInfo.cpp	295	InstallInfo	local_byte_exact	0	1.0	1.0	29			
0x40afd0	FUN_0040afd0	NetPlayers.cpp	928	red	local_byte_exact	0	1.0	1.0	29			
0x40b1c0	FUN_0040b1c0	NetPlayers.cpp	1026	red	local_byte_exact	0	1.0	1.0	29			
0x427620	FUN_00427620	NetRace.cpp	78	red	local_byte_exact	0	1.0	1.0	29			
0x427a30	FUN_00427a30	NetRace.cpp	295	red	local_byte_exact	0	1.0	1.0	29			
0x427a80	FUN_00427a80	NetRace.cpp	316	red	local_byte_exact	0	1.0	1.0	29			
0x40d600	RallyData_FUN_0040d600	RallyData.cpp	1223	rutas/carrera	local_byte_exact	0	1.0	1.0	29			
0x407500	RallyData_FUN_00407500	RallyData.cpp	5040	rutas/carrera	local_byte_exact	0	1.0	1.0	29			
0x40e3a0	RallyData_FUN_0040e3a0	RallyData.cpp	5234	rutas/carrera	local_byte_exact	0	1.0	1.0	29			
0x4bb5f0	Line2D_Shutdown	Sprite.cpp	431	Sprite	local_byte_exact	0	1.0	1.0	29			
0x455c80	StageTiming_GetSplitPositionOfDriver	StageTiming.cpp	456	tiempos/replay	local_byte_exact	0	1.0	1.0	29			
0x448390	FUN_00448390	StageTiming.cpp	938	tiempos/replay	local_byte_exact	0	1.0	1.0	29			
0x456ae0	FUN_00456ae0	StageTiming.cpp	1809	tiempos/replay	local_byte_exact	0	1.0	1.0	29			
0x456c70	FUN_00456c70	StageTiming.cpp	4229	tiempos/replay	local_byte_exact	0	1.0	1.0	29			
0x46c4e0	FUN_0046c4e0	StageTiming.cpp	7530	tiempos/replay	local_byte_exact	0	1.0	1.0	29			
0x417760	FUN_00417760	Car.cpp	4201	coche/cámara	local_byte_exact	0	1.0	1.0	28			
0x4cf450	FUN_004cf450	Frontend.cpp	1121	Frontend	local_byte_exact	0	1.0	1.0	28			
0x405b60	CGameInfo::FUN_00405b60	GameInfo.cpp	322	GameInfo	local_byte_exact	0	1.0	1.0	28			
0x4eaa40	FUN_004eaa40	GameInfo.cpp	3525	GameInfo	local_byte_exact	0	1.0	1.0	28			
0x428740	FUN_00428740	NetRace.cpp	482	red	local_byte_exact	0	1.0	1.0	28			
0x41f360	FUN_0041f360	Race.cpp	397	carrera	local_byte_exact	0	1.0	1.0	28			
0x40eef0	FUN_0040eef0	RallyData.cpp	5329	rutas/carrera	local_byte_exact	0	1.0	1.0	28			
0x478150	FUN_00478150	StageObjects.cpp	827	objetos/IA/replay	local_byte_exact	0	1.0	1.0	28			
0x465ea0	FUN_00465ea0	StageObjects.cpp	1313	objetos/IA/replay	local_byte_exact	0	1.0	1.0	28			
0x484de0	FUN_00484de0	StageObjects.cpp	3027	objetos/IA/replay	local_byte_exact	0	1.0	1.0	28			
0x46f4a0	FUN_0046f4a0	StageObjects.cpp	3559	objetos/IA/replay	local_byte_exact	0	1.0	1.0	28			
0x4481f0	FUN_004481f0	StageTiming.cpp	859	tiempos/replay	local_byte_exact	0	1.0	1.0	28			
0x448240	FUN_00448240	StageTiming.cpp	874	tiempos/replay	local_byte_exact	0	1.0	1.0	28			
0x445a40	FUN_00445a40	StageTiming.cpp	1732	tiempos/replay	local_byte_exact	0	1.0	1.0	28			
0x445db0	FUN_00445db0	StageTiming.cpp	1747	tiempos/replay	local_byte_exact	0	1.0	1.0	28			
0x4bac60	FixMatrix_GetRight	FixedPoint.cpp	326	matemática	local_byte_exact	0	1.0	1.0	27			
0x4bace0	FixMatrix_SetRight	FixedPoint.cpp	362	matemática	local_byte_exact	0	1.0	1.0	27			
0x4a9700	CFrontend::FUN_004a9700	Frontend.cpp	272	Frontend	local_byte_exact	0	1.0	1.0	27			
0x4efb50	FUN_004efb50	FrontendScreens.cpp	3153	FrontendScreens	local_byte_exact	0	1.0	1.0	27			
0x4f3a70	FUN_004f3a70	FrontendScreens.cpp	9698	FrontendScreens	local_byte_exact	0	1.0	1.0	27			
0x4063d0	CGameInfo::FUN_004063d0	GameInfo.cpp	455	GameInfo	local_byte_exact	0	1.0	1.0	27			
0x4063f0	CGameInfo::FUN_004063f0	GameInfo.cpp	461	GameInfo	local_byte_exact	0	1.0	1.0	27			
0x406540	CGameInfo::FUN_00406540	GameInfo.cpp	509	GameInfo	local_byte_exact	0	1.0	1.0	27			
0x502990	FUN_00502990	GameInfo.cpp	1877	GameInfo	local_byte_exact	0	1.0	1.0	27			
0x4eab80	FUN_004eab80	GameInfo.cpp	3603	GameInfo	local_byte_exact	0	1.0	1.0	27			
0x449b60	FUN_00449b60	GameMenus.cpp	357	GameMenus	local_byte_exact	0	1.0	1.0	27			
0x4ab600	CInput::FormatString	Input.cpp	1473	entrada	local_byte_exact	0	1.0	1.0	27			
0x40af00	FUN_0040af00	NetPlayers.cpp	876	red	local_byte_exact	0	1.0	1.0	27			
0x427ab0	FUN_00427ab0	NetRace.cpp	332	red	local_byte_exact	0	1.0	1.0	27			
0x414700	FUN_00414700	Race.cpp	812	carrera	local_byte_exact	0	1.0	1.0	27			
0x406890	RallyData_FUN_00406890	RallyData.cpp	1302	rutas/carrera	local_byte_exact	0	1.0	1.0	27			
0x40d3b0	RallyTiming_GetOverallTimeForPosition	RallyTiming.cpp	268	RallyTiming	local_byte_exact	0	1.0	1.0	27			
0x460c80	FUN_00460c80	StageObjects.cpp	1138	objetos/IA/replay	local_byte_exact	0	1.0	1.0	27			
0x448780	FUN_00448780	StageTiming.cpp	984	tiempos/replay	local_byte_exact	0	1.0	1.0	27			
0x4994d0	FUN_004994d0	CarEffects.cpp	435	CarEffects	local_byte_exact	0	1.0	1.0	26			
0x4f89e0	FUN_004f89e0	FrontendMenus.cpp	499	FrontendMenus	local_byte_exact	0	1.0	1.0	26			
0x4f9260	FUN_004f9260	FrontendMenus.cpp	548	FrontendMenus	local_byte_exact	0	1.0	1.0	26			
0x4f92a0	FUN_004f92a0	FrontendMenus.cpp	560	FrontendMenus	local_byte_exact	0	1.0	1.0	26			
0x4ef480	FUN_004ef480	FrontendScreens.cpp	2989	FrontendScreens	local_byte_exact	0	1.0	1.0	26			
0x4aab40	CGame::DestroyDirectPlay	Game.cpp	1692	Game	local_byte_exact	0	1.0	1.0	26			
0x4aabb0	CGame::DestroyDirectPlayLobby	Game.cpp	1700	Game	local_byte_exact	0	1.0	1.0	26			
0x405b30	CGameInfo::SetFullscreen	GameInfo.cpp	310	GameInfo	local_byte_exact	0	1.0	1.0	26			
0x405d40	CGameInfo::FUN_00405d40	GameInfo.cpp	406	GameInfo	local_byte_exact	0	1.0	1.0	26			
0x4f4dc0	FUN_004f4dc0	GameInfo.cpp	3258	GameInfo	local_byte_exact	0	1.0	1.0	26			
0x4ea8a0	FUN_004ea8a0	GameInfo.cpp	3462	GameInfo	local_byte_exact	0	1.0	1.0	26			
0x450ed0	FUN_00450ed0	GameMenus.cpp	1521	GameMenus	local_byte_exact	0	1.0	1.0	26			
0x4a6040	CGraphics::FUN_004a6040	Graphics.cpp	1159	Graphics	local_byte_exact	0	1.0	1.0	26			
0x4a60b0	CGraphics::FUN_004a60b0	Graphics.cpp	1173	Graphics	local_byte_exact	0	1.0	1.0	26			
0x49edd0	CInput::GetFirstPressedKey	Input.cpp	1329	entrada	local_byte_exact	0	1.0	1.0	26			
0x409bc0	FUN_00409bc0	NetPlayers.cpp	102	red	local_byte_exact	0	1.0	1.0	26			
0x40a3e0	FUN_0040a3e0	NetPlayers.cpp	436	red	local_byte_exact	0	1.0	1.0	26			
0x40afb0	FUN_0040afb0	NetPlayers.cpp	920	red	local_byte_exact	0	1.0	1.0	26			
0x41b040	FUN_0041b040	Race.cpp	2074	carrera	local_byte_exact	0	1.0	1.0	26			
0x40d640	RallyData_FUN_0040d640	RallyData.cpp	1235	rutas/carrera	local_byte_exact	0	1.0	1.0	26			
0x40d660	RallyData_FUN_0040d660	RallyData.cpp	1241	rutas/carrera	local_byte_exact	0	1.0	1.0	26			
0x4068b0	RallyData_FUN_004068b0	RallyData.cpp	1308	rutas/carrera	local_byte_exact	0	1.0	1.0	26			
0x40e360	RallyData_FUN_0040e360	RallyData.cpp	5222	rutas/carrera	local_byte_exact	0	1.0	1.0	26			
0x4b4a80	Scene_GetShadowColour	SceneNode.cpp	722	SceneNode	local_byte_exact	0	1.0	1.0	26			
0x4b9360	Sector_GetGridDimensions	Sector.cpp	25	Sector	local_byte_exact	0	1.0	1.0	26			
0x46f4e0	FUN_0046f4e0	StageObjects.cpp	1683	objetos/IA/replay	local_byte_exact	0	1.0	1.0	26			
0x456b10	FUN_00456b10	StageTiming.cpp	1782	tiempos/replay	local_byte_exact	0	1.0	1.0	26			
0x49cb50	CGame::FUN_0049cb50	Game.cpp	2202	Game	local_byte_exact	0	1.0	1.0	25			
0x49cb70	CGame::FUN_0049cb70	Game.cpp	2209	Game	local_byte_exact	0	1.0	1.0	25			
0x4f4e50	FUN_004f4e50	GameInfo.cpp	3282	GameInfo	local_byte_exact	0	1.0	1.0	25			
0x4eaac0	FUN_004eaac0	GameInfo.cpp	3556	GameInfo	local_byte_exact	0	1.0	1.0	25			
0x4eaba0	FUN_004eaba0	GameInfo.cpp	3609	GameInfo	local_byte_exact	0	1.0	1.0	25			
0x49ead0	CInput::FUN_0049ead0	Input.cpp	2279	entrada	local_byte_exact	0	1.0	1.0	25			
0x40bbe0	FUN_0040bbe0	Input.cpp	2368	entrada	local_byte_exact	0	1.0	1.0	25			
0x4a0ba0	FUN_004a0ba0	Menu.cpp	526	Menu	local_byte_exact	0	1.0	1.0	25			
0x41f4e0	FUN_0041f4e0	Race.cpp	474	carrera	local_byte_exact	0	1.0	1.0	25			
0x4a3160	CSound::FUN_004a3160	Sound.cpp	600	Sound	local_byte_exact	0	1.0	1.0	25			
0x460c10	FUN_00460c10	StageObjects.cpp	1117	objetos/IA/replay	local_byte_exact	0	1.0	1.0	25			
0x46b740	FUN_0046b740	StageObjects.cpp	1452	objetos/IA/replay	local_byte_exact	0	1.0	1.0	25			
0x4246a0	FUN_004246a0	StageTiming.cpp	1359	tiempos/replay	local_byte_exact	0	1.0	1.0	25			
0x4cf390	FUN_004cf390	Frontend.cpp	1075	Frontend	local_byte_exact	0	1.0	1.0	24			
0x4a1740	FUN_004a1740	Game.cpp	3174	Game	local_byte_exact	0	1.0	1.0	24			
0x406360	CGameInfo::FUN_00406360	GameInfo.cpp	436	GameInfo	local_byte_exact	0	1.0	1.0	24			
0x4d05d0	CGameInfo::FUN_004d05d0	GameInfo.cpp	1279	GameInfo	local_byte_exact	0	1.0	1.0	24			
0x5012c0	CGameInfo::FUN_005012c0	GameInfo.cpp	2630	GameInfo	local_byte_exact	0	1.0	1.0	24			
0x4bc470	FUN_004bc470	Graphics.cpp	3780	Graphics	local_byte_exact	0	1.0	1.0	24			
0x4a0550	Menu_CallCallback2	Menu.cpp	261	Menu	local_byte_exact	0	1.0	1.0	24			
0x40af40	FUN_0040af40	NetPlayers.cpp	889	red	local_byte_exact	0	1.0	1.0	24			
0x427930	FUN_00427930	NetRace.cpp	229	red	local_byte_exact	0	1.0	1.0	24			
0x427a10	FUN_00427a10	NetRace.cpp	286	red	local_byte_exact	0	1.0	1.0	24			
0x4209d0	RallyData_FUN_004209d0	RallyData.cpp	4579	rutas/carrera	local_byte_exact	0	1.0	1.0	24			
0x4070c0	RallyData_FUN_004070c0	RallyData.cpp	5025	rutas/carrera	local_byte_exact	0	1.0	1.0	24			
0x4ac260	SceneNode_SetObject	SceneNode.cpp	208	SceneNode	local_byte_exact	0	1.0	1.0	24			
0x4a2f50	FUN_004a2f50	Sound.cpp	701	Sound	local_byte_exact	0	1.0	1.0	24			
0x4b7a90	Sound_MakeHandle	Sound.cpp	1411	Sound	local_byte_exact	0	1.0	1.0	24			
0x460bf0	FUN_00460bf0	StageObjects.cpp	1111	objetos/IA/replay	local_byte_exact	0	1.0	1.0	24			
0x47bda0	FUN_0047bda0	StageObjects.cpp	8386	objetos/IA/replay	local_byte_exact	0	1.0	1.0	24			
0x4483c0	FUN_004483c0	StageTiming.cpp	1065	tiempos/replay	local_byte_exact	0	1.0	1.0	24			
0x445dd0	FUN_00445dd0	StageTiming.cpp	1757	tiempos/replay	local_byte_exact	0	1.0	1.0	24			
0x4582d0	FUN_004582d0	StageTiming.cpp	3049	tiempos/replay	local_byte_exact	0	1.0	1.0	24			
0x4582f0	FUN_004582f0	StageTiming.cpp	3055	tiempos/replay	local_byte_exact	0	1.0	1.0	24			
0x458310	FUN_00458310	StageTiming.cpp	3061	tiempos/replay	local_byte_exact	0	1.0	1.0	24			
0x458330	FUN_00458330	StageTiming.cpp	3067	tiempos/replay	local_byte_exact	0	1.0	1.0	24			
0x458350	FUN_00458350	StageTiming.cpp	3073	tiempos/replay	local_byte_exact	0	1.0	1.0	24			
0x458370	FUN_00458370	StageTiming.cpp	3079	tiempos/replay	local_byte_exact	0	1.0	1.0	24			
0x4589e0	FUN_004589e0	StageTiming.cpp	3085	tiempos/replay	local_byte_exact	0	1.0	1.0	24			
0x41b340	FUN_0041b340	StageUI.cpp	457	StageUI	local_byte_exact	0	1.0	1.0	24			
0x422f90	FUN_00422f90	Car.cpp	66	coche/cámara	local_byte_exact	0	1.0	1.0	23			
0x45d250	FUN_0045d250	CarEffects.cpp	1130	CarEffects	local_byte_exact	0	1.0	1.0	23			
0x4aad70	CFileBuffer::AllocateLockedBuffer	FileBuffer.cpp	18	FileBuffer	local_byte_exact	0	1.0	1.0	23			
0x4aad50	CGame::FUN_004aad50	Game.cpp	2777	Game	local_byte_exact	0	1.0	1.0	23			
0x406520	CGameInfo::FUN_00406520	GameInfo.cpp	503	GameInfo	local_byte_exact	0	1.0	1.0	23			
0x406410	CGameInfo::FUN_00406410	GameInfo.cpp	1115	GameInfo	local_byte_exact	0	1.0	1.0	23			
0x447ec0	FUN_00447ec0	HudDash.cpp	723	HudDash	local_byte_exact	0	1.0	1.0	23			
0x4ab6f0	CLogger::CloseLogFile	Logger.cpp	43	Logger	local_byte_exact	0	1.0	1.0	23			
0x4a0410	Menu_SelectItem	Menu.cpp	190	Menu	local_byte_exact	0	1.0	1.0	23			
0x409dd0	FUN_00409dd0	NetPlayers.cpp	207	red	local_byte_exact	0	1.0	1.0	23			
0x40a700	FUN_0040a700	NetPlayers.cpp	560	red	local_byte_exact	0	1.0	1.0	23			
0x463ce0	FUN_00463ce0	StageObjects.cpp	1150	objetos/IA/replay	local_byte_exact	0	1.0	1.0	23			
0x4764e0	FUN_004764e0	StageObjects.cpp	2463	objetos/IA/replay	local_byte_exact	0	1.0	1.0	23			
0x455cf0	StageTiming_GetDriverIDForPosition	StageTiming.cpp	111	tiempos/replay	local_byte_exact	0	1.0	1.0	23			
0x448680	FUN_00448680	StageTiming.cpp	1073	tiempos/replay	local_byte_exact	0	1.0	1.0	23			
0x458230	FUN_00458230	StageTiming.cpp	3019	tiempos/replay	local_byte_exact	0	1.0	1.0	23			
0x458250	FUN_00458250	StageTiming.cpp	3025	tiempos/replay	local_byte_exact	0	1.0	1.0	23			
0x458270	FUN_00458270	StageTiming.cpp	3031	tiempos/replay	local_byte_exact	0	1.0	1.0	23			
0x458290	FUN_00458290	StageTiming.cpp	3037	tiempos/replay	local_byte_exact	0	1.0	1.0	23			
0x4582b0	FUN_004582b0	StageTiming.cpp	3043	tiempos/replay	local_byte_exact	0	1.0	1.0	23			
0x4067e0	CGame::FUN_004067e0	Game.cpp	1576	Game	local_byte_exact	0	1.0	1.0	22			
0x4a1510	Session_SetName	Game.cpp	3520	Game	local_byte_exact	0	1.0	1.0	22			
0x4a1530	Session_SetPassword	Game.cpp	3528	Game	local_byte_exact	0	1.0	1.0	22			
0x4a1550	Session_SetMaxPlayers	Game.cpp	3536	Game	local_byte_exact	0	1.0	1.0	22			
0x406450	CGameInfo::FUN_00406450	GameInfo.cpp	479	GameInfo	local_byte_exact	0	1.0	1.0	22			
0x401850	FUN_00401850	GameInfo.cpp	4009	GameInfo	local_byte_exact	0	1.0	1.0	22			
0x40c530	CInput::FUN_0040c530	Input.cpp	1296	entrada	local_byte_exact	0	1.0	1.0	22			
0x4a0530	Menu_CallCallback3	Menu.cpp	254	Menu	local_byte_exact	0	1.0	1.0	22			
0x409cb0	FUN_00409cb0	NetPlayers.cpp	155	red	local_byte_exact	0	1.0	1.0	22			
0x409d30	FUN_00409d30	NetPlayers.cpp	183	red	local_byte_exact	0	1.0	1.0	22			
0x409ee0	FUN_00409ee0	NetPlayers.cpp	266	red	local_byte_exact	0	1.0	1.0	22			
0x40a450	FUN_0040a450	NetPlayers.cpp	461	red	local_byte_exact	0	1.0	1.0	22			
0x40a470	FUN_0040a470	NetPlayers.cpp	467	red	local_byte_exact	0	1.0	1.0	22			
0x40b1e0	FUN_0040b1e0	NetPlayers.cpp	1035	red	local_byte_exact	0	1.0	1.0	22			
0x420130	FUN_00420130	Race.cpp	3704	carrera	local_byte_exact	0	1.0	1.0	22			
0x4075f0	RallyData_FUN_004075f0	RallyData.cpp	1960	rutas/carrera	local_byte_exact	0	1.0	1.0	22			
0x40df60	RallyData_FUN_0040df60	RallyData.cpp	5016	rutas/carrera	local_byte_exact	0	1.0	1.0	22			
0x40ccb0	FUN_0040ccb0	RallyTiming.cpp	69	RallyTiming	local_byte_exact	0	1.0	1.0	22			
0x4bd920	MMIOData::StartDataRead	Sound.cpp	480	Sound	local_byte_exact	0	1.0	1.0	22			
0x4bd100	FUN_004bd100	Sound.cpp	567	Sound	local_byte_exact	0	1.0	1.0	22			
0x46bfb0	FUN_0046bfb0	StageObjects.cpp	1522	objetos/IA/replay	local_byte_exact	0	1.0	1.0	22			
0x46c180	FUN_0046c180	StageObjects.cpp	1575	objetos/IA/replay	local_byte_exact	0	1.0	1.0	22			
0x46c220	FUN_0046c220	StageObjects.cpp	1603	objetos/IA/replay	local_byte_exact	0	1.0	1.0	22			
0x486be0	FUN_00486be0	StageObjects.cpp	3126	objetos/IA/replay	local_byte_exact	0	1.0	1.0	22			
0x4481c0	FUN_004481c0	StageTiming.cpp	847	tiempos/replay	local_byte_exact	0	1.0	1.0	22			
0x448330	FUN_00448330	StageTiming.cpp	920	tiempos/replay	local_byte_exact	0	1.0	1.0	22			
0x448350	FUN_00448350	StageTiming.cpp	926	tiempos/replay	local_byte_exact	0	1.0	1.0	22			
0x45f240	FUN_0045f240	StageTiming.cpp	3098	tiempos/replay	local_byte_exact	0	1.0	1.0	22			
0x42b7e0	FUN_0042b7e0	Car.cpp	3490	coche/cámara	local_byte_exact	0	1.0	1.0	21			
0x42ca70	Car_GetTransforms	Car.cpp	4053	coche/cámara	local_byte_exact	0	1.0	1.0	21			
0x42ca90	Car_GetPhysicsRow	Car.cpp	4059	coche/cámara	local_byte_exact	0	1.0	1.0	21			
0x4a3e20	FUN_004a3e20	Frontend.cpp	1018	Frontend	local_byte_exact	0	1.0	1.0	21			
0x405ff0	CGameInfo::FUN_00405ff0	GameInfo.cpp	304	GameInfo	local_byte_exact	0	1.0	1.0	21			
0x49ea90	CGameInfo::FUN_0049ea90	GameInfo.cpp	1268	GameInfo	local_byte_exact	0	1.0	1.0	21			
0x503940	FUN_00503940	GameInfo.cpp	1996	GameInfo	local_byte_exact	0	1.0	1.0	21			
0x500500	CGameInfo::FUN_00500500	GameInfo.cpp	2623	GameInfo	local_byte_exact	0	1.0	1.0	21			
0x4a5ff0	CGraphics::FUN_004a5ff0	Graphics.cpp	1152	Graphics	local_byte_exact	0	1.0	1.0	21			
0x4a6060	CGraphics::FUN_004a6060	Graphics.cpp	1166	Graphics	local_byte_exact	0	1.0	1.0	21			
0x40b080	FUN_0040b080	NetPlayers.cpp	975	red	local_byte_exact	0	1.0	1.0	21			
0x418760	FUN_00418760	Race.cpp	3647	carrera	local_byte_exact	0	1.0	1.0	21			
0x407630	RallyData_FUN_00407630	RallyData.cpp	1969	rutas/carrera	local_byte_exact	0	1.0	1.0	21			
0x463270	FUN_00463270	StageObjects.cpp	1144	objetos/IA/replay	local_byte_exact	0	1.0	1.0	21			
0x46b4c0	FUN_0046b4c0	StageObjects.cpp	1433	objetos/IA/replay	local_byte_exact	0	1.0	1.0	21			
0x46bd20	FUN_0046bd20	StageObjects.cpp	1468	objetos/IA/replay	local_byte_exact	0	1.0	1.0	21			
0x448370	FUN_00448370	StageTiming.cpp	932	tiempos/replay	local_byte_exact	0	1.0	1.0	21			
0x448cd0	FUN_00448cd0	StageTiming.cpp	1050	tiempos/replay	local_byte_exact	0	1.0	1.0	21			
0x4c0be0	zcalloc	ZlibZutil.cpp	261	ZlibZutil	local_byte_exact	0	1.0	1.0	21			
0x406560	CGameInfo::FUN_00406560	GameInfo.cpp	917	GameInfo	local_byte_exact	0	1.0	1.0	20			
0x50edf0	FUN_0050edf0	GameInfo.cpp	9584	GameInfo	local_byte_exact	0	1.0	1.0	20			
0x449fe0	FUN_00449fe0	GameMenus.cpp	338	GameMenus	local_byte_exact	0	1.0	1.0	20			
0x447e00	FUN_00447e00	HudDash.cpp	699	HudDash	local_byte_exact	0	1.0	1.0	20			
0x49f6b0	CInput::FUN_0049f6b0	Input.cpp	673	entrada	local_byte_exact	0	1.0	1.0	20			
0x40bbc0	FUN_0040bbc0	Input.cpp	2362	entrada	local_byte_exact	0	1.0	1.0	20			
0x40aff0	FUN_0040aff0	NetPlayers.cpp	938	red	local_byte_exact	0	1.0	1.0	20			
0x407610	RallyData_FUN_00407610	RallyData.cpp	4891	rutas/carrera	local_byte_exact	0	1.0	1.0	20			
0x40d3d0	RallyTiming_FUN_0040d3d0	RallyTiming.cpp	472	RallyTiming	local_byte_exact	0	1.0	1.0	20			
0x4a3180	FUN_004a3180	Sound.cpp	1432	Sound	local_byte_exact	0	1.0	1.0	20			
0x471bd0	FUN_00471bd0	StageObjects.cpp	1904	objetos/IA/replay	local_byte_exact	0	1.0	1.0	20			
0x484d10	FUN_00484d10	StageObjects.cpp	3021	objetos/IA/replay	local_byte_exact	0	1.0	1.0	20			
0x48ca40	FUN_0048ca40	StageObjects.cpp	3217	objetos/IA/replay	local_byte_exact	0	1.0	1.0	20			
0x492bb0	FUN_00492bb0	StageObjects.cpp	3390	objetos/IA/replay	local_byte_exact	0	1.0	1.0	20			
0x4bdee0	gzopen	ZlibGzio.cpp	198	ZlibGzio	local_byte_exact	0	1.0	1.0	20			
0x43e190	Car_SetBrakeBias	Car.cpp	4128	coche/cámara	local_byte_exact	0	1.0	1.0	19			
0x43e1b0	Car_SetDriveSplit	Car.cpp	4134	coche/cámara	local_byte_exact	0	1.0	1.0	19			
0x43e1d0	FUN_0043e1d0	Car.cpp	4140	coche/cámara	local_byte_exact	0	1.0	1.0	19			
0x4eb450	FUN_004eb450	FileBuffer.cpp	228	FileBuffer	local_byte_exact	0	1.0	1.0	19			
0x4fbea0	FUN_004fbea0	FrontendMenus.cpp	631	FrontendMenus	local_byte_exact	0	1.0	1.0	19			
0x4f3ac0	FUN_004f3ac0	FrontendScreens.cpp	4497	FrontendScreens	local_byte_exact	0	1.0	1.0	19			
0x4238e0	FUN_004238e0	Game.cpp	2877	Game	local_byte_exact	0	1.0	1.0	19			
0x5011b0	CGameInfo::FUN_005011b0	GameInfo.cpp	2617	GameInfo	local_byte_exact	0	1.0	1.0	19			
0x4a8d60	CGraphics::FUN_004a8d60	Graphics.cpp	854	Graphics	local_byte_exact	0	1.0	1.0	19			
0x4b2e20	$CRT_CPP_Initializer(void)	Graphics.cpp	3271	Graphics	local_byte_exact	0	1.0	1.0	19			
0x447ea0	FUN_00447ea0	HudDash.cpp	717	HudDash	local_byte_exact	0	1.0	1.0	19			
0x409d00	FUN_00409d00	NetPlayers.cpp	171	red	local_byte_exact	0	1.0	1.0	19			
0x4239e0	FUN_004239e0	RallyData.cpp	1127	rutas/carrera	local_byte_exact	0	1.0	1.0	19			
0x4bd230	CSound::FUN_004bd230	Sound.cpp	149	Sound	local_byte_exact	0	1.0	1.0	19			
0x478130	FUN_00478130	StageObjects.cpp	821	objetos/IA/replay	local_byte_exact	0	1.0	1.0	19			
0x476520	FUN_00476520	StageObjects.cpp	2469	objetos/IA/replay	local_byte_exact	0	1.0	1.0	19			
0x4789b0	FUN_004789b0	StageObjects.cpp	2628	objetos/IA/replay	local_byte_exact	0	1.0	1.0	19			
0x455ac0	StageTiming_FUN_00455ac0	StageTiming.cpp	417	tiempos/replay	local_byte_exact	0	1.0	1.0	19			
0x4c3f40	inflate_codes_free	ZlibInfcodes.cpp	251	ZlibInfcodes	local_byte_exact	0	1.0	1.0	19			
0x42c870	Car_InvalidateTransforms	Car.cpp	3969	coche/cámara	local_byte_exact	0	1.0	1.0	18			
0x42cac0	Car_GetRendererRecord	Car.cpp	4071	coche/cámara	local_byte_exact	0	1.0	1.0	18			
0x443230	FUN_00443230	Car.cpp	4195	coche/cámara	local_byte_exact	0	1.0	1.0	18			
0x4f3b00	FUN_004f3b00	FrontendScreens.cpp	4516	FrontendScreens	local_byte_exact	0	1.0	1.0	18			
0x4d0820	FUN_004d0820	Game.cpp	193	Game	local_byte_exact	0	1.0	1.0	18			
0x405796	FUN_00405796	Game.cpp	422	Game	local_byte_exact	0	1.0	1.0	18			
0x501210	FUN_00501210	GameInfo.cpp	1767	GameInfo	local_byte_exact	0	1.0	1.0	18			
0x4f8a70	CGameInfo::FUN_004f8a70	GameInfo.cpp	2611	GameInfo	local_byte_exact	0	1.0	1.0	18			
0x500110	FUN_00500110	GameInfo.cpp	6570	GameInfo	local_byte_exact	0	1.0	1.0	18			
0x50a880	FUN_0050a880	GameInfo.cpp	9547	GameInfo	local_byte_exact	0	1.0	1.0	18			
0x44a130	FUN_0044a130	GameMenus.cpp	3755	GameMenus	local_byte_exact	0	1.0	1.0	18			
0x4ae3d0	FUN_004ae3d0	Graphics.cpp	4679	Graphics	local_byte_exact	0	1.0	1.0	18			
0x4ae3f0	FUN_004ae3f0	Graphics.cpp	4686	Graphics	local_byte_exact	0	1.0	1.0	18			
0x4aaf50	CInput::FUN_004aaf50	Input.cpp	1449	entrada	local_byte_exact	0	1.0	1.0	18			
0x41d780	FUN_0041d780	Race.cpp	2110	carrera	local_byte_exact	0	1.0	1.0	18			
0x408d60	RallyData_FUN_00408d60	RallyData.cpp	2251	rutas/carrera	local_byte_exact	0	1.0	1.0	18			
0x40df80	RallyData_FUN_0040df80	RallyData.cpp	5120	rutas/carrera	local_byte_exact	0	1.0	1.0	18			
0x421570	FUN_00421570	RallyRoute.cpp	11	RallyRoute	local_byte_exact	0	1.0	1.0	18			
0x47cc30	FUN_0047cc30	StageObjects.cpp	878	objetos/IA/replay	local_byte_exact	0	1.0	1.0	18			
0x46b400	FUN_0046b400	StageObjects.cpp	1376	objetos/IA/replay	local_byte_exact	0	1.0	1.0	18			
0x478170	FUN_00478170	StageObjects.cpp	2610	objetos/IA/replay	local_byte_exact	0	1.0	1.0	18			
0x48d930	FUN_0048d930	StageObjects.cpp	3259	objetos/IA/replay	local_byte_exact	0	1.0	1.0	18			
0x48ca70	FUN_0048ca70	StageObjects.cpp	8473	objetos/IA/replay	local_byte_exact	0	1.0	1.0	18			
0x4a9b30	FUN_004a9b30	main.cpp	330	main	local_byte_exact	0	1.0	1.0	18			
0x42b720	Car_SetDrawnFlag	Car.cpp	3554	coche/cámara	local_byte_exact	0	1.0	1.0	17			
0x45de80	FUN_0045de80	CarEffects.cpp	1254	CarEffects	local_byte_exact	0	1.0	1.0	17			
0x4ebec0	FUN_004ebec0	FileBuffer.cpp	350	FileBuffer	local_byte_exact	0	1.0	1.0	17			
0x4d21c0	CFrontend::FUN_004d21c0	Frontend.cpp	376	Frontend	local_byte_exact	0	1.0	1.0	17			
0x4f8a50	FUN_004f8a50	FrontendMenus.cpp	525	FrontendMenus	local_byte_exact	0	1.0	1.0	17			
0x4f9280	FUN_004f9280	FrontendMenus.cpp	554	FrontendMenus	local_byte_exact	0	1.0	1.0	17			
0x4f92c0	FUN_004f92c0	FrontendMenus.cpp	566	FrontendMenus	local_byte_exact	0	1.0	1.0	17			
0x4ef4a0	FUN_004ef4a0	FrontendScreens.cpp	2996	FrontendScreens	local_byte_exact	0	1.0	1.0	17			
0x4f0600	FUN_004f0600	FrontendScreens.cpp	3184	FrontendScreens	local_byte_exact	0	1.0	1.0	17			
0x4f0e60	FUN_004f0e60	FrontendScreens.cpp	3271	FrontendScreens	local_byte_exact	0	1.0	1.0	17			
0x5021c0	FUN_005021c0	GameInfo.cpp	1842	GameInfo	local_byte_exact	0	1.0	1.0	17			
0x4ffa50	FUN_004ffa50	GameInfo.cpp	6562	GameInfo	local_byte_exact	0	1.0	1.0	17			
0x4b7c80	FUN_004b7c80	Input.cpp	2182	entrada	local_byte_exact	0	1.0	1.0	17			
0x49eab0	CInput::FUN_0049eab0	Input.cpp	2259	entrada	local_byte_exact	0	1.0	1.0	17			
0x4b7d40	FUN_004b7d40	Input.cpp	2285	entrada	local_byte_exact	0	1.0	1.0	17			
0x409e00	FUN_00409e00	NetPlayers.cpp	222	red	local_byte_exact	0	1.0	1.0	17			
0x40ac10	FUN_0040ac10	NetPlayers.cpp	747	red	local_byte_exact	0	1.0	1.0	17			
0x420100	FUN_00420100	Race.cpp	2131	carrera	local_byte_exact	0	1.0	1.0	17			
0x4ec000	FUN_004ec000	RallyData.cpp	1801	rutas/carrera	local_byte_exact	0	1.0	1.0	17			
0x421510	RallyData_FUN_00421510	RallyData.cpp	4562	rutas/carrera	local_byte_exact	0	1.0	1.0	17			
0x408290	RallyData_FUN_00408290	RallyData.cpp	5082	rutas/carrera	local_byte_exact	0	1.0	1.0	17			
0x40ced0	FUN_0040ced0	RallyTiming.cpp	188	RallyTiming	local_byte_exact	0	1.0	1.0	17			
0x40cff0	FUN_0040cff0	RallyTiming.cpp	256	RallyTiming	local_byte_exact	0	1.0	1.0	17			
0x40d070	RallyTiming_GetStageTimeSeconds	RallyTiming.cpp	301	RallyTiming	local_byte_exact	0	1.0	1.0	17			
0x46b420	FUN_0046b420	StageObjects.cpp	1382	objetos/IA/replay	local_byte_exact	0	1.0	1.0	17			
0x456be0	FUN_00456be0	StageTiming.cpp	2509	tiempos/replay	local_byte_exact	0	1.0	1.0	17			
0x478f30	FUN_00478f30	SurfaceTypes.cpp	626	superficies	local_byte_exact	0	1.0	1.0	17			
0x4ef960	FUN_004ef960	FrontendScreens.cpp	3147	FrontendScreens	local_byte_exact	0	1.0	1.0	16			
0x4f3a50	FUN_004f3a50	FrontendScreens.cpp	5414	FrontendScreens	local_byte_exact	0	1.0	1.0	16			
0x4fafd0	FUN_004fafd0	FrontendScreens.cpp	7721	FrontendScreens	local_byte_exact	0	1.0	1.0	16			
0x4aae10	FUN_004aae10	Game.cpp	2770	Game	local_byte_exact	0	1.0	1.0	16			
0x4f4e70	FUN_004f4e70	GameInfo.cpp	3288	GameInfo	local_byte_exact	0	1.0	1.0	16			
0x4035d0	FUN_004035d0	GameInfo.cpp	4126	GameInfo	local_byte_exact	0	1.0	1.0	16			
0x449e90	FUN_00449e90	GameMenus.cpp	441	GameMenus	local_byte_exact	0	1.0	1.0	16			
0x4a96c0	CGraphics::FUN_004a96c0	Graphics.cpp	751	Graphics	local_byte_exact	0	1.0	1.0	16			
0x4a96e0	CGraphics::FUN_004a96e0	Graphics.cpp	761	Graphics	local_byte_exact	0	1.0	1.0	16			
0x4a96f0	CGraphics::DeviceCanRender16Bit	Graphics.cpp	819	Graphics	local_byte_exact	0	1.0	1.0	16			
0x4a96d0	CGraphics::FUN_004a96d0	Graphics.cpp	1234	Graphics	local_byte_exact	0	1.0	1.0	16			
0x4bcac0	FUN_004bcac0	Graphics.cpp	3971	Graphics	local_byte_exact	0	1.0	1.0	16			
0x4a3de0	CGraphics::FUN_004a3de0	Graphics.cpp	6221	Graphics	local_byte_exact	0	1.0	1.0	16			
0x409d20	FUN_00409d20	NetPlayers.cpp	177	red	local_byte_exact	0	1.0	1.0	16			
0x409df0	FUN_00409df0	NetPlayers.cpp	216	red	local_byte_exact	0	1.0	1.0	16			
0x40aeb0	FUN_0040aeb0	NetPlayers.cpp	852	red	local_byte_exact	0	1.0	1.0	16			
0x40aec0	FUN_0040aec0	NetPlayers.cpp	858	red	local_byte_exact	0	1.0	1.0	16			
0x40b010	FUN_0040b010	NetPlayers.cpp	944	red	local_byte_exact	0	1.0	1.0	16			
0x418550	FUN_00418550	Race.cpp	1528	carrera	local_byte_exact	0	1.0	1.0	16			
0x4a3640	Sprite_Shutdown	Sprite.cpp	191	Sprite	local_byte_exact	0	1.0	1.0	16			
0x466090	FUN_00466090	StageObjects.cpp	1356	objetos/IA/replay	local_byte_exact	0	1.0	1.0	16			
0x448620	FUN_00448620	StageTiming.cpp	952	tiempos/replay	local_byte_exact	0	1.0	1.0	16			
0x478a10	FUN_00478a10	SurfaceTypes.cpp	37	superficies	local_byte_exact	0	1.0	1.0	16			
0x42cab0	Car_GetWheelTransforms	Car.cpp	4065	coche/cámara	local_byte_exact	0	1.0	1.0	15			
0x4eb4b0	FUN_004eb4b0	FileBuffer.cpp	279	FileBuffer	local_byte_exact	0	1.0	1.0	15			
0x4d0300	FUN_004d0300	Frontend.cpp	1731	Frontend	local_byte_exact	0	1.0	1.0	15			
0x4ef950	FUN_004ef950	FrontendScreens.cpp	3141	FrontendScreens	local_byte_exact	0	1.0	1.0	15			
0x4f0c40	FUN_004f0c40	FrontendScreens.cpp	5200	FrontendScreens	local_byte_exact	0	1.0	1.0	15			
0x403360	FUN_00403360	GameInfo.cpp	4120	GameInfo	local_byte_exact	0	1.0	1.0	15			
0x449b80	FUN_00449b80	GameMenus.cpp	363	GameMenus	local_byte_exact	0	1.0	1.0	15			
0x449b90	FUN_00449b90	GameMenus.cpp	369	GameMenus	local_byte_exact	0	1.0	1.0	15			
0x44a090	FUN_0044a090	GameMenus.cpp	507	GameMenus	local_byte_exact	0	1.0	1.0	15			
0x4aa700	CInstallInfo::GetGameHDPath	InstallInfo.cpp	303	InstallInfo	local_byte_exact	0	1.0	1.0	15			
0x4aa710	CInstallInfo::GetGameCDPath	InstallInfo.cpp	308	InstallInfo	local_byte_exact	0	1.0	1.0	15			
0x409be0	FUN_00409be0	NetPlayers.cpp	113	red	local_byte_exact	0	1.0	1.0	15			
0x409e20	FUN_00409e20	NetPlayers.cpp	228	red	local_byte_exact	0	1.0	1.0	15			
0x40aea0	FUN_0040aea0	NetPlayers.cpp	846	red	local_byte_exact	0	1.0	1.0	15			
0x40e8c0	FUN_0040e8c0	NetworkLeaderboards.cpp	200	NetworkLeaderboards	local_byte_exact	0	1.0	1.0	15			
0x41f500	FUN_0041f500	Race.cpp	483	carrera	local_byte_exact	0	1.0	1.0	15			
0x4b3840	Scene_GetAmbientColour	SceneNode.cpp	2151	SceneNode	local_byte_exact	0	1.0	1.0	15			
0x4b3850	Scene_GetLightColourBytes	SceneNode.cpp	2157	SceneNode	local_byte_exact	0	1.0	1.0	15			
0x4bd960	CSound::CloseMMIO	Sound.cpp	177	Sound	local_byte_exact	0	1.0	1.0	15			
0x46f4c0	FUN_0046f4c0	StageObjects.cpp	1644	objetos/IA/replay	local_byte_exact	0	1.0	1.0	15			
0x46f4d0	FUN_0046f4d0	StageObjects.cpp	1650	objetos/IA/replay	local_byte_exact	0	1.0	1.0	15			
0x4928f0	FUN_004928f0	StageObjects.cpp	3317	objetos/IA/replay	local_byte_exact	0	1.0	1.0	15			
0x47bdc0	FUN_0047bdc0	StageObjects.cpp	8396	objetos/IA/replay	local_byte_exact	0	1.0	1.0	15			
0x455ab0	StageTiming_FUN_00455ab0	StageTiming.cpp	411	tiempos/replay	local_byte_exact	0	1.0	1.0	15			
0x42b5f0	Car_Get	Car.cpp	418	coche/cámara	local_byte_exact	0	1.0	1.0	14			
0x40ee60	CFrontend::FUN_0040ee60	Frontend.cpp	983	Frontend	local_byte_exact	0	1.0	1.0	14			
0x40ee70	CFrontend::FUN_0040ee70	Frontend.cpp	989	Frontend	local_byte_exact	0	1.0	1.0	14			
0x40ee80	CFrontend::FUN_0040ee80	Frontend.cpp	995	Frontend	local_byte_exact	0	1.0	1.0	14			
0x40ee90	CFrontend::FUN_0040ee90	Frontend.cpp	1001	Frontend	local_byte_exact	0	1.0	1.0	14			
0x40eea0	CFrontend::FUN_0040eea0	Frontend.cpp	1007	Frontend	local_byte_exact	0	1.0	1.0	14			
0x4d0220	FUN_004d0220	Frontend.cpp	1692	Frontend	local_byte_exact	0	1.0	1.0	14			
0x4f8a40	FUN_004f8a40	FrontendMenus.cpp	519	FrontendMenus	local_byte_exact	0	1.0	1.0	14			
0x4ef5e0	FUN_004ef5e0	FrontendScreens.cpp	3065	FrontendScreens	local_byte_exact	0	1.0	1.0	14			
0x4efdc0	FUN_004efdc0	FrontendScreens.cpp	3160	FrontendScreens	local_byte_exact	0	1.0	1.0	14			
0x4efdd0	FUN_004efdd0	FrontendScreens.cpp	3166	FrontendScreens	local_byte_exact	0	1.0	1.0	14			
0x4f3970	FUN_004f3970	FrontendScreens.cpp	4426	FrontendScreens	local_byte_exact	0	1.0	1.0	14			
0x4f3980	FUN_004f3980	FrontendScreens.cpp	4432	FrontendScreens	local_byte_exact	0	1.0	1.0	14			
0x4f39d0	FUN_004f39d0	FrontendScreens.cpp	4450	FrontendScreens	local_byte_exact	0	1.0	1.0	14			
0x4f3ae0	FUN_004f3ae0	FrontendScreens.cpp	4504	FrontendScreens	local_byte_exact	0	1.0	1.0	14			
0x4f39e0	FUN_004f39e0	FrontendScreens.cpp	5178	FrontendScreens	local_byte_exact	0	1.0	1.0	14			
0x4f39f0	FUN_004f39f0	FrontendScreens.cpp	6326	FrontendScreens	local_byte_exact	0	1.0	1.0	14			
0x4fb360	FUN_004fb360	FrontendScreens.cpp	7827	FrontendScreens	local_byte_exact	0	1.0	1.0	14			
0x4ff4b0	FUN_004ff4b0	GameInfo.cpp	1444	GameInfo	local_byte_exact	0	1.0	1.0	14			
0x4ff4c0	FUN_004ff4c0	GameInfo.cpp	1450	GameInfo	local_byte_exact	0	1.0	1.0	14			
0x4ff4d0	FUN_004ff4d0	GameInfo.cpp	1456	GameInfo	local_byte_exact	0	1.0	1.0	14			
0x4ff540	FUN_004ff540	GameInfo.cpp	1493	GameInfo	local_byte_exact	0	1.0	1.0	14			
0x4ff5a0	FUN_004ff5a0	GameInfo.cpp	1499	GameInfo	local_byte_exact	0	1.0	1.0	14			
0x5011f0	FUN_005011f0	GameInfo.cpp	1755	GameInfo	local_byte_exact	0	1.0	1.0	14			
0x501200	FUN_00501200	GameInfo.cpp	1761	GameInfo	local_byte_exact	0	1.0	1.0	14			
0x502d40	FUN_00502d40	GameInfo.cpp	1955	GameInfo	local_byte_exact	0	1.0	1.0	14			
0x503930	FUN_00503930	GameInfo.cpp	1990	GameInfo	local_byte_exact	0	1.0	1.0	14			
0x501390	FUN_00501390	GameInfo.cpp	6084	GameInfo	local_byte_exact	0	1.0	1.0	14			
0x4d06f0	FUN_004d06f0	GameInfo.cpp	8272	GameInfo	local_byte_exact	0	1.0	1.0	14			
0x4b2e40	FUN_004b2e40	Graphics.cpp	3281	Graphics	local_byte_exact	0	1.0	1.0	14			
0x4ab5f0	CInput::FUN_004ab5f0	Input.cpp	1054	entrada	local_byte_exact	0	1.0	1.0	14			
0x4a0360	Menu_SetCursor	Menu.cpp	142	Menu	local_byte_exact	0	1.0	1.0	14			
0x4a0370	Menu_SetParent	Menu.cpp	148	Menu	local_byte_exact	0	1.0	1.0	14			
0x40a410	FUN_0040a410	NetPlayers.cpp	449	red	local_byte_exact	0	1.0	1.0	14	differential_network_tables.py		
0x40b1a0	FUN_0040b1a0	NetPlayers.cpp	1014	red	local_byte_exact	0	1.0	1.0	14			
0x427650	FUN_00427650	NetRace.cpp	90	red	local_byte_exact	0	1.0	1.0	14			
0x41f350	FUN_0041f350	Race.cpp	391	carrera	local_byte_exact	0	1.0	1.0	14			
0x41bf50	FUN_0041bf50	Race.cpp	2080	carrera	local_byte_exact	0	1.0	1.0	14			
0x41bf60	FUN_0041bf60	Race.cpp	2086	carrera	local_byte_exact	0	1.0	1.0	14			
0x41bf70	FUN_0041bf70	Race.cpp	2092	carrera	local_byte_exact	0	1.0	1.0	14			
0x4075b0	RallyData_FUN_004075b0	RallyData.cpp	1936	rutas/carrera	local_byte_exact	0	1.0	1.0	14			
0x4075c0	RallyData_FUN_004075c0	RallyData.cpp	1942	rutas/carrera	local_byte_exact	0	1.0	1.0	14			
0x4075e0	RallyData_FUN_004075e0	RallyData.cpp	1954	rutas/carrera	local_byte_exact	0	1.0	1.0	14			
0x408010	RallyData_FUN_00408010	RallyData.cpp	5263	rutas/carrera	local_byte_exact	0	1.0	1.0	14			
0x40ce30	FUN_0040ce30	RallyTiming.cpp	142	RallyTiming	local_byte_exact	0	1.0	1.0	14			
0x40cea0	FUN_0040cea0	RallyTiming.cpp	170	RallyTiming	local_byte_exact	0	1.0	1.0	14			
0x40ceb0	FUN_0040ceb0	RallyTiming.cpp	176	RallyTiming	local_byte_exact	0	1.0	1.0	14			
0x40cec0	FUN_0040cec0	RallyTiming.cpp	182	RallyTiming	local_byte_exact	0	1.0	1.0	14			
0x40cef0	FUN_0040cef0	RallyTiming.cpp	194	RallyTiming	local_byte_exact	0	1.0	1.0	14			
0x40cfe0	FUN_0040cfe0	RallyTiming.cpp	250	RallyTiming	local_byte_exact	0	1.0	1.0	14			
0x40d390	RallyTiming_GetOverallPositionDriverID	RallyTiming.cpp	262	RallyTiming	local_byte_exact	0	1.0	1.0	14			
0x40d050	RallyTiming_GetStageOrderDriverID	RallyTiming.cpp	289	RallyTiming	local_byte_exact	0	1.0	1.0	14			
0x40d060	RallyTiming_GetStagePositionOfDriver	RallyTiming.cpp	295	RallyTiming	local_byte_exact	0	1.0	1.0	14			
0x40d3a0	RallyTiming_GetOverallPositionOfDriver	RallyTiming.cpp	307	RallyTiming	local_byte_exact	0	1.0	1.0	14			
0x40d410	RallyTiming_GetStagePenalty	RallyTiming.cpp	313	RallyTiming	local_byte_exact	0	1.0	1.0	14			
0x4a3250	CSound::FUN_004a3250	Sound.cpp	172	Sound	local_byte_exact	0	1.0	1.0	14			
0x4b7610	Sound_GetSlot	Sound.cpp	1260	Sound	local_byte_exact	0	1.0	1.0	14			
0x4583b0	FUN_004583b0	Stage.cpp	42	Stage	local_byte_exact	0	1.0	1.0	14			
0x47c5b0	FUN_0047c5b0	StageObjects.cpp	839	objetos/IA/replay	local_byte_exact	0	1.0	1.0	14			
0x47cd00	FUN_0047cd00	StageObjects.cpp	885	objetos/IA/replay	local_byte_exact	0	1.0	1.0	14			
0x464b00	FUN_00464b00	StageObjects.cpp	901	objetos/IA/replay	local_byte_exact	0	1.0	1.0	14			
0x464af0	FUN_00464af0	StageObjects.cpp	1158	objetos/IA/replay	local_byte_exact	0	1.0	1.0	14			
0x465f80	FUN_00465f80	StageObjects.cpp	1323	objetos/IA/replay	local_byte_exact	0	1.0	1.0	14			
0x4781c0	FUN_004781c0	StageObjects.cpp	2622	objetos/IA/replay	local_byte_exact	0	1.0	1.0	14			
0x456a30	FUN_00456a30	StageTiming.cpp	98	tiempos/replay	local_byte_exact	0	1.0	1.0	14			
0x455c70	StageTiming_GetSplitDriverCount	StageTiming.cpp	450	tiempos/replay	local_byte_exact	0	1.0	1.0	14			
0x455de0	StageTiming_GetDriverSlot	StageTiming.cpp	497	tiempos/replay	local_byte_exact	0	1.0	1.0	14			
0x4481e0	FUN_004481e0	StageTiming.cpp	853	tiempos/replay	local_byte_exact	0	1.0	1.0	14			
0x4483b0	FUN_004483b0	StageTiming.cpp	946	tiempos/replay	local_byte_exact	0	1.0	1.0	14			
0x448c60	FUN_00448c60	StageTiming.cpp	1008	tiempos/replay	local_byte_exact	0	1.0	1.0	14			
0x456c00	FUN_00456c00	StageTiming.cpp	1815	tiempos/replay	local_byte_exact	0	1.0	1.0	14			
0x457e00	FUN_00457e00	StageTiming.cpp	1849	tiempos/replay	local_byte_exact	0	1.0	1.0	14			
0x469680	FUN_00469680	StageTiming.cpp	2166	tiempos/replay	local_byte_exact	0	1.0	1.0	14			
0x459390	FUN_00459390	StageTiming.cpp	2625	tiempos/replay	local_byte_exact	0	1.0	1.0	14			
0x4c0c00	zcfree	ZlibZutil.cpp	268	ZlibZutil	local_byte_exact	0	1.0	1.0	14			
0x42b710	Car_GetDrawnFlag	Car.cpp	3548	coche/cámara	local_byte_exact	0	1.0	1.0	13			
0x4f9520	FUN_004f9520	FrontendMenus.cpp	2475	FrontendMenus	local_byte_exact	0	1.0	1.0	13			
0x4edb60	FUN_004edb60	FrontendScreens.cpp	2379	FrontendScreens	local_byte_exact	0	1.0	1.0	13			
0x49c080	FUN_0049c080	Game.cpp	1937	Game	local_byte_exact	0	1.0	1.0	13			
0x405820	CGameInfo::GetGameRegionDirectory	GameInfo.cpp	85	GameInfo	local_byte_exact	0	1.0	1.0	13			
0x500520	FUN_00500520	GameInfo.cpp	1517	GameInfo	local_byte_exact	0	1.0	1.0	13			
0x402f70	FUN_00402f70	GameInfo.cpp	4067	GameInfo	local_byte_exact	0	1.0	1.0	13			
0x402f80	FUN_00402f80	GameInfo.cpp	4073	GameInfo	local_byte_exact	0	1.0	1.0	13			
0x403880	FUN_00403880	GameInfo.cpp	4526	GameInfo	local_byte_exact	0	1.0	1.0	13			
0x4ab9b0	StageObject_GetNext	Mesh.cpp	403	Mesh	local_byte_exact	0	1.0	1.0	13			
0x4075d0	RallyData_FUN_004075d0	RallyData.cpp	1948	rutas/carrera	local_byte_exact	0	1.0	1.0	13			
0x4b5760	FUN_004b5760	SceneNode.cpp	2595	SceneNode	local_byte_exact	0	1.0	1.0	13			
0x46bd40	FUN_0046bd40	StageObjects.cpp	1474	objetos/IA/replay	local_byte_exact	0	1.0	1.0	13			
0x492fd0	FUN_00492fd0	StageObjects.cpp	3552	objetos/IA/replay	local_byte_exact	0	1.0	1.0	13			
0x448100	FUN_00448100	StageTiming.cpp	828	tiempos/replay	local_byte_exact	0	1.0	1.0	13			
0x448cb0	FUN_00448cb0	StageTiming.cpp	1038	tiempos/replay	local_byte_exact	0	1.0	1.0	13			
0x418fe0	FUN_00418fe0	StageUI.cpp	99	StageUI	local_byte_exact	0	1.0	1.0	13			
0x473450	FUN_00473450	StageUI.cpp	569	StageUI	local_byte_exact	0	1.0	1.0	13			
0x473460	FUN_00473460	StageUI.cpp	575	StageUI	local_byte_exact	0	1.0	1.0	13			
0x4a9c20	CMain::ResetFrameDelta	main.cpp	349	main	local_byte_exact	0	1.0	1.0	13			
0x40bab0	Font_SetBlendMode	Font.cpp	355	Font	local_byte_exact	0	1.0	1.0	12			
0x4d27c0	FUN_004d27c0	FrontendScreens.cpp	179	FrontendScreens	local_byte_exact	0	1.0	1.0	12			
0x4e7770	FUN_004e7770	FrontendScreens.cpp	1128	FrontendScreens	local_byte_exact	0	1.0	1.0	12			
0x4e77b0	FUN_004e77b0	FrontendScreens.cpp	1143	FrontendScreens	local_byte_exact	0	1.0	1.0	12			
0x4ea5b0	FUN_004ea5b0	FrontendScreens.cpp	1594	FrontendScreens	local_byte_exact	0	1.0	1.0	12			
0x4ea5c0	FUN_004ea5c0	FrontendScreens.cpp	1600	FrontendScreens	local_byte_exact	0	1.0	1.0	12			
0x4f1bb0	FUN_004f1bb0	FrontendScreens.cpp	3767	FrontendScreens	local_byte_exact	0	1.0	1.0	12			
0x4f1bc0	FUN_004f1bc0	FrontendScreens.cpp	3773	FrontendScreens	local_byte_exact	0	1.0	1.0	12			
0x4f2bf0	FUN_004f2bf0	FrontendScreens.cpp	4136	FrontendScreens	local_byte_exact	0	1.0	1.0	12			
0x4f2c10	FUN_004f2c10	FrontendScreens.cpp	4148	FrontendScreens	local_byte_exact	0	1.0	1.0	12			
0x4f2c30	FUN_004f2c30	FrontendScreens.cpp	4160	FrontendScreens	local_byte_exact	0	1.0	1.0	12			
0x4f92e0	FUN_004f92e0	FrontendScreens.cpp	7568	FrontendScreens	local_byte_exact	0	1.0	1.0	12			
0x4057e0	CGame::FUN_004057e0	Game.cpp	452	Game	local_byte_exact	0	1.0	1.0	12			
0x4ea890	FUN_004ea890	Game.cpp	1529	Game	local_byte_exact	0	1.0	1.0	12			
0x4083e0	CGame::FUN_004083e0	Game.cpp	1535	Game	local_byte_exact	0	1.0	1.0	12			
0x4067c0	FUN_004067c0	Game.cpp	1550	Game	local_byte_exact	0	1.0	1.0	12			
0x406810	CGame::FUN_00406810	Game.cpp	1569	Game	local_byte_exact	0	1.0	1.0	12			
0x4a9b10	CGame::FUN_004a9b10	Game.cpp	1819	Game	local_byte_exact	0	1.0	1.0	12			
0x49c420	CGame::FUN_0049c420	Game.cpp	2060	Game	local_byte_exact	0	1.0	1.0	12			
0x49dca0	CGame::FUN_0049dca0	Game.cpp	2747	Game	local_byte_exact	0	1.0	1.0	12			
0x4a15b0	FUN_004a15b0	Game.cpp	3127	Game	local_byte_exact	0	1.0	1.0	12			
0x405810	CGameInfo::SetGameRegion	GameInfo.cpp	79	GameInfo	local_byte_exact	0	1.0	1.0	12			
0x405d80	CGameInfo::FUN_00405d80	GameInfo.cpp	91	GameInfo	local_byte_exact	0	1.0	1.0	12			
0x405d90	CGameInfo::FUN_00405d90	GameInfo.cpp	97	GameInfo	local_byte_exact	0	1.0	1.0	12			
0x405d70	CGameInfo::FUN_00405d70	GameInfo.cpp	103	GameInfo	local_byte_exact	0	1.0	1.0	12			
0x405da0	CGameInfo::FUN_00405da0	GameInfo.cpp	109	GameInfo	local_byte_exact	0	1.0	1.0	12			
0x405c20	CGameInfo::SetScreenWidth	GameInfo.cpp	133	GameInfo	local_byte_exact	0	1.0	1.0	12			
0x405c40	CGameInfo::SetScreenHeight	GameInfo.cpp	139	GameInfo	local_byte_exact	0	1.0	1.0	12			
0x405c60	CGameInfo::SetColourDepth	GameInfo.cpp	145	GameInfo	local_byte_exact	0	1.0	1.0	12			
0x405dc0	CGameInfo::FUN_00405dc0	GameInfo.cpp	174	GameInfo	local_byte_exact	0	1.0	1.0	12			
0x405dd0	CGameInfo::FUN_00405dd0	GameInfo.cpp	180	GameInfo	local_byte_exact	0	1.0	1.0	12			
0x405e00	CGameInfo::FUN_00405e00	GameInfo.cpp	186	GameInfo	local_byte_exact	0	1.0	1.0	12			
0x405e70	CGameInfo::FUN_00405e70	GameInfo.cpp	211	GameInfo	local_byte_exact	0	1.0	1.0	12			
0x405ea0	CGameInfo::FUN_00405ea0	GameInfo.cpp	223	GameInfo	local_byte_exact	0	1.0	1.0	12			
0x405fd0	CGameInfo::FUN_00405fd0	GameInfo.cpp	286	GameInfo	local_byte_exact	0	1.0	1.0	12			
0x405ba0	CGameInfo::FUN_00405ba0	GameInfo.cpp	334	GameInfo	local_byte_exact	0	1.0	1.0	12			
0x405c70	CGameInfo::FUN_00405c70	GameInfo.cpp	352	GameInfo	local_byte_exact	0	1.0	1.0	12			
0x405cd0	CGameInfo::FUN_00405cd0	GameInfo.cpp	370	GameInfo	local_byte_exact	0	1.0	1.0	12			
0x405d00	CGameInfo::FUN_00405d00	GameInfo.cpp	382	GameInfo	local_byte_exact	0	1.0	1.0	12			
0x405d60	CGameInfo::FUN_00405d60	GameInfo.cpp	394	GameInfo	local_byte_exact	0	1.0	1.0	12			
0x406310	CGameInfo::FUN_00406310	GameInfo.cpp	412	GameInfo	local_byte_exact	0	1.0	1.0	12			
0x406330	CGameInfo::FUN_00406330	GameInfo.cpp	424	GameInfo	local_byte_exact	0	1.0	1.0	12			
0x406440	CGameInfo::FUN_00406440	GameInfo.cpp	473	GameInfo	local_byte_exact	0	1.0	1.0	12			
0x405ca0	CGameInfo::FUN_00405ca0	GameInfo.cpp	1110	GameInfo	local_byte_exact	0	1.0	1.0	12			
0x406720	FUN_00406720	GameInfo.cpp	1211	GameInfo	local_byte_exact	0	1.0	1.0	12			
0x406740	FUN_00406740	GameInfo.cpp	1217	GameInfo	local_byte_exact	0	1.0	1.0	12			
0x406760	FUN_00406760	GameInfo.cpp	1229	GameInfo	local_byte_exact	0	1.0	1.0	12			
0x4067a0	FUN_004067a0	GameInfo.cpp	1247	GameInfo	local_byte_exact	0	1.0	1.0	12			
0x406780	FUN_00406780	GameInfo.cpp	1253	GameInfo	local_byte_exact	0	1.0	1.0	12			
0x4d0590	CGameInfo::FUN_004d0590	GameInfo.cpp	1263	GameInfo	local_byte_exact	0	1.0	1.0	12			
0x49e930	CGameInfo::FUN_0049e930	GameInfo.cpp	1274	GameInfo	local_byte_exact	0	1.0	1.0	12			
0x405bd0	CGameInfo::FUN_00405bd0	GameInfo.cpp	1307	GameInfo	local_byte_exact	0	1.0	1.0	12			
0x405c00	CGameInfo::FUN_00405c00	GameInfo.cpp	1312	GameInfo	local_byte_exact	0	1.0	1.0	12			
0x5004b0	FUN_005004b0	GameInfo.cpp	1511	GameInfo	local_byte_exact	0	1.0	1.0	12			
0x5011e0	FUN_005011e0	GameInfo.cpp	1749	GameInfo	local_byte_exact	0	1.0	1.0	12			
0x50f230	FUN_0050f230	GameInfo.cpp	2459	GameInfo	local_byte_exact	0	1.0	1.0	12			
0x4ea9f0	FUN_004ea9f0	GameInfo.cpp	3501	GameInfo	local_byte_exact	0	1.0	1.0	12			
0x4eaa80	FUN_004eaa80	GameInfo.cpp	3537	GameInfo	local_byte_exact	0	1.0	1.0	12			
0x4eaab0	FUN_004eaab0	GameInfo.cpp	3549	GameInfo	local_byte_exact	0	1.0	1.0	12			
0x4eacf0	FUN_004eacf0	GameInfo.cpp	3639	GameInfo	local_byte_exact	0	1.0	1.0	12			
0x4ead00	FUN_004ead00	GameInfo.cpp	3645	GameInfo	local_byte_exact	0	1.0	1.0	12			
0x4054a0	FUN_004054a0	GameInfo.cpp	4889	GameInfo	local_byte_exact	0	1.0	1.0	12			
0x500100	FUN_00500100	GameInfo.cpp	8490	GameInfo	local_byte_exact	0	1.0	1.0	12			
0x4a8bd0	CGraphics::FUN_004a8bd0	Graphics.cpp	363	Graphics	local_byte_exact	0	1.0	1.0	12			
0x4a8d90	CGraphics::FUN_004a8d90	Graphics.cpp	368	Graphics	local_byte_exact	0	1.0	1.0	12			
0x4b2970	FUN_004b2970	Graphics.cpp	3149	Graphics	local_byte_exact	0	1.0	1.0	12			
0x4b6ef0	FUN_004b6ef0	Graphics.cpp	3512	Graphics	local_byte_exact	0	1.0	1.0	12			
0x4bcad0	FUN_004bcad0	Graphics.cpp	3873	Graphics	local_byte_exact	0	1.0	1.0	12			
0x4b23b0	FUN_004b23b0	Graphics.cpp	5376	Graphics	local_byte_exact	0	1.0	1.0	12			
0x4b1140	FUN_004b1140	Graphics.cpp	5704	Graphics	local_byte_exact	0	1.0	1.0	12			
0x4a3dc0	FUN_004a3dc0	Graphics.cpp	6209	Graphics	local_byte_exact	0	1.0	1.0	12			
0x49ffc0	CInput::FUN_0049ffc0	Input.cpp	1406	entrada	local_byte_exact	0	1.0	1.0	12			
0x4a0c40	FUN_004a0c40	Menu.cpp	559	Menu	local_byte_exact	0	1.0	1.0	12			
0x4a0c50	FUN_004a0c50	Menu.cpp	565	Menu	local_byte_exact	0	1.0	1.0	12			
0x427640	FUN_00427640	NetRace.cpp	84	red	local_byte_exact	0	1.0	1.0	12			
0x40e500	CNetworkLeaderboards::SetLeaderboardId	NetworkLeaderboards.cpp	80	NetworkLeaderboards	local_byte_exact	0	1.0	1.0	12			
0x418560	FUN_00418560	Race.cpp	1535	carrera	local_byte_exact	0	1.0	1.0	12			
0x418d20	FUN_00418d20	Race.cpp	1646	carrera	local_byte_exact	0	1.0	1.0	12			
0x406930	RallyDataStageIndex	RallyData.cpp	767	rutas/carrera	local_byte_exact	0	1.0	1.0	12			
0x4074f0	RallyDataState	RallyData.cpp	773	rutas/carrera	local_byte_exact	0	1.0	1.0	12			
0x407e50	RallyData_GetFlag24	RallyData.cpp	779	rutas/carrera	local_byte_exact	0	1.0	1.0	12			
0x407e60	RallyData_GetFlag25	RallyData.cpp	785	rutas/carrera	local_byte_exact	0	1.0	1.0	12			
0x406940	RallyData_FUN_00406940	RallyData.cpp	1134	rutas/carrera	local_byte_exact	0	1.0	1.0	12			
0x406950	RallyData_FUN_00406950	RallyData.cpp	1140	rutas/carrera	local_byte_exact	0	1.0	1.0	12			
0x406990	RallyData_FUN_00406990	RallyData.cpp	1146	rutas/carrera	local_byte_exact	0	1.0	1.0	12			
0x4068d0	RallyData_FUN_004068d0	RallyData.cpp	1321	rutas/carrera	local_byte_exact	0	1.0	1.0	12			
0x407e70	RallyData_FUN_00407e70	RallyData.cpp	4648	rutas/carrera	local_byte_exact	0	1.0	1.0	12			
0x407e90	RallyData_FUN_00407e90	RallyData.cpp	4668	rutas/carrera	local_byte_exact	0	1.0	1.0	12			
0x407ea0	RallyData_FUN_00407ea0	RallyData.cpp	4674	rutas/carrera	local_byte_exact	0	1.0	1.0	12			
0x4082e0	RallyData_FUN_004082e0	RallyData.cpp	4870	rutas/carrera	local_byte_exact	0	1.0	1.0	12			
0x4070e0	RallyData_FUN_004070e0	RallyData.cpp	5034	rutas/carrera	local_byte_exact	0	1.0	1.0	12			
0x407e20	RallyData_GetFlag21	RallyData.cpp	5052	rutas/carrera	local_byte_exact	0	1.0	1.0	12			
0x407e30	RallyData_GetFlag22	RallyData.cpp	5058	rutas/carrera	local_byte_exact	0	1.0	1.0	12			
0x407e40	RallyData_GetFlag23	RallyData.cpp	5064	rutas/carrera	local_byte_exact	0	1.0	1.0	12			
0x407eb0	RallyData_GetFlag30	RallyData.cpp	5076	rutas/carrera	local_byte_exact	0	1.0	1.0	12			
0x4082c0	RallyData_FUN_004082c0	RallyData.cpp	5088	rutas/carrera	local_byte_exact	0	1.0	1.0	12			
0x4082d0	RallyData_FUN_004082d0	RallyData.cpp	5094	rutas/carrera	local_byte_exact	0	1.0	1.0	12			
0x47aa60	FUN_0047aa60	StageObjects.cpp	833	objetos/IA/replay	local_byte_exact	0	1.0	1.0	12			
0x466080	FUN_00466080	StageObjects.cpp	1350	objetos/IA/replay	local_byte_exact	0	1.0	1.0	12			
0x4660e0	FUN_004660e0	StageObjects.cpp	1364	objetos/IA/replay	local_byte_exact	0	1.0	1.0	12			
0x4805f0	FUN_004805f0	StageObjects.cpp	2939	objetos/IA/replay	local_byte_exact	0	1.0	1.0	12			
0x492900	FUN_00492900	StageObjects.cpp	3323	objetos/IA/replay	local_byte_exact	0	1.0	1.0	12			
0x456b00	FUN_00456b00	StageTiming.cpp	1776	tiempos/replay	local_byte_exact	0	1.0	1.0	12			
0x4a9b70	CMain::UpdateFrameTime	main.cpp	343	main	local_byte_exact	0	1.0	1.0	12			
0x4d20c0	CFrontend::FUN_004d20c0	Frontend.cpp	576	Frontend	local_byte_exact	0	1.0	1.0	11			
0x4ea470	FUN_004ea470	FrontendScreens.cpp	1552	FrontendScreens	local_byte_exact	0	1.0	1.0	11			
0x4ef410	FUN_004ef410	FrontendScreens.cpp	6410	FrontendScreens	local_byte_exact	0	1.0	1.0	11			
0x4a9a40	CGame::SetShouldExit	Game.cpp	130	Game	local_byte_exact	0	1.0	1.0	11			
0x41f260	CGame::FUN_0041f260	Game.cpp	2764	Game	local_byte_exact	0	1.0	1.0	11			
0x4a1480	FUN_004a1480	Game.cpp	3101	Game	local_byte_exact	0	1.0	1.0	11			
0x405ef0	CGameInfo::FUN_00405ef0	GameInfo.cpp	241	GameInfo	local_byte_exact	0	1.0	1.0	11			
0x405b50	CGameInfo::FUN_00405b50	GameInfo.cpp	316	GameInfo	local_byte_exact	0	1.0	1.0	11			
0x50f1c0	FUN_0050f1c0	GameInfo.cpp	2428	GameInfo	local_byte_exact	0	1.0	1.0	11			
0x5011a0	CGameInfo::FUN_005011a0	GameInfo.cpp	2605	GameInfo	local_byte_exact	0	1.0	1.0	11			
0x448e60	FUN_00448e60	GameMenus.cpp	3747	GameMenus	local_byte_exact	0	1.0	1.0	11			
0x4b0100	Particle_Kill	Graphics.cpp	5605	Graphics	local_byte_exact	0	1.0	1.0	11			
0x4a3dd0	FUN_004a3dd0	Graphics.cpp	6215	Graphics	local_byte_exact	0	1.0	1.0	11			
0x40af20	CInput::FUN_0040af20	Input.cpp	2253	entrada	local_byte_exact	0	1.0	1.0	11			
0x4ab9c0	Mesh_ResetCloneCount	Mesh.cpp	304	Mesh	local_byte_exact	0	1.0	1.0	11			
0x41f390	FUN_0041f390	Race.cpp	413	carrera	local_byte_exact	0	1.0	1.0	11			
0x41f4c0	FUN_0041f4c0	Race.cpp	457	carrera	local_byte_exact	0	1.0	1.0	11			
0x41f4d0	FUN_0041f4d0	Race.cpp	463	carrera	local_byte_exact	0	1.0	1.0	11			
0x4174d0	FUN_004174d0	Race.cpp	820	carrera	local_byte_exact	0	1.0	1.0	11			
0x417e60	FUN_00417e60	Race.cpp	1211	carrera	local_byte_exact	0	1.0	1.0	11			
0x4728b0	FUN_004728b0	StageObjects.cpp	1911	objetos/IA/replay	local_byte_exact	0	1.0	1.0	11			
0x4728c0	FUN_004728c0	StageObjects.cpp	1917	objetos/IA/replay	local_byte_exact	0	1.0	1.0	11			
0x472ca0	FUN_00472ca0	StageObjects.cpp	1979	objetos/IA/replay	local_byte_exact	0	1.0	1.0	11			
0x480a50	FUN_00480a50	StageObjects.cpp	3008	objetos/IA/replay	local_byte_exact	0	1.0	1.0	11			
0x456b40	$CRT_CPP_Initializer(void)	StageTiming.cpp	1793	tiempos/replay	local_byte_exact	0	1.0	1.0	11			
0x456b60	$CRT_CPP_Initializer(void)	StageTiming.cpp	1799	tiempos/replay	local_byte_exact	0	1.0	1.0	11			
0x41b310	FUN_0041b310	StageUI.cpp	439	StageUI	local_byte_exact	0	1.0	1.0	11			
0x41b330	FUN_0041b330	StageUI.cpp	451	StageUI	local_byte_exact	0	1.0	1.0	11			
0x4b2390	CMain::FUN_004b2390	main.cpp	306	main	local_byte_exact	0	1.0	1.0	11			
0x4ef5f0	FUN_004ef5f0	FrontendScreens.cpp	3071	FrontendScreens	local_byte_exact	0	1.0	1.0	10			
0x4f1b90	FUN_004f1b90	FrontendScreens.cpp	3755	FrontendScreens	local_byte_exact	0	1.0	1.0	10			
0x4f3b20	FUN_004f3b20	FrontendScreens.cpp	4523	FrontendScreens	local_byte_exact	0	1.0	1.0	10			
0x502230	FUN_00502230	GameInfo.cpp	6499	GameInfo	local_byte_exact	0	1.0	1.0	10			
0x4ab710	Mesh_GetField0x10	Mesh.cpp	15	Mesh	local_byte_exact	0	1.0	1.0	10			
0x411110	FUN_00411110	RallyData.cpp	5321	rutas/carrera	local_byte_exact	0	1.0	1.0	10			
0x455610	StageTiming_FUN_00455610	StageTiming.cpp	205	tiempos/replay	local_byte_exact	0	1.0	1.0	10			
0x4057f0	CGameInfo::GetGameLanguage	GameInfo.cpp	67	GameInfo	local_byte_exact	0	1.0	1.0	9			
0x405e40	CGameInfo::FUN_00405e40	GameInfo.cpp	199	GameInfo	local_byte_exact	0	1.0	1.0	9			
0x405eb0	CGameInfo::FUN_00405eb0	GameInfo.cpp	229	GameInfo	local_byte_exact	0	1.0	1.0	9			
0x405d10	CGameInfo::FUN_00405d10	GameInfo.cpp	400	GameInfo	local_byte_exact	0	1.0	1.0	9			
0x405b20	CGameInfo::IsFullscreen	GameInfo.cpp	1104	GameInfo	local_byte_exact	0	1.0	1.0	9			
0x4a5fe0	CGraphics::FUN_004a5fe0	Graphics.cpp	1146	Graphics	local_byte_exact	0	1.0	1.0	9			
0x4b1970	CGraphics::FUN_004b1970	Graphics.cpp	4798	Graphics	local_byte_exact	0	1.0	1.0	9			
0x41d290	FUN_0041d290	Race.cpp	2098	carrera	local_byte_exact	0	1.0	1.0	9			
0x406910	RallyDataCountryIndex	RallyData.cpp	755	rutas/carrera	local_byte_exact	0	1.0	1.0	9			
0x4069b0	RallyData_FUN_004069b0	RallyData.cpp	1152	rutas/carrera	local_byte_exact	0	1.0	1.0	9			
0x4082b0	RallyData_FUN_004082b0	RallyData.cpp	4876	rutas/carrera	local_byte_exact	0	1.0	1.0	9			
0x407e80	RallyData_GetFlag31	RallyData.cpp	5070	rutas/carrera	local_byte_exact	0	1.0	1.0	9			
0x4bd8b0	MMIOData::MMIOData	Sound.cpp	458	Sound	local_byte_exact	0	1.0	1.0	9			
0x4eec30	FUN_004eec30	FrontendScreens.cpp	2775	FrontendScreens	local_byte_exact	0	1.0	1.0	8			
0x4057c0	CGame::FUN_004057c0	Game.cpp	446	Game	local_byte_exact	0	1.0	1.0	8			
0x4067d0	FUN_004067d0	Game.cpp	1556	Game	local_byte_exact	0	1.0	1.0	8			
0x49c070	FUN_0049c070	Game.cpp	1931	Game	local_byte_exact	0	1.0	1.0	8			
0x49c140	CGame::FUN_0049c140	Game.cpp	2042	Game	local_byte_exact	0	1.0	1.0	8			
0x406430	CGameInfo::FUN_00406430	GameInfo.cpp	467	GameInfo	local_byte_exact	0	1.0	1.0	8			
0x402c30	FUN_00402c30	GameInfo.cpp	4036	GameInfo	local_byte_exact	0	1.0	1.0	8			
0x404f10	FUN_00404f10	GameInfo.cpp	4629	GameInfo	local_byte_exact	0	1.0	1.0	8			
0x449cd0	FUN_00449cd0	GameMenus.cpp	2771	GameMenus	local_byte_exact	0	1.0	1.0	8			
0x44a120	FUN_0044a120	GameMenus.cpp	3741	GameMenus	local_byte_exact	0	1.0	1.0	8			
0x4aacf0	CGame::GetConnectionCount	GameNetwork.cpp	5	GameNetwork	local_byte_exact	0	1.0	1.0	8			
0x40e890	FUN_0040e890	NetworkLeaderboards.cpp	187	NetworkLeaderboards	local_byte_exact	0	1.0	1.0	8			
0x41e210	FUN_0041e210	Race.cpp	355	carrera	local_byte_exact	0	1.0	1.0	8			
0x41f250	FUN_0041f250	Race.cpp	361	carrera	local_byte_exact	0	1.0	1.0	8			
0x41f280	FUN_0041f280	Race.cpp	373	carrera	local_byte_exact	0	1.0	1.0	8			
0x41f290	FUN_0041f290	Race.cpp	379	carrera	local_byte_exact	0	1.0	1.0	8			
0x41f2a0	FUN_0041f2a0	Race.cpp	385	carrera	local_byte_exact	0	1.0	1.0	8			
0x4069a0	RallyData_FUN_004069a0	RallyData.cpp	1158	rutas/carrera	local_byte_exact	0	1.0	1.0	8			
0x4ac1f0	SceneNode_Unused	SceneNode.cpp	177	SceneNode	local_byte_exact	0	1.0	1.0	8			
0x4583c0	GetStageSplitCount	Stage.cpp	24	Stage	local_byte_exact	0	1.0	1.0	8			
0x4660f0	FUN_004660f0	StageObjects.cpp	1370	objetos/IA/replay	local_byte_exact	0	1.0	1.0	8			
0x448670	FUN_00448670	StageTiming.cpp	958	tiempos/replay	local_byte_exact	0	1.0	1.0	8			
0x448c70	FUN_00448c70	StageTiming.cpp	1014	tiempos/replay	local_byte_exact	0	1.0	1.0	8			
0x448c80	FUN_00448c80	StageTiming.cpp	1020	tiempos/replay	local_byte_exact	0	1.0	1.0	8			
0x456c90	FUN_00456c90	StageTiming.cpp	1843	tiempos/replay	local_byte_exact	0	1.0	1.0	8			
0x41b300	FUN_0041b300	StageUI.cpp	433	StageUI	local_byte_exact	0	1.0	1.0	8			
0x41b360	FUN_0041b360	StageUI.cpp	465	StageUI	local_byte_exact	0	1.0	1.0	8			
0x49c130	CMain::FUN_0049c130	main.cpp	312	main	local_byte_exact	0	1.0	1.0	8			
0x4a9b50	FUN_004a9b50	main.cpp	322	main	local_byte_exact	0	1.0	1.0	8			
0x42b700	Car_GetOrderCount	Car.cpp	3542	coche/cámara	local_byte_exact	0	1.0	1.0	7			
0x4fba80	FUN_004fba80	FrontendMenus.cpp	624	FrontendMenus	local_byte_exact	0	1.0	1.0	7			
0x4b23a0	FUN_004b23a0	Graphics.cpp	5370	Graphics	local_byte_exact	0	1.0	1.0	7			
0x40bba0	FUN_0040bba0	Input.cpp	2350	entrada	local_byte_exact	0	1.0	1.0	7			
0x42b6f0	Car_GetOrder	Car.cpp	3536	coche/cámara	local_byte_exact	0	1.0	1.0	6			
0x4eb440	FUN_004eb440	FileBuffer.cpp	258	FileBuffer	local_byte_exact	0	1.0	1.0	6			
0x4b7520	CFrontend::FUN_004b7520	Frontend.cpp	169	Frontend	local_byte_exact	0	1.0	1.0	6			
0x4d2190	CFrontend::FUN_004d2190	Frontend.cpp	363	Frontend	local_byte_exact	0	1.0	1.0	6			
0x4d21b0	CFrontend::FUN_004d21b0	Frontend.cpp	370	Frontend	local_byte_exact	0	1.0	1.0	6			
0x4d20d0	CFrontend::FUN_004d20d0	Frontend.cpp	582	Frontend	local_byte_exact	0	1.0	1.0	6			
0x4d20e0	CFrontend::FUN_004d20e0	Frontend.cpp	588	Frontend	local_byte_exact	0	1.0	1.0	6			
0x4d20f0	CFrontend::FUN_004d20f0	Frontend.cpp	594	Frontend	local_byte_exact	0	1.0	1.0	6			
0x4d27d0	FUN_004d27d0	Frontend.cpp	718	Frontend	local_byte_exact	0	1.0	1.0	6			
0x4d0770	FUN_004d0770	Frontend.cpp	1816	Frontend	local_byte_exact	0	1.0	1.0	6			
0x4fc060	FUN_004fc060	FrontendMenus.cpp	1186	FrontendMenus	local_byte_exact	0	1.0	1.0	6			
0x4fc610	FUN_004fc610	FrontendMenus.cpp	1192	FrontendMenus	local_byte_exact	0	1.0	1.0	6			
0x4f8330	FUN_004f8330	FrontendMenus.cpp	3356	FrontendMenus	local_byte_exact	0	1.0	1.0	6			
0x4f8990	FUN_004f8990	FrontendMenus.cpp	3362	FrontendMenus	local_byte_exact	0	1.0	1.0	6			
0x4fa330	FUN_004fa330	FrontendMenus.cpp	3368	FrontendMenus	local_byte_exact	0	1.0	1.0	6			
0x4f8410	FUN_004f8410	FrontendMenus.cpp	3374	FrontendMenus	local_byte_exact	0	1.0	1.0	6			
0x4f83a0	FUN_004f83a0	FrontendMenus.cpp	3380	FrontendMenus	local_byte_exact	0	1.0	1.0	6			
0x4f8450	FUN_004f8450	FrontendMenus.cpp	3386	FrontendMenus	local_byte_exact	0	1.0	1.0	6			
0x4f8470	FUN_004f8470	FrontendMenus.cpp	3392	FrontendMenus	local_byte_exact	0	1.0	1.0	6			
0x4f8360	FUN_004f8360	FrontendMenus.cpp	3398	FrontendMenus	local_byte_exact	0	1.0	1.0	6			
0x4f82c0	FUN_004f82c0	FrontendMenus.cpp	3404	FrontendMenus	local_byte_exact	0	1.0	1.0	6			
0x4f82d0	FUN_004f82d0	FrontendMenus.cpp	3410	FrontendMenus	local_byte_exact	0	1.0	1.0	6			
0x4f82e0	FUN_004f82e0	FrontendMenus.cpp	3416	FrontendMenus	local_byte_exact	0	1.0	1.0	6			
0x4f82f0	FUN_004f82f0	FrontendMenus.cpp	3422	FrontendMenus	local_byte_exact	0	1.0	1.0	6			
0x4f8300	FUN_004f8300	FrontendMenus.cpp	3428	FrontendMenus	local_byte_exact	0	1.0	1.0	6			
0x4f8310	FUN_004f8310	FrontendMenus.cpp	3434	FrontendMenus	local_byte_exact	0	1.0	1.0	6			
0x4f8320	FUN_004f8320	FrontendMenus.cpp	3440	FrontendMenus	local_byte_exact	0	1.0	1.0	6			
0x4f8340	FUN_004f8340	FrontendMenus.cpp	3446	FrontendMenus	local_byte_exact	0	1.0	1.0	6			
0x4f8350	FUN_004f8350	FrontendMenus.cpp	3452	FrontendMenus	local_byte_exact	0	1.0	1.0	6			
0x4f8370	FUN_004f8370	FrontendMenus.cpp	3458	FrontendMenus	local_byte_exact	0	1.0	1.0	6			
0x4f8380	FUN_004f8380	FrontendMenus.cpp	3464	FrontendMenus	local_byte_exact	0	1.0	1.0	6			
0x4f8390	FUN_004f8390	FrontendMenus.cpp	3470	FrontendMenus	local_byte_exact	0	1.0	1.0	6			
0x4f83b0	FUN_004f83b0	FrontendMenus.cpp	3476	FrontendMenus	local_byte_exact	0	1.0	1.0	6			
0x4f83c0	FUN_004f83c0	FrontendMenus.cpp	3482	FrontendMenus	local_byte_exact	0	1.0	1.0	6			
0x4f83d0	FUN_004f83d0	FrontendMenus.cpp	3488	FrontendMenus	local_byte_exact	0	1.0	1.0	6			
0x4f83e0	FUN_004f83e0	FrontendMenus.cpp	3494	FrontendMenus	local_byte_exact	0	1.0	1.0	6			
0x4f83f0	FUN_004f83f0	FrontendMenus.cpp	3500	FrontendMenus	local_byte_exact	0	1.0	1.0	6			
0x4f8400	FUN_004f8400	FrontendMenus.cpp	3506	FrontendMenus	local_byte_exact	0	1.0	1.0	6			
0x4f8420	FUN_004f8420	FrontendMenus.cpp	3512	FrontendMenus	local_byte_exact	0	1.0	1.0	6			
0x4f8430	FUN_004f8430	FrontendMenus.cpp	3518	FrontendMenus	local_byte_exact	0	1.0	1.0	6			
0x4f8440	FUN_004f8440	FrontendMenus.cpp	3524	FrontendMenus	local_byte_exact	0	1.0	1.0	6			
0x4f8460	FUN_004f8460	FrontendMenus.cpp	3530	FrontendMenus	local_byte_exact	0	1.0	1.0	6			
0x4f8480	FUN_004f8480	FrontendMenus.cpp	3536	FrontendMenus	local_byte_exact	0	1.0	1.0	6			
0x4f8490	FUN_004f8490	FrontendMenus.cpp	3542	FrontendMenus	local_byte_exact	0	1.0	1.0	6			
0x4f84a0	FUN_004f84a0	FrontendMenus.cpp	3548	FrontendMenus	local_byte_exact	0	1.0	1.0	6			
0x4f84b0	FUN_004f84b0	FrontendMenus.cpp	3554	FrontendMenus	local_byte_exact	0	1.0	1.0	6			
0x4f84c0	FUN_004f84c0	FrontendMenus.cpp	3560	FrontendMenus	local_byte_exact	0	1.0	1.0	6			
0x4f84d0	FUN_004f84d0	FrontendMenus.cpp	3566	FrontendMenus	local_byte_exact	0	1.0	1.0	6			
0x4f84e0	FUN_004f84e0	FrontendMenus.cpp	3572	FrontendMenus	local_byte_exact	0	1.0	1.0	6			
0x4f84f0	FUN_004f84f0	FrontendMenus.cpp	3578	FrontendMenus	local_byte_exact	0	1.0	1.0	6			
0x4f88d0	FUN_004f88d0	FrontendMenus.cpp	3584	FrontendMenus	local_byte_exact	0	1.0	1.0	6			
0x4f89a0	FUN_004f89a0	FrontendMenus.cpp	3590	FrontendMenus	local_byte_exact	0	1.0	1.0	6			
0x4f9360	FUN_004f9360	FrontendMenus.cpp	3596	FrontendMenus	local_byte_exact	0	1.0	1.0	6			
0x4fa2d0	FUN_004fa2d0	FrontendMenus.cpp	3602	FrontendMenus	local_byte_exact	0	1.0	1.0	6			
0x4fa2e0	FUN_004fa2e0	FrontendMenus.cpp	3608	FrontendMenus	local_byte_exact	0	1.0	1.0	6			
0x4fa2f0	FUN_004fa2f0	FrontendMenus.cpp	3614	FrontendMenus	local_byte_exact	0	1.0	1.0	6			
0x4fa300	FUN_004fa300	FrontendMenus.cpp	3620	FrontendMenus	local_byte_exact	0	1.0	1.0	6			
0x4fa310	FUN_004fa310	FrontendMenus.cpp	3626	FrontendMenus	local_byte_exact	0	1.0	1.0	6			
0x4fa320	FUN_004fa320	FrontendMenus.cpp	3632	FrontendMenus	local_byte_exact	0	1.0	1.0	6			
0x4fa340	FUN_004fa340	FrontendMenus.cpp	3638	FrontendMenus	local_byte_exact	0	1.0	1.0	6			
0x4fa350	FUN_004fa350	FrontendMenus.cpp	3644	FrontendMenus	local_byte_exact	0	1.0	1.0	6			
0x4fa360	FUN_004fa360	FrontendMenus.cpp	3650	FrontendMenus	local_byte_exact	0	1.0	1.0	6			
0x4fa4c0	FUN_004fa4c0	FrontendMenus.cpp	3656	FrontendMenus	local_byte_exact	0	1.0	1.0	6			
0x4fa4f0	FUN_004fa4f0	FrontendMenus.cpp	3662	FrontendMenus	local_byte_exact	0	1.0	1.0	6			
0x4fa500	FUN_004fa500	FrontendMenus.cpp	3668	FrontendMenus	local_byte_exact	0	1.0	1.0	6			
0x4fa510	FUN_004fa510	FrontendMenus.cpp	3674	FrontendMenus	local_byte_exact	0	1.0	1.0	6			
0x4fa520	FUN_004fa520	FrontendMenus.cpp	3680	FrontendMenus	local_byte_exact	0	1.0	1.0	6			
0x4fa530	FUN_004fa530	FrontendMenus.cpp	3686	FrontendMenus	local_byte_exact	0	1.0	1.0	6			
0x4ea5d0	FUN_004ea5d0	FrontendScreens.cpp	1606	FrontendScreens	local_byte_exact	0	1.0	1.0	6			
0x4edb50	FUN_004edb50	FrontendScreens.cpp	2372	FrontendScreens	local_byte_exact	0	1.0	1.0	6			
0x4f1ba0	FUN_004f1ba0	FrontendScreens.cpp	3761	FrontendScreens	local_byte_exact	0	1.0	1.0	6			
0x4f1bf0	FUN_004f1bf0	FrontendScreens.cpp	3787	FrontendScreens	local_byte_exact	0	1.0	1.0	6			
0x4f23c0	FUN_004f23c0	FrontendScreens.cpp	3971	FrontendScreens	local_byte_exact	0	1.0	1.0	6			
0x4f24f0	FUN_004f24f0	FrontendScreens.cpp	4021	FrontendScreens	local_byte_exact	0	1.0	1.0	6			
0x4f2500	FUN_004f2500	FrontendScreens.cpp	4027	FrontendScreens	local_byte_exact	0	1.0	1.0	6			
0x4f2510	FUN_004f2510	FrontendScreens.cpp	4033	FrontendScreens	local_byte_exact	0	1.0	1.0	6			
0x4f2520	FUN_004f2520	FrontendScreens.cpp	4039	FrontendScreens	local_byte_exact	0	1.0	1.0	6			
0x4f2530	FUN_004f2530	FrontendScreens.cpp	4045	FrontendScreens	local_byte_exact	0	1.0	1.0	6			
0x4f2540	FUN_004f2540	FrontendScreens.cpp	4051	FrontendScreens	local_byte_exact	0	1.0	1.0	6			
0x4f2550	FUN_004f2550	FrontendScreens.cpp	4057	FrontendScreens	local_byte_exact	0	1.0	1.0	6			
0x4f2560	FUN_004f2560	FrontendScreens.cpp	4063	FrontendScreens	local_byte_exact	0	1.0	1.0	6			
0x4f2570	FUN_004f2570	FrontendScreens.cpp	4069	FrontendScreens	local_byte_exact	0	1.0	1.0	6			
0x4f2580	FUN_004f2580	FrontendScreens.cpp	4075	FrontendScreens	local_byte_exact	0	1.0	1.0	6			
0x4f2590	FUN_004f2590	FrontendScreens.cpp	4081	FrontendScreens	local_byte_exact	0	1.0	1.0	6			
0x4f25a0	FUN_004f25a0	FrontendScreens.cpp	4087	FrontendScreens	local_byte_exact	0	1.0	1.0	6			
0x4f25b0	FUN_004f25b0	FrontendScreens.cpp	4093	FrontendScreens	local_byte_exact	0	1.0	1.0	6			
0x4f25c0	FUN_004f25c0	FrontendScreens.cpp	4099	FrontendScreens	local_byte_exact	0	1.0	1.0	6			
0x4f2be0	FUN_004f2be0	FrontendScreens.cpp	4130	FrontendScreens	local_byte_exact	0	1.0	1.0	6			
0x4f2c00	FUN_004f2c00	FrontendScreens.cpp	4142	FrontendScreens	local_byte_exact	0	1.0	1.0	6			
0x4f2c20	FUN_004f2c20	FrontendScreens.cpp	4154	FrontendScreens	local_byte_exact	0	1.0	1.0	6			
0x4f3a30	FUN_004f3a30	FrontendScreens.cpp	4470	FrontendScreens	local_byte_exact	0	1.0	1.0	6			
0x4f3a40	FUN_004f3a40	FrontendScreens.cpp	4476	FrontendScreens	local_byte_exact	0	1.0	1.0	6			
0x4f3a60	FUN_004f3a60	FrontendScreens.cpp	4482	FrontendScreens	local_byte_exact	0	1.0	1.0	6			
0x4f3af0	FUN_004f3af0	FrontendScreens.cpp	4510	FrontendScreens	local_byte_exact	0	1.0	1.0	6			
0x4f92f0	FUN_004f92f0	FrontendScreens.cpp	7574	FrontendScreens	local_byte_exact	0	1.0	1.0	6			
0x4a15a0	FUN_004a15a0	Game.cpp	124	Game	local_byte_exact	0	1.0	1.0	6			
0x4057d0	CGame::FUN_004057d0	Game.cpp	440	Game	local_byte_exact	0	1.0	1.0	6			
0x4ff440	FUN_004ff440	Game.cpp	1248	Game	local_byte_exact	0	1.0	1.0	6			
0x4ea880	CGame::FUN_004ea880	Game.cpp	1525	Game	local_byte_exact	0	1.0	1.0	6			
0x4067b0	FUN_004067b0	Game.cpp	1544	Game	local_byte_exact	0	1.0	1.0	6			
0x406800	FUN_00406800	Game.cpp	1562	Game	local_byte_exact	0	1.0	1.0	6			
0x4aad40	CGame::GetDirectPlay	Game.cpp	1708	Game	local_byte_exact	0	1.0	1.0	6			
0x4a9b00	CGame::IsActive	Game.cpp	1813	Game	local_byte_exact	0	1.0	1.0	6			
0x4a9b20	CGame::FUN_004a9b20	Game.cpp	1825	Game	local_byte_exact	0	1.0	1.0	6			
0x49c090	CGame::GetCallbackCount	Game.cpp	2028	Game	local_byte_exact	0	1.0	1.0	6			
0x49c400	CGame::FUN_0049c400	Game.cpp	2048	Game	local_byte_exact	0	1.0	1.0	6			
0x49c410	CGame::FUN_0049c410	Game.cpp	2054	Game	local_byte_exact	0	1.0	1.0	6			
0x49c430	CGame::FUN_0049c430	Game.cpp	2066	Game	local_byte_exact	0	1.0	1.0	6			
0x49dcb0	CGame::FUN_0049dcb0	Game.cpp	2753	Game	local_byte_exact	0	1.0	1.0	6			
0x4a14c0	FUN_004a14c0	Game.cpp	3115	Game	local_byte_exact	0	1.0	1.0	6			
0x4a14d0	FUN_004a14d0	Game.cpp	3121	Game	local_byte_exact	0	1.0	1.0	6			
0x4a1a00	FUN_004a1a00	Game.cpp	3494	Game	local_byte_exact	0	1.0	1.0	6			
0x405800	CGameInfo::GetGameRegion	GameInfo.cpp	73	GameInfo	local_byte_exact	0	1.0	1.0	6			
0x405c10	CGameInfo::GetScreenWidth	GameInfo.cpp	115	GameInfo	local_byte_exact	0	1.0	1.0	6			
0x405c30	CGameInfo::GetScreenHeight	GameInfo.cpp	121	GameInfo	local_byte_exact	0	1.0	1.0	6			
0x405c50	CGameInfo::GetColourDepth	GameInfo.cpp	127	GameInfo	local_byte_exact	0	1.0	1.0	6			
0x405db0	CGameInfo::FUN_00405db0	GameInfo.cpp	292	GameInfo	local_byte_exact	0	1.0	1.0	6			
0x405fe0	CGameInfo::FUN_00405fe0	GameInfo.cpp	298	GameInfo	local_byte_exact	0	1.0	1.0	6			
0x406320	CGameInfo::FUN_00406320	GameInfo.cpp	418	GameInfo	local_byte_exact	0	1.0	1.0	6			
0x406690	CGameInfo::FUN_00406690	GameInfo.cpp	515	GameInfo	local_byte_exact	0	1.0	1.0	6			
0x4066d0	CGameInfo::FUN_004066d0	GameInfo.cpp	527	GameInfo	local_byte_exact	0	1.0	1.0	6			
0x406710	FUN_00406710	GameInfo.cpp	1199	GameInfo	local_byte_exact	0	1.0	1.0	6			
0x406730	FUN_00406730	GameInfo.cpp	1205	GameInfo	local_byte_exact	0	1.0	1.0	6			
0x406750	FUN_00406750	GameInfo.cpp	1223	GameInfo	local_byte_exact	0	1.0	1.0	6			
0x406770	FUN_00406770	GameInfo.cpp	1235	GameInfo	local_byte_exact	0	1.0	1.0	6			
0x406790	FUN_00406790	GameInfo.cpp	1241	GameInfo	local_byte_exact	0	1.0	1.0	6			
0x4d0580	FUN_004d0580	GameInfo.cpp	1258	GameInfo	local_byte_exact	0	1.0	1.0	6			
0x5004a0	FUN_005004a0	GameInfo.cpp	1505	GameInfo	local_byte_exact	0	1.0	1.0	6			
0x5011d0	FUN_005011d0	GameInfo.cpp	1743	GameInfo	local_byte_exact	0	1.0	1.0	6			
0x501510	FUN_00501510	GameInfo.cpp	1773	GameInfo	local_byte_exact	0	1.0	1.0	6			
0x502210	FUN_00502210	GameInfo.cpp	1865	GameInfo	local_byte_exact	0	1.0	1.0	6			
0x502220	FUN_00502220	GameInfo.cpp	1871	GameInfo	local_byte_exact	0	1.0	1.0	6			
0x50f620	FUN_0050f620	GameInfo.cpp	2539	GameInfo	local_byte_exact	0	1.0	1.0	6			
0x50f630	FUN_0050f630	GameInfo.cpp	2545	GameInfo	local_byte_exact	0	1.0	1.0	6			
0x50f640	FUN_0050f640	GameInfo.cpp	2551	GameInfo	local_byte_exact	0	1.0	1.0	6			
0x4f4b10	FUN_004f4b10	GameInfo.cpp	3048	GameInfo	local_byte_exact	0	1.0	1.0	6			
0x4f4b20	FUN_004f4b20	GameInfo.cpp	3054	GameInfo	local_byte_exact	0	1.0	1.0	6			
0x4f4b30	FUN_004f4b30	GameInfo.cpp	3060	GameInfo	local_byte_exact	0	1.0	1.0	6			
0x4f4db0	FUN_004f4db0	GameInfo.cpp	3251	GameInfo	local_byte_exact	0	1.0	1.0	6			
0x4ea500	FUN_004ea500	GameInfo.cpp	3435	GameInfo	local_byte_exact	0	1.0	1.0	6			
0x4ea920	FUN_004ea920	GameInfo.cpp	3474	GameInfo	local_byte_exact	0	1.0	1.0	6			
0x4eaa00	FUN_004eaa00	GameInfo.cpp	3507	GameInfo	local_byte_exact	0	1.0	1.0	6			
0x4eaca0	FUN_004eaca0	GameInfo.cpp	3621	GameInfo	local_byte_exact	0	1.0	1.0	6			
0x502500	FUN_00502500	GameInfo.cpp	3896	GameInfo	local_byte_exact	0	1.0	1.0	6			
0x502510	FUN_00502510	GameInfo.cpp	3905	GameInfo	local_byte_exact	0	1.0	1.0	6			
0x404f20	CGameInfo::FUN_00404f20	GameInfo.cpp	4635	GameInfo	local_byte_exact	0	1.0	1.0	6			
0x404f30	FUN_00404f30	GameInfo.cpp	4641	GameInfo	local_byte_exact	0	1.0	1.0	6			
0x4055e0	FUN_004055e0	GameInfo.cpp	4903	GameInfo	local_byte_exact	0	1.0	1.0	6			
0x4055f0	FUN_004055f0	GameInfo.cpp	4909	GameInfo	local_byte_exact	0	1.0	1.0	6			
0x405600	FUN_00405600	GameInfo.cpp	4915	GameInfo	local_byte_exact	0	1.0	1.0	6			
0x405610	FUN_00405610	GameInfo.cpp	4921	GameInfo	local_byte_exact	0	1.0	1.0	6			
0x501ab0	FUN_00501ab0	GameInfo.cpp	5921	GameInfo	local_byte_exact	0	1.0	1.0	6			
0x41f900	FUN_0041f900	GameMenus.cpp	3729	GameMenus	local_byte_exact	0	1.0	1.0	6			
0x4aa590	CGenericFileLoader::GetGenericFileSize	GenericFileLoader.cpp	34	GenericFileLoader	local_byte_exact	0	1.0	1.0	6			
0x4d21a0	CGenericFileLoader::GetGenericFile	GenericFileLoader.cpp	39	GenericFileLoader	local_byte_exact	0	1.0	1.0	6			
0x4a8bc0	CGraphics::FUN_004a8bc0	Graphics.cpp	756	Graphics	local_byte_exact	0	1.0	1.0	6			
0x4a8be0	CGraphics::FUN_004a8be0	Graphics.cpp	1195	Graphics	local_byte_exact	0	1.0	1.0	6			
0x4a8d80	CGraphics::FUN_004a8d80	Graphics.cpp	1208	Graphics	local_byte_exact	0	1.0	1.0	6			
0x4a8eb0	CGraphics::GetSelectedDisplayDeviceIx	Graphics.cpp	1214	Graphics	local_byte_exact	0	1.0	1.0	6			
0x4a8f10	CGraphics::GetDisplayCount	Graphics.cpp	1220	Graphics	local_byte_exact	0	1.0	1.0	6			
0x4b74b0	CGraphics::FUN_004b74b0	Graphics.cpp	2273	Graphics	local_byte_exact	0	1.0	1.0	6			
0x4b74c0	FUN_004b74c0	Graphics.cpp	2279	Graphics	local_byte_exact	0	1.0	1.0	6			
0x4b74d0	FUN_004b74d0	Graphics.cpp	2285	Graphics	local_byte_exact	0	1.0	1.0	6			
0x4b74e0	FUN_004b74e0	Graphics.cpp	2291	Graphics	local_byte_exact	0	1.0	1.0	6			
0x4b74f0	FUN_004b74f0	Graphics.cpp	2297	Graphics	local_byte_exact	0	1.0	1.0	6			
0x4b7500	FUN_004b7500	Graphics.cpp	2303	Graphics	local_byte_exact	0	1.0	1.0	6			
0x4b7510	FUN_004b7510	Graphics.cpp	2309	Graphics	local_byte_exact	0	1.0	1.0	6			
0x4b7530	FUN_004b7530	Graphics.cpp	2315	Graphics	local_byte_exact	0	1.0	1.0	6			
0x4b7540	FUN_004b7540	Graphics.cpp	2321	Graphics	local_byte_exact	0	1.0	1.0	6			
0x4b7550	FUN_004b7550	Graphics.cpp	2327	Graphics	local_byte_exact	0	1.0	1.0	6			
0x4b7200	FUN_004b7200	Graphics.cpp	3584	Graphics	local_byte_exact	0	1.0	1.0	6			
0x4bcae0	FUN_004bcae0	Graphics.cpp	3879	Graphics	local_byte_exact	0	1.0	1.0	6			
0x40bbb0	FUN_0040bbb0	Input.cpp	2356	entrada	local_byte_exact	0	1.0	1.0	6			
0x40ed20	CInstallInfo::GetTracksDir	InstallInfo.cpp	72	InstallInfo	local_byte_exact	0	1.0	1.0	6			
0x40ed30	CInstallInfo::GetSoundsDir	InstallInfo.cpp	78	InstallInfo	local_byte_exact	0	1.0	1.0	6			
0x40ed40	CInstallInfo::GetCarsDir	InstallInfo.cpp	84	InstallInfo	local_byte_exact	0	1.0	1.0	6			
0x40ed70	CInstallInfo::GetMusicDir	InstallInfo.cpp	90	InstallInfo	local_byte_exact	0	1.0	1.0	6			
0x40ed80	CInstallInfo::GetVideosDir	InstallInfo.cpp	96	InstallInfo	local_byte_exact	0	1.0	1.0	6			
0x40edb0	CInstallInfo::GetSetupRepDir	InstallInfo.cpp	102	InstallInfo	local_byte_exact	0	1.0	1.0	6			
0x40edc0	CInstallInfo::GetBigFilesDir	InstallInfo.cpp	108	InstallInfo	local_byte_exact	0	1.0	1.0	6			
0x40edd0	CInstallInfo::GetCountrySpecificOtherDir	InstallInfo.cpp	114	InstallInfo	local_byte_exact	0	1.0	1.0	6			
0x40ed60	CInstallInfo::GetFontsDir	InstallInfo.cpp	120	InstallInfo	local_byte_exact	0	1.0	1.0	6			
0x40ed90	CInstallInfo::GetFrontendDir	InstallInfo.cpp	126	InstallInfo	local_byte_exact	0	1.0	1.0	6			
0x40eda0	CInstallInfo::GetCountrySpecificDir	InstallInfo.cpp	132	InstallInfo	local_byte_exact	0	1.0	1.0	6			
0x40ed50	CInstallInfo::FUN_0040ed50	InstallInfo.cpp	343	InstallInfo	local_byte_exact	0	1.0	1.0	6			
0x40a3c0	FUN_0040a3c0	NetPlayers.cpp	424	red	local_byte_exact	0	1.0	1.0	6			
0x40a3d0	FUN_0040a3d0	NetPlayers.cpp	430	red	local_byte_exact	0	1.0	1.0	6			
0x40a400	FUN_0040a400	NetPlayers.cpp	443	red	local_byte_exact	0	1.0	1.0	6			
0x40a440	FUN_0040a440	NetPlayers.cpp	455	red	local_byte_exact	0	1.0	1.0	6			
0x40ab10	FUN_0040ab10	NetPlayers.cpp	701	red	local_byte_exact	0	1.0	1.0	6			
0x40ac30	FUN_0040ac30	NetPlayers.cpp	753	red	local_byte_exact	0	1.0	1.0	6			
0x40ae90	FUN_0040ae90	NetPlayers.cpp	840	red	local_byte_exact	0	1.0	1.0	6			
0x40af30	FUN_0040af30	NetPlayers.cpp	883	red	local_byte_exact	0	1.0	1.0	6			
0x40b1b0	FUN_0040b1b0	NetPlayers.cpp	1020	red	local_byte_exact	0	1.0	1.0	6			
0x427660	FUN_00427660	NetRace.cpp	97	red	local_byte_exact	0	1.0	1.0	6			
0x427670	FUN_00427670	NetRace.cpp	103	red	local_byte_exact	0	1.0	1.0	6			
0x427aa0	FUN_00427aa0	NetRace.cpp	326	red	local_byte_exact	0	1.0	1.0	6			
0x40e4f0	CNetworkLeaderboards::GetLeaderboardId	NetworkLeaderboards.cpp	74	NetworkLeaderboards	local_byte_exact	0	1.0	1.0	6			
0x40e540	CNetworkLeaderboards::GetTotalLeaderboards	NetworkLeaderboards.cpp	86	NetworkLeaderboards	local_byte_exact	0	1.0	1.0	6			
0x41f270	FUN_0041f270	Race.cpp	367	carrera	local_byte_exact	0	1.0	1.0	6			
0x41f380	FUN_0041f380	Race.cpp	407	carrera	local_byte_exact	0	1.0	1.0	6			
0x41f410	FUN_0041f410	Race.cpp	445	carrera	local_byte_exact	0	1.0	1.0	6			
0x41f4b0	FUN_0041f4b0	Race.cpp	451	carrera	local_byte_exact	0	1.0	1.0	6			
0x41f8e0	FUN_0041f8e0	Race.cpp	618	carrera	local_byte_exact	0	1.0	1.0	6			
0x41f8f0	FUN_0041f8f0	Race.cpp	624	carrera	local_byte_exact	0	1.0	1.0	6			
0x41f910	FUN_0041f910	Race.cpp	630	carrera	local_byte_exact	0	1.0	1.0	6			
0x41f920	FUN_0041f920	Race.cpp	636	carrera	local_byte_exact	0	1.0	1.0	6			
0x420120	FUN_00420120	Race.cpp	765	carrera	local_byte_exact	0	1.0	1.0	6			
0x418570	FUN_00418570	Race.cpp	1541	carrera	local_byte_exact	0	1.0	1.0	6			
0x41d2a0	FUN_0041d2a0	Race.cpp	2104	carrera	local_byte_exact	0	1.0	1.0	6			
0x41db00	FUN_0041db00	Race.cpp	2119	carrera	local_byte_exact	0	1.0	1.0	6			
0x407820	RallyData_GetChampionshipState	RallyData.cpp	477	rutas/carrera	local_byte_exact	0	1.0	1.0	6			
0x406920	RallyData_FUN_00406920	RallyData.cpp	761	rutas/carrera	local_byte_exact	0	1.0	1.0	6			
0x421420	RallyData_FUN_00421420	RallyData.cpp	4496	rutas/carrera	local_byte_exact	0	1.0	1.0	6			
0x421430	RallyData_FUN_00421430	RallyData.cpp	4502	rutas/carrera	local_byte_exact	0	1.0	1.0	6			
0x421500	RallyData_FUN_00421500	RallyData.cpp	4556	rutas/carrera	local_byte_exact	0	1.0	1.0	6			
0x40eeb0	RallyData_FUN_0040eeb0	RallyData.cpp	4686	rutas/carrera	local_byte_exact	0	1.0	1.0	6			
0x411060	RallyData_FUN_00411060	RallyData.cpp	4864	rutas/carrera	local_byte_exact	0	1.0	1.0	6			
0x4082f0	RallyData_FUN_004082f0	RallyData.cpp	5100	rutas/carrera	local_byte_exact	0	1.0	1.0	6			
0x4083d0	RallyData_FUN_004083d0	RallyData.cpp	5106	rutas/carrera	local_byte_exact	0	1.0	1.0	6			
0x408270	RallyData_FUN_00408270	RallyData.cpp	5304	rutas/carrera	local_byte_exact	0	1.0	1.0	6			
0x408280	RallyData_FUN_00408280	RallyData.cpp	5310	rutas/carrera	local_byte_exact	0	1.0	1.0	6			
0x4b7780	FUN_004b7780	Sound.cpp	1326	Sound	local_byte_exact	0	1.0	1.0	6			
0x4b7940	FUN_004b7940	Sound.cpp	1367	Sound	local_byte_exact	0	1.0	1.0	6			
0x4b7990	Sound_GetMasterVolume	Sound.cpp	1373	Sound	local_byte_exact	0	1.0	1.0	6			
0x4a1d00	FUN_004a1d00	Sound.cpp	1426	Sound	local_byte_exact	0	1.0	1.0	6			
0x458390	FUN_00458390	Stage.cpp	30	Stage	local_byte_exact	0	1.0	1.0	6			
0x4583a0	FUN_004583a0	Stage.cpp	36	Stage	local_byte_exact	0	1.0	1.0	6			
0x4584c0	FUN_004584c0	Stage.cpp	103	Stage	local_byte_exact	0	1.0	1.0	6			
0x46d500	FUN_0046d500	StageObjects.cpp	1638	objetos/IA/replay	local_byte_exact	0	1.0	1.0	6			
0x4728d0	FUN_004728d0	StageObjects.cpp	1923	objetos/IA/replay	local_byte_exact	0	1.0	1.0	6			
0x475f70	FUN_00475f70	StageObjects.cpp	2433	objetos/IA/replay	local_byte_exact	0	1.0	1.0	6			
0x487130	FUN_00487130	StageObjects.cpp	3139	objetos/IA/replay	local_byte_exact	0	1.0	1.0	6			
0x48ca90	FUN_0048ca90	StageObjects.cpp	3230	objetos/IA/replay	local_byte_exact	0	1.0	1.0	6			
0x455290	StageTiming_GetStageFile0	StageTiming.cpp	157	tiempos/replay	local_byte_exact	0	1.0	1.0	6			
0x4552a0	StageTiming_GetStageFile1	StageTiming.cpp	163	tiempos/replay	local_byte_exact	0	1.0	1.0	6			
0x4552b0	StageTiming_GetStageFile2	StageTiming.cpp	169	tiempos/replay	local_byte_exact	0	1.0	1.0	6			
0x4552c0	StageTiming_GetStageFile3	StageTiming.cpp	175	tiempos/replay	local_byte_exact	0	1.0	1.0	6			
0x4552d0	StageTiming_GetStageFile4	StageTiming.cpp	181	tiempos/replay	local_byte_exact	0	1.0	1.0	6			
0x4552e0	StageTiming_GetStageFile5	StageTiming.cpp	187	tiempos/replay	local_byte_exact	0	1.0	1.0	6			
0x4552f0	StageTiming_GetStageFile6	StageTiming.cpp	193	tiempos/replay	local_byte_exact	0	1.0	1.0	6			
0x455460	StageTiming_FUN_00455460	StageTiming.cpp	199	tiempos/replay	local_byte_exact	0	1.0	1.0	6			
0x455ae0	StageTiming_FUN_00455ae0	StageTiming.cpp	423	tiempos/replay	local_byte_exact	0	1.0	1.0	6			
0x448110	FUN_00448110	StageTiming.cpp	835	tiempos/replay	local_byte_exact	0	1.0	1.0	6			
0x4481b0	FUN_004481b0	StageTiming.cpp	841	tiempos/replay	local_byte_exact	0	1.0	1.0	6			
0x448c90	FUN_00448c90	StageTiming.cpp	1026	tiempos/replay	local_byte_exact	0	1.0	1.0	6			
0x448ca0	FUN_00448ca0	StageTiming.cpp	1032	tiempos/replay	local_byte_exact	0	1.0	1.0	6			
0x448cc0	FUN_00448cc0	StageTiming.cpp	1044	tiempos/replay	local_byte_exact	0	1.0	1.0	6			
0x458040	FUN_00458040	StageTiming.cpp	3013	tiempos/replay	local_byte_exact	0	1.0	1.0	6			
0x41b320	FUN_0041b320	StageUI.cpp	445	StageUI	local_byte_exact	0	1.0	1.0	6			
0x41b370	FUN_0041b370	StageUI.cpp	471	StageUI	local_byte_exact	0	1.0	1.0	6			
0x41b380	FUN_0041b380	StageUI.cpp	477	StageUI	local_byte_exact	0	1.0	1.0	6			
0x41b390	FUN_0041b390	StageUI.cpp	483	StageUI	local_byte_exact	0	1.0	1.0	6			
0x475a40	FUN_00475a40	StageUI.cpp	528	StageUI	local_byte_exact	0	1.0	1.0	6			
0x4a9b60	CMain::GetFrameTime	main.cpp	337	main	local_byte_exact	0	1.0	1.0	6			
0x40bac0	Font_Unused	Font.cpp	361	Font	local_byte_exact	0	1.0	1.0	5			
0x4a17e0	CGame::FUN_004a17e0	Game.cpp	1626	Game	local_byte_exact	0	1.0	1.0	5			
0x4aad30	CGame::FUN_004aad30	Game.cpp	1920	Game	local_byte_exact	0	1.0	1.0	5			
0x50fdc0	$CRT_CPP_Initializer(void)	GameInfo.cpp	8533	GameInfo	local_byte_exact	0	1.0	1.0	5			
0x416710	FUN_00416710	Race.cpp	4896	carrera	local_byte_exact	0	1.0	1.0	5			
0x40eec0	RallyData_FUN_0040eec0	RallyData.cpp	4694	rutas/carrera	local_byte_exact	0	1.0	1.0	5			
0x4b7b10	CSound::FUN_004b7b10	Sound.cpp	543	Sound	local_byte_exact	0	1.0	1.0	5			
0x48ca60	FUN_0048ca60	StageObjects.cpp	3224	objetos/IA/replay	local_byte_exact	0	1.0	1.0	5			
0x4057a8	FUN_004057a8	Game.cpp	429	Game	local_byte_exact	0	1.0	1.0	3	differential_event_draw_abi.py		
0x501680	CGame::FUN_00501680	Game.cpp	1498	Game	local_byte_exact	0	1.0	1.0	3			
0x4eaa30	FUN_004eaa30	GameInfo.cpp	3519	GameInfo	local_byte_exact	0	1.0	1.0	3			
0x4ae410	FUN_004ae410	Graphics.cpp	4693	Graphics	local_byte_exact	0	1.0	1.0	3			
0x4083f0	RallyData_ValidateIndex	RallyData.cpp	793	rutas/carrera	local_byte_exact	0	1.0	1.0	3			
0x4a3240	FUN_004a3240	Sound.cpp	1439	Sound	local_byte_exact	0	1.0	1.0	3			
0x4918c0	FUN_004918c0	StageTiming.cpp	1683	tiempos/replay	local_byte_exact	0	1.0	1.0	3			
0x415bc0	FUN_00415bc0	StageUI.cpp	22	StageUI	local_byte_exact	0	1.0	1.0	3			
0x4057ab	FUN_004057ab	Game.cpp	435	Game	local_byte_exact	0	1.0	1.0	1	differential_event_draw_abi.py		
0x4a28c0	CSound::FUN_004a28c0	Sound.cpp	538	Sound	local_byte_exact	0	1.0	1.0	1			
0x415f40	FUN_00415f40	StageUI.cpp	27	StageUI	local_byte_exact	0	1.0	1.0	1			
0x502520	FUN_00502520	GameInfo.cpp	3949	GameInfo	local_byte_exact	0	1.0	1.0	0			
0x50fdd0	FUN_0050fdd0	GameInfo.cpp	8524	GameInfo	local_byte_exact	0	1.0	1.0	0			
0x4792a0	FUN_004792a0	SurfaceTypes.cpp	677	superficies	local_byte_exact	0	1.0	1.0	0			
0x4c03b0	longest_match	ZlibDeflate.cpp	706	ZlibDeflate	local_byte_exact	0	1.0	1.0	0			
0x4bfdf0	fill_window	ZlibDeflate.cpp	936	ZlibDeflate	local_byte_exact	0	1.0	1.0	0			
0x4c2b50	pqdownheap	ZlibTrees.cpp	467	ZlibTrees	local_byte_exact	0	1.0	1.0	0			
0x4c26c0	build_tree	ZlibTrees.cpp	629	ZlibTrees	local_byte_exact	0	1.0	1.0	0			
0x4c2c30	scan_tree	ZlibTrees.cpp	717	ZlibTrees	local_byte_exact	0	1.0	1.0	0			
0x4c2d20	send_tree	ZlibTrees.cpp	762	ZlibTrees	local_byte_exact	0	1.0	1.0	0			
0x4c2160	_tr_flush_block	ZlibTrees.cpp	926	ZlibTrees	local_byte_exact	0	1.0	1.0	0			source_extent_requires_preprocessor
0x4c32a0	compress_block	ZlibTrees.cpp	1078	ZlibTrees	local_byte_exact	0	1.0	1.0	0			
0x4c36e0	bi_windup	ZlibTrees.cpp	1182	ZlibTrees	local_byte_exact	0	1.0	1.0	0			
