address	old_name	new_name	evidence	file	line	signature	comment
0x0045d2d0	FUN_0045d2d0	CarEffect_SpawnExhaustParticle	Context: Spawn callback: places the particle at one of the car's two exhausts (alternating) in world space.; Body: { Particle *p = (Particle *)pParticle; int car = p->field0x64; Car *pCar; FixMatrix *pM; int x; int y; int z; if (car < 8) { if (g_trailTextureA[car][1] != 0) g_unk0x00543cf8 = (g_unk0x00543cf8 + 1) % 2; else g_unk0x00543cf8 = 0; pCar = Car_Get(car); FixMatrix_RotateVector(&g_unk0x00543380[car], (FixVector *)g_trailTextureA[car][g_unk0x00543cf8], pCar->pBodyMatrix); pM = pCar->pBodyMatrix; x = p->vector0x28.x + pM->position.x; p->vector0x28.x = x; y = p->vector0x28.y + pM->position.y; z = p->vector0x28.z + pM->position.z; p->vector0x28.y = y; p->vector0x28.z = z; p->vector0x28.x = g_unk0x00543380[car].x + x; p->vector0x28.y = g_unk0x00543380[car].y + y; p->vector0x28.z = g_unk0x00543380[car].z + z; } }	CMR2Decomp/CarEffects.cpp	1194	void FUN_0045d2d0(void *pParticle, ParticleType *pType, int param)	Spawn callback: places the particle at one of the car's two exhausts (alternating) in world space.
0x0045d540	FUN_0045d540	CarEffect_UpdateWheelSurfaceParticles	Context: Wheel dust, gravel and water of a car: the surface under each wheel and the stage's country pick the colours and kinds; the faster the wheel spins, the more particles.; Body: { BYTE *pCar; BYTE colour[4]; int wheel; int surface; int water; int dirt; int gravel; int snow; int ice; int emit; int dark; int light; int count; int spin; int side; int n; int shade; int k; FixVector position; FixVector velocity; int velY; int velX; int velZ; count = 0; if (car >= 8) return; pCar = (BYTE *)Car_Get(car); for (wheel = 0; wheel < 4; wheel++) { snow = 0; surface = *(short *)(pCar + 0xac6 + wheel * 2); if (surface == 0x19 || surface == 0x2e || surface == 0x2f || surface == 0x30 || surface == 0x31 || surface == 0x32 || surface == 0x4f) water = 1; else water = 0; if (surface == 0x15 || surface == 0x1d || surface == 0x20 || surface == 0x21 || surface == 0x22 || surface == 0x23 || surface == 0x24 || surface == 0x25 || surface == 0x27 || surface == 0x33 || surface == 0x36 || surface == 0x47 || surface == 0x4f || surface == 0x19) dirt = 1; else dirt = 0; if (surface == 0x16 || surface == 0x26 || surface == 0x28 || surface == 0x2c || surface == 0x34 || surface == 0x35 || surface == 0x37 || surface == 0x38) gravel = 1; else gravel = 0; if (surface == 0x17 || surface == 0x29) snow = 1; ice = surface == 0x18; if (dirt == 0 && gravel == 0 && snow == 0 && ice == 0) { emit = ice; } else { emit = 1; switch ((BYTE)RallyDataCountryIndex()) { case 0: if (dirt) { light = 0; dark = 1; colour[0] = 0x3d; colour[1] = 0x40; colour[2] = 0x0e; } else if (gravel) { light = 1; dark = 0; colour[0] = 0x66; colour[1] = 0x63; colour[2] = 0x4a; } break; case 2: dark = 1; light = 0; colour[0] 	CMR2Decomp/CarEffects.cpp	1531	void FUN_0045d540(int car)	Wheel dust, gravel and water of a car: the surface under each wheel and the stage's country pick the colours and kinds; the faster the wheel spins, the more particles.
0x00497db0	FUN_00497db0	CarPhysics_UpdateWheelContactPatches	Context: Updates the contact patch of every wheel: its position under the car (dropped onto the ground), the grip left by the suspension travel and the four corners of the patch, flattened onto the ground plane.; Body: { CarContact *pContact; FixVector offset; FixVector down; FixVector local; FixVector pos; FixVector fwd; FixVector side; FixVector d; FixVector *pCorner; int blend; int wheel; int travel; int length; int t; short i; short surfaceClass; pContact = CAR_CONTACT(pCar->index); if (pCar->field_0xb64 != 0) { blend = 0x10000; } else { blend = FixVecDot(&g_physUp, &g_physBody->groundNormal) - 0xcccc; if (blend < 0) blend = 0; blend = FixMul(blend, 0x50000); if (blend > 0x10000) blend = 0x10000; } FixVecScale(&offset, &g_physUp, -0x5999); if (CGameInfo::IsActiveCheatEnabled(6)) FixVecScale(&offset, &offset, 0x28000); for (wheel = 0; wheel < 4; wheel++) { if (*(int *)((BYTE *)pCar->pWheelNodes[wheel] + 8) == RallyData_GetChallengeRenderState()) continue; FixMatrix_GetPosition(&local, &g_physWheels[wheel]); FixMatrix_RotateVector(&pos, &local, &g_physBody->body); pos.x += g_physPos.x + offset.x; pos.y += g_physPos.y + offset.y; pos.z += g_physPos.z + offset.z; if (pCar->field_0xb64 == 0) { down.x = 0; down.y = 0x10000; down.z = 0; t = Track_GetGroundHeightSurface(&pos, &down, &pContact->wheelTriangle[wheel], &surfaceClass, (unsigned short *)&surfaceClass, pContact->wheelGroundY[wheel]); pContact->wheelGroundY[wheel] = t; travel = pos.y - t; pos.y = t; if (travel > 0) { t = FixMul(FixDiv(0x10000, 0x4000), travel); if (t > 0x10000) t = 0x10000; pContact->wheelGrip[wheel] = 0x10000 - t; } else { pContact->wheelGrip[wheel] = 0x10000; } } else { pContact->wheelGrip[wheel] = 0x10000; } pContac	CMR2Decomp/CarPhysics.cpp	164	void FUN_00497db0(Car *pCar)	Updates the contact patch of every wheel: its position under the car (dropped onto the ground), the grip left by the suspension travel and the four corners of the patch, flattened onto the ground plane.
0x00494db0	FUN_00494db0	CarPhysics_DrawBodyWheelAndSkidShadows	Context: Draws the shadow of the car: a soft octagon under the body, a patch under every wheel on the ground and, for the driven car, a smear along its skid trail. Each is a solid core fading out to a transparent rim.; Body: { Quad2DInputVertex v0; Quad2DInputVertex v1; Quad2DInputVertex v2; FixVector ring[18]; FixVector outline[18]; FixVector e; FixVector centre; FixVector d; FixVector *pSrc; BYTE colour[4]; BYTE clear[4]; int level; int alpha; int count; BOOL all; int i; int k; int t; short total; short n; colour[0] = 0; colour[1] = 0; colour[2] = 0; colour[3] = 0x32; count = *g_physSkidCount[pCar->index]; all = TRUE; if (*(int *)((BYTE *)StageTiming_GetCarReplayRecord(pCar->index) + 0x4bc) != 0) { all = FALSE; count -= g_physSkidRange[pCar->index][1]; } Scene_GetShadowColour((DWORD *)colour, &level); colour[3] = 0x32; *(DWORD *)clear = *(DWORD *)colour; clear[3] = 0; g_physContactView = *CAR_CONTACT(pCar->index); CarShadow_OffsetPointsTowardsCamera(view, &g_physContactView); v0.u = 0; v0.v = 0; v1.u = 0; v1.v = 0; v2.u = 0; v2.v = 0; if (g_physContactView.field_0x298 != 0) { for (i = 0; i < 4; i++) { if (*(int *)((BYTE *)pCar->pWheelNodes[i] + 8) == RallyData_GetChallengeRenderState() || g_physContactView.wheelGrip[i] == 0) continue; alpha = FixMul(0xe60000, g_physContactView.wheelGrip[i]); pSrc = CAR_CONTACT(pCar->index)->wheelCorners[i]; FIX_MIDPOINT(d, pSrc[0], pSrc[2]); FIX_MIDPOINT(centre, pSrc[1], pSrc[3]); CAR_CONTACT(pCar->index)->wheelFrontMid[i].y = d.y; CAR_CONTACT(pCar->index)->wheelFrontMid[i].x = d.x; CAR_CONTACT(pCar->index)->wheelFrontMid[i].z = d.z; CAR_CONTACT(pCar->index)->wheelRearMid[i].x = centre.x; CAR_CONTACT(pCar->index)->wheelRearMid[i].y = centre.y; CAR_CONTACT(pCar-	CMR2Decomp/CarPhysics.cpp	450	void FUN_00494db0(Car *pCar, int view)	Draws the shadow of the car: a soft octagon under the body, a patch under every wheel on the ground and, for the driven car, a smear along its skid trail. Each is a solid core fading out to a transparent rim.
0x00496e00	FUN_00496e00	CarPhysics_UpdateBodyContactAndSkidTrail	Context: Loads the car into the g_phys* globals, drops it onto the ground and updates its contact record: the wheel and body patches and, for a driven car, the skid trail laid out behind the body patch along the car's skid profile, bent round when the car is sliding sideways. Every point is then eased towards the ground height under it.; Body: { CarContact *pContact; int *pProfile; FixVector flat; FixVector p; FixVector v; FixVector w; FixVector *pNormal; int h; int scale; int cosA; int sideDot; int fwd; int side; int grip; int bend; int base; int lateral; int firstAlong; int firstLat; int acc; int limit; int len; int c; int k; int first; short extra; short angle; int skip; pContact = CAR_CONTACT(pCar->index); firstAlong = 0; firstLat = 0; acc = 0; side = 0; first = 0; pProfile = g_physSkidWidth[pCar->index]; g_physBody = Car_GetTransforms(pCar->index); g_physWheels = Car_GetWheelTransforms(pCar->index); FixMatrix_GetRight(&g_physRight, &g_physBody->body); FixMatrix_GetUp(&g_physUp, &g_physBody->body); FixMatrix_GetForward(&g_physForward, &g_physBody->body); FixMatrix_GetPosition(&g_physPos, &g_physBody->body); g_physGroundPoint = (FixVector *)Car_GetRendererRecord(pCar->index); if (pCar->field_0xb64 != 0) { h = FixMul(g_physBody->groundNormal.y, g_physBody->cornerHeight[0] - g_physPos.y); } else { g_physGroundPos = *g_physGroundPoint; g_physGroundPos.x -= g_physPos.x; g_physGroundPos.y = g_physBody->cornerHeight[0] - g_physPos.y; pNormal = &g_physBody->groundNormal; g_physGroundPos.z -= g_physPos.z; h = FixVecDot(pNormal, &g_physGroundPos); } FixVecScale(&g_physGroundPos, &g_physBody->groundNormal, h); g_physGroundPos.x += g_physPos.x; g_physGroundPos.y += g_physPos.y; g_physGroundPos.z += g_physPos.z; if (pContact->field_0x298 != 0) FUN_00497db0(pCar); CarContact_BuildBodyPatch(pCar, pContact); if (pContact->fiel	CMR2Decomp/CarPhysics.cpp	641	void FUN_00496e00(Car *pCar)	Loads the car into the g_phys* globals, drops it onto the ground and updates its contact record: the wheel and body patches and, for a driven car, the skid trail laid out behind the body patch along the car's skid profile, bent round when the car is sliding sideways. Every point is then eased towards the ground height under it.
0x004894b0	FUN_004894b0	Collision_SplitBoxSeparationMovement	Context: Splits a movement of `amount` along pDir between the two collision boxes: the scale*amount part goes to pB and the opposite of the remainder to pA.  Both boxes get their four local vectors, their eight-vector array and the vertex at +0x94 moved by the same amount. The instruction sequence is the original's; only the register numbering of the induction variables and the base/index order of the two 0x60 loops differ.; Body: { FixVector v; int t; int rest; int *p; int i; int j; g_unk0x005915e8.x = pDir[0]; g_unk0x005915e8.y = pDir[1]; g_unk0x005915e8.z = pDir[2]; if (amount > 0) { t = FixMul(amount, scale); rest = amount - t; if (scale != 0) { FixVecScale(&v, (FixVector *)pDir, t); g_unk0x005914b8.y += v.y; g_unk0x005914b8.z += v.z; g_unk0x005914b8.x += v.x; if ((int *)pB[0x25] != NULL && pB[0x24] != 0) { ((int *)pB[0x25])[0] += v.x; ((int *)pB[0x25])[1] += v.y; ((int *)pB[0x25])[2] += v.z; for (i = 0; i < 0x60; i += 0xc) { *(int *)(pB[0x24] + i) += v.x; *(int *)(pB[0x24] + i + 4) += v.y; *(int *)(pB[0x24] + i + 8) += v.z; } p = pB + 0xd; for (j = 4; j != 0; j--) { p[-1] += v.x; p[0] += v.y; p[1] += v.z; p += 3; } } } if (scale != 0x10000) { FixVecScale(&v, (FixVector *)pDir, -rest); g_collisionPush.y += v.y; g_collisionPush.z += v.z; g_collisionPush.x += v.x; if ((int *)pA[0x25] != NULL && pA[0x24] != 0) { ((int *)pA[0x25])[0] += v.x; ((int *)pA[0x25])[1] += v.y; ((int *)pA[0x25])[2] += v.z; for (i = 0; i < 0x60; i += 0xc) { *(int *)(pA[0x24] + i) += v.x; *(int *)(pA[0x24] + i + 4) += v.y; *(int *)(pA[0x24] + i + 8) += v.z; } p = pA + 0xd; for (j = 4; j != 0; j--) { p[-1] += v.x; p[0] += v.y; p[1] += v.z; p += 3; } } } } }	CMR2Decomp/Collision2D.cpp	134	void FUN_004894b0(int *pA, int *pB, int *pDir, int amount, int scale)	Splits a movement of `amount` along pDir between the two collision boxes: the scale*amount part goes to pB and the opposite of the remainder to pA.  Both boxes get their four local vectors, their eight-vector array and the vertex at +0x94 moved by the same amount. The instruction sequence is the original's; only the register numbering of the induction variables and the base/index order of the two 0x60 loops differ.
0x0048a1f0	FUN_0048a1f0	Collision_TestOrderedCarPairs	Context: Tests every pair of cars of the given order for contact: pairs whose corner sector words share an index are run through the 2D box overlap test (FUN_00487b80) and, for cars that are not locked, through the box collision response (FUN_0048a5f0); the two cars are then linked in each other's contact list and the impact is resolved. Finally the separation timers of every car are decayed and, while the race is being verified, the collision box of each car is rebuilt.; Body: { short *p1; short *p2; int found; int i; int j; int k; int n; int m; int carA; int carB; CarCornerWords idsB; CarCornerWords idsA; int flags[8]; for (i = 0; i < 8; i++) flags[i] = 0; *(int *)g_unk0x005913dc = 0; *(int *)(g_unk0x005913dc + 4) = 0; n = (int)param_3 - 1; if (n > 0) { k = 1; p1 = param_2; for (; k < param_3; k++) { j = param_3 - k; p2 = p1 + 1; do { carA = param_1 + p1[0] * 0xc24; carB = param_1 + p2[0] * 0xc24; idsA = *(CarCornerWords *)(carA + 0xb00); idsB = *(CarCornerWords *)(carB + 0xb00); found = 0; for (i = 0; i < 4; i++) { for (m = 0; m < 4; m++) { if (idsA.w[m] == idsB.w[i]) { found = 1; if (FUN_00487b80(*(int *)(carA + 0x758), *(int *)(carB + 0x758), (int *)(carA + 0x2d0), (int *)(carB + 0x2d0))) { flags[*(char *)(carB + 0xb1a)] = 1; flags[*(char *)(carA + 0xb1a)] = 1; if (*(int *)(carA + 0xc08) == 0 && *(int *)(carB + 0xc08) == 0 && *(int *)(carA + 0xc0c) == 0 && *(int *)(carB + 0xc0c) == 0 && (*(int *)(carA + 0xc18) == 0 || *(int *)(carB + 0xc18) == 0)) { g_pContacts0x005915e0 = (FixVector *)&g_unk0x00590ed0[p1[0]]; g_pContacts0x00591394 = (FixVector *)&g_unk0x00590ed0[p2[0]]; FUN_00486c30((int *)g_pContacts0x005915e0, (int *)(carA + 0x360), (int *)(carA + 0x2d0), (FixVector *)(carA + 0x270)); FUN_00486c30((int *)g_pContacts0x00591394, (int *)(carB + 0x360), (int *)(carB + 0x2d0), (FixVector *)(carB + 0x270)); found = FUN_0048a5f0(carA, carB); g_unk0x00591390 = 0; if (found != 0) { g_unk0x005913f8[*(char *)(carA + 0xb1a)] [g_unk0x005913dc[*(char *)(c	CMR2Decomp/Collision2D.cpp	555	void FUN_0048a1f0(int param_1, short *param_2, short param_3)	Tests every pair of cars of the given order for contact: pairs whose corner sector words share an index are run through the 2D box overlap test (FUN_00487b80) and, for cars that are not locked, through the box collision response (FUN_0048a5f0); the two cars are then linked in each other's contact list and the impact is resolved. Finally the separation timers of every car are decayed and, while the race is being verified, the collision box of each car is rebuilt.
0x0048a5f0	FUN_0048a5f0	Collision_SeparateCarBoxes	Context: Pushes the two cars' collision boxes apart after a contact: adds up the corner offsets of both quads, normalises the result into the contact normal and, when one of the two cars has no contact corner left, moves each box along its own axis by the projection of the normal; the normal is published at 0x5915e8 and each car's contact offset is rotated by the other box's offset. When both cars do have corners the boxes are handed to the deformation solver instead.; Body: { FixVector normal; FixVector sum; FixVector delta; FixVector tmp; unsigned short result; int countA; int countB; int total; int len; int dx; int dy; int dz; int i; result = FUN_00488640((CollisionBox *)g_pContacts0x005915e0, (CollisionBox *)g_pContacts0x00591394, (FixVector *)(param_1 + 0x2e8), 0x8000); if (result != 0) { sum.x = 0; sum.y = 0; sum.z = 0; normal.x = 0; normal.y = 0; normal.z = 0; countA = 0; if (g_unk0x005915f4 >= 1) { for (i = 0; i < g_unk0x005915f4; i++) { delta.x = *(int *)(param_1 + (g_unk0x005914c4[i] * 3 + 0x9c) * 4) - *(int *)(param_1 + 0x2d0); delta.y = *(int *)(param_1 + g_unk0x005914c4[i] * 0xc + 0x274) - *(int *)(param_1 + 0x2d4); delta.z = *(int *)(param_1 + g_unk0x005914c4[i] * 0xc + 0x278) - *(int *)(param_1 + 0x2d8); delta.y = 0; sum.x += delta.x; sum.z += delta.z; if (g_unk0x00590ec8[i] == 0) { if (FixVecDot(&normal, &((CollisionBox *)g_pContacts0x00591394)->axisA) < 0) { normal.x -= ((CollisionBox *)g_pContacts0x00591394)->axisA.x; normal.y -= ((CollisionBox *)g_pContacts0x00591394)->axisA.y; normal.z -= ((CollisionBox *)g_pContacts0x00591394)->axisA.z; } else { normal.x += ((CollisionBox *)g_pContacts0x00591394)->axisA.x; normal.y += ((CollisionBox *)g_pContacts0x00591394)->axisA.y; normal.z += ((CollisionBox *)g_pContacts0x00591394)->axisA.z; } } else { if (FixVecDot(&normal, &((CollisionBox *)g_pContacts0x00591394)->axisB) < 0) { normal.x -= ((CollisionBox *)g_pContacts0x00591394)->axisB.x; normal.y -= ((CollisionBox *)g_pContacts0x0059139	CMR2Decomp/Collision2D.cpp	678	int FUN_0048a5f0(int param_1, int param_2)	Pushes the two cars' collision boxes apart after a contact: adds up the corner offsets of both quads, normalises the result into the contact normal and, when one of the two cars has no contact corner left, moves each box along its own axis by the projection of the normal; the normal is published at 0x5915e8 and each car's contact offset is rotated by the other box's offset. When both cars do have corners the boxes are handed to the deformation solver instead.
0x0048ae90	FUN_0048ae90	Collision_ResolveCarContactImpulse	Context: Resolves a collision between two cars. Clamps each car's contact offset (the vector at +0x5dc) by its half extents, builds the world-space velocity of that offset out of the angular velocity at that point plus the body velocity, and projects both on the collision normal 0x5915e8. The closing speed along the normal, weighted by each body's mass (0x75c), gives the common rebound velocity; the difference to each car is the impulse it takes along the normal, which is turned into a linear correction (0x5c4) and, crossed with the contact offset, into an angular one (0x5d0). Cars that are locked (0xc00) get a four-times stronger offset correction and are marked at 0xc00 while separated. When the two do not actually touch, the impulse along the contact axis is passed to the body-deformation solver (0x466ef0); otherwise the tangential relative motion is normalized and debris is thrown along it. restitution term, FixVecScale impulses). The rest is the frame-slot packing of the inline-asm temporaries.; Body: { FixVector tmp; FixVector vA; FixVector vB; FixVector impA; FixVector impB; FixVector axis; FixVector debrisAxes[3]; int dotA; int dotB; int bounce; int x; int newB; int dA; int dB; int d; int len; int size; int bSepA; Collision_ClampContactOffset((int *)(param_1 + 0x5dc), (int *)(param_1 + 0x204), 0); Collision_ClampContactOffset((int *)(param_2 + 0x5dc), (int *)(param_2 + 0x204), 0); FixVecCross(&tmp, (FixVector *)(param_1 + 0x420), (FixVector *)(param_1 + 0x5dc)); FixMatrix_RotateVector(&vA, &tmp, *(FixMatrix **)(param_1 + 0x750)); vA.x += *(int *)(param_1 + 0x408); vA.y += *(int *)(param_1 + 0x40c); vA.z += *(int *)(param_1 + 0x410); FixVecCross(&tmp, (FixVector *)(param_2 + 0x420), (FixVector *)(param_2 + 0x5dc)); FixMatrix_RotateVector(&vB, &tmp, *(FixMatrix **)(param_2 + 0x750)); vB.x += *(int *)(param_2 + 0x408); vB.y += *(int *)(param_2 + 0x40c); vB.z += *(int *)(param_2 + 0x410); dotA = FixVecDot(&vA, &g_unk0x005915e8); dotB = FixVecDot(&vB, &g_unk0x005915e8); bounce = FixMul(dotA - dotB, 0); x = FixDiv(FixMul(dotA, *(int *)(param_1 + 0x75c)) + (FixMul(dotB, *(int *)(param_2 + 0x75c)) - FixMul(bounce, *(int *)(param_2 + 0x75c))), *(int *)(param_1 + 0x75c) + *(int *)(param_2 + 0x75c)); newB = x + bounce; dA = x - dotA; FixVecScale(&impA, &g_unk0x005915e8, dA); if (*(int *)(param_1 + 0xc00) == 0 && FIX_ABS(dA) > 0x9999 && (*(int *)(param_1 + 0xb64) == 0 || *(int *)(param_2 + 0xb64) == 0)) { bSepA = 1; tmp.x = -*(int *)(param_1 + 0x364); tmp.y = -*(int *)(param_1 + 0x	CMR2Decomp/Collision2D.cpp	862	void FUN_0048ae90(int param_1, int param_2)	Resolves a collision between two cars. Clamps each car's contact offset (the vector at +0x5dc) by its half extents, builds the world-space velocity of that offset out of the angular velocity at that point plus the body velocity, and projects both on the collision normal 0x5915e8. The closing speed along the normal, weighted by each body's mass (0x75c), gives the common rebound velocity; the difference to each car is the impulse it takes along the normal, which is turned into a linear correction (0x5c4) and, crossed with the contact offset, into an angular one (0x5d0). Cars that are locked (0xc00) get a four-times stronger offset correction and are marked at 0xc00 while separated. When the two do not actually touch, the impulse along the contact axis is passed to the body-deformation solver (0x466ef0); otherwise the tangential relative motion is normalized and debris is thrown along it. restitution term, FixVecScale impulses). The rest is the frame-slot packing of the inline-asm temporaries.
0x004eb860	FUN_004eb860	Profile_AssignAvailableCategory	Context: Gives record `index` a profile (category) unless it has one: `profile` if given; otherwise the first free profile no earlier record uses; else the free profile with the lowest age, or when they all have the same age the one unused for longest.; Body: { unsigned int *pRecord; unsigned int flags; unsigned int age; unsigned int minAge; unsigned int firstAge; unsigned int best; unsigned int now; int free[4]; int count; int chosen; int c; int i; BYTE *p; BYTE *pRec; char allSame; RallyData_ValidateIndex(index); pRecord = (unsigned int *)(g_saveSlots + index * 0x30); if ((*pRecord & 0x3c0000) != 0x3c0000) return; if (profile != -1) { flags = *(unsigned int *)(g_saveProfiles + 0x54 + profile * 0x650); *pRecord = ((flags & 0x40) << 1 | profile & 0xf) << 0x12 | *pRecord & 0xfdc3ffc0 | flags & 0x1f; return; } c = 0; for (p = g_saveProfiles + 0x14; p < g_saveProfiles + 0x1954; p += 0x650, c++) { if (p[-4] == 0 || (*(unsigned int *)p & 0x200000)) break; } if (p < g_saveProfiles + 0x1954 && c != -1) { for (i = 0; i < index; i++) { if ((*(unsigned int *)(g_saveSlots + i * 0x30) >> 0x12 & 0xf) == (unsigned int)c) c = -1; } if (c != -1) { chosen = c; goto assign; } } count = 0; for (c = 0; c < 4; c++) { free[count] = -1; for (pRec = g_saveSlots; pRec < g_saveSlots + 0x300; pRec += 0x30) { if ((*(unsigned int *)pRec >> 0x12 & 0xf) == (unsigned int)c) break; } if (pRec >= g_saveSlots + 0x300) { free[count] = c; count++; } } minAge = 0xff; allSame = 1; firstAge = *(unsigned int *)(g_saveProfiles + 0x54 + free[0] * 0x650) >> 7 & 0xff; chosen = index; for (i = 0; i < count; i++) { age = *(unsigned int *)(g_saveProfiles + 0x54 + free[i] * 0x650) >> 7 & 0xff; if (firstAge != age) allSame = 0; if (minAge >= age) { minAge = age; chosen = free[i];	CMR2Decomp/FileBuffer.cpp	368	void FUN_004eb860(int index, int profile)	Gives record `index` a profile (category) unless it has one: `profile` if given; otherwise the first free profile no earlier record uses; else the free profile with the lowest age, or when they all have the same age the one unused for longest.
0x00422d40	FUN_00422d40	View_SetPlayerProjection	Context: Sets the camera projection for the selected player's view.; Body: { int i = player & 0xff; int base = FixMul(g_unk0x005391cc[i], 0x275c2); int ratio = (int)(__int64)(((double)g_pGraphics->resX / (double)g_pGraphics->resY) * CGraphics::m_65536); int fovX = FixMul(0x123d7, FixMul(base, ratio)); int fovY = FixMul(0x2147a, base); if (Race_IsMultiplayerRecordMode10() == 0 && RallyData_IsHeadToHeadRaceMode()) { if (CGameInfo::IsSplitBarEnabled()) fovY *= 2; else fovX *= 2; } if (CGameInfo::IsActiveCheatEnabled(2)) { CGraphics::SetProjection(-fovX, fovY, g_unk0x00538e04[i], g_unk0x00538df0[i]); return; } if (RallyData_IsChampionshipFinalStage() && g_unk0x00538e04[i] < 0x960000) { CGraphics::SetProjection(fovX, fovY, 0x960000, g_unk0x00538df0[i]); return; } CGraphics::SetProjection(fovX, fovY, g_unk0x00538e04[i], g_unk0x00538df0[i]); }	CMR2Decomp/FixedPoint.cpp	729	void FUN_00422d40(unsigned int player)	Sets the camera projection for the selected player's view.
0x0042e8e0	FUN_0042e8e0	CarPhysics_IntegrateWheelSuspension	Context: One suspension step of the current car: for each wheel, the spring force from the corner heights and the damper force are integrated into the suspension travel (0x9c8) and its rate (0x9d8).; Body: { FixVector d; FixVector mid; FixVector v; int h; int f; int w; for (w = 0; w < 4; w++) { if (g_pCurrentCar->field_0xb74 != 0) { h = g_pCurrentCar->cornerHeight[w] - g_pCurrentCar->corners[w].y; if (h < 0) h = -h; if (h < 0x4ccc && ((&g_pCurrentCar->cornerPrev2[0])[w].x != 0 || (&g_pCurrentCar->cornerPrev2[0])[w].y != 0 || (&g_pCurrentCar->cornerPrev2[0])[w].z != 0)) { d.x = (g_pCurrentCar->corners[w].x - (&g_pCurrentCar->cornerPrev[0])[w].x) - ((&g_pCurrentCar->cornerPrev[0])[w].x - (&g_pCurrentCar->cornerPrev2[0])[w].x); d.y = (g_pCurrentCar->corners[w].y - (&g_pCurrentCar->cornerPrev[0])[w].y) - ((&g_pCurrentCar->cornerPrev[0])[w].y - (&g_pCurrentCar->cornerPrev2[0])[w].y); d.z = (g_pCurrentCar->corners[w].z - (&g_pCurrentCar->cornerPrev[0])[w].z) - ((&g_pCurrentCar->cornerPrev[0])[w].z - (&g_pCurrentCar->cornerPrev2[0])[w].z); FixMatrix_InverseRotateVector(&v, &d, g_pCurrentCar->pWorld); f = FixMul(v.y, FixMul(0x9c28, g_physicsScale)); if (f > 0) (g_pCurrentCar->field_0x9c8)[w] -= f; } } f = FixMul(g_physicsTimeStep, -(FixMul(((int *)((BYTE *)g_pCurrentCar + 0x9e8))[w], g_pCurrentCar->wheel0x9d8[w]) + FixMul(((int *)((BYTE *)g_pCurrentCar + 0x9f8))[w], (g_pCurrentCar->field_0x9c8)[w]))); (g_pCurrentCar->field_0x9c8)[w] += f; (&g_pCurrentCar->wheel0x9d8[0])[w] += FixMul(g_physicsTimeStep, (g_pCurrentCar->field_0x9c8)[w]); if ((&g_pCurrentCar->wheel0x9d8[0])[w] < -0x3333) { (&g_pCurrentCar->wheel0x9d8[0])[w] = -0x3333; if ((g_pCurrentCar->field_0x9c8)[w] < 0) (g_pCurrentCar	CMR2Decomp/FixedPoint.cpp	1006	void FUN_0042e8e0(void)	One suspension step of the current car: for each wheel, the spring force from the corner heights and the damper force are integrated into the suspension travel (0x9c8) and its rate (0x9d8).
0x004702f0	FUN_004702f0	StageObject_ProbeGroundDistance	Context: Probes the ground under a stage object: casts the ground normal at the given point and returns the signed distance from the point to the ground plane.; Body: { unsigned short surface; FixVector neg; FixVector rot; FixVector v; int idx; int len; *(int *)(pObj + 0x110) = Track_GetGroundHeight(pPoint, (FixVector *)(pObj + 0xd4), (short *)(pObj + 0x11c), &surface, *(int *)(pObj + 0x110)); if (*(short *)(pObj + 0x11c) == -1) { *(int *)(pObj + 0xd4) = 0; *(int *)(pObj + 0xd8) = 0x10000; *(int *)(pObj + 0xdc) = 0; *(int *)(pObj + 0x110) = pPoint->y - 0xa0000; } len = FixVecLength((FixVector *)(pObj + 0xd4)); if (len == 0) { *(int *)(pObj + 0xd4) = 0; *(int *)(pObj + 0xd8) = 0; *(int *)(pObj + 0xdc) = 0; } else { FixVecScaleRecip((FixVector *)(pObj + 0xd4), (FixVector *)(pObj + 0xd4), len); } FixVecScale(&neg, (FixVector *)(pObj + 0xd4), -0x10000); FixMatrix_InverseRotateVector(&rot, &neg, *(FixMatrix **)(pObj + 0xc8)); idx = 0; if (rot.y >= 0) idx = 4; if (rot.x < 0) idx += 2; if (rot.z < 0) idx += 1; FixMatrix_RotateVector(&v, &g_unk0x00589458[idx], *(FixMatrix **)(pObj + 0xc8)); v.x += pPoint->x; v.y += pPoint->y; v.z += pPoint->z; v.x = pPoint->x - v.x; v.y = *(int *)(pObj + 0x110) - v.y; v.z = pPoint->z - v.z; return FixDiv(FixVecDot(&v, (FixVector *)(pObj + 0xd4)), *(int *)(pObj + 0xd8)); }	CMR2Decomp/FixedPoint.cpp	1119	int FUN_004702f0(BYTE *pObj, FixVector *pPoint)	Probes the ground under a stage object: casts the ground normal at the given point and returns the signed distance from the point to the ground plane.
0x00486910	FUN_00486910	StageObject_RebuildMirroredTiltMatrix	Context: Rebuilds an object's local matrix from a reference matrix: mirrors it about the object's split axis and applies the car's tilt rotation. Differential coverage: affine axes, tilt and split positioning with real helpers.; Body: { FixMatrix *pMat = (FixMatrix *)(pObj + 8); FixMatrix *pRef = (FixMatrix *)pSrc; int idx; int angle; int v; memcpy(pMat, pSrc, 0x40); idx = *pObj; if (g_unk0x00590d8c[idx] == 2) { pMat->right.x = pRef->forward.x; pMat->right.y = pRef->forward.y; pMat->right.z = pRef->forward.z; pMat->forward.x = -pRef->right.x; pMat->forward.y = -pRef->right.y; angle = -pRef->right.z; } else { pMat->right.x = -pRef->forward.x; pMat->right.y = -pRef->forward.y; pMat->right.z = -pRef->forward.z; pMat->forward.x = pRef->right.x; pMat->forward.y = pRef->right.y; angle = pRef->right.z; } pMat->forward.z = angle; angle = g_unk0x00590d8c[idx] == 0 ? 10 : 0; v = (int)(__int64)((double)angle * CGraphics::m_65536); FixMatrix_RotateAboutRight((FixMatrix *)pMat, (unsigned short)(__int64)((double)v * g_unk0x00511300)); StageObject_SetPositionFromSplitVector(pObj, (FixMatrix *)pSrc); }	CMR2Decomp/FixedPoint.cpp	1170	void FUN_00486910(BYTE *pObj, int *pSrc)	Rebuilds an object's local matrix from a reference matrix: mirrors it about the object's split axis and applies the car's tilt rotation. Differential coverage: affine axes, tilt and split positioning with real helpers.
0x00426fc0	FUN_00426fc0	NetRace_ExtrapolateOrderedCarPoses	Context: Refreshes the network pose record of every car of the given order that is still in play (field_0xc20): the record matrix takes the body axes and the body position, the record velocity (0x70) and angular velocity (0x7c) are extrapolated one step from the body state, and the resulting movement is turned into the unit direction at 0x94 the remote cars are advanced along. Records whose pose did not change are marked (0xdc = 0) instead. 28 imul / 1 idiv, como el original) generan las mismas instrucciones, pero MSVC6 mantiene la base del registro en EDI con otro reparto de temporales.; Body: { FixVector saved; FixVector v; FixVector mpos; FixVector d; FixVector scaled; Car *pCar; CarNetRecord *pRec; int dot; int len; int ax; int az; int i; for (i = count - 1; i >= 0; i--) { pCar = pCars + pOrder[i]; pRec = &g_unk0x005393d8 + pOrder[i]; if (pCar->field_0xc20 == 0) continue; FixMatrix_SetPosition(&pCar->position, &pRec->matrix); FixMatrix_SetRight(&pCar->right, &pRec->matrix); FixMatrix_SetUp(&pCar->up, &pRec->matrix); FixMatrix_SetForward(&pCar->forward, &pRec->matrix); if (pRec->resetPose != 0) { Car_InvalidateTransforms(pCar->index); pCar->field_0xbf8 = 1; pRec->resetPose = 0; } saved = pRec->velocity; pRec->velocity = pCar->velocity; v = pCar->field_0x5c4; FixVecScale(&v, &v, 0x3333); FixVecScale(&v, &v, g_physicsTimeStep); pRec->velocity.x += v.x; pRec->velocity.y += v.y; pRec->velocity.z += v.z; pRec->angularVelocity = pCar->angularVelocity; v.x = FixMul(pCar->field_0x5d0.x, -FixMul(pCar->inertia.x, pCar->field_0x75c)); v.y = FixMul(pCar->field_0x5d0.y, -FixMul(pCar->inertia.y, pCar->field_0x75c)); v.z = FixMul(pCar->field_0x5d0.z, -FixMul(pCar->inertia.z, pCar->field_0x75c)); pRec->angularVelocity.x += v.x; pRec->angularVelocity.y += v.y; pRec->angularVelocity.z += v.z; pRec->field_0xd4 = pCar->field_0xc00; pCar->field_0x960 = pRec->field_0xb4; NetRace_AdvanceRemoteCarAccumulator(pRec); dot = FixVecDot(&pCar->up, &pCar->groundNormal); pCar->field_0x96c -= FixMul(0x1eb8, g_physicsTimeStep); if (pCar->field_0x96c < 0) pCar->field_0x96c = 0; if (pCar->field_0x9	CMR2Decomp/FixedPoint.cpp	1260	void FUN_00426fc0(Car *pCars, short *pOrder, short count)	Refreshes the network pose record of every car of the given order that is still in play (field_0xc20): the record matrix takes the body axes and the body position, the record velocity (0x70) and angular velocity (0x7c) are extrapolated one step from the body state, and the resulting movement is turned into the unit direction at 0x94 the remote cars are advanced along. Records whose pose did not change are marked (0xdc = 0) instead. 28 imul / 1 idiv, como el original) generan las mismas instrucciones, pero MSVC6 mantiene la base del registro en EDI con otro reparto de temporales.
0x00470580	FUN_00470580	StageObject_UpdateMovingTransforms	Context: Per-frame update of the moving stage objects. Each active object of g_movingObjects.entries (count in g_movingObjects.count) gets its result matrix refreshed from its source matrix and then: mode 1 - the turn rate at 0xe0 is applied to the object basis, the basis is re-orthonormalised and the object is dropped onto the ground; mode 2 - gravity is integrated into the velocity at 0xec and the position, the basis is reflected against the ground and the object matrix is placed at the car-relative offset 0xf8; after which the ground-probe octant table is rebuilt and every node of the object's chain is flagged as moved. Any other mode only refreshes the matrix. calcula world = RotateVector(pObj+0xf8) + GetPosition(pMatrix) al principio del bloque (se ve en el despacho: 'dec eax; jne' manda el modo 2 a esa secuencia). Al anadirlo la secuencia de llamadas coincide exactamente con la del original (27), pero su planificacion baja el % (63.3 -> 62.2): el resto de los diffs son reparto de registros/slots y el orden de los bloques. inlines (18 shrd / 96 shld / 8 idiv) y las mismas 6 conversiones fild/fmul/fistp.; Body: { FixBasis basis; FixVector vecD4; FixVector vecE0; FixVector world; FixVector pos; FixVector step; FixVector grav; FixVector v; FixAngles angles; FixMatrix *pMatrix; BYTE *pObj; int *pNode; int len; int len2; int dot; int height; int i; if (g_movingObjects.count == 0) return; pObj = (BYTE *)g_movingObjects.entries; for (i = 0; i < (int)(g_movingObjects.count & 0xff); i++) { pMatrix = *(FixMatrix **)(pObj + 0xc8); vecD4 = *(FixVector *)(pObj + 0xd4); *(FixMatrix *)(pObj + 0x48) = *(FixMatrix *)(pObj + 8); switch (*(int *)(pObj + 0xcc)) { case 1: vecE0 = *(FixVector *)(pObj + 0xe0); FixVecScale(&vecE0, &vecE0, 0x11999); *(FixVector *)(pObj + 0xe0) = vecE0; FixMatrix_GetRight(&basis.right, pMatrix); FixMatrix_GetUp(&basis.up, pMatrix); FixMatrix_GetForward(&basis.forward, pMatrix); angles.x = FIX_ANGLE(FixMul(vecE0.x, g_physicsTimeStep)); angles.y = FIX_ANGLE(FixMul(vecE0.y, g_physicsTimeStep)); angles.z = FIX_ANGLE(FixMul(vecE0.z, g_physicsTimeStep)); FixBasis_Rotate(&basis, (unsigned short *)&angles); dot = FixVecDot(&vecD4, &basis.up); if (dot <= 0) { FixVecScale(&pos, &vecD4, dot); pos.x = basis.up.x - pos.x; pos.y = basis.up.y - pos.y; pos.z = basis.up.z - pos.z; len = FixVecLength(&pos); if (len == 0) { basis.up.x = 0; basis.up.y = 0; basis.up.z = 0; } else { FixVecScaleRecip(&basis.up, &pos, len); } dot = FixVecDot(&basis.up, &basis.right); FixVecScale(&pos, &basis.up, dot); pos.x = basis.right.x - pos.x; pos.y = basis.right.y - pos.y; pos.z = basis.right.z - pos.z; len 	CMR2Decomp/FixedPoint.cpp	1447	void FUN_00470580(void)	Per-frame update of the moving stage objects. Each active object of g_movingObjects.entries (count in g_movingObjects.count) gets its result matrix refreshed from its source matrix and then: mode 1 - the turn rate at 0xe0 is applied to the object basis, the basis is re-orthonormalised and the object is dropped onto the ground; mode 2 - gravity is integrated into the velocity at 0xec and the position, the basis is reflected against the ground and the object matrix is placed at the car-relative offset 0xf8; after which the ground-probe octant table is rebuilt and every node of the object's chain is flagged as moved. Any other mode only refreshes the matrix. calcula world = RotateVector(pObj+0xf8) + GetPosition(pMatrix) al principio del bloque (se ve en el despacho: 'dec eax; jne' manda el modo 2 a esa secuencia). Al anadirlo la secuencia de llamadas coincide exactamente con la del original (27), pero su planificacion baja el % (63.3 -> 62.2): el resto de los diffs son reparto de registros/slots y el orden de los bloques. inlines (18 shrd / 96 shld / 8 idiv) y las mismas 6 conversiones fild/fmul/fistp.
0x004d21e0	CFrontend::FUN_004d21e0	LoadFrontendResourceArchives	Body: { unsigned int regionID; char regionKey; if (CGenericFileLoader::m_genericFile.buffer != NULL) { CFileBuffer::FreeGenericFileBuffer(CGenericFileLoader::m_genericFile.buffer); CGenericFileLoader::m_genericFile.buffer = NULL; } CGenericFileLoader::m_genericFile.didFileLoad = 0; CGenericFileLoader::m_genericFile.fileSize = 0; if (CGameInfo::GetScreenWidth() >= 1024U) { if (IsTextureWidthSupported(1024) != 0) { if (IsTextureHeightSupported(1024) != 0) { if (HasDXT1TextureSupport() != FALSE) sprintf(m_stringDest, m_feRes1024C, CInstallInfo::GetFrontendDir()); else sprintf(m_stringDest, m_feRes1024, CInstallInfo::GetFrontendDir()); } } } else { if (HasDXT1TextureSupport() != FALSE) sprintf(m_stringDest, m_feRes640C, CInstallInfo::GetFrontendDir()); else sprintf(m_stringDest, m_feRes640, CInstallInfo::GetFrontendDir()); } CGenericFileLoader::LoadIntoFileRecord(&CGenericFileLoader::m_genericFile, m_stringDest); if (m_unk0x00818260.buffer != NULL) { CFileBuffer::FreeGenericFileBuffer(m_unk0x00818260.buffer); m_unk0x00818260.buffer = NULL; } m_unk0x00818260.didFileLoad = 0; m_unk0x00818260.fileSize = 0; regionID = CGameInfo::GetGameRegion(); if (regionID && --regionID && --regionID) regionKey = 0x50; else regionKey = 0x45; if (CGameInfo::GetScreenWidth() >= 1024U) { if (IsTextureWidthSupported(1024) != FALSE) { if (IsTextureHeightSupported(1024) != FALSE) { if (HasDXT1TextureSupport()) sprintf(m_stringDest, m_feRes1024CCountrySpecific, CInstallInfo::GetCountrySpecificDir(), CGameInfo::	CMR2Decomp/Frontend.cpp	173	void CFrontend::FUN_004d21e0(void)	No source comment.
0x004d28c0	FUN_004d28c0	FrontendDraw_AnimatedMatrixBackground	Context: Draws the animated frontend background: an 18x12 grid of the large matrix texture, coloured by pMap and rippling from two centres (top-left and top-right of the screen). counter `i` (and of the /QIfist temporaries that follow it); the frame size and the array slots are identical. Reordering the declarations does not move it (MSVC6 assigns slots by first use), so this is an allocation ceiling.; Body: { int centre2[2]; int centre1[2]; BYTE colour[4]; char *pCell; int u; int v; int wave1; int wave; int brightness; int i; int j; colour[0] = 0xff; centre1[0] = 0; centre1[1] = 0; colour[1] = 0xff; colour[2] = 0xff; colour[3] = 0xff; centre2[0] = g_pGraphics->resX; centre2[1] = 0; g_matrixPhase1 = (short)(((CMain::GetFrameDelta() + 1) * -0x6000) / 360); g_matrixPhase2 = (short)(((CMain::GetFrameDelta() + 1) * -0x3000) / 360); g_unk0x008189a8[2] = CFrontend::m_pLgMatrixTexture->width; g_unk0x008189a8[3] = CFrontend::m_pLgMatrixTexture->height; for (i = 0; i < 0x12; i++) { pCell = pMap + i; for (j = 0; j < 0xc; j++) { g_unk0x008189a8[0] = (int)(g_pGraphics->resX * 18) / 640 * i + x0; g_unk0x008189a8[1] = (int)(g_pGraphics->resY * 18) / 480 * j + y0; u = FixDiv((int)(__int64)(g_unk0x008189a8[0] * CGraphics::m_65536), (int)(__int64)((int)g_pGraphics->resX * CGraphics::m_65536)); v = FixDiv((int)(__int64)(g_unk0x008189a8[1] * CGraphics::m_65536), (int)(__int64)((int)g_pGraphics->resX * CGraphics::m_65536)); wave1 = Frontend_ComputeRippleHeight(centre1, u, v, g_matrixPhase1, 0x20000); wave = (Frontend_ComputeRippleHeight(centre2, u, v, g_matrixPhase2, 0x140000) + wave1) / 2; g_unk0x008189a8[0] -= FixMulShift32(0x30000, wave); g_unk0x008189a8[1] -= FixMulShift32(0x30000, wave); *(unsigned int *)colour = g_matrixColours[*pCell]; brightness = wave / 4 + 0xc000; colour[0] = FixMulShift32((int)(__int64)(colour[0] * CGraphics::m_65536), brightness); colour[1] = FixMulShift32((int)(__int64)	CMR2Decomp/Frontend.cpp	661	void FUN_004d28c0(short x0, short y0, char *pMap)	Draws the animated frontend background: an 18x12 grid of the large matrix texture, coloured by pMap and rippling from two centres (top-left and top-right of the screen). counter `i` (and of the /QIfist temporaries that follow it); the frame size and the array slots are identical. Reordering the declarations does not move it (MSVC6 assigns slots by first use), so this is an allocation ceiling.
0x004cf3f0	FUN_004cf3f0	FrontendRecords_ResetDeviceStats	Context: Resets the value and the three stat counters of a device record.; Body: { BYTE *pDevice = RallyData_GetCategoryOptionRecord(index); if (pDevice != NULL) { *(int *)(pDevice + 4) = 0; memset(pDevice + 8, 0, 3); } }	CMR2Decomp/Frontend.cpp	1094	void FUN_004cf3f0(int index)	Resets the value and the three stat counters of a device record.
0x004cfb30	FUN_004cfb30	FrontendRecords_InsertStageDeviceRecord	Context: Inserts a device name and its option word into the five-entry record list of the current stage group, keeping the list sorted by the option value. MSVC keeps them in registers here, so the code differs only in allocation.; Body: { unsigned char *pInfo; unsigned int *pDevice; unsigned int *pWords; GameInfo0xa4SubStruct12 *pRecord; int better; int slot; int i; RallyData_GetCategoryOptionRecord(index); pDevice = (unsigned int *)Frontend_GetDeviceSetupWord(index); pInfo = (unsigned char *)CGameInfo::GetGameInfoFieldA4Address(); slot = 0; pInfo += (g_unk0x00817400 + g_unk0x008173f8 * 3) * 0x3c; better = 0; pWords = (unsigned int *)(pInfo + 0xb8); for (;;) { pRecord = (GameInfo0xa4SubStruct12 *)(pWords - 1); if (pDevice != NULL) { if ((*pDevice & 0xf) < pRecord->bits.level) better = 1; if ((pRecord->bits.level == (*pDevice & 0xf) && pDevice[1] < pRecord->value) || better) { if (slot < 4) { GameInfo0xa4SubStruct12 *p = (GameInfo0xa4SubStruct12 *)(pInfo + 0xe4); GameInfo0xa4SubStruct12 *pPrev = p - 1; for (i = 4 - slot; i != 0; i--) { Frontend_MergeNamedRecordFourBitFields((int *)p, (int *)pPrev); p = pPrev; } } strcpy(pRecord->ident, pName); pRecord->bits.car = RallyData_GetDriverRecordSelectionValue((BYTE)index); pRecord->bits.manual = RallyData_GetDriverOrCategoryFlag((BYTE)index); pRecord->bits.level = *pDevice; pRecord->value = pDevice[1]; pRecord->bits.extra = (*pDevice & 0x3c00) >> 10; return (slot != 0) + 1; } } slot++; if (slot >= 5) return 0; pWords += 3; } }	CMR2Decomp/Frontend.cpp	1443	char FUN_004cfb30(int param1, int index, char *pName)	Inserts a device name and its option word into the five-entry record list of the current stage group, keeping the list sorted by the option value. MSVC keeps them in registers here, so the code differs only in allocation.
0x004cfc90	FUN_004cfc90	FrontendRecords_InsertStageCategoryRecord	Body: { unsigned int *pDevice; GameInfo0xa4SubStruct12 *pRecords; int better; int slot; GameInfo0xa4SubStruct12 *pRecord; int k; int i; pDevice = (unsigned int *)RallyData_GetCategoryOptionRecord(index); pRecords = (GameInfo0xa4SubStruct12 *)CGameInfo::GetGameInfoFieldA4Address(); better = 0; slot = 0; pRecords = (GameInfo0xa4SubStruct12 *)((BYTE *)pRecords + g_unk0x00817400 * 0x3c); for (;;) { pRecord = &pRecords[slot]; if (pDevice != NULL) { if ((*pDevice & 0xf) < LEVEL_BITS(pRecord).level) better = 1; if ((LEVEL_BITS(pRecord).level == (*pDevice & 0xf) && (*pDevice & 0x3fc0) < ((pRecord->flags >> 1) & 0x1fc0)) || better) { for (i = 4; i > slot; i--) Frontend_MergeNamedRecordSevenBitFields((int *)&pRecords[i], (int *)&pRecords[i - 1]); strcpy(pRecord->ident, pName); LEVEL_BITS(pRecord).car = RallyData_GetDriverRecordSelectionValue((BYTE)index); LEVEL_BITS(pRecord).manual = RallyData_GetDriverOrCategoryFlag((BYTE)index); LEVEL_BITS(pRecord).level = *pDevice; LEVEL_BITS(pRecord).score = *pDevice >> 6; for (k = 0; k < 3; k++) ((char *)&pRecord->value)[k] = ((char *)pDevice)[8 + k]; g_unk0x00817412 = 1; return (slot != 0) + 1; } } slot++; if (slot >= 5) return 0; } }	CMR2Decomp/Frontend.cpp	1508	int FUN_004cfc90(int param1, int index, char *pName)	No source comment.
0x004cfe80	FUN_004cfe80	FrontendRecords_CopyArcadeSplitMirror	Context: Copies an arcade record name and its (6) split times into the mirror array. same.; Body: { GameInfo0xa4 *pInfo; GameInfo0xa4SubStruct8 *pRecord; short *pSplits; unsigned int *pOption; unsigned int *pTime; char placeholder[16]; int stage; int group; int i; pOption = (unsigned int *)RallyData_GetCategoryOptionRecord(param_2); pInfo = CGameInfo::GetGameInfoFieldA4Address(); stage = g_unk0x008173fc; group = g_unk0x00817404; StageTiming_GetCheckpointField2(param_1); strcpy(placeholder, g_str0x00523bb4); pSplits = pInfo->arcadeRecordSplits[stage + group * 3]; pTime = (unsigned int *)((int)pOption + 0x20); pRecord = &pInfo->arcadeRecordTimes[stage + group * 3]; if (pTime != NULL) { unsigned int value = *pTime; if (value < ((pRecord->value >> 7) & 0xffff)) { pRecord->value = (value & 0xffff) << 7 | (pRecord->value & 0xff80007f); for (i = 0; i < 6; i++) { unsigned short split = (unsigned short)StageTiming_GetCarSplitMarker(param_1, i); pSplits[i] = split; g_unk0x00817448[i] = split; } value = (pRecord->value >> 7) & 0xffff; i = Stage_GetSplitPositionCount(); g_unk0x00817448[i] = value; strcpy(pRecord->ident, (char *)RallyData_GetRecord((BYTE)param_2)); pRecord->value = (RallyData_GetDriverRecordSelectionValue((BYTE)param_2) & 0x3f) | (pRecord->value & 0xffffffc0); pRecord->value = (RallyData_GetDriverOrCategoryFlag((BYTE)param_2) & 1) << 6 | (pRecord->value & 0xffffffbf); return 1; } } return 0; }	CMR2Decomp/Frontend.cpp	1572	int FUN_004cfe80(int param_1, int param_2)	Copies an arcade record name and its (6) split times into the mirror array. same.
0x004cfff0	FUN_004cfff0	FrontendRecords_InsertArcadeDeviceRecord	Context: Inserts a device name and its option word into the five-entry record list of the current arcade group, keeping the list sorted by the option value. base and `better` to different places.; Body: { unsigned char *pInfo; unsigned int *pWords; RecordResult *pDevice; GameInfo0xa4SubStruct12 *pRecord; int better; int slot; int i; pDevice = (RecordResult *)((char *)RallyData_GetCategoryOptionRecord(index) + 0x18); pInfo = (unsigned char *)CGameInfo::GetGameInfoFieldA4Address(); better = 0; slot = 0; pInfo += (g_unk0x00817400 + g_unk0x00817404 * 3) * 0x3c; pWords = (unsigned int *)(pInfo + 0xff8); for (;;) { pRecord = (GameInfo0xa4SubStruct12 *)(pWords - 1); if (pDevice != NULL) { if (pDevice->level < SCORE_BITS(pRecord).level) better = 1; if ((SCORE_BITS(pRecord).level == pDevice->level && pDevice->score < SCORE_BITS(pRecord).score) || better) { if (slot < 4) { GameInfo0xa4SubStruct12 *pMove = (GameInfo0xa4SubStruct12 *)(pInfo + 0x1024); GameInfo0xa4SubStruct12 *pPrev = pMove - 1; for (i = 4 - slot; i != 0; i--) { Frontend_MergeNamedRecordSixBitFields((int *)pMove, (int *)pPrev); pMove = pPrev; } } strcpy(pRecord->ident, pName); SCORE_BITS(pRecord).car = RallyData_GetDriverRecordSelectionValue((BYTE)index); SCORE_BITS(pRecord).manual = RallyData_GetDriverOrCategoryFlag((BYTE)index); SCORE_BITS(pRecord).level = pDevice->level; SCORE_BITS(pRecord).score = pDevice->score; pRecord->value = ((unsigned int *)pDevice)[1]; g_unk0x00817413 = 1; return (slot != 0) + 1; } } slot++; if (slot >= 5) return 0; pWords += 3; } }	CMR2Decomp/Frontend.cpp	1621	char FUN_004cfff0(int param1, int index, char *pName)	Inserts a device name and its option word into the five-entry record list of the current arcade group, keeping the list sorted by the option value. base and `better` to different places.
0x004d39a0	FUN_004d39a0	FrontendDraw_RallyEntryList	Context: Draws the rally-info entry list: an optional title row and one row per entry, each with its 640-wide banner texture (bright for the selected entry) and a highlight line under the selected ones. index -1 picks the vertically centred default row. logic verified against the dump; remaining diff is the local layout of the per-row rect and register allocation.; Body: { short rect[4]; int hasTitle; int top; int i; unsigned int u; Texture *pTexture; BYTE *pColour; BYTE *pShadow; BYTE *pLine; BYTE *pLineShadow; hasTitle = (pTitle != NULL); rect[0] = (int)(g_pGraphics->resX * 0x50) / 640 - (int)(g_pGraphics->resX * 0x14) / 640; rect[2] = CFrontend::m_pAr640ATexture->width; rect[3] = CFrontend::m_pAr640ATexture->height; if (index == -1) index = ((int)(g_pGraphics->resY * 8) / 480 + (int)(g_pGraphics->resY * 0x26) / 480 + (int)(g_pGraphics->resY * 0x180) / 480) / 2; top = index - ((pList[0xa] + hasTitle) * ((int)(g_pGraphics->resY * 0x1a) / 480)) / 2; if (pList[0xb] == 0) { pColour = g_colourWhite0x00524968; pShadow = g_colourShadowWhite0x00524974; } else { pColour = g_colourText0x0052496c; pShadow = g_colourShadowWhite0x00524974; if (pTitle == NULL) pShadow = g_colourShadowText0x00524978; } g_unk0x008189a8[1] = top; g_unk0x008189a8[0] = (int)(g_pGraphics->resX * 0x2d) / 640; g_unk0x008189a8[2] = (int)(g_pGraphics->resX * 0xe6) / 640; g_unk0x008189a8[3] = 1; if (pTitle != NULL) g_unk0x008189a8[1] = top + (int)(g_pGraphics->resY * 0x1a) / 480; Sprite_FillRect((int)g_pGraphics + 0x150, g_unk0x008189a8, pShadow, 1); g_unk0x008189a8[1]++; Sprite_FillRect((int)g_pGraphics + 0x150, g_unk0x008189a8, pColour, 1); for (i = 0; i < pList[0xa] + hasTitle; i++) { rect[1] = (short)(top + (int)(g_pGraphics->resY * 0x10) / 480 + ((int)(g_pGraphics->resY * 0x1a) / 480) * i - CFrontend::m_pAr640ATexture->height / 2); if (pTitle != NULL && i == 0) { g_unk0x008189	CMR2Decomp/FrontendDraw.cpp	475	void FUN_004d39a0(BYTE *pList, char *pTitle, int index, char **ppStrings)	Draws the rally-info entry list: an optional title row and one row per entry, each with its 640-wide banner texture (bright for the selected entry) and a highlight line under the selected ones. index -1 picks the vertically centred default row. logic verified against the dump; remaining diff is the local layout of the per-row rect and register allocation.
0x004fc070	FUN_004fc070	FrontendControls_UpdateBindingCapture	Context: Menu callback while a control is being redefined: waits for a new key, button or axis movement (more than 0.3 of the range), stores it for the entry under the cursor and unfreezes the menu.; Body: { DeviceInfo *pDevice; int *pPosition; int *pReference; unsigned int buttons; BOOL done; BOOL axisPair; short axis; char count; int key; int i; done = FALSE; if (g_unk0x0082a7e4 == 0) return; Menu_SetFlags(pMenu, 0, 0, 0, 0); pDevice = CInput::GetAvailableDeviceRecord(CONTROLS_SEL); key = CInput::GetFirstPressedKey(); if (g_unk0x0082a7e0 != -1) { g_unk0x0082a7e0 = key; } else if (key != -1 && FrontendControls_IsSelectedAxisBound(pMenu) == 0) { done = TRUE; Input_GetLastKeyName(g_controlsCopy[CONTROLS_SEL].keyNames[pMenu->cursor], 20); CInput::SetIndexedByteBinding(g_controlsCopy[CONTROLS_SEL].field_0x13e, pMenu->cursor, key); if (pDevice->field_0x0 != 1) CInput::SetIndexedWordBinding(&g_controlsCopy[CONTROLS_SEL].field_0x128, pMenu->cursor, 0); } axisPair = g_controlsCopy[CONTROLS_SEL].field_0x110 != 0 && (pMenu->cursor == 0 || pMenu->cursor == 1); if (((g_controlsCopy[CONTROLS_SEL].field_0x114 != 0 && (pMenu->cursor == 2 || pMenu->cursor == 3)) || axisPair) && (pDevice->field_0x0 == 3 || pDevice->field_0x0 == 2)) { pPosition = (int *)((BYTE *)pDevice + 0x47c); pReference = g_unk0x00829428; axis = 0; do { if (pPosition[-4] != 0 && abs(*pReference - *pPosition) > 0x4ccc) { done = TRUE; g_controlsCopy[CONTROLS_SEL].field_0x210[pMenu->cursor] = *(ControllerDataUnk0x210 *)(pPosition - 4); g_controlsCopy[CONTROLS_SEL].field_0x2d8[pMenu->cursor] = axis; CInput::SetIndexedWordBinding(&g_controlsCopy[CONTROLS_SEL].field_0x128, pMenu->cursor, 0); CInput::SetIndexedByteBinding(g_contro	CMR2Decomp/FrontendMenus.cpp	748	void FUN_004fc070(Menu *pMenu)	Menu callback while a control is being redefined: waits for a new key, button or axis movement (more than 0.3 of the range), stores it for the entry under the cursor and unfreezes the menu.
0x004fc500	FUN_004fc500	FrontendControls_EnterCalibration	Context: Menu callback of the calibration page: one entry per axis the device has, with the stored calibration of the axis; the last entry leads to the pad or the joystick page.; Body: { ControllerData *pData; unsigned int dev; unsigned int axis; AxisBinding *pBinding; MenuItem *pItem; int *pFlag; int j; dev = CONTROLS_SEL; pFlag = (int *)((BYTE *)CInput::GetAvailableDeviceRecord(dev) + 0x46c); axis = 0; pBinding = g_axisBindings; pItem = pMenu->items; do { if (*pFlag != 0) { pData = &Input_GetControllerTable()[dev]; pItem->enabled = 1; pItem->visible = 1; for (j = 0; j < 10; j++) { if (pData->field_0x2d8[j] == axis && pData->field_0x210[j].field_0x0 != 0) *(ControllerDataUnk0x210 *)pBinding = pData->field_0x210[j]; } } else { pItem->enabled = 0; pItem->visible = 0; } pBinding++; axis++; pFlag += 5; pItem++; } while (pBinding < &g_axisBindings[8]); if (g_controlsCopy[dev].field_0x118 != 0) pMenu->items[axis].pSubMenu = FrontendMenu_GetPadSettings(); else pMenu->items[axis].pSubMenu = FrontendMenu_GetControls(); }	CMR2Decomp/FrontendMenus.cpp	827	void FUN_004fc500(Menu *pMenu, int param)	Menu callback of the calibration page: one entry per axis the device has, with the stored calibration of the axis; the last entry leads to the pad or the joystick page.
0x004fc620	FUN_004fc620	FrontendControls_UpdateAxisCalibration	Context: Menu callback while calibrating an axis: left/right (shift: saturation) move the deadzone in steps of 50; the confirm button applies every axis to the device and the reset button takes the device's current values.; Body: { DeviceInfo *pKeys; ControllerData *pData; AxisBinding *pBinding; BYTE *pDevice; unsigned int held; int axis; int j; if (g_unk0x0082a7e8 != 0) { pKeys = CInput::GetAvailableDeviceRecord(0); if (pKeys->field_0x8 & 0x10) { pData = &Input_GetControllerTable()[CONTROLS_SEL]; for (axis = 0; axis < 8; axis++) { CInput::SetJoystickAxisSaturation(CONTROLS_SEL, axis, g_axisBindings[axis].saturation); CInput::SetJoystickAxisDeadzone(CONTROLS_SEL, axis, g_axisBindings[axis].deadzone); for (j = 0; j < 10; j++) { if (pData->field_0x2d8[j] == axis && pData->field_0x210[j].field_0x0 != 0) pData->field_0x210[j] = *(ControllerDataUnk0x210 *)&g_axisBindings[axis]; } } g_unk0x0082a7e8 = 0; } if (pKeys->field_0x8 & 0x20) { pDevice = (BYTE *)CInput::GetAvailableDeviceRecord(CONTROLS_SEL); g_axisBindings[pMenu->cursor].deadzone = *(int *)(pDevice + pMenu->cursor * 0x14 + 0x474); g_unk0x0082a7e8 = 0; g_axisBindings[pMenu->cursor].saturation = *(int *)(pDevice + pMenu->cursor * 0x14 + 0x478); } held = pKeys->field_0x4; if (CInput::IsShiftPressed() == 0) { if (held & 1) { if (g_axisBindings[pMenu->cursor].saturation < 0x26de) g_axisBindings[pMenu->cursor].saturation += 0x32; } else if (held & 2) { if (g_axisBindings[pMenu->cursor].saturation > 0x32) g_axisBindings[pMenu->cursor].saturation -= 0x32; } } else if (held & 1) { if (g_axisBindings[pMenu->cursor].deadzone > 0x32) g_axisBindings[pMenu->cursor].deadzone -= 0x32; } else if (held & 2) { if (g_axisBindings[pMenu->cursor].deadzone < 0x26de) g_ax	CMR2Decomp/FrontendMenus.cpp	871	void FUN_004fc620(Menu *pMenu)	Menu callback while calibrating an axis: left/right (shift: saturation) move the deadzone in steps of 50; the confirm button applies every axis to the device and the reset button takes the device's current values.
0x004fc9f0	FUN_004fc9f0	FrontendControls_UpdateDeviceConfiguration	Context: Update callback of the device settings page: leaves when no device is left, re-reads the devices after the game was inactive, then either stores the options or switches the slot to the configuration chosen in entry 0.; Body: { unsigned int dev; if (Input_GetAssignedController() == 0) { Menu_SetNextAction((int)FrontendMenu_GetOptions()); return; } if (CGame::IsActive() == 0) { if (g_unk0x0082a7dc != 0) { CInput::RebuildAvailableInputDevices(); CInput::RefreshControllerConfigurations(); FrontendControls_EnterDeviceConfiguration(pMenu, 0); Input_GetAssignedController(); g_unk0x0082a7dc = 0; } } else if (g_unk0x0082a7dc != 0) { return; } if (pMenu->items[0].max == g_unk0x0082a7d8) { dev = CONTROLS_SEL; g_controlsCopy[dev].field_0x110 = pMenu->items[1].max; g_controlsCopy[dev].field_0x114 = pMenu->items[2].max; g_controlsCopy[dev].field_0x118 = 1 - pMenu->items[3].max; g_controlsCopy[dev].field_0x120 = 1 - pMenu->items[4].max; g_controlsCopy[dev].field_0x124 = 1 - pMenu->items[5].max; return; } if (pMenu->items[0].max == 0 && (short)g_unk0x0082a7ec == 1) pMenu->items[0].max = (char)g_unk0x0082a7ec; if (pMenu->items[0].max == 1 && (short)g_unk0x0082a7ec == 0) pMenu->items[0].max = g_unk0x0082a7d8 != 0 ? 0 : 2; CONTROLS_SEL = pMenu->items[0].max; FrontendControls_FillDeviceConfiguration(); g_unk0x0082a7d8 = pMenu->items[0].max; }	CMR2Decomp/FrontendMenus.cpp	1033	void FUN_004fc9f0(Menu *pMenu)	Update callback of the device settings page: leaves when no device is left, re-reads the devices after the game was inactive, then either stores the options or switches the slot to the configuration chosen in entry 0.
0x004fbae0	FUN_004fbae0	FrontendControls_GetBindingDisplayText	"Context: Text shown for binding `index` of the selected device: the key name, the button name, ""axis N"", or the direction names of a pad/mouse.; Body: { DeviceInfo *pDevice; unsigned short button; unsigned int dev; int i; pDevice = CInput::GetAvailableDeviceRecord(CONTROLS_SEL); if (pDevice->field_0x0 == 1) return g_controlsCopy[CONTROLS_SEL].keyNames[index]; if (CInput::IsControllerActionBound(index, &g_controlsCopy[CONTROLS_SEL]) != 0) return g_controlsCopy[CONTROLS_SEL].keyNames[index]; dev = CONTROLS_SEL; if (g_controlsCopy[dev].field_0x210[index].field_0x0 == 0 || pDevice->field_0x0 != 3) { button = (&g_controlsCopy[dev].field_0x128)[index]; if (pDevice->field_0x0 == 0) { if (button == 1) return CFrontend::GetTextString(0x1f9); if (button == 2) return CFrontend::GetTextString(0x1fa); if (button == 4) return CFrontend::GetTextString(0x1fb); if (button == 8) return CFrontend::GetTextString(0x1fc); } if (pDevice->field_0x0 == 2) { if (index == 0) return CFrontend::GetTextString(0x1f9); if (index == 1) return CFrontend::GetTextString(0x1fa); } i = CInput::GetButtonIndexFromMask(button); if (i != -1) return pDevice->field_0x284[i]; } else if (g_controlsCopy[dev].field_0x110 == 0 && (index == 0 || index == 1)) { button = (&g_controlsCopy[dev].field_0x128)[index]; i = CInput::GetButtonIndexFromMask(button); if (i != -1) { if (strcmp(pDevice->field_0x284[i], CMain::m_logFileBlankLine) != 0) return pDevice->field_0x284[i]; if (button == 1) return CFrontend::GetTextString(0x1f9); return CFrontend::GetTextString(0x1fa); } } else if (g_controlsCopy[dev].field_0x114 != 0 || (index != 2 && index != 3)) { sprintf(g_bindingText, CFron"	CMR2Decomp/FrontendMenus.cpp	1125	char *FUN_004fbae0(int index)	"Text shown for binding `index` of the selected device: the key name, the button name, ""axis N"", or the direction names of a pad/mouse."
0x004fccb0	FUN_004fccb0	FrontendControls_DrawDeviceList	Context: Draw callback of the controls menu: title, one row (icon + name) per visible entry, separators around the selected row, and the carousel.; Body: { short icon[4]; short line[4]; BYTE *pLineShadow; BYTE *pLineColour; BYTE *pShadow; BYTE *pColour; MenuItem *pItem; Texture *pTexture; int resX; short y0; short row; int i; icon[1] = 0; row = 0; icon[0] = (int)(g_pGraphics->resX * 100) / 640; icon[2] = CFrontend::m_pAr640ATexture->width; icon[3] = CFrontend::m_pAr640ATexture->height; FrontendDraw_PlayTime(); FrontendDraw_BreadcrumbItem((int)(g_pGraphics->resX * 24) / 640, (int)(g_pGraphics->resY * 38) / 480, g_colourWhite0x00524968, 1, CFrontend::GetTextString(pMenu->field_0x4)); resX = g_pGraphics->resX; y0 = (int)(g_pGraphics->resY * 170) / 480; line[0] = resX * 99 / 640; line[3] = 1; line[2] = resX * 282 / 640; if (pMenu->cursor == 0) { pColour = g_colourWhite0x00524968; pShadow = g_colourShadowWhite0x00524974; } else { pColour = g_colourText0x0052496c; pShadow = g_colourShadowText0x00524978; } line[1] = y0; Sprite_FillRect((int)g_pGraphics + 0x150, line, pShadow, 1); line[1]++; Sprite_FillRect((int)g_pGraphics + 0x150, line, pColour, 1); for (i = 0; i < pMenu->itemCount; i++) { pItem = &pMenu->items[i]; if (pItem->visible) { icon[1] = (int)(g_pGraphics->resY * 20) / 480 + y0 + (int)(g_pGraphics->resY * 36) / 480 * row - CFrontend::m_pAr640ATexture->height / 2; if (pMenu->cursor == i) { pShadow = g_colourWhite0x00524968; pColour = g_colourWhite0x00524968; pTexture = CFrontend::m_pAr640ATexture; } else { pShadow = g_colourText0x0052496c; pColour = g_colourText0x0052496c; pTexture = CFrontend::m_pAr640DTexture; } Sprite_Que	CMR2Decomp/FrontendMenus.cpp	1208	void FUN_004fccb0(Menu *pMenu)	Draw callback of the controls menu: title, one row (icon + name) per visible entry, separators around the selected row, and the carousel.
0x004fd080	FUN_004fd080	FrontendControls_DrawDeviceBindings	"Context: Draw callback of the device page: ""Controller N | <device>"" title and one row per visible binding with its current assignment.; Body: { short icon[4]; short line[4]; char *text[2]; BYTE *pLineShadow; BYTE *pLineColour; BYTE *pShadow; BYTE *pColour; MenuItem *pItem; int resX; short y0; short row; int i; icon[0] = (int)(g_pGraphics->resX * 100) / 640; icon[1] = 0; icon[2] = CFrontend::m_pAr640ATexture->width; icon[3] = CFrontend::m_pAr640ATexture->height; FrontendDraw_PlayTime(); sprintf(CFrontend::m_stringDest, CFrontend::GetTextString(100), FrontendControls_GetSelectedSlot() + 1); text[0] = CFrontend::m_stringDest; text[1] = CFrontend::GetTextString(pMenu->field_0x4); FrontendDraw_Breadcrumb((int)(g_pGraphics->resX * 24) / 640, (int)(g_pGraphics->resY * 38) / 480, text, 2); resX = g_pGraphics->resX; y0 = (int)(g_pGraphics->resY * 65) / 480; line[0] = resX * 99 / 640; line[3] = 1; line[2] = resX * 282 / 640; line[1] = y0; if (pMenu->cursor == 0) { pColour = g_colourWhite0x00524968; pShadow = g_colourShadowWhite0x00524974; } else if (!pMenu->items[0].enabled) { pColour = g_colourDim0x00524970; pShadow = g_colourShadowDim0x0052497c; } else { pColour = g_colourText0x0052496c; pShadow = g_colourShadowText0x00524978; } Sprite_FillRect((int)g_pGraphics + 0x150, line, pShadow, 1); line[1]++; Sprite_FillRect((int)g_pGraphics + 0x150, line, pColour, 1); row = 0; for (i = 0; i < pMenu->itemCount; i++) { pItem = &pMenu->items[i]; if (pItem->enabled) { icon[1] = (int)(g_pGraphics->resY * 20) / 480 + y0 + (int)(g_pGraphics->resY * 36) / 480 * row - CFrontend::m_pAr640ATexture->height / 2; if (pMenu->cursor == i) { pShado"	CMR2Decomp/FrontendMenus.cpp	1292	void FUN_004fd080(Menu *pMenu)	"Draw callback of the device page: ""Controller N | <device>"" title and one row per visible binding with its current assignment."
0x004fd480	FUN_004fd480	FrontendControls_DrawCalibration	"Context: Draw callback of the calibration page: one row per axis (""axis N"" and its calibration bar), ""back"", and the key help at the bottom.; Body: { short icon[4]; char *text[2]; BYTE *pShadow; BYTE *pColour; int resX; int maxWidth; int width; short y0; int i; icon[0] = (int)(g_pGraphics->resX * 100) / 640; icon[1] = 0; icon[2] = CFrontend::m_pAr640ATexture->width; icon[3] = CFrontend::m_pAr640ATexture->height; FrontendDraw_PlayTime(); sprintf(CFrontend::m_stringDest, CFrontend::GetTextString(100), FrontendControls_GetSelectedSlot() + 1); text[0] = CFrontend::m_stringDest; text[1] = CFrontend::GetTextString(pMenu->field_0x4); FrontendDraw_Breadcrumb((int)(g_pGraphics->resX * 24) / 640, (int)(g_pGraphics->resY * 38) / 480, text, 2); y0 = (int)(g_pGraphics->resY * 75) / 480; if (pMenu->cursor == 0) { pColour = g_colourWhite0x00524968; pShadow = g_colourShadowWhite0x00524974; } else { pColour = g_colourText0x0052496c; pShadow = g_colourShadowText0x00524978; } g_controlsLine[0] = (int)(g_pGraphics->resX * 99) / 640; g_controlsLine[1] = y0; g_controlsLine[2] = (int)(g_pGraphics->resX * 282) / 640; g_controlsLine[3] = 1; Sprite_FillRect((int)g_pGraphics + 0x150, g_controlsLine, pShadow, 1); g_controlsLine[1]++; Sprite_FillRect((int)g_pGraphics + 0x150, g_controlsLine, pColour, 1); maxWidth = 0; for (i = 0; i < pMenu->itemCount; i++) { sprintf(CFrontend::m_stringDest, CFrontend::GetTextString(0x77), i); width = Font_GetTextWidth(1, (BYTE *)CFrontend::m_stringDest); if (maxWidth < width) maxWidth = width; } resX = g_pGraphics->resX; for (i = 0; i < pMenu->itemCount; i++) { icon[1] = (int)(g_pGraphics->resY * 2) / 480 + (int)(g_"	CMR2Decomp/FrontendMenus.cpp	1421	void FUN_004fd480(Menu *pMenu)	"Draw callback of the calibration page: one row per axis (""axis N"" and its calibration bar), ""back"", and the key help at the bottom."
0x004fe240	FUN_004fe240	FrontendControls_DrawDeviceConfiguration	Context: Draw callback of the device settings page: the configuration chosen for the slot and its on/off options.; Body: { short icon[4]; short line[4]; char *text[2]; BYTE *pLabel; BYTE *pBright; BYTE *pDim; BYTE *pShadow; BYTE *pColour; Texture *pTexture; MenuItem *pItem; short y0; int x; int i; icon[1] = 0; icon[0] = (int)(g_pGraphics->resX * 100) / 640; icon[2] = CFrontend::m_pAr640ATexture->width; icon[3] = CFrontend::m_pAr640ATexture->height; FrontendDraw_PlayTime(); sprintf(CFrontend::m_stringDest, CFrontend::GetTextString(100), FrontendControls_GetSelectedSlot() + 1); text[0] = CFrontend::m_stringDest; text[1] = CFrontend::GetTextString(pMenu->field_0x4); FrontendDraw_Breadcrumb((int)(g_pGraphics->resX * 24) / 640, (int)(g_pGraphics->resY * 38) / 480, text, 2); y0 = (int)(g_pGraphics->resY * 100) / 480; line[0] = (int)(g_pGraphics->resX * 99) / 640; line[3] = 1; line[2] = (int)(g_pGraphics->resX * 282) / 640; if (pMenu->cursor == 0) { pColour = g_colourWhite0x00524968; pShadow = g_colourShadowWhite0x00524974; } else if (!pMenu->items[0].enabled) { pColour = g_colourDim0x00524970; pShadow = g_colourShadowDim0x0052497c; } else { pColour = g_colourText0x0052496c; pShadow = g_colourShadowText0x00524978; } line[1] = y0; Sprite_FillRect((int)g_pGraphics + 0x150, line, pShadow, 1); line[1]++; Sprite_FillRect((int)g_pGraphics + 0x150, line, pColour, 1); for (i = 0; i < pMenu->itemCount; i++) { pItem = &pMenu->items[i]; icon[1] = (int)(g_pGraphics->resY * 20) / 480 + y0 + (int)(g_pGraphics->resY * 36) / 480 * (short)i - CFrontend::m_pAr640ATexture->height / 2; CONTROLS_ROW_DRAW(pMenu, i, pLabel,	CMR2Decomp/FrontendMenus.cpp	1628	void FUN_004fe240(Menu *pMenu)	Draw callback of the device settings page: the configuration chosen for the slot and its on/off options.
0x004ff0f0	FUN_004ff0f0	FrontendControls_DrawAxisCalibrationBar	Context: Draws the calibration bar of an axis centred on (x, y): the bar, the deadzone and saturation marks and the current position.; Body: { short deadzone[4]; short saturation[4]; short bar[4]; short position[4]; short half; int v; bar[0] = x - (short)((int)(g_pGraphics->resX * 200) / 1280); bar[1] = y - (short)((int)(g_pGraphics->resY * 10) / 960); bar[2] = (int)(g_pGraphics->resX * 200) / 640; bar[3] = (int)(g_pGraphics->resY * 10) / 480; Sprite_FillRect((int)g_pGraphics + 0x150, bar, (BYTE *)&colour, 1); if (pAxis != NULL) { half = (short)(FrontendControls_MultiplyScaledPercent(pAxis->deadzone, (int)(g_pGraphics->resX * 200) / 640) / 2); deadzone[0] = x - half; deadzone[2] = 2; deadzone[1] = y - (short)((int)(g_pGraphics->resY * 10) / 960) - 2; deadzone[3] = (int)(g_pGraphics->resY * 10) / 480 + 4; Sprite_FillRect((int)g_pGraphics + 0x150, deadzone, g_colourWhite0x00524968, 1); v = FrontendControls_MultiplyScaledPercent(pAxis->saturation, (int)(g_pGraphics->resX * 200) / 640); deadzone[0] = half + x; saturation[2] = deadzone[2]; half = (short)(v / 2); saturation[0] = x - half; saturation[1] = deadzone[1]; saturation[3] = deadzone[3]; position[3] = deadzone[3]; v = (int)(g_pGraphics->resX * 200) / 640 * pAxis->position / 2; position[0] = (short)(v / 0x10000) + x; position[1] = deadzone[1]; position[2] = deadzone[2]; Sprite_FillRect((int)g_pGraphics + 0x150, deadzone, g_colourWhite0x00524968, 1); Sprite_FillRect((int)g_pGraphics + 0x150, saturation, g_colourWhite0x00524968, 1); saturation[0] = half + x; Sprite_FillRect((int)g_pGraphics + 0x150, saturation, g_colourWhite0x00524968, 1); Sprite_FillRect((int)g_pG	CMR2Decomp/FrontendMenus.cpp	1733	void FUN_004ff0f0(short x, short y, DWORD colour, AxisBinding *pAxis)	Draws the calibration bar of an axis centred on (x, y): the bar, the deadzone and saturation marks and the current position.
0x004d5de0	FUN_004d5de0	FrontendMap_DrawStageCellGrid	Context: Blits the stage map of the given rally (or championship when param_2 is set) as a 36x36 grid of 2-bit cells, each cell queued with the colour of its value; leaves g_unk0x008189a8 scaled to the screen. logic verified against the dump; the original keeps the texture in EDI and the cell value in BL/param_1 while this build uses EBP/ESI (register allocation), so the body is instruction-for-instruction different.; Body: { BYTE *pMap; unsigned int which; int i; int cols; int rows; BYTE pixel; unsigned int index; g_unk0x008189a8[2] = CFrontend::m_pSmMatrixTexture->width; g_unk0x008189a8[3] = CFrontend::m_pSmMatrixTexture->height; if (param_2 != 0) which = 8; else which = RallyDataCountryIndex() & 0xff; pMap = (BYTE *)g_dmdFiles[which][param_1]; if (pMap != NULL) { rows = 0x24; g_unk0x008189a8[1] = (int)(g_pGraphics->resY * 0x4b) / 480; do { cols = 9; g_unk0x008189a8[0] = (int)(g_pGraphics->resX * 0x3c) / 640; do { pixel = *pMap++; for (i = 0; i < 4; i++) { switch (i) { case 0: index = pixel & 3; break; case 1: index = pixel >> 2 & 3; break; case 2: index = pixel >> 4 & 3; break; case 3: index = pixel >> 6; break; } if (index != 0) Sprite_Queue((SpriteRect *)&CFrontend::m_pSmMatrixTexture->field_0x11c, (SpriteRect *)g_unk0x008189a8, CFrontend::m_pSmMatrixTexture, 4, 0, NULL, NULL, g_palette0x00524b90[index], 8); g_unk0x008189a8[0] += (int)(g_pGraphics->resX * 8) / 640; } } while (--cols); g_unk0x008189a8[1] += (int)(g_pGraphics->resY * 8) / 480; } while (--rows); } }	CMR2Decomp/FrontendScreens.cpp	283	void FUN_004d5de0(unsigned int param_1, BYTE param_2)	Blits the stage map of the given rally (or championship when param_2 is set) as a 36x36 grid of 2-bit cells, each cell queued with the colour of its value; leaves g_unk0x008189a8 scaled to the screen. logic verified against the dump; the original keeps the texture in EDI and the cell value in BL/param_1 while this build uses EBP/ESI (register allocation), so the body is instruction-for-instruction different.
0x004d65c0	FUN_004d65c0	FrontendDraw_RallyInfoHeader	"Context: Draws the header of the rally-info screen: the framed title rect, the ""event: date"" lines and the list of stages, all scaled to the screen.; Body: { g_unk0x008189a8[0] = (int)(g_pGraphics->resX * 0x3c) / 640; g_unk0x008189a8[1] = (int)(g_pGraphics->resY * 0x4c) / 480; g_unk0x008189a8[2] = g_pGraphics->resX - (int)(g_pGraphics->resX * 0x3c) / 640 * 2; g_unk0x008189a8[3] = (int)(g_pGraphics->resY * 100) / 480; Frontend_DrawRectangleOutline(g_unk0x008189a8, (BYTE *)g_colourText0x0052496c); Font_DrawText(0, CFrontend::GetTextString(0xe4), (int)(g_pGraphics->resX * 0x3c) / 640 + 2, (int)(g_pGraphics->resY * 0x4c) / 480 + 1, (int *)g_colourText0x0052496c, 9); Font_DrawText(1, g_unk0x008183cc, (int)(g_pGraphics->resX * 0xdc) / 640 - (int)(g_pGraphics->resX * 10) / 640, (int)(g_pGraphics->resY * 0x23) / 480 + (int)(g_pGraphics->resY * 0x4c) / 480, (int *)g_colourText0x0052496c, 0x14); Font_DrawText(1, g_unk0x00818554, (int)(g_pGraphics->resX * 0xdc) / 640, (int)(g_pGraphics->resY * 0x23) / 480 + (int)(g_pGraphics->resY * 0x4c) / 480, (int *)g_colourWhite0x00524968, 0x11); Font_DrawText(1, g_unk0x00818368, g_pGraphics->resX - (int)(g_pGraphics->resX * 0x3c) / 640 - 6, (int)(g_pGraphics->resY * 0x4c) / 480 + (int)(g_pGraphics->resY * 100) / 480 - 4, (int *)g_colourWhite0x00524968, 0x24); }"	CMR2Decomp/FrontendScreens.cpp	402	void FUN_004d65c0(void)	"Draws the header of the rally-info screen: the framed title rect, the ""event: date"" lines and the list of stages, all scaled to the screen."
0x004d9450	FUN_004d9450	FrontendMenu_DrawTimeAttackOptions	Context: Time-attack style screen: menu path, the title taken from the id of the first item and the list of strings selected by that item, plus the underline of the highlighted row.; Body: { short rect[4]; int y; int i; int x; int w; BYTE *pColour; rect[0] = (int)(g_pGraphics->resX * 100) / 640; rect[1] = 0; rect[2] = CFrontend::m_pAr640ATexture->width; rect[3] = CFrontend::m_pAr640ATexture->height; FrontendDraw_PlayTime(); FrontendDraw_MenuPath(pMenu, PATH_X(), PATH_Y(), 1, 2, NULL, -1); y = ((int)(g_pGraphics->resY * 56) / 480 + (int)(g_pGraphics->resY * 374) / 480) / 2 - ((int)(g_pGraphics->resY * 36) / 480 * pMenu->itemCount) / 2; g_unk0x008189a8[0] = (int)(g_pGraphics->resX * 99) / 640; g_unk0x008189a8[1] = y; g_unk0x008189a8[2] = (int)(g_pGraphics->resX * 282) / 640; g_unk0x008189a8[3] = 1; Sprite_FillRect((int)g_pGraphics + 0x150, g_unk0x008189a8, g_colourShadowWhite0x00524974, 1); g_unk0x008189a8[1]++; Sprite_FillRect((int)g_pGraphics + 0x150, g_unk0x008189a8, g_colourWhite0x00524968, 1); rect[1] = y + (int)(g_pGraphics->resY * 20) / 480 - CFrontend::m_pAr640ATexture->height / 2; Sprite_Queue((SpriteRect *)&CFrontend::m_pAr640ATexture->field_0x11c, (SpriteRect *)rect, CFrontend::m_pAr640ATexture, 1, 0, 0, NULL, g_colourWhite0x00524968, 8); strcpy(CFrontend::m_stringDest, CFrontend::GetTextString(pMenu->items[0].id)); x = (int)(g_pGraphics->resX * 122) / 640; Font_DrawText(1, CFrontend::m_stringDest, x, (int)(g_pGraphics->resY * 24) / 480 + g_unk0x008189a8[1], (int *)g_colourWhite0x00524968, 0x11); for (i = 0; i < pMenu->items[0].min; i++) { pColour = g_colourWhite0x00524968; if (i != pMenu->items[0].max) pColour = g_colourText0x0052496c; w = Font_GetTex	CMR2Decomp/FrontendScreens.cpp	428	void FUN_004d9450(Menu *pMenu)	Time-attack style screen: menu path, the title taken from the id of the first item and the list of strings selected by that item, plus the underline of the highlighted row.
0x004e0770	FUN_004e0770	FrontendMenu_DrawAdvancedGraphicsOptions	Context: Draws a settings screen: one row per item (title plus the strings of the current value) with a separator line under each, coloured by the cursor.; Body: { short rect[4]; MenuItem *pItem; BYTE *pColour; BYTE *pSelColour; BYTE *pUnselColour; BYTE *pLineColour; BYTE *pLineShadow; int y; int x; int i; int j; int index; rect[0] = (int)(g_pGraphics->resX * 100) / 640; rect[1] = 0; rect[2] = CFrontend::m_pAr640ATexture->width; rect[3] = CFrontend::m_pAr640ATexture->height; y = ((int)(g_pGraphics->resY * 8) / 480 + (int)(g_pGraphics->resY * 38) / 480 + (int)(g_pGraphics->resY * 384) / 480) / 2 - ((int)(g_pGraphics->resY * 36) / 480 * pMenu->itemCount) / 2; FrontendDraw_PlayTime(); FrontendDraw_MenuPath(pMenu, PATH_X(), PATH_Y(), 1, 2, NULL, -1); if (pMenu->cursor == 0) { pLineColour = g_colourWhite0x00524968; pLineShadow = g_colourShadowWhite0x00524974; } else { pLineColour = g_colourText0x0052496c; pLineShadow = g_colourShadowText0x00524978; } g_unk0x008189a8[0] = (int)(g_pGraphics->resX * 99) / 640; g_unk0x008189a8[1] = y; g_unk0x008189a8[2] = (int)(g_pGraphics->resX * 282) / 640; g_unk0x008189a8[3] = 1; Sprite_FillRect((int)g_pGraphics + 0x150, g_unk0x008189a8, pLineShadow, 1); g_unk0x008189a8[1]++; Sprite_FillRect((int)g_pGraphics + 0x150, g_unk0x008189a8, pLineColour, 1); pItem = pMenu->items; for (i = 0; i < pMenu->itemCount; i++) { x = (int)(g_pGraphics->resX * 122) / 640; rect[1] = y + (int)(g_pGraphics->resY * 2) / 480 + (int)(g_pGraphics->resY * 18) / 480 + ((int)(g_pGraphics->resY * 36) / 480 * i - CFrontend::m_pAr640ATexture->height / 2); if (pMenu->cursor == i) { pColour = g_colourWhite0x00524968; pSelColour = g_colourWh	CMR2Decomp/FrontendScreens.cpp	565	void FUN_004e0770(Menu *pMenu)	Draws a settings screen: one row per item (title plus the strings of the current value) with a separator line under each, coloured by the cursor.
0x004e9f70	FUN_004e9f70	FrontendMenu_BuildPagesAndSelectInitial	Context: Builds every frontend menu and picks the first one: after a network game the network lobby; otherwise the language menu (first run) or the main menu, and when coming back from a race (`back`) the menus of the game mode that was played, with their cursors.; Body: { Menu *pMenu; unsigned int region; if (CGameInfo::GetGameModeOptionBit19() != 0) { if (Network_GetSessionStateFlag() != 0) { switch (CGameInfo::GetConfiguredGameMode()) { case 8: pMenu = FrontendMenu_GetNetworkPlayerSetup(); break; case 9: pMenu = FrontendMenu_GetNetworkCarSetup(); break; case 10: pMenu = FrontendMenu_GetNetworkRallySetup(); break; case 11: pMenu = FrontendMenu_GetNetworkStageSetup(); break; case 12: pMenu = FrontendMenu_GetNetworkExtendedStageSetup(); break; default: goto lobby; } } else { pMenu = FrontendMenu_GetNetworkSessionBrowser(); } FrontendMenu_GetNetworkSessionSetup()->pParent = pMenu; lobby: g_pMenu0x00818abc = NULL; if (Game_GetSecondaryOptionStateByte() != 0) { g_pMenu0x00818ac0 = FrontendMenu_GetNetworkStageTimes(); } else { g_pMenu0x00818ac0 = FrontendMenu_GetNetworkSessionSetup(); FrontendMenu_GetNetworkSessionSetup()->items[Menu_FindItem(FrontendMenu_GetNetworkSessionSetup(), 3)].max = 1; } Input_ClearCharacterQueue(); Frontend_SelectTextLanguage(CGameInfo::GetGameLanguage()); return; } g_pMenu0x00818abc = NULL; g_pMenu0x00818ac0 = FrontendMenu_GetInitialMenu(param1); g_menuEnterTime = timeGetTime(); if (GameInfo_AreOptionsAvailable() == 0 && CGameInfo::GetRecordFlagsWord(0) > 180000) GameInfo_SetSoundOptionBit22(1); Menu_QueueDefaultAction(); Menu_SetInputStateFlag(0); CInput::SetInputRepeatTimingParameters(-1, -1, -1, -1, -1); FrontendMenu_BuildMain(); g_unk0x00818ac4 = 0; FrontendMenu_BuildNetworkWaitingRoom(); FrontendMenu_BuildLanguage(	CMR2Decomp/FrontendScreens.cpp	1357	void FUN_004e9f70(BYTE param1, BYTE back)	Builds every frontend menu and picks the first one: after a network game the network lobby; otherwise the language menu (first run) or the main menu, and when coming back from a race (`back`) the menus of the game mode that was played, with their cursors.
0x004ea510	FUN_004ea510	FrontendMenu_UpdateAndSwitchActive	Context: Frontend per-frame update: reads the input, keeps the music streaming and runs the current menu, switching to the menu it returns.; Body: { DeviceInfo *pDevice; unsigned int input; Menu *pNext; pDevice = CInput::GetAvailableDeviceRecord(g_unk0x00818ac8); FrontendMenu_ResetActiveMenu(); CInput::UpdateAllAvailableDevices(); Input_TranslatePedalsToMenuKeys(); Sound_UpdateMusicStreaming(); if (g_pMenu0x00818abc != FrontendMenu_GetDeviceBindings() && g_pMenu0x00818abc != FrontendMenu_GetDeviceCalibration()) Input_MergeAssignedJoystickButtons(g_unk0x00818ac8, pDevice); input = pDevice->field_0x8; if (g_unk0x00818ac8 == 1) input |= CInput::GetAvailableDeviceRecord(Input_GetControllerSlotMapping(0))->field_0x8 & 0x20; pNext = (Menu *)Menu_Update(g_pMenu0x00818abc, input); if (pNext != NULL) { g_menuEnterTime = CFrontend::GetFrontendTimestamp(); g_pMenu0x00818ac0 = pNext; } }	CMR2Decomp/FrontendScreens.cpp	1575	void FUN_004ea510(void)	Frontend per-frame update: reads the input, keeps the music streaming and runs the current menu, switching to the menu it returns.
0x004ef190	FUN_004ef190	FrontendScroller_RecomputeAllAttached	Context: Recomputes every scroller attached to a menu: gap, reset position and the width of each item's text.; Body: { MenuScroller *p; int k; p = g_menuScrollers; do { p->spacing = (int)(g_pGraphics->resX * 24) / 640; p->offset = 0; p->startOffset = 0; if (p->pMenu != NULL) { p->count = p->pMenu->itemCount; for (k = 0; k < p->pMenu->itemCount; k++) { strcpy(CFrontend::m_stringDest, CFrontend::GetTextString(p->pMenu->items[k].id)); CGenericFileLoader::StrLowerPolish(CFrontend::m_stringDest); p->widths[k] = Font_GetTextWidth(2, (BYTE *)CFrontend::m_stringDest); } } p++; } while ((int)&p->pMenu < (int)&g_menuScrollers[12].pMenu); }	CMR2Decomp/FrontendScreens.cpp	2966	void FUN_004ef190(void)	Recomputes every scroller attached to a menu: gap, reset position and the width of each item's text.
0x004f0620	FUN_004f0620	FrontendMenu_UpdateMultiplayerStageSelection	"Context: Update callback of the ""select stage"" screen: when the row in the first item moves, the list slides sideways by the distance between the old and the new row (the shortest way round) and eases back to the middle.; Body: { int index; int old; int other; int steps; unsigned int elapsed; old = g_unk0x00819044; index = pMenu->items[0].max; if (index != old) { if (old != -1) { if (index > old) { other = index - old; steps = pMenu->items[0].min - index + old; } else { steps = old - index; other = pMenu->items[0].min - old + index; } if (steps < other) { while (steps >= 1) { g_unk0x00819868 += (int)(g_pGraphics->resX * -0x50) / 640; steps--; } } else if (steps > other) { while (other > 0) { g_unk0x00819868 += (int)(g_pGraphics->resX * 0x50) / 640; other--; } } else { int resX = g_pGraphics->resX; if ((pMenu->moveFlags & 2) != 0) other = resX * -5; else other = resX * 5; g_unk0x00819868 += (other << 4) / 640; } g_unk0x00819884 = g_unk0x00819868; } g_unk0x0081975c = CFrontend::GetFrontendTimestamp(); g_unk0x00819044 = pMenu->items[0].max; } if (g_unk0x00819044 != -1) { if ((unsigned int)(CFrontend::GetFrontendTimestamp() - g_unk0x0081975c) > 0xfa) { g_unk0x00819868 = 0; return; } if (g_unk0x00819884 > 0) g_unk0x00819868 = g_unk0x00819884 - (unsigned int)((CFrontend::GetFrontendTimestamp() - g_unk0x0081975c) * g_unk0x00819884) / 0xfa; else g_unk0x00819868 = (unsigned int)(-((CFrontend::GetFrontendTimestamp() - g_unk0x0081975c) * g_unk0x00819884)) / 0xfa + g_unk0x00819884; } }"	CMR2Decomp/FrontendScreens.cpp	3216	void FUN_004f0620(Menu *pMenu)	"Update callback of the ""select stage"" screen: when the row in the first item moves, the list slides sideways by the distance between the old and the new row (the shortest way round) and eases back to the middle."
0x004f1040	FUN_004f1040	FrontendProfile_PickNameCharacter	Context: Item picker of the name entry screens: appends the character of the picked column to the name; the '<' entry deletes the last character and '_' accepts the name.; Body: { char *chars; int len; strcpy(CFrontend::m_stringDest, (char *)RallyData_GetRecord(FrontendProfile_GetCurrentPlayer())); len = strlen(CFrontend::m_stringDest); if (pMenu->items[pMenu->cursor].value == 2 && g_nameRow0x0052538c[pMenu->items[2].max] == '<') { if (CFrontend::m_stringDest[0] != 0) { CFrontend::m_stringDest[strlen(CFrontend::m_stringDest) - 1] = 0; Menu_PlaySoundId(2); } } else if (pMenu->items[pMenu->cursor].value == 2 && g_nameRow0x0052538c[pMenu->items[2].max] == '_') { if (len > 0) Menu_SetNextAction(FrontendProfile_GetRenameMenu()); return; } else if (len < 3) { switch (pMenu->items[pMenu->cursor].value) { case 0: chars = g_nameRow0x00525374; break; case 1: chars = g_nameRow0x00525380; break; case 2: chars = g_nameRow0x0052538c; break; default: chars = (char *)pMenu; break; } CFrontend::m_stringDest[len] = chars[pMenu->items[pMenu->cursor].max]; CFrontend::m_stringDest[len + 1] = 0; if (len == 2) { pMenu->cursor = len; pMenu->items[2].max = 9; } Menu_PlaySoundId(1); } else { Menu_PlaySoundId(3); } RallyData_SetEditedDriverOrCategoryName(FrontendProfile_GetCurrentPlayer(), CFrontend::m_stringDest); }	CMR2Decomp/FrontendScreens.cpp	3294	void FUN_004f1040(Menu *pMenu, int param)	Item picker of the name entry screens: appends the character of the picked column to the name; the '<' entry deletes the last character and '_' accepts the name.
0x004f13c0	FUN_004f13c0	FrontendProfile_PickRenameCharacterOrCheat	Context: Item picker of the second name-entry screen: appends the picked character of the three letter rows to the name; the '<' entry deletes the last character and '_' accepts the entry (when its buffer is a known cheat code, the cheat is applied). logic verified against the dump; the remaining diff is register assignment (the original frees an extra callee-saved register and materialises the sound id with two pushes instead of a branchless select) and MSVC resolving `m_stringDest - 2` to a different symbol on our side.; Body: { char *chars; char key; int len; strcpy(CFrontend::m_stringDest, (char *)RallyData_GetAssignedCategoryRecord(FrontendProfile_GetCurrentPlayer())); len = strlen(CFrontend::m_stringDest); if (pMenu->items[pMenu->cursor].value == 2 && g_nameRow0x0052538c[pMenu->items[2].max] == '<') { if (CFrontend::m_stringDest[0] != 0) { *(CFrontend::m_stringDest + strlen(CFrontend::m_stringDest) - 1) = 0; Menu_PlaySoundId(2); } } else if (pMenu->items[pMenu->cursor].value == 2 && g_nameRow0x0052538c[pMenu->items[2].max] == '_') { if (RallyData_FindCheatNameIndex(FrontendProfile_GetCurrentPlayer(), (BYTE *)&key) != 0) { Menu_PlaySoundId(key != 0 ? 0 : 3); if (RallyData_IsDriverRecordUsable((BYTE)FrontendProfile_GetCurrentPlayer())) { g_unk0x00819744--; FUN_004eb000(FrontendProfile_GetCurrentPlayer(), 0); } Profile_ResetCategoryData(FrontendProfile_GetCurrentPlayer()); Profile_ResetRecordCategory(FrontendProfile_GetCurrentPlayer()); g_unk0x00819048++; if (FrontendRecords_GetProfileMode()) Menu_SetNextAction((int)FrontendMenu_GetRallyProfile()); else Menu_SetNextAction((int)FrontendMenu_GetMultiplayerProfile()); g_unk0x00819038 = 0; return; } if (len > 0) { Menu_SetNextAction((int)FrontendMenu_GetProfileDateEntry()); g_unk0x00819038 = 0; } return; } else if (len < 0x2b) { switch (pMenu->items[pMenu->cursor].value) { case 0: chars = g_nameRow0x00525374; break; case 1: chars = g_nameRow0x00525380; break; case 2: chars = g_nameRow0x0052538c; break; default: chars = (char *)pMenu; break; } CFronten	CMR2Decomp/FrontendScreens.cpp	3455	void FUN_004f13c0(Menu *pMenu, int param)	Item picker of the second name-entry screen: appends the picked character of the three letter rows to the name; the '<' entry deletes the last character and '_' accepts the entry (when its buffer is a known cheat code, the cheat is applied). logic verified against the dump; the remaining diff is register assignment (the original frees an extra callee-saved register and materialises the sound id with two pushes instead of a branchless select) and MSVC resolving `m_stringDest - 2` to a different symbol on our side.
0x004f16f0	FUN_004f16f0	FrontendProfile_FillColourPicker	Context: Callback of the car colour menu: reads the current driver's category colour and reflects it onto the colour picker items.; Body: { int shade; int value; int hue; BYTE idx; Frontend_SetOverlayMode((CGameInfo::GetConfiguredPlayerCount() & 0xff) - (g_unk0x00819048 & 0xff) - 1); RallyData_GetDriverCategoryColour(FrontendProfile_GetCurrentPlayer(), (unsigned int *)&hue, (unsigned int *)&shade, (unsigned int *)&value); pMenu->items[2].max = 0; pMenu->cursor = 0; pMenu->items[0].max = value; idx = (BYTE)shade - 1; pMenu->items[1].max = idx; switch (idx) { case 3: case 5: case 8: case 0xa: pMenu->items[2].min = 0x1e; return; case 1: break; case 0: case 2: case 4: case 6: case 7: case 9: case 0xb: pMenu->items[2].min = 0x1f; return; default: return; } if (value % 4 == 0) pMenu->items[2].min = 0x1d; else pMenu->items[2].min = 0x1c; }	CMR2Decomp/FrontendScreens.cpp	3599	void FUN_004f16f0(Menu *pMenu, int param)	Callback of the car colour menu: reads the current driver's category colour and reflects it onto the colour picker items.
0x004f17d0	FUN_004f17d0	FrontendScroller_InitRallyStageSelection	Context: Enter callback of a rally menu: lists the stages of the rally that are in the save as text ids, points the cursor at the one that is selected in the rally data and measures them for the scroller.; Body: { MenuScroller *pScroller; MenuItem *pItem; MenuItem *p; int *pPalette; int *pWidths; int i; int count; count = 0; Frontend_SetOverlayMode(CGameInfo::GetConfiguredPlayerCount() - g_unk0x00819048 - 1); pScroller = FrontendScroller_GetRouteEntryScroller(); pScroller->pMenu = pMenu; pPalette = g_unk0x008196e8; pItem = pMenu->items; pMenu->cursor = 0; for (i = 0, p = pItem; i < 0x16; i++) { if (RallyData_HasCategoryAward(CGameInfo::GetConfiguredPlayerCount() - g_unk0x00819048 - 1, i, 1)) { *pPalette = i; p->id = i + 0x98; if (i == (RallyData_GetDriverRecordSelectionValue(CGameInfo::GetConfiguredPlayerCount() - g_unk0x00819048 - 1) & 0xff)) pMenu->cursor = count; count++; pPalette++; p++; } } pMenu->itemCount = count; pScroller = FrontendScroller_GetRouteEntryScroller(); pScroller->offset = 0; pScroller->startOffset = 0; pScroller->current = pMenu->cursor; pScroller->previous = pMenu->cursor; pScroller->spacing = PATH_X(); pScroller->count = pMenu->itemCount; pScroller->offset = 0; pScroller->startOffset = 0; for (i = 0, p = pItem, pWidths = g_menuScroller0x00819230.widths; i < pScroller->count; i++) { strcpy(CFrontend::m_stringDest, CFrontend::GetTextString(p->id)); CGenericFileLoader::StrLowerPolish(CFrontend::m_stringDest); *pWidths = Font_GetTextWidth(2, (BYTE *)CFrontend::m_stringDest); pWidths++; p++; } }	CMR2Decomp/FrontendScreens.cpp	3644	void FUN_004f17d0(Menu *pMenu, int param)	Enter callback of a rally menu: lists the stages of the rally that are in the save as text ids, points the cursor at the one that is selected in the rally data and measures them for the scroller.
0x004f37c0	FUN_004f37c0	FrontendScroller_UpdateCursorSlide	Context: Slides the scroller towards the menu cursor, the short way round, in 250 ms; Body: { Menu *pMenu = p->pMenu; int target; int cur; int fwd; int back; int idx; int i; if (pMenu->cursor != p->current) { if (p->current != -1) { if (pMenu == FrontendMenu_GetMain()) { g_unk0x0081912c = CFrontend::GetFrontendTimestamp(); g_unk0x00525398 = g_unk0x0052539c; g_unk0x0052539c = pMenu->cursor; } target = pMenu->cursor; cur = p->current; if (target > cur) { fwd = target - cur; back = pMenu->itemCount - target + cur; } else { back = cur - target; fwd = pMenu->itemCount - cur + target; } if (back < fwd) { while (back-- >= 1) { cur--; idx = cur; if (idx < 0) idx = p->count + cur; p->offset -= p->widths[idx] + p->spacing; } } else if (back > fwd) { while (fwd-- > 0) { idx = cur; if (idx >= p->count) idx = cur - p->count; p->offset += p->widths[idx] + p->spacing; cur++; } } else if (pMenu->moveFlags & 1) { cur--; if (cur < 0) cur += p->count; p->offset -= p->widths[cur] + p->spacing; } else { if (cur >= p->count) cur -= p->count; p->offset += p->widths[cur] + p->spacing; } p->startOffset = p->offset; } p->startTime = CFrontend::GetFrontendTimestamp(); p->previous = p->current; p->current = pMenu->cursor; } if (p->current != -1) { if ((unsigned int)(CFrontend::GetFrontendTimestamp() - p->startTime) > 250) { p->offset = 0; p->startOffset = 0; return; } if (p->startOffset > 0) { p->offset = p->startOffset - (unsigned int)((CFrontend::GetFrontendTimestamp() - p->startTime) * p->startOffset) / 250; return; } p->offset = (unsigned int)-((CFrontend::GetFrontendTimestamp() - p->start	CMR2Decomp/FrontendScreens.cpp	4353	void FUN_004f37c0(MenuScroller *p)	Slides the scroller towards the menu cursor, the short way round, in 250 ms
0x004f3c10	FUN_004f3c10	FrontendAnimation_EvaluatePathSpline	Context: Point of the path at t (16.16, 0..1): cubic Hermite spline through the control points 1..17 with Catmull-Rom style tangents.; Body: { int *p; int seg; int u; int u2; int u3; int h00; int h01; int h10; int h11; int tanA; int tanB; int x; if (t == 0) { pOut[0] = pPoints[2]; pOut[1] = pPoints[3]; return; } if (t == 0x10000) { pOut[0] = pPoints[0x22]; pOut[1] = pPoints[0x23]; return; } seg = ((t << 4) >> 16) + 1; u = (((seg << 16) - 0x10000) / 16 - t + 0x1000) << 4; u2 = FixMul(u, u); u3 = FixMul(u, u2); h01 = u2 * 3 - u3 * 2; h10 = u3 - u2 * 2 + u; h00 = u3 * 2 + 0x10000 - u2 * 3; h11 = u3 - u2; p = &pPoints[seg * 2]; tanB = (p[4] - p[0]) * (0x10000 - g_menuPathTension) / 2; tanA = (p[2] - p[-2]) * (0x10000 - g_menuPathTension) / 2; x = p[2] * h00 + (FixMul(h11, tanA) + p[0] * h01) + FixMul(h10, tanB); tanA = (p[3] - p[-1]) * (0x10000 - g_menuPathTension) / 2; tanB = (p[5] - p[1]) * (0x10000 - g_menuPathTension) / 2; pOut[0] = x >> 16; pOut[1] = (p[3] * h00 + (FixMul(h11, tanA) + p[1] * h01) + FixMul(h10, tanB)) >> 16; }	CMR2Decomp/FrontendScreens.cpp	4656	void FUN_004f3c10(int *pPoints, int t, int *pOut)	Point of the path at t (16.16, 0..1): cubic Hermite spline through the control points 1..17 with Catmull-Rom style tangents.
0x004f4050	FUN_004f4050	FrontendAnimation_UpdateMainPath	Context: Main menu animation update: moves the letters, the trail and the streams along the path and picks (or morphs) the path of the entry under the cursor.; Body: { int *pPos; int *pSpeed; int *pPoint; unsigned int elapsed; int step; int f; int dx; int dy; int j; CInput::GetAvailableDeviceRecord(0); FrontendAnimation_GetFrameDistance(&step, 0xccc); pPos = g_menuLetterPos; do { *pPos -= step; MENU_WRAP(*pPos) pPos++; } while (pPos < &g_menuLetterPos[200]); if (CGameInfo::IsRecordFlagSet(0xe)) { g_pMenuPath = g_menuPathCheat[0]; } else if (g_menuPathInit == 0) { g_menuPathInit = 1; g_pMenuPath = g_menuPaths[g_menuPathMode][0]; } else if (g_menuPathInit == 1) { switch (FrontendMenu_GetMain()->items[FrontendMenu_GetMain()->cursor].value) { case 0: g_menuPathMode = 0; break; case 1: g_menuPathMode = 1; break; case 2: g_menuPathMode = 2; break; case 3: g_menuPathMode = 3; break; case 4: g_menuPathMode = g_menuPathVariant + 4; g_menuPathVariant = (unsigned int)(CFrontend::GetFrontendTimestamp() - FrontendScroller_GetSelectionTimestamp()) / 500 % 3; break; case 5: g_menuPathMode = 7; break; case 6: g_menuPathMode = 8; break; } if (FrontendScroller_GetSelection() == -1) { g_menuPathPrevMode = g_menuPathMode; } else if (FrontendMenu_GetMain()->items[FrontendMenu_GetMain()->cursor].value == 4 && (unsigned int)(CFrontend::GetFrontendTimestamp() - FrontendScroller_GetSelectionTimestamp()) > 250) { g_menuPathPrevMode = (unsigned int)(CFrontend::GetFrontendTimestamp() - FrontendScroller_GetSelectionTimestamp()) / 500 % 3 + 3; if (g_menuPathPrevMode <= 3) g_menuPathPrevMode = 6; } else { switch (FrontendMenu_GetMain()->items[FrontendScroller_GetSelect	CMR2Decomp/FrontendScreens.cpp	4780	void FUN_004f4050(void)	Main menu animation update: moves the letters, the trail and the streams along the path and picks (or morphs) the path of the entry under the cursor.
0x004f28c0	FUN_004f28c0	FrontendMenu_EnterCheats	Context: Entering the cheats menu: each of the 8 entries is available when its extra is unlocked or its cheat code was typed, and shows its state.; Body: { MenuItem *pItem; bool cheat; int i; GameInfo_SaveConfiguredCheats(); i = 0; pItem = pMenu->items; do { pItem->enabled = 0; pItem->visible = 1; pItem->max = 0; if (i % 2 != 0) { cheat = CGameInfo::IsRecordFlagSet(i / 2 + 8); if (CGameInfo::GetUnlockFlagMask(i) != 0 || cheat) { pItem->enabled = 1; if (CGameInfo::IsConfiguredCheatEnabled(i)) pItem->max = 1; } } else { cheat = CGameInfo::IsRecordFlagSet(i / 2 + 4); if (CGameInfo::GetUnlockFlagMask(i) != 0 || cheat) { pItem->enabled = 1; if (CGameInfo::IsConfiguredCheatEnabled(i)) pItem->max = 1; } } i++; pItem++; } while (i < 8); }	CMR2Decomp/FrontendScreens.cpp	5369	void FUN_004f28c0(Menu *pMenu, int param)	Entering the cheats menu: each of the 8 entries is available when its extra is unlocked or its cheat code was typed, and shows its state.
0x004ded80	FUN_004ded80	FrontendMenu_DrawCheats	"Context: Draw callback of the cheats menu: name and on/off of each cheat, ""..."" for the ones not available yet.; Body: { short icon[4]; BYTE *pShadow; BYTE *pColour; BYTE *pRow; MenuItem *pItem; int maxWidth; int width; int count; int x0; short x; short y0; int y; int i; icon[1] = 0; maxWidth = 0; icon[0] = (int)(g_pGraphics->resX * 100) / 640; icon[2] = CFrontend::m_pAr640ATexture->width; icon[3] = CFrontend::m_pAr640ATexture->height; for (i = 0; i < 8; i++) { width = Font_GetTextWidth(1, (BYTE *)CFrontend::GetTextString(i + 0x149)); if (width > maxWidth) maxWidth = width; } FrontendDraw_PlayTime(); FrontendDraw_MenuPath(pMenu, (int)(g_pGraphics->resX * 24) / 640, (int)(g_pGraphics->resY * 38) / 480, 1, 2, NULL, -1); count = 0; for (i = pMenu->itemCount, pItem = pMenu->items; i > 0; i--, pItem++) { if (pItem->visible) count++; } x0 = (int)(g_pGraphics->resX * 0x7a) / 640; y0 = (short)(((int)(g_pGraphics->resY * 8) / 480 + (int)(g_pGraphics->resY * 38) / 480 + (int)(g_pGraphics->resY * 384) / 480) / 2) - (short)((int)(g_pGraphics->resY * 36) / 480 * count / 2); if (pMenu->cursor == 0) { pColour = g_colourWhite0x00524968; pShadow = g_colourShadowWhite0x00524974; } else if (!pMenu->items[0].enabled) { pColour = g_colourDim0x00524970; pShadow = g_colourShadowDim0x0052497c; } else { pColour = g_colourText0x0052496c; pShadow = g_colourShadowText0x00524978; } g_unk0x008189a8[0] = (int)(g_pGraphics->resX * 99) / 640; g_unk0x008189a8[1] = y0; g_unk0x008189a8[2] = (int)(g_pGraphics->resX * 282) / 640; g_unk0x008189a8[3] = 1; Sprite_FillRect((int)g_pGraphics + 0x150, g_unk0x008189a8, pShadow, 1); g_unk"	CMR2Decomp/FrontendScreens.cpp	5431	void FUN_004ded80(Menu *pMenu)	"Draw callback of the cheats menu: name and on/off of each cheat, ""..."" for the ones not available yet."
0x004e5630	FUN_004e5630	FrontendMenu_DrawProfileBestStageTimes	Context: Draw callback of the stage records page of a rally: for each stage (10, or 11 for every second rally) the record car, gearbox, time and holder.; Body: { unsigned int *pRecord; unsigned int time; BYTE *pRecords; char rally; int odd; int y0; int y; int i; FrontendRecords_GetTableMode(); FrontendDraw_PlayTime(); FrontendDraw_MenuTitle(pMenu); odd = pMenu->cursor % 2; g_unk0x008189a8[0] = (int)(g_pGraphics->resX * 30) / 640; g_unk0x008189a8[1] = (int)(g_pGraphics->resY * 90) / 480 - (int)(g_pGraphics->resY * 25) / 480; g_unk0x008189a8[2] = (int)(g_pGraphics->resX * 640) / 640 + (int)(g_pGraphics->resX * 30) / 640 * -2; g_unk0x008189a8[3] = (int)(g_pGraphics->resY * 25) / 480; Sprite_FillRect((int)g_pGraphics + 0x150, g_unk0x008189a8, g_colourShadowText0x00524978, 4); y0 = (int)(g_pGraphics->resY * 19) / 480 + ((int)(g_pGraphics->resY * 90) / 480 - (int)(g_pGraphics->resY * 25) / 480); Font_DrawText(0, CFrontend::GetTextString(0x17d), (int)(g_pGraphics->resX * 100) / 640, y0, (int *)g_colourTitle0x00524984, 0x12); Font_DrawText(0, CFrontend::GetTextString(0x16b), (int)(g_pGraphics->resX * 230) / 640, y0, (int *)g_colourTitle0x00524984, 0x12); Font_DrawText(0, CFrontend::GetTextString(0x16c), (int)(g_pGraphics->resX * 355) / 640, y0, (int *)g_colourTitle0x00524984, 0x12); Font_DrawText(0, CFrontend::GetTextString(0x174), (int)(g_pGraphics->resX * 415) / 640, y0, (int *)g_colourTitle0x00524984, 0x12); Font_DrawText(0, CFrontend::GetTextString(0x170), (int)(g_pGraphics->resX * 520) / 640, y0, (int *)g_colourTitle0x00524984, 0x12); g_unk0x008189a8[0] = (int)(g_pGraphics->resX * 30) / 640; g_unk0x008189a8[1] = (int)(g_pGraphics->resY	CMR2Decomp/FrontendScreens.cpp	5759	void FUN_004e5630(Menu *pMenu)	Draw callback of the stage records page of a rally: for each stage (10, or 11 for every second rally) the record car, gearbox, time and holder.
0x004d5ad0	FUN_004d5ad0	FrontendDraw_RipplingDotIcon	Context: Draws one 7x15 dot icon at (x, y), each dot shaded by the ripple.; Body: { BYTE colour[4]; int centre[2]; char *pDot; int u; int b; int col; int row; colour[0] = 0xff; colour[1] = 0xff; colour[2] = 0xff; colour[3] = 0xff; g_unk0x008189a8[2] = CFrontend::m_pSmMatrixTexture->width; col = 0; g_unk0x008189a8[3] = CFrontend::m_pSmMatrixTexture->height; centre[0] = 0; centre[1] = 0; g_unk0x008189a8[0] = x; do { row = 0; u = (int)(__int64)(((int)(g_pGraphics->resX * 18) / 640 * col + x) * CGraphics::m_65536) / (int)g_pGraphics->resX; g_unk0x008189a8[1] = y; pDot = &g_dotIconMap[col]; do { if (*pDot != 0) { b = Frontend_ComputeRippleHeight(centre, u, (int)(__int64)(((int)(g_pGraphics->resY * 18) / 480 * row + y) * CGraphics::m_65536) / (int)g_pGraphics->resX, phase, 0x140000) / 4 + 0xc000; colour[0] = FixMulShift32(b, 0xff0000); colour[1] = colour[0]; colour[2] = colour[0]; Sprite_Queue((SpriteRect *)&CFrontend::m_pSmMatrixTexture->field_0x11c, (SpriteRect *)g_unk0x008189a8, CFrontend::m_pSmMatrixTexture, 1, 0, NULL, NULL, colour, 8); } g_unk0x008189a8[1] += (int)(g_pGraphics->resY * 8) / 480; pDot += 7; row++; } while (row < 15); g_unk0x008189a8[0] += (int)(g_pGraphics->resX * 8) / 640; col++; } while (col < 7); }	CMR2Decomp/FrontendScreens.cpp	5849	void FUN_004d5ad0(int x, int y, short phase)	Draws one 7x15 dot icon at (x, y), each dot shaded by the ripple.
0x004d5fb0	FUN_004d5fb0	FrontendMenu_DrawDifficulty	Context: Draw callback of the difficulty pages: title from the game mode, the scroller and one dot icon per difficulty level up to the selected one.; Body: { char *text[2]; int x; int y; int i; g_dotIconPhase = (short)(((CMain::GetFrameDelta() + 1) * -0x2000) / 360); switch (CGameInfo::GetConfiguredGameMode()) { case 0: text[0] = CFrontend::GetTextString(0xe7); text[1] = CFrontend::GetTextString(0xc); break; case 1: text[0] = CFrontend::GetTextString(0xe7); text[1] = CFrontend::GetTextString(0xd); break; case 2: text[0] = CFrontend::GetTextString(0xe7); text[1] = CFrontend::GetTextString(0xf); break; case 3: text[0] = CFrontend::GetTextString(0xe7); text[1] = CFrontend::GetTextString(0x10); break; case 4: text[0] = CFrontend::GetTextString(0xe7); text[1] = CFrontend::GetTextString(0x11); break; case 5: text[0] = CFrontend::GetTextString(0x94); text[1] = CFrontend::GetTextString(0xc); break; case 6: text[0] = CFrontend::GetTextString(0x94); text[1] = CFrontend::GetTextString(0xe2); break; case 7: text[0] = CFrontend::GetTextString(0x94); text[1] = CFrontend::GetTextString(0x10); break; } FrontendDraw_PlayTime(); FrontendDraw_MenuPath(pMenu, (int)(g_pGraphics->resX * 24) / 640, (int)(g_pGraphics->resY * 38) / 480, 1, 3, text, 2); FrontendDraw_ScrollerRow(FrontendScroller_GetDifficultyScroller(), 1); y = ((int)(g_pGraphics->resY * 8) / 480 - (int)(g_pGraphics->resY * 6) / 480) / 2 - (int)(g_pGraphics->resY * 8) / 480 * 15 / 2 + (int)g_pGraphics->resY / 2; x = (int)g_pGraphics->resX / 2 - (((int)(g_pGraphics->resX * 6) / 640 + (int)(g_pGraphics->resX * 8) / 640 * 6) * (pMenu->cursor + 1) + (int)(g_pGraphics->resX * 10) / 640 * pMenu	CMR2Decomp/FrontendScreens.cpp	5899	void FUN_004d5fb0(Menu *pMenu)	Draw callback of the difficulty pages: title from the game mode, the scroller and one dot icon per difficulty level up to the selected one.
0x004f03f0	FUN_004f03f0	FrontendMenu_EnterMultiplayerProfile	Context: Entering the player profile menu (back: undoes the previous player's profile). Lists the free saved profiles.; Body: { MenuItem *pItem; char *pText; int i; if (back != 0) { if (RallyData_IsDriverRecordUsable(CGameInfo::GetConfiguredPlayerCount() + (-1 - g_unk0x00819048)) || g_unk0x00819879 != 0) { if (RallyData_IsDriverRecordUsable(CGameInfo::GetConfiguredPlayerCount() + (-1 - g_unk0x00819048))) { g_unk0x00819744--; FUN_004eb000(CGameInfo::GetConfiguredPlayerCount() + (-1 - g_unk0x00819048), 0); } Profile_ResetCategoryData((CGameInfo::GetConfiguredPlayerCount() & 0xff) - (g_unk0x00819048 & 0xff) - 1); } Profile_ResetRecordCategory((CGameInfo::GetConfiguredPlayerCount() & 0xff) - (g_unk0x00819048 & 0xff) - 1); g_unk0x00819048++; } g_unk0x00819879 = 0; FrontendProfile_SetHeaderMode((CGameInfo::GetConfiguredPlayerCount() & 0xff) - FrontendProfile_GetPlayersRemaining() + 1); Frontend_SetOverlayMode((CGameInfo::GetConfiguredPlayerCount() & 0xff) - FrontendProfile_GetPlayersRemaining()); CSound::NoOpSoundDeviceCallback(); for (i = 0; i < 4; i++) { if (i < SaveProfiles_CountAvailableProfiles()) { sprintf(g_profileEntryTexts[i], CFrontend::GetTextString(0x17e), SaveProfiles_GetAvailableProfileName(i)); pMenu->items[i + 3].enabled = 1; pMenu->items[i + 3].visible = 1; pMenu->items[i + 3].stringId = (int)g_profileEntryTexts[i]; } else { pMenu->items[i + 3].enabled = 0; pMenu->items[i + 3].visible = 0; } } if (SaveProfiles_CountAvailableProfiles() > 0) { pMenu->cursor = 3; return; } pMenu->cursor = 2; }	CMR2Decomp/FrontendScreens.cpp	6562	void FUN_004f03f0(Menu *pMenu, char back)	Entering the player profile menu (back: undoes the previous player's profile). Lists the free saved profiles.
0x004f0960	FUN_004f0960	FrontendProfile_CreateNewPlayerProfile	"Context: Item callback of ""new profile"" in the player profile menu.; Body: { Menu *pNext; Menu *pAfter; g_unk0x00819879 = 1; FRONTEND_MODE_NEXT_MENU(pNext) FrontendProfile_SetCurrentPlayer((CGameInfo::GetConfiguredPlayerCount() & 0xff) - (g_unk0x00819048 & 0xff)); FUN_004eb860((CGameInfo::GetConfiguredPlayerCount() & 0xff) - (g_unk0x00819048 & 0xff), -1); Profile_ResetCategoryData((CGameInfo::GetConfiguredPlayerCount() & 0xff) - (g_unk0x00819048 & 0xff)); FUN_004eb000(CGameInfo::GetConfiguredPlayerCount() - g_unk0x00819048, 0); Menu_SetParent(FrontendMenu_GetProfileNameEntry(), pMenu); FrontendProfile_SetRenameMenu((int)FrontendMenu_GetProfileRenameEntry()); pAfter = pNext; if (CGameInfo::GetGameModeOptionBit19() != 0) pAfter = FrontendMenu_GetNetworkConnection(); FrontendProfile_SetCompletionMenu((int)pAfter); sprintf(CFrontend::m_stringDest, CFrontend::GetTextString(0xdc), (CGameInfo::GetConfiguredPlayerCount() & 0xff) - (g_unk0x00819048 & 0xff) + 1); FrontendProfile_SetHeaderText(CFrontend::m_stringDest); g_unk0x00819048--; Menu_SetParent(pNext, pMenu); Menu_SetNextAction((int)FrontendMenu_GetProfileNameEntry()); }"	CMR2Decomp/FrontendScreens.cpp	6604	void FUN_004f0960(Menu *pMenu, int param)	"Item callback of ""new profile"" in the player profile menu."
0x004e1230	FUN_004e1230	FrontendMenu_DrawMultiplayerRaceSettings	Context: Draw callback of the multiplayer race settings page.; Body: { short icon[4]; char *text[3]; BYTE *pShadow; BYTE *pColour; short y0; int id; int i; icon[0] = (int)(g_pGraphics->resX * 100) / 640; icon[1] = 0; icon[2] = CFrontend::m_pAr640ATexture->width; icon[3] = CFrontend::m_pAr640ATexture->height; g_unk0x008189a8[0] = (int)(g_pGraphics->resX * 440) / 640; g_unk0x008189a8[3] = (int)(g_pGraphics->resY * 100) / 480; g_unk0x008189a8[1] = (short)(((int)(g_pGraphics->resY * 56) / 480 + (int)(g_pGraphics->resY * 374) / 480) / 2) - g_unk0x008189a8[3] / 2; g_unk0x008189a8[2] = (int)(g_pGraphics->resX * 160) / 640; FrontendDraw_PlayTime(); text[0] = CFrontend::GetTextString(0xe7); text[1] = CFrontend::GetTextString(0xe); text[2] = CFrontend::GetTextString(0x65); FrontendDraw_Breadcrumb((int)(g_pGraphics->resX * 24) / 640, (int)(g_pGraphics->resY * 38) / 480, text, 3); y0 = (short)(((int)(g_pGraphics->resY * 56) / 480 + (int)(g_pGraphics->resY * 374) / 480) / 2) - (short)((int)(g_pGraphics->resY * 36) / 480 * pMenu->itemCount / 2); if (pMenu->cursor == 0) { pColour = g_colourWhite0x00524968; pShadow = g_colourShadowWhite0x00524974; } else { pColour = g_colourText0x0052496c; pShadow = g_colourShadowText0x00524978; } g_unk0x008189a8[0] = (int)(g_pGraphics->resX * 99) / 640; g_unk0x008189a8[1] = y0; g_unk0x008189a8[2] = (int)(g_pGraphics->resX * 282) / 640; g_unk0x008189a8[3] = 1; Sprite_FillRect((int)g_pGraphics + 0x150, g_unk0x008189a8, pShadow, 1); g_unk0x008189a8[1]++; Sprite_FillRect((int)g_pGraphics + 0x150, g_unk0x008189a8, pColour, 1); fo	CMR2Decomp/FrontendScreens.cpp	6972	void FUN_004e1230(Menu *pMenu)	Draw callback of the multiplayer race settings page.
0x004da710	FUN_004da710	FrontendMenu_DrawQuickRaceSettings	Context: Draw callback of the first quick race page (stages, cars, ...).; Body: { short icon[4]; char *text[2]; BYTE *pShadow; BYTE *pColour; Texture *pTexture; short y0; int x0; int y; int i; QUICKRACE_FRAME() for (i = 0; i < pMenu->itemCount; i++) { QUICKRACE_ROW_ICON(i) switch (pMenu->items[i].value) { case 0: sprintf(CFrontend::m_stringDest, g_strLabelNumber, CFrontend::GetTextString(0x195), pMenu->items[0].max + 1); Font_DrawText(1, CFrontend::m_stringDest, (int)(g_pGraphics->resX * 0x7a) / 640, (int)(g_pGraphics->resY * 24) / 480 + g_unk0x008189a8[1], (int *)pColour, 0x11); break; case 1: sprintf(CFrontend::m_stringDest, g_strLabelNumber, CFrontend::GetTextString(0x196), pMenu->items[1].max + 1); Font_DrawText(1, CFrontend::m_stringDest, (int)(g_pGraphics->resX * 0x7a) / 640, (int)(g_pGraphics->resY * 24) / 480 + g_unk0x008189a8[1], (int *)pColour, 0x11); break; case 2: sprintf(CFrontend::m_stringDest, g_strLabelColon, CFrontend::GetTextString(0x19e)); Font_DrawText(1, CFrontend::m_stringDest, (int)(g_pGraphics->resX * 0x7a) / 640, (int)(g_pGraphics->resY * 24) / 480 + g_unk0x008189a8[1], (int *)pColour, 0x11); QUICKRACE_DRAW_CHOICE(pMenu->items[i].max, (int)(g_pGraphics->resY * 24) / 480 + g_unk0x008189a8[1]) break; default: sprintf(CFrontend::m_stringDest, CRegKey::m_regKeyPathFormatValue, CFrontend::GetTextString(pMenu->items[i].id), pMenu->items[1].max + 1); Font_DrawText(1, CFrontend::m_stringDest, (int)(g_pGraphics->resX * 0x7a) / 640, (int)(g_pGraphics->resY * 24) / 480 + g_unk0x008189a8[1], (int *)pColour, 0x11); break; } QUICKRACE_ROW_LINE	CMR2Decomp/FrontendScreens.cpp	7284	void FUN_004da710(Menu *pMenu)	Draw callback of the first quick race page (stages, cars, ...).
0x004daf90	FUN_004daf90	FrontendMenu_DrawQuickRaceAdvancedSettings	Context: Draw callback of the second quick race page (game type and its settings).; Body: { short icon[4]; char *text[2]; BYTE *pShadow; BYTE *pColour; Texture *pTexture; short y0; int x0; int y; int i; QUICKRACE_FRAME() for (i = 0; i < pMenu->itemCount; i++) { QUICKRACE_ROW_ICON(i) switch (pMenu->items[i].value) { case 2: sprintf(CFrontend::m_stringDest, g_strLabelColon, CFrontend::GetTextString(0x19e)); Font_DrawText(1, CFrontend::m_stringDest, (int)(g_pGraphics->resX * 0x7a) / 640, (int)(g_pGraphics->resY * 24) / 480 + g_unk0x008189a8[1], (int *)pColour, 0x11); QUICKRACE_DRAW_CHOICE(pMenu->items[i].max, (int)(g_pGraphics->resY * 24) / 480 + g_unk0x008189a8[1]) goto line; case 3: sprintf(CFrontend::m_stringDest, g_strLabelText, CFrontend::GetTextString(0x1a3), CFrontend::GetTextString(pMenu->items[i].max + 0x1a4)); break; case 4: sprintf(CFrontend::m_stringDest, g_strLabelNumber, CFrontend::GetTextString(0x195), pMenu->items[i].max + 1); break; case 5: sprintf(CFrontend::m_stringDest, g_strLabelNumber, CFrontend::GetTextString(0x1a2), pMenu->items[i].max + 1); break; case 6: sprintf(CFrontend::m_stringDest, g_strLabelNumber, CFrontend::GetTextString(0x1a1), pMenu->items[i].max + 1); break; default: sprintf(CFrontend::m_stringDest, CRegKey::m_regKeyPathFormatValue, CFrontend::GetTextString(pMenu->items[i].id), pMenu->items[1].max + 1); break; } Font_DrawText(1, CFrontend::m_stringDest, (int)(g_pGraphics->resX * 0x7a) / 640, (int)(g_pGraphics->resY * 24) / 480 + g_unk0x008189a8[1], (int *)pColour, 0x11); line: QUICKRACE_ROW_LINE(i) } FrontendDraw_HelpText(CFronten	CMR2Decomp/FrontendScreens.cpp	7328	void FUN_004daf90(Menu *pMenu)	Draw callback of the second quick race page (game type and its settings).
0x004fb400	FUN_004fb400	FrontendProfile_ApplyDriverProfileBlock	Context: Applies a 0x7e0-byte driver profile block to the game state: resets the four players, copies each one's car record (0x148), controller setup (7) and name (0xc) plus the four gear-ratio tables and the 16 key bindings, and raises the per-mode event ratios. logic verified against the dump; the remaining diff is instruction selection in the bit-field inserts and MSVC's basic-block order.; Body: { BYTE *pName; BYTE *pSetup; BYTE *pDest; BYTE *pSrc; BYTE *pRecord; BYTE *pBuffer; unsigned int *pState; unsigned int *pOut; unsigned int value; unsigned int i; if (pBlock == NULL) return 0; GameInfo_SetConfiguredGameMode(pBlock[0x30] & 0x7f); GameInfo_SetConfiguredDifficulty((*(unsigned int *)(pBlock + 0x30) >> 7) & 7); GameInfo_SetConfiguredPlayerCount((*(unsigned int *)(pBlock + 0x30) >> 0xa) & 0xf); GameInfo_SetConfiguredMultiplayer((*(unsigned int *)(pBlock + 0x30) >> 0xe) & 1); FUN_004eadb0(); i = 0; if (CGameInfo::GetConfiguredPlayerCount() != 0) { pDest = pBlock + 0xf4; pName = pBlock + 0xc4; pSetup = pBlock + 0x614; pSrc = pBlock + 0xb4; do { FUN_004eb860(i, -1); Profile_ResetCategoryData(i); FUN_004eb000((BYTE)i, 0); pRecord = RallyData_GetDriverCategoryProfile(i); *(unsigned int *)(pRecord + 0x5c) = (*(unsigned int *)(pRecord + 0x5c) ^ *(unsigned int *)pSrc) & 0x300 ^ *(unsigned int *)(pRecord + 0x5c); pRecord = RallyData_GetDriverCategoryProfile(i); *(unsigned int *)(pRecord + 0x5c) = (*(unsigned int *)(pRecord + 0x5c) ^ *(unsigned int *)pSrc) & 0x38 ^ *(unsigned int *)(pRecord + 0x5c); pRecord = RallyData_GetDriverCategoryProfile(i); *(unsigned int *)(pRecord + 0x5c) = (*(unsigned int *)(pRecord + 0x5c) ^ *(unsigned int *)pSrc) & 0x1c00 ^ *(unsigned int *)(pRecord + 0x5c); pRecord = RallyData_GetDriverCategoryProfile(i); *(unsigned int *)(pRecord + 0x5c) = (*(unsigned int *)(pRecord + 0x5c) ^ *(unsigned int *)pSrc) & 0xc0 ^ *(unsigned int *)(pRecord + 0x5c); pRe	CMR2Decomp/FrontendScreens.cpp	7898	unsigned int FUN_004fb400(BYTE *pBlock)	Applies a 0x7e0-byte driver profile block to the game state: resets the four players, copies each one's car record (0x148), controller setup (7) and name (0xc) plus the four gear-ratio tables and the 16 key bindings, and raises the per-mode event ratios. logic verified against the dump; the remaining diff is instruction selection in the bit-field inserts and MSVC's basic-block order.
0x004fb8d0	FUN_004fb8d0	FrontendProfile_ScrambleIdentifier	Context: Scrambles the dword *pNumber with the three key tables above (seeded by *pByte) and turns the result into an identifier string through FrontendProfile_BuildGuestIdentifier. logic verified against the dump; remaining diff is the operand evaluation order of the byte sums and the register/stack split (the original keeps the loop pointer in EDI descending to &g_unk0x00526ea4[6]).; Body: { BYTE bytes[4]; char *p; char seed; int i; seed = *pByte; p = &g_unk0x00526ea4[10]; bytes[0] = (BYTE)*pNumber; bytes[1] = (BYTE)(*pNumber >> 8); bytes[2] = (BYTE)(*pNumber >> 16); bytes[3] = (BYTE)(*pNumber >> 24); i = 0; do { bytes[i] += g_unk0x00526eb0[i] + g_unk0x00526ebc[i] + g_unk0x00526ea4[i] + *p * 3; i++; p--; } while ((int)p > (int)(g_unk0x00526ea4 + 6)); FrontendProfile_BuildGuestIdentifier(param_1, (bytes[3] << 24) + (bytes[2] << 16) + (bytes[1] << 8) + bytes[0], g_unk0x00526ea4[4] + g_unk0x00526eb0[4] + g_unk0x00526ebc[4] + g_unk0x00526ea4[6] + g_unk0x00526eb0[6] + g_unk0x00526ebc[6] + seed, pOut); }	CMR2Decomp/FrontendScreens.cpp	8063	void FUN_004fb8d0(unsigned int param_1, unsigned int *pNumber, char *pByte, char *pOut)	Scrambles the dword *pNumber with the three key tables above (seeded by *pByte) and turns the result into an identifier string through FrontendProfile_BuildGuestIdentifier. logic verified against the dump; remaining diff is the operand evaluation order of the byte sums and the register/stack split (the original keeps the loop pointer in EDI descending to &g_unk0x00526ea4[6]).
0x004dc930	FUN_004dc930	FrontendMenu_DrawNetworkSessionBrowser	"Context: Draws the ""stage select"" screen: breadcrumb title, the four column headers and, when the entry list is open, one row per entry (name, opponent, stage, number and time).; Body: { char *names[2]; int *pColour; int *pSelColour; int *pUnselColour; int row; int index; int x; int y; FrontendDraw_PlayTime(); names[0] = CFrontend::GetTextString(0x12); names[1] = CFrontend::GetTextString(0x35); FrontendDraw_Breadcrumb((int)(g_pGraphics->resX * 0x18) / 0x280, (int)(g_pGraphics->resY * 0x26) / 0x1e0, names, 2); row = 0; if (g_unk0x00819014 != 0) { pColour = (int *)g_colourWhite0x00524968; pUnselColour = (int *)g_colourText0x0052496c; pSelColour = (int *)g_colourWhite0x00524968; } else { pColour = (int *)g_colourText0x0052496c; pSelColour = (int *)g_colourDim0x00524970; pUnselColour = (int *)g_colourDim0x00524970; } Font_DrawText(1, CFrontend::GetTextString(0x7f), (int)(g_pGraphics->resX * 100) / 0x280, (int)(g_pGraphics->resY * 0x37) / 0x1e0, pColour, 10); Font_DrawText(1, CFrontend::GetTextString(0x1a3), (int)(g_pGraphics->resX * 300) / 0x280, (int)(g_pGraphics->resY * 0x37) / 0x1e0, pColour, 10); Font_DrawText(1, CFrontend::GetTextString(0x20e), (int)(g_pGraphics->resX * 0x1c2) / 0x280, (int)(g_pGraphics->resY * 0x37) / 0x1e0, pColour, 10); Font_DrawText(1, CFrontend::GetTextString(0x20f), (int)(g_pGraphics->resX * 0x226) / 0x280, (int)(g_pGraphics->resY * 0x37) / 0x1e0, pColour, 10); if (g_unk0x00818ef4 != 0 && g_unk0x0081901c < g_unk0x00819020 + g_unk0x0081901c) { index = g_unk0x0081901c; do { pColour = pSelColour; if (g_unk0x00525288 != index) pColour = pUnselColour; y = (int)(g_pGraphics->resY * 100) / 0x1e0 + ((int)(g_pGraphics->resY * 0x14) / 0x1e0) *"	CMR2Decomp/FrontendScreens.cpp	8146	void FUN_004dc930(Menu *pMenu)	"Draws the ""stage select"" screen: breadcrumb title, the four column headers and, when the entry list is open, one row per entry (name, opponent, stage, number and time)."
0x004e20e0	FUN_004e20e0	FrontendMenu_DrawSingleRallySelection	"Context: Draws the network ""waiting room"" player list: a line per session built from the player name, the car and the control assignment, plus the controller icon; when there is no session it shows the waiting message.; Body: { char *names[11]; char *pText[3]; char *pName; char *pCar; char *pFormat; int index; int row; int x; int y; int *pColour; unsigned int car; unsigned int pad; unsigned int player; names[0] = g_strNum1; names[1] = g_keypad2; names[2] = g_keypad3; names[3] = g_keypad4; names[4] = g_strNum5; names[5] = g_keypad6; names[6] = g_keypad7; names[7] = g_keypad8; names[8] = g_keypad9; names[9] = g_strNum10; names[10] = g_strFlagSS; pText[0] = CFrontend::GetTextString(0xe7); pText[1] = CFrontend::GetTextString(0xc); pText[2] = CFrontend::GetTextString(0x8a); FrontendDraw_PlayTime(); FrontendDraw_Breadcrumb((int)(g_pGraphics->resX * 0x18) / 0x280, (int)(g_pGraphics->resY * 0x26) / 0x1e0, pText, 3); if (g_unk0x0082ac48 > 0) { for (index = 0; index < g_unk0x0082ac48; index++) { pad = SavedGames_GetDateMiddleBits(g_unk0x0082aa3c + index); pColour = (int *)names[pad]; player = SavedGames_GetDateLowBits(g_unk0x0082aa3c + index); pName = CFrontend::GetTextString(player + 0x27); car = SavedGames_GetDifficulty(g_unk0x0082aa3c + index); pFormat = CFrontend::GetTextString(0x210); sprintf(CFrontend::m_stringDest, pFormat, car, pName, pColour); if (g_unk0x0082a924 == g_unk0x0082aa3c + index) { y = (int)(g_pGraphics->resY * 100) / 0x1e0 + ((int)(g_pGraphics->resY * 0x14) / 0x1e0) * index; x = (int)(g_pGraphics->resX * 0x32) / 0x280; Font_DrawText(0, (char *)SavedGames_GetFileName(g_unk0x0082aa3c + index), x, y, (int *)g_colourWhite0x00524968, 0x11); Font_DrawText(0, CFrontend::m_stringDest, (int)(g_p"	CMR2Decomp/FrontendScreens.cpp	8245	void FUN_004e20e0(Menu *pMenu)	"Draws the network ""waiting room"" player list: a line per session built from the player name, the car and the control assignment, plus the controller icon; when there is no session it shows the waiting message."
0x004ee170	FUN_004ee170	FrontendMenu_UpdateNetworkCarSetup	"Context: Refreshes the ""car setup"" network menu: rebuilds the transmission item, its range and the list of available gearbox types.; Body: { unsigned int *pFlags; int max; unsigned int level; unsigned int mask; BYTE bits; int count; int n; int i; char *pDest; int *pList; pFlags = CGameInfo::GetGameInfoField9CAddress(); max = Menu_GetItem(pMenu, 0)->max; if (max != (BYTE)g_unk0x00818d70) { Menu_GetItem(pMenu, 2)->max = 0; g_unk0x00818d70 = max; } if (CGameInfo::IsRecordFlagSet(0xd) == 0) { level = max + 1; count = 1; if (level <= (*pFlags >> 8 & 0xf)) count = 4; if (level <= (*pFlags >> 0xc & 0xf)) count = 8; if ((*pFlags & 1) != 0 && (*pFlags >> 0x10 & 0xf) >= level) count = 10; } else { count = 10; } i = 0; if (count != 0) { pDest = g_unk0x00818d84; do { i++; sprintf(pDest, g_stageNumberFormat, i); pDest += 3; } while (i < count); } sprintf(&g_unk0x00818d84[i * 3], g_strFlagSS); if (!(CGameInfo::IsRecordFlagSet(0xd) == 0)) { count = ((max & 1) != 0) + 10; } else { if ((max & 1) != 0) { mask = 1 << (((char)((max + 1) / 2) - 1) & 0x1f); bits = (BYTE)mask; if ((pFlags[1] & mask & 0x1f) != 0 || (bits & (BYTE)(pFlags[1] >> 5) & 0x1f) != 0 || (bits & (BYTE)(pFlags[1] >> 10) & 0x1f) != 0) count++; } } Menu_GetItem(pMenu, 1)->min = (char)count; if (Menu_GetItem(pMenu, 1)->max >= Menu_GetItem(pMenu, 1)->min) Menu_GetItem(pMenu, 1)->max = Menu_GetItem(pMenu, 1)->min - 1; if ((Menu_GetItem(pMenu, 1)->min == 5 && Menu_GetItem(pMenu, 1)->max == 4) || (Menu_GetItem(pMenu, 1)->min == 9 && Menu_GetItem(pMenu, 1)->max == 8) || (Menu_GetItem(pMenu, 1)->min == 0xb && Menu_GetItem(pMenu, 1)->max == 0xa)) Menu_GetItem(pMenu, 2)->en"	CMR2Decomp/FrontendScreens.cpp	8373	void FUN_004ee170(Menu *pMenu)	"Refreshes the ""car setup"" network menu: rebuilds the transmission item, its range and the list of available gearbox types."
0x004d6870	FUN_004d6870	FrontendDraw_ChampionshipEntryRow	Context: Draws one row of the championship standings: the entry name placed at (param_1 + param_2), faded by the distance; returns whether the row lands inside the screen.; Body: { BYTE colourText[4]; BYTE colourShadow[4]; char *pName; int *pColour; int count; int index; int offset; int x; int y; int alpha; colourText[0] = g_colourText0x0052496c[0]; colourText[1] = g_colourText0x0052496c[1]; colourText[2] = g_colourText0x0052496c[2]; colourShadow[0] = g_colourShadowText0x00524978[0]; colourShadow[1] = g_colourShadowText0x00524978[1]; colourShadow[2] = g_colourShadowText0x00524978[2]; offset = (int)param_2; if (offset < 0) offset = -offset; alpha = (int)g_colourText0x0052496c[3] - offset * 0x32; colourText[3] = alpha < 0 ? 0 : (BYTE)alpha; colourShadow[3] = (BYTE)(offset * 0x32); count = Profile_GetFileCount(); index = (param_1 + (int)param_2) % count; if (index < 0) index += Profile_GetFileCount(); pName = (char *)Profile_GetFileDateRecord(index); sprintf(CFrontend::m_stringDest, CRegKey::m_regKeyPathFormatValue, pName); if (!(!FrontendProfile_IsAlreadyInChampionship(index))) { pColour = (int *)colourShadow; x = (int)g_pGraphics->resX; x = x / 2 + g_unk0x00819868 + ((x * 0x50) / 0x280) * (int)param_2; y = (int)g_pGraphics->resY; } else { if (param_2 == 0) { pColour = (int *)g_colourWhite0x00524968; y = (int)g_pGraphics->resY; x = (int)g_pGraphics->resX / 2 + g_unk0x00819868; } else { pColour = (int *)colourText; x = (int)g_pGraphics->resX; y = (int)g_pGraphics->resY; x = x / 2 + g_unk0x00819868 + ((x * 0x50) / 0x280) * (int)param_2; } } Font_DrawText(2, CFrontend::m_stringDest, x, (y * 0x118) / 0x1e0, pColour, 0x12); count = (int)g_pGraphics->resX; in	CMR2Decomp/FrontendScreens.cpp	8468	BYTE FUN_004d6870(int param_1, unsigned int param_2)	Draws one row of the championship standings: the entry name placed at (param_1 + param_2), faded by the distance; returns whether the row lands inside the screen.
0x004e1d70	FUN_004e1d70	FrontendMenu_DrawDisplayMode	Context: Draws the display-setup screen: title, the two percentage bars (display and mode) and the list of available modes.; Body: { BYTE colourTop[4]; BYTE colourBottom[4]; short rect[4]; int count; int mode; int value; int i; DWORD width; DWORD height; DWORD depth; colourTop[0] = 0xff; colourTop[1] = 0xff; colourTop[2] = 0xff; colourTop[3] = 0x20; colourBottom[0] = 0xff; colourBottom[1] = 0xff; colourBottom[2] = 0xff; colourBottom[3] = 0x80; FrontendDraw_PlayTime(); FrontendDraw_MenuPath(pMenu, (int)(g_pGraphics->resX * 0x18) / 0x280, (int)(g_pGraphics->resY * 0x26) / 0x1e0, 1, 2, NULL, -1); count = (int)CGraphics::GetDisplayCount(); if (count > 10) count = 10; mode = FrontendMenu_GetFirstVisibleDisplayDevice(); value = (int)CGraphics::GetDisplayCount(); i = (int)CGraphics::GetDisplayCount(); rect[2] = 0x14; rect[3] = 0xd2; rect[0] = (short)((int)g_pGraphics->resX / 2) + 0x50; rect[1] = 0x5f; Sprite_FillRect((int)g_pGraphics + 0x150, rect, colourTop, 1); rect[2] = 10; rect[3] = (short)(count * 100 / value * 200 / 100); rect[0] = (short)((int)g_pGraphics->resX / 2) + 0x55; rect[1] = (short)(mode * 100 / i * 200 / 100 + 100); Sprite_FillRect((int)g_pGraphics + 0x150, rect, colourBottom, 1); if (0 < count) { for (i = 0; i < count; i++) { CGraphics::GetDisplayMode(i + mode, &width, &height, &depth); sprintf(CFrontend::m_stringDest, g_strDisplayModeFormat, width, height, depth); Font_DrawText(1, CFrontend::m_stringDest, (int)g_pGraphics->resX / 2, (i * 5 + 0x19) * 4, i + mode == pMenu->items[0].max ? (int *)g_colourWhite0x00524968 : (int *)g_colourText0x0052496c, 10); } } FrontendDraw_Carousel(FrontendMenu_	CMR2Decomp/FrontendScreens.cpp	8529	void FUN_004e1d70(Menu *pMenu)	Draws the display-setup screen: title, the two percentage bars (display and mode) and the list of available modes.
0x004ed840	FUN_004ed840	FrontendMenu_UpdateNetworkSessionSetup	"Context: Network car-setup screen callback: keeps the transmission and car items in sync with the devices, and handles the ""player name"" text entry.; Body: { int key; BYTE b; char c; int i; unsigned int len; char *pc; DeviceInfo *pDevice; b = 1; if (g_unk0x00818ed0 != 0) { pDevice = CInput::GetAvailableDeviceRecord(0); if ((pDevice->field_0x8 & 8) == 0) { if ((pDevice->field_0x8 & 4) != 0) pMenu->cursor = pMenu->itemCount - 1; } else { pMenu->cursor = 1; } } if (g_unk0x00818ce8 != Menu_GetItem(pMenu, 1)->max) { RallyData_FUN_00408600(0, ((BYTE *)g_unk0x00818d18)[Menu_GetItem(pMenu, 1)->max]); FrontendNetwork_SendPlayerDescription(); g_unk0x00818ce8 = Menu_GetItem(pMenu, 1)->max; } if (g_unk0x00818ce0 != Menu_GetItem(pMenu, 2)->max) { FrontendChampionship_SetDriverEntryFlag(0, Menu_GetItem(pMenu, 2)->max); FrontendNetwork_SendPlayerDescription(); g_unk0x00818ce0 = Menu_GetItem(pMenu, 2)->max; } if (g_unk0x00818d00 != pMenu->cursor) { if (pMenu->items[pMenu->cursor].value != 0) { if (pMenu->items[g_unk0x00818d00].value == 0) { FrontendMenu_SetInputState(0); Menu_SetFlags(pMenu, 1, 1, 1, 1); } g_unk0x00818ed0 = 0; } else { Input_ClearCharacterQueue(); g_unk0x00818f14[0] = 0; g_unk0x00819028 = 0; g_unk0x00818ed0 = 1; FrontendMenu_SetInputState(1); Menu_SetFlags(pMenu, 0, 0, 0, 0); } g_unk0x00818d00 = pMenu->cursor; } Network_RebuildSessionPlayerList(); if (g_unk0x00818ed0 != 0 && Input_PopQueuedCharacter(&key)) { if (key == 8) { len = strlen((char *)g_unk0x00818f14); if (0 < (int)len) { g_unk0x00818f14[len - 1] = 0; g_unk0x00819028--; } } else if (key == 0xd) { if (g_unk0x00818f14[0] != 0) { NetworkChat_SendLine((char *)g_unk0x00818"	CMR2Decomp/FrontendScreens.cpp	8586	void FUN_004ed840(Menu *pMenu)	"Network car-setup screen callback: keeps the transmission and car items in sync with the devices, and handles the ""player name"" text entry."
0x004ed100	FUN_004ed100	FrontendMenu_UpdateNetworkSessionDetails	Context: Network car-setup screen callback: rebuilds the item ranges and mirrors the edited name string back into the menu entry.; Body: { int key; char c; int i; int n; unsigned int len; char *pc; char *pSrc; char *pDst; short value; if (Menu_GetItem(pMenu, 1)->max == 2 || Menu_GetItem(pMenu, 1)->max == 4) Menu_GetItem(pMenu, 2)->enabled = 0; else Menu_GetItem(pMenu, 2)->enabled = 1; if ((int)Network_GetSessionPlayerCount(-1) <= 6) Menu_GetItem(pMenu, 1)->min = 5; else Menu_GetItem(pMenu, 1)->min = 3; if (Menu_GetItem(pMenu, 1)->min <= Menu_GetItem(pMenu, 1)->max) Menu_GetItem(pMenu, 1)->max = Menu_GetItem(pMenu, 1)->min - 1; if (Menu_GetItem(pMenu, 1)->max >= 3) Menu_GetItem(pMenu, 3)->min = 5; else Menu_GetItem(pMenu, 3)->min = 7; if (Menu_GetItem(pMenu, 3)->min <= Menu_GetItem(pMenu, 3)->max) Menu_GetItem(pMenu, 3)->max = Menu_GetItem(pMenu, 3)->min - 1; value = pMenu->items[pMenu->cursor].value; if (value == 0) g_unk0x00818cdc = (char *)g_unk0x00818ebc; else if (value == 4) g_unk0x00818cdc = (char *)g_unk0x00818ef8; if (value == 0 || value == 4) { strcpy(CFrontend::m_stringDest, g_unk0x00818cdc); if (Input_PopQueuedCharacter(&key) != 0) { if (key != 8) { i = Font_GetTextWidth(1, (BYTE *)CFrontend::m_stringDest); len = strlen(CFrontend::m_stringDest); if ((int)(len - 1) < 0x13 && i < (int)(((g_pGraphics->resX < 0x400) - 1 & 0x54) + 0x8c)) { pc = strchr(g_strValidLetters, key); if (pc != NULL) { CFrontend::m_stringDest[len] = (char)key; CFrontend::m_stringDest[len + 1] = 0; Menu_PlaySoundId(1); } } } else { if (CFrontend::m_stringDest[0] != 0) { n = 2; len = strlen(CFrontend::m_stringDest); CFrontend::m_str	CMR2Decomp/FrontendScreens.cpp	8698	void FUN_004ed100(Menu *pMenu)	Network car-setup screen callback: rebuilds the item ranges and mirrors the edited name string back into the menu entry.
0x004db850	FUN_004db850	FrontendMenu_DrawArcadeChampionshipTransmission	"Context: Draws the network ""class"" selection screen: one row per class with its name and its two columns of allowed values.; Body: { short rect[4]; char *pTexts[2]; MenuItem *pItem; int *pColour; int *pLineColour; int *pShadow; int count; int baseY; int y; rect[0] = (short)((int)(g_pGraphics->resX * 100) / 0x280); rect[1] = 0; rect[2] = CFrontend::m_pAr640ATexture->width; rect[3] = CFrontend::m_pAr640ATexture->height; FrontendDraw_PlayTime(); pTexts[0] = CFrontend::GetTextString(0x94); pTexts[1] = CFrontend::GetTextString(0xc); FrontendDraw_MenuPath(pMenu, (int)(g_pGraphics->resX * 0x18) / 0x280, (int)(g_pGraphics->resY * 0x26) / 0x1e0, 1, 3, pTexts, 2); FrontendDraw_HelpText(CFrontend::GetTextString(0x57), 1); baseY = ((int)(g_pGraphics->resY * 0x38) / 0x1e0 + (int)(g_pGraphics->resY * 0x176) / 0x1e0) / 2 - (((int)(g_pGraphics->resY * 0x24) / 0x1e0) * pMenu->itemCount) / 2; if (pMenu->cursor == 0) { pColour = (int *)g_colourWhite0x00524968; pShadow = (int *)g_colourShadowWhite0x00524974; } else { pColour = (int *)g_colourText0x0052496c; pShadow = (int *)g_colourShadowText0x00524978; } g_unk0x008189a8[0] = (short)((int)(g_pGraphics->resX * 99) / 0x280); g_unk0x008189a8[1] = (short)baseY; g_unk0x008189a8[2] = (short)((int)(g_pGraphics->resX * 0x11a) / 0x280); g_unk0x008189a8[3] = 1; Sprite_FillRect((int)g_pGraphics + 0x150, g_unk0x008189a8, (BYTE *)pShadow, 1); g_unk0x008189a8[1] = g_unk0x008189a8[1] + 1; Sprite_FillRect((int)g_pGraphics + 0x150, g_unk0x008189a8, (BYTE *)pColour, 1); if (0 < pMenu->itemCount) { for (count = 0; count < pMenu->itemCount; count++) { pItem = &pMenu->items[count]; y = (int)(g_"	CMR2Decomp/FrontendScreens.cpp	8789	void FUN_004db850(Menu *pMenu)	"Draws the network ""class"" selection screen: one row per class with its name and its two columns of allowed values."
0x004e2610	FUN_004e2610	FrontendMenu_DrawSoundOptions	"Context: Draws the network ""car"" selection screen: one row per car with its name and the value columns, plus the highlight bars.; Body: { short rect[4]; MenuItem *pItem; Texture *pTexture; int *pColour; int *pLineColour; int *pShadow; int count; int baseY; int y; rect[0] = (short)((int)(g_pGraphics->resX * 100) / 0x280); rect[1] = 0; rect[2] = CFrontend::m_pAr640ATexture->width; rect[3] = CFrontend::m_pAr640ATexture->height; baseY = ((int)(g_pGraphics->resY * 8) / 0x1e0 + (int)(g_pGraphics->resY * 0x26) / 0x1e0 + (int)(g_pGraphics->resY * 0x180) / 0x1e0) / 2 - (((int)(g_pGraphics->resY * 0x24) / 0x1e0) * pMenu->itemCount) / 2; FrontendDraw_PlayTime(); FrontendDraw_MenuPath(pMenu, (int)(g_pGraphics->resX * 0x18) / 0x280, (int)(g_pGraphics->resY * 0x26) / 0x1e0, 1, 2, NULL, -1); if (pMenu->cursor == 0) { pColour = (int *)g_colourWhite0x00524968; pShadow = (int *)g_colourShadowWhite0x00524974; } else { pColour = (int *)g_colourText0x0052496c; pShadow = (int *)g_colourShadowText0x00524978; } g_unk0x008189a8[0] = (short)((int)(g_pGraphics->resX * 99) / 0x280); g_unk0x008189a8[2] = (short)((int)(g_pGraphics->resX * 0x11a) / 0x280); g_unk0x008189a8[3] = 1; g_unk0x008189a8[1] = (short)baseY; Sprite_FillRect((int)g_pGraphics + 0x150, g_unk0x008189a8, (BYTE *)pShadow, 1); g_unk0x008189a8[1] = g_unk0x008189a8[1] + 1; Sprite_FillRect((int)g_pGraphics + 0x150, g_unk0x008189a8, (BYTE *)pColour, 1); if (0 < pMenu->itemCount) { for (count = 0; count < pMenu->itemCount; count++) { pItem = &pMenu->items[count]; y = (int)(g_pGraphics->resY * 2) / 0x1e0 + (int)(g_pGraphics->resY * 0x12) / 0x1e0 + baseY + ((int)(g_pGraphics->resY"	CMR2Decomp/FrontendScreens.cpp	8886	void FUN_004e2610(Menu *pMenu)	"Draws the network ""car"" selection screen: one row per car with its name and the value columns, plus the highlight bars."
0x004e7120	FUN_004e7120	FrontendMenu_DrawProfileChampionshipRecords	"Context: Draws the network ""championship"" screen: the column headers and eight rows with the player, car, gearbox and time.; Body: { int order[8] = {6, 3, 1, 4, 0, 2, 5, 7}; BYTE *pBase; unsigned int *pFlags; unsigned int time; int i; int n; int x; int y; FrontendRecords_GetTableMode(); FrontendDraw_PlayTime(); FrontendDraw_MenuTitle(pMenu); g_unk0x008189a8[0] = (short)((int)(g_pGraphics->resX * 0x1e) / 0x280); g_unk0x008189a8[1] = (short)((int)(g_pGraphics->resY * 0xa0) / 0x1e0 - (int)(g_pGraphics->resY * 0x19) / 0x1e0); g_unk0x008189a8[2] = (short)((int)(g_pGraphics->resX * 0x280) / 0x280 - ((int)(g_pGraphics->resX * 0x1e) / 0x280) * 2); g_unk0x008189a8[3] = (short)((int)(g_pGraphics->resY * 0x19) / 0x1e0); Sprite_FillRect((int)g_pGraphics + 0x150, g_unk0x008189a8, g_colourShadowText0x00524978, 4); y = (int)(g_pGraphics->resY * 0x13) / 0x1e0 + ((int)(g_pGraphics->resY * 0xa0) / 0x1e0 - (int)(g_pGraphics->resY * 0x19) / 0x1e0); Font_DrawText(0, CFrontend::GetTextString(0x173), (int)(g_pGraphics->resX * 100) / 0x280, y, (int *)g_colourTitle0x00524984, 0x12); Font_DrawText(0, CFrontend::GetTextString(0x16b), (int)(g_pGraphics->resX * 0x109) / 0x280, y, (int *)g_colourTitle0x00524984, 0x12); Font_DrawText(0, CFrontend::GetTextString(0x16c), (int)(g_pGraphics->resX * 0x181) / 0x280, y, (int *)g_colourTitle0x00524984, 0x12); Font_DrawText(0, CFrontend::GetTextString(0x174), (int)(g_pGraphics->resX * 0x1b8) / 0x280, y, (int *)g_colourTitle0x00524984, 0x12); Font_DrawText(0, CFrontend::GetTextString(0x170), (int)(g_pGraphics->resX * 0x21c) / 0x280, y, (int *)g_colourTitle0x00524984, 0x12); g_unk0x008189a8[0] ="	CMR2Decomp/FrontendScreens.cpp	9390	void FUN_004e7120(Menu *pMenu)	"Draws the network ""championship"" screen: the column headers and eight rows with the player, car, gearbox and time."
0x004e7ed0	FUN_004e7ed0	FrontendMenu_DrawNetworkCarSetup	"Context: Draws the ""game setup"" screen: the breadcrumb title, one row per item with its icon and its label (text, stage list, gearbox or plain text).; Body: { short rect[4]; char *pTexts[3]; MenuItem *pItem; Texture *pTexture; int *pColour; int *pLineColour; int *pShadow; unsigned int value; int count; int baseY; int y; rect[0] = (short)((int)(g_pGraphics->resX * 100) / 0x280); rect[1] = 0; rect[2] = CFrontend::m_pAr640ATexture->width; rect[3] = CFrontend::m_pAr640ATexture->height; pTexts[0] = CFrontend::GetTextString(0x12); pTexts[1] = CFrontend::GetTextString(0x1d9); pTexts[2] = CFrontend::GetTextString(0x1db); FrontendDraw_Breadcrumb((int)(g_pGraphics->resX * 0x18) / 0x280, (int)(g_pGraphics->resY * 0x26) / 0x1e0, pTexts, 3); baseY = ((int)(g_pGraphics->resY * 8) / 0x1e0 + (int)(g_pGraphics->resY * 0x26) / 0x1e0 + (int)(g_pGraphics->resY * 0x180) / 0x1e0) / 2 - (((int)(g_pGraphics->resY * 0x24) / 0x1e0) * pMenu->itemCount) / 2; FrontendDraw_PlayTime(); if (pMenu->cursor == 0) { pColour = (int *)g_colourWhite0x00524968; pShadow = (int *)g_colourShadowWhite0x00524974; } else { pColour = (int *)g_colourText0x0052496c; pShadow = (int *)g_colourShadowText0x00524978; } g_unk0x008189a8[0] = (short)((int)(g_pGraphics->resX * 99) / 0x280); g_unk0x008189a8[2] = (short)((int)(g_pGraphics->resX * 0x11a) / 0x280); g_unk0x008189a8[3] = 1; g_unk0x008189a8[1] = (short)baseY; Sprite_FillRect((int)g_pGraphics + 0x150, g_unk0x008189a8, (BYTE *)pShadow, 1); g_unk0x008189a8[1] = g_unk0x008189a8[1] + 1; Sprite_FillRect((int)g_pGraphics + 0x150, g_unk0x008189a8, (BYTE *)pColour, 1); if (0 < pMenu->itemCount) { for (count = 0; count < pMenu->itemCoun"	CMR2Decomp/FrontendScreens.cpp	9469	void FUN_004e7ed0(Menu *pMenu)	"Draws the ""game setup"" screen: the breadcrumb title, one row per item with its icon and its label (text, stage list, gearbox or plain text)."
0x004f0820	FUN_004f0820	FrontendProfile_ApplyStageSelectionAndAdvance	Body: { Menu *pScreen; unsigned int index; BYTE result; if (FrontendRecords_GetProfileMode()) { FrontendProfile_SelectPlayerSlot(pMenu, param); return; } g_unk0x00819048++; switch (CGameInfo::GetConfiguredGameMode()) { case 4: pScreen = FrontendMenu_GetPaletteConfirmation(); break; case 5: pScreen = FrontendMenu_GetChampionshipRouteSelection(); break; case 6: pScreen = FrontendMenu_GetAlternateChampionshipRouteSelection(); break; case 7: pScreen = FrontendMenu_GetArcadeChampionshipRouteSelection(); break; default: pScreen = FrontendMenu_GetCarSetup(); } index = pMenu->items[0].max; if ((int)index < Profile_GetFileCount() && !FrontendProfile_IsAlreadyInChampionship(index)) { result = (BYTE)Profile_LoadAndLinkSavedRecord((CGameInfo::GetConfiguredPlayerCount() & 0xff) - (g_unk0x00819048 & 0xff), index); FUN_004eb000(CGameInfo::GetConfiguredPlayerCount() - g_unk0x00819048, 0); if (result != 0) { if (CGameInfo::GetGameModeOptionBit19() != 0) { Menu_SetNextAction((int)FrontendMenu_GetNetworkConnection()); g_unk0x00819048--; return; } Menu_SetParent(pScreen, FrontendMenu_GetMultiplayerProfile()); Menu_SetNextAction((int)pScreen); g_unk0x00819048--; return; } } else { Menu_PlaySoundId(3); } g_unk0x00819048--; }	CMR2Decomp/FrontendScreens.cpp	9579	void FUN_004f0820(Menu *pMenu, int param)	No source comment.
0x004d6f10	FUN_004d6f10	FrontendMenu_DrawProfileNameEntry	Context: Draws the name entry keyboard: the three rows of keys with the selected one highlighted and the name typed so far centred under them.; Body: { char name[4]; char text[2]; char *pText; MenuItem *pItem; int *pColour; unsigned char font; int len; int row; int col; int i; g_unk0x0081854c = g_unk0x00818274; if (g_unk0x008189a4 != 0) g_unk0x00818550 = CFrontend::GetTextString(RallyData_IsDriverRecordUsable((BYTE)FrontendProfile_GetCurrentPlayer()) ? 0xe5 : 0x17b); FrontendDraw_MenuPath(pMenu, PATH_X(), PATH_Y(), 1, 3, g_nameEntryPath0x0081854c, 2); FrontendDraw_PlayTime(); for (row = 0; row < 3; row++) { for (col = 0; col < 10; col++) { font = 2; if (row == 0) { sprintf(CFrontend::m_stringDest, g_strCharFormat0x00524d08, g_strNameRow0x005249a8[col]); } else if (row == 1) { sprintf(CFrontend::m_stringDest, g_strCharFormat0x00524d08, g_strNameRow0x005249b4[col]); } else { if (g_strNameRow0x005249c0[col] == '<') { font = 1; strcpy(CFrontend::m_stringDest, CFrontend::GetTextString(0x13f)); } else if (g_strNameRow0x005249c0[col] == '_') { font = 1; strcpy(CFrontend::m_stringDest, CFrontend::GetTextString(0x140)); } else { sprintf(CFrontend::m_stringDest, g_strCharFormat0x00524d08, g_strNameRow0x005249c0[col]); } } pItem = &pMenu->items[pMenu->cursor]; pColour = (int *)g_colourWhite0x00524968; if (col != pItem->max || row != pItem->value) pColour = (int *)g_colourText0x0052496c; if (g_strNameRow0x005249c0[col] == ' ' && row == 2) { g_unk0x008189a8[0] = (short)(((col + 2) * g_pGraphics->resX) / 0xe); g_unk0x008189a8[1] = (short)(((int)(g_pGraphics->resY * 6)) / 8) - (short)(Font_GetTextHeight(font, CMain::m_logFileBlankLine) /	CMR2Decomp/FrontendScreens.cpp	9887	void FUN_004d6f10(Menu *pMenu)	Draws the name entry keyboard: the three rows of keys with the selected one highlighted and the name typed so far centred under them.
0x004d7380	FUN_004d7380	FrontendMenu_DrawProfileRenameEntry	Context: Draws the championship name entry screen: the keyboard grid, and under it the name of the current record with the characters not typed yet scrambled.; Body: { char *text[2]; char ch[2]; MenuItem *pItem; int *pColour; unsigned char font; int row; int col; int i; text[0] = g_unk0x00818274; text[1] = CFrontend::GetTextString(0x17b); FrontendDraw_MenuPath(pMenu, PATH_X(), PATH_Y(), 1, 3, text, 2); FrontendDraw_PlayTime(); for (row = 0; row < 3; row++) { for (col = 0; col < 10; col++) { font = 2; if (row == 0) { sprintf(CFrontend::m_stringDest, g_strCharFormat0x00524d08, g_strNameRow0x005249a8[col]); } else if (row == 1) { sprintf(CFrontend::m_stringDest, g_strCharFormat0x00524d08, g_strNameRow0x005249b4[col]); } else { if (g_strNameRow0x005249c0[col] == '<') { font = 1; strcpy(CFrontend::m_stringDest, CFrontend::GetTextString(0x13f)); } else if (g_strNameRow0x005249c0[col] == '_') { font = 1; strcpy(CFrontend::m_stringDest, CFrontend::GetTextString(0x140)); } else { sprintf(CFrontend::m_stringDest, g_strCharFormat0x00524d08, g_strNameRow0x005249c0[col]); } } pItem = &pMenu->items[pMenu->cursor]; pColour = (int *)g_colourWhite0x00524968; if (col != pItem->max || row != pItem->value) pColour = (int *)g_colourText0x0052496c; if (g_strNameRow0x005249c0[col] == ' ' && row == 2) { g_unk0x008189a8[0] = (short)(((col + 2) * g_pGraphics->resX) / 0xe); g_unk0x008189a8[1] = (short)((int)(g_pGraphics->resY * 6) / 8) - (short)(Font_GetTextHeight(font, CMain::m_logFileBlankLine) / 2); g_unk0x008189a8[2] = (short)(g_pGraphics->resX / 0xe); g_unk0x008189a8[3] = (short)(Font_GetTextHeight(font, CMain::m_logFileBlankLine) / 2); Frontend_DrawRectangleO	CMR2Decomp/FrontendScreens.cpp	10095	void FUN_004d7380(Menu *pMenu)	Draws the championship name entry screen: the keyboard grid, and under it the name of the current record with the characters not typed yet scrambled.
0x004d8480	FUN_004d8480	FrontendMenu_DrawSavedStageSelection	Context: Draws the stage selection screen: the rally name and date, the record car of the selected stage and the list of the stages of the rally.; Body: { short rect[4]; char name[4]; char *text[2]; int *pColour; int baseY; int x; int i; rect[0] = (short)((int)(g_pGraphics->resX * 100) / 0x280); rect[1] = 0; rect[2] = CFrontend::m_pAr640ATexture->width; rect[3] = CFrontend::m_pAr640ATexture->height; FrontendDraw_PlayTime(); sprintf(g_str0x008188a4, CFrontend::GetTextString(0xdc), (CGameInfo::GetConfiguredPlayerCount() & 0xff) - FrontendProfile_GetPlayersRemaining()); strcpy(name, (char *)RallyData_GetRecord(CGameInfo::GetConfiguredPlayerCount() - 1 - FrontendProfile_GetPlayersRemaining())); text[0] = g_str0x008188a4; text[1] = name; FrontendDraw_MenuPath(pMenu, PATH_X(), PATH_Y(), 1, 3, text, 2); baseY = ((int)(g_pGraphics->resY * 0x38) / 0x1e0 + (int)(g_pGraphics->resY * 0x176) / 0x1e0) / 2 - (((int)(g_pGraphics->resY * 0x24) / 0x1e0) * pMenu->itemCount) / 2; g_unk0x008189a8[0] = (short)((int)(g_pGraphics->resX * 99) / 0x280); g_unk0x008189a8[1] = (short)baseY; g_unk0x008189a8[2] = (short)((int)(g_pGraphics->resX * 0x11a) / 0x280); g_unk0x008189a8[3] = 1; Sprite_FillRect((int)g_pGraphics + 0x150, g_unk0x008189a8, (BYTE *)g_colourShadowWhite0x00524974, 1); g_unk0x008189a8[1] = g_unk0x008189a8[1] + 1; Sprite_FillRect((int)g_pGraphics + 0x150, g_unk0x008189a8, (BYTE *)g_colourWhite0x00524968, 1); rect[1] = (short)((int)(g_pGraphics->resY * 0x14) / 0x1e0) - CFrontend::m_pAr640ATexture->height / 2 + (short)baseY; Sprite_Queue((SpriteRect *)&CFrontend::m_pAr640ATexture->field_0x11c, (SpriteRect *)rect, CFrontend::m_pAr640ATexture,	CMR2Decomp/FrontendScreens.cpp	10166	void FUN_004d8480(Menu *pMenu)	Draws the stage selection screen: the rally name and date, the record car of the selected stage and the list of the stages of the rally.
0x004d50a0	FUN_004d50a0	FrontendMenu_DrawProfileRecordsSummary	Context: Draws the multiplayer entry screen: breadcrumb and play time, the three driver columns with their flags, the three car rows and the bottom row of stage options, laying everything out from the current screen size (the flag sprite is 0x12x0xc, 0x1c/0x12 in the 1024 mode). original usa cmp eax,0x400 / jb); el resto es reordenado de los bloques de division por constante y reparto de registros, con las mismas llamadas y constantes.; Body: { SpriteRect src; char *text[4]; int i; int j; src.x = 0; src.y = 0; src.w = 0x12; src.h = 0xc; if (CGameInfo::GetScreenWidth() >= 0x400) { if (CFrontend::IsTextureWidthSupported(0x400) != 0) { if (CFrontend::IsTextureHeightSupported(0x400) != 0) { src.w = 0x1c; src.h = 0x12; } } } text[0] = CFrontend::GetTextString(0xb); text[1] = CFrontend::GetTextString(0x59); text[2] = (char *)RallyData_GetRecord(0); text[3] = CFrontend::GetTextString(pMenu->field_0x4); FrontendDraw_Breadcrumb((int)(g_pGraphics->resX * 0x18) / 0x280, (int)(g_pGraphics->resY * 0x26) / 0x1e0, text, 4); FrontendDraw_PlayTime(); Font_DrawText(1, CFrontend::GetTextString(0xc), (int)g_pGraphics->resX / 2, (int)(g_pGraphics->resY * 0x46) / 0x1e0, (int *)g_colourWhite0x00524968, 0x12); for (i = 0; i < 3; i++) { FrontendDraw_MatrixMedalRect(((int)g_pGraphics->resX / 4) * (i + 1), (int)(g_pGraphics->resY * 0x19) / 0x1e0 + (int)(g_pGraphics->resY * 0x46) / 0x1e0, RallyData_GetCategoryDisplaySetting(0, i)); Font_DrawText(1, CFrontend::GetTextString(i + 0xd0), ((int)g_pGraphics->resX / 4) * (i + 1), (int)(g_pGraphics->resY * 0x19) / 0x1e0 + (int)(g_pGraphics->resY * 0x46) / 0x1e0 - (int)(g_pGraphics->resY * 4) / 0x1e0, (int *)g_colourText0x0052496c, 0x22); } Font_DrawText(1, CFrontend::GetTextString(0xd), (int)g_pGraphics->resX / 2, (int)(g_pGraphics->resY * 0xa0) / 0x1e0, (int *)g_colourWhite0x00524968, 0x12); for (i = 0; i < 3; i++) { Font_DrawText(1, CFrontend::GetTextString(i + 0xd0), (int)(g_pGraphics->resX * 0xb	CMR2Decomp/FrontendScreens.cpp	10314	void FUN_004d50a0(Menu *pMenu)	Draws the multiplayer entry screen: breadcrumb and play time, the three driver columns with their flags, the three car rows and the bottom row of stage options, laying everything out from the current screen size (the flag sprite is 0x12x0xc, 0x1c/0x12 in the 1024 mode). original usa cmp eax,0x400 / jb); el resto es reordenado de los bloques de division por constante y reparto de registros, con las mismas llamadas y constantes.
0x004efb70	FUN_004efb70	FrontendMenu_EnableRallyStageRows	Context: Enables the rally rows of the stage list from the current session flags and selects the first enabled row.; Body: { unsigned int *pInfo; int limit; RallyData_SetCountrySelectionBits(pMenu->cursor); if (CGameInfo::GetConfiguredGameMode() == 2) FUN_004efe60((int)pMenu, param, 0); if (CGameInfo::GetConfiguredGameMode() == 1) { RallyData_SetStageSelectionAndRefreshFlags(0); Menu_SetNextAction((int)FrontendMenu_GetRallyStartTransition()); GameInfo_ResetSessionTimestamp(); return; } limit = 1; pInfo = CGameInfo::GetGameInfoField9CAddress(); memset(g_unk0x00819130, 1, 11); if (CGameInfo::IsRecordFlagSet(0xd) != 0) { if ((BYTE)RallyDataCountryIndex() % 2 != 0) { FrontendMenu_GetRallyStageSelection()->itemCount = 0xb; } else { g_unk0x00819130[10] = 0xff; FrontendMenu_GetRallyStageSelection()->itemCount = 10; } } else { if ((BYTE)(*pInfo >> 8 & 0xf) >= (BYTE)RallyDataCountryIndex() + 1) limit = 4; if ((BYTE)(*pInfo >> 0xc & 0xf) >= (BYTE)RallyDataCountryIndex() + 1) limit = 8; if ((BYTE)RallyDataCountryIndex() + 1 <= (BYTE)(*pInfo >> 0x10 & 0xf) && (*pInfo & 1) != 0) limit = 10; if (limit < 11) memset(&g_unk0x00819130[limit], 0, 11 - limit); if (CGameInfo::GetConfiguredGameMode() == 2) { switch (CGameInfo::GetConfiguredDifficulty()) { case 0: memset(&g_unk0x00819130[4], 0, 6); break; case 1: memset(&g_unk0x00819130[8], 0, 2); break; } } if ((BYTE)RallyDataCountryIndex() % 2 != 0) { if (((1 << ((BYTE)RallyDataCountryIndex() + 1) / 2 - 1) & pInfo[1] & 0x1f) != 0 || (((pInfo[1] >> 5) & 0x1f) & (1 << ((BYTE)RallyDataCountryIndex() + 1) / 2 - 1)) != 0) { g_unk0x00819130[10] = 1; } else { g_unk0x0081913	CMR2Decomp/FrontendScreens.cpp	10480	void FUN_004efb70(Menu *pMenu, int param)	Enables the rally rows of the stage list from the current session flags and selects the first enabled row.
0x004d7db0	FUN_004d7db0	FrontendMenu_DrawCarSetup	Context: Draws the car page: the breadcrumbs, the front and back pictures of the selected car and its three performance bars. EDI en vez de EBX, y la textura al reves) y el orden de algunas cargas; la logica y todos los operandos coinciden.; Body: { short (*pRects)[4]; char label[4]; char *names[2]; Texture *pTexture; SpriteRect dst; SpriteRect src; int speed; int accel; int grip; short height; int x; if (CGameInfo::GetScreenWidth() < 0x400 || CFrontend::IsTextureWidthSupported(0x400) == 0 || CFrontend::IsTextureHeightSupported(0x400) == 0) pRects = g_unk0x00524a28; else pRects = g_unk0x00524ad8; FrontendDraw_PlayTime(); sprintf(g_str0x008188a4, CFrontend::GetTextString(0xdc), (BYTE)CGameInfo::GetConfiguredPlayerCount() - (BYTE)FrontendProfile_GetPlayersRemaining()); strcpy(label, (char *)RallyData_GetRecord((BYTE)(0xff - (BYTE)FrontendProfile_GetPlayersRemaining() + (BYTE)CGameInfo::GetConfiguredPlayerCount()))); names[0] = g_str0x008188a4; names[1] = label; FrontendDraw_MenuPath(pMenu, PATH_X(), PATH_Y(), 1, 3, names, 2); FrontendDraw_ScrollerRow(FrontendScroller_GetRouteEntryScroller(), 1); if (CGameInfo::GetScreenWidth() >= 0x400 && CFrontend::IsTextureWidthSupported(0x400) && CFrontend::IsTextureHeightSupported(0x400)) height = 0x1ce; else height = 0xe8; pTexture = CFrontend::m_unk0x0081884c[g_unk0x008196e8[pMenu->cursor]]; if (pTexture != NULL) { src = *(SpriteRect *)((char *)pTexture + 0x11c); dst = *(SpriteRect *)((char *)pTexture + 0x11c); src.h = height; dst.h = height; dst.x = (int)(g_pGraphics->resX * 0x8e) / 0x280; dst.y = (int)(g_pGraphics->resY * 0x147) / 0x1e0 - height; dst.x -= dst.w / 2; Sprite_Queue(&src, &dst, pTexture, 1, 0, 0, NULL, g_colourWhite0x00524968, 8); } pTexture = CFrontend::m_unk0x00818	CMR2Decomp/FrontendScreens.cpp	10609	void FUN_004d7db0(Menu *pMenu)	Draws the car page: the breadcrumbs, the front and back pictures of the selected car and its three performance bars. EDI en vez de EBX, y la textura al reves) y el orden de algunas cargas; la logica y todos los operandos coinciden.
0x004d8950	FUN_004d8950	FrontendMenu_DrawPaletteSelection	Body: { short (*pRects)[4]; char label[4]; char *names[2]; Texture *pTexture; SpriteRect dst; SpriteRect src; int speed; int accel; int grip; short height; int x; if (CGameInfo::GetScreenWidth() < 0x400 || CFrontend::IsTextureWidthSupported(0x400) == 0 || CFrontend::IsTextureHeightSupported(0x400) == 0) pRects = g_unk0x00524a28; else pRects = g_unk0x00524ad8; FrontendDraw_PlayTime(); sprintf(g_str0x008188a4, CFrontend::GetTextString(0xdc), (BYTE)CGameInfo::GetConfiguredPlayerCount() - (BYTE)FrontendProfile_GetPlayersRemaining()); strcpy(label, (char *)RallyData_GetRecord((BYTE)(0xff - (BYTE)FrontendProfile_GetPlayersRemaining() + (BYTE)CGameInfo::GetConfiguredPlayerCount()))); names[0] = g_str0x008188a4; names[1] = label; FrontendDraw_MenuPath(pMenu, PATH_X(), PATH_Y(), 1, 3, names, 2); FrontendDraw_ScrollerRow(FrontendScroller_GetRouteEntryScroller(), 1); if (CGameInfo::GetScreenWidth() >= 0x400 && CFrontend::IsTextureWidthSupported(0x400) && CFrontend::IsTextureHeightSupported(0x400)) height = 0x1ce; else height = 0xe8; pTexture = CFrontend::m_unk0x0081884c[g_unk0x008196e8[pMenu->cursor]]; if (pTexture != NULL) { src = *(SpriteRect *)((char *)pTexture + 0x11c); dst = *(SpriteRect *)((char *)pTexture + 0x11c); src.h = height; dst.h = height; dst.x = (int)(g_pGraphics->resX * 0x8e) / 0x280; dst.y = (int)(g_pGraphics->resY * 0x147) / 0x1e0 - height; dst.x -= dst.w / 2; Sprite_Queue(&src, &dst, pTexture, 1, 0, 0, NULL, g_colourWhite0x00524968, 8); } pTexture = CFrontend::m_unk0x00818	CMR2Decomp/FrontendScreens.cpp	10686	void FUN_004d8950(Menu *pMenu)	No source comment.
0x004d9c40	FUN_004d9c40	FrontendMenu_DrawRallySummary	Context: Draws the rally summary screen: the event banner and the menu path, the stage name with its distance, surface and severity, the record time of the selected stage and one row per stage of the rally with its record time.; Body: { char *text[2]; BYTE *table; unsigned int country; unsigned int time; BYTE rating[2]; int column; int x; int y; int width; int count; int limit; int i; int n; country = RallyDataCountryIndex() & 0xff; column = pMenu->cursor; switch (CGameInfo::GetConfiguredGameMode()) { case 2: text[0] = CFrontend::GetTextString(0xe7); text[1] = CFrontend::GetTextString(0xf); break; case 3: text[0] = CFrontend::GetTextString(0xe7); text[1] = CFrontend::GetTextString(0x10); break; } FrontendDraw_ScrollerRow(FrontendScroller_GetDisplayDeviceScroller(), 1); FrontendDraw_PlayTime(); FrontendDraw_MenuPath(pMenu, (int)(g_pGraphics->resX * 0x18) / 0x280, (int)(g_pGraphics->resY * 0x26) / 0x1e0, 1, 3, text, 2); if (CFrontend::m_pSetupRepBanners[RallyDataCountryIndex() & 0xff] != NULL) { g_unk0x008189a8[0] = (short)((int)(g_pGraphics->resX * 0x19f) / 0x280); g_unk0x008189a8[1] = (short)((int)(g_pGraphics->resY * 0x4b) / 0x1e0); g_unk0x008189a8[2] = CFrontend::m_pSetupRepBanners[RallyDataCountryIndex() & 0xff]->width; g_unk0x008189a8[3] = CFrontend::m_pSetupRepBanners[RallyDataCountryIndex() & 0xff]->height; Sprite_Queue((SpriteRect *)&CFrontend::m_pSetupRepBanners[RallyDataCountryIndex() & 0xff]->field_0x11c, (SpriteRect *)g_unk0x008189a8, CFrontend::m_pSetupRepBanners[RallyDataCountryIndex() & 0xff], 1, 0, NULL, NULL, g_colourWhite0x00524968, 8); } FUN_004d5de0(pMenu->cursor, 0); x = (int)(g_pGraphics->resX * 0x19f) / 0x280; y = (int)(g_pGraphics->resY * 0x4b) / 0x1e0 + (int)(g_pGraphics->resY * 0x5	CMR2Decomp/FrontendScreens.cpp	10876	void FUN_004d9c40(Menu *pMenu)	Draws the rally summary screen: the event banner and the menu path, the stage name with its distance, surface and severity, the record time of the selected stage and one row per stage of the rally with its record time.
0x004dbd80	FUN_004dbd80	FrontendMenu_DrawRallyReport	Context: Draws the rally report screen: the country banner of the selected rally, its name, the surface/distances of the event, the record time and holder of the selected stage, the class rows of the event and the times of every drawn driver.; Body: { int order[8] = { 6, 3, 1, 4, 0, 2, 5, 7 }; BYTE *table; int x; int y; int width; int shown; int i; int count; int w; BYTE v0; BYTE v1; unsigned int time; RallyDataCountryIndex(); g_unk0x008189a8[0] = (short)((int)(g_pGraphics->resX * 0x19f) / 0x280); g_unk0x008189a8[1] = (short)((int)(g_pGraphics->resY * 0x4b) / 0x1e0); g_unk0x008189a8[2] = CFrontend::m_pSetupRepBanners[order[pMenu->cursor]]->width; g_unk0x008189a8[3] = CFrontend::m_pSetupRepBanners[order[pMenu->cursor]]->height; Sprite_Queue((SpriteRect *)&CFrontend::m_pSetupRepBanners[order[pMenu->cursor]]->field_0x11c, (SpriteRect *)g_unk0x008189a8, CFrontend::m_pSetupRepBanners[order[pMenu->cursor]], 1, 0, NULL, NULL, (BYTE *)g_colourWhite0x00524968, 8); FUN_004d5de0(pMenu->cursor, 1); x = (int)(g_pGraphics->resX * 0x19f) / 0x280; y = (int)(g_pGraphics->resY * 0x4b) / 0x1e0 + (int)(g_pGraphics->resY * 0x50) / 0x1e0; sprintf(CFrontend::m_stringDest, g_strLabelText, CFrontend::GetTextString(0x18b), FrontendRecords_GetEventName(pMenu->cursor)); Font_DrawText(1, CFrontend::m_stringDest, x, y, (int *)g_colourText0x0052496c, 0x21); y += (int)(g_pGraphics->resY * 0x10) / 0x1e0; v0 = FrontendRecords_GetEventEntry(pMenu->cursor)[0]; v1 = FrontendRecords_GetEventEntry(pMenu->cursor)[1]; if (v1 == 0) sprintf(CFrontend::m_stringDest, g_str0x00524d2c, CFrontend::GetTextString(0x18c), v0); else sprintf(CFrontend::m_stringDest, g_str0x00524d20, CFrontend::GetTextString(0x18c), v0, v1); strcat(CFrontend::m_stringDest, g_str0x00524d1c);	CMR2Decomp/FrontendScreens.cpp	11028	void FUN_004dbd80(Menu *pMenu)	Draws the rally report screen: the country banner of the selected rally, its name, the surface/distances of the event, the record time and holder of the selected stage, the class rows of the event and the times of every drawn driver.
0x004dfe20	FUN_004dfe20	FrontendMenu_DrawGraphicsOptions	Context: Draw callback of the video options screen: one row per item, the content of each row depending on the item value (driver list, resolution, device...).; Body: { char description[80]; char name[80]; short icon[4]; BYTE *pColour; BYTE *pSelected; BYTE *pUnselected; BYTE *pShadow; MenuItem *pItem; int textId; int width; int y0; int x; int i; int j; icon[1] = 0; icon[0] = (int)(g_pGraphics->resX * 100) / 640; icon[2] = CFrontend::m_pAr640ATexture->width; icon[3] = CFrontend::m_pAr640ATexture->height; y0 = ((int)(g_pGraphics->resY * 8) / 480 + (int)(g_pGraphics->resY * 38) / 480 + (int)(g_pGraphics->resY * 384) / 480) / 2 - (int)(g_pGraphics->resY * 36) / 480 * pMenu->itemCount / 2; FrontendDraw_PlayTime(); FrontendDraw_MenuPath(pMenu, (int)(g_pGraphics->resX * 24) / 640, (int)(g_pGraphics->resY * 38) / 480, 1, 2, NULL, -1); if (pMenu->cursor == 0) { pColour = g_colourWhite0x00524968; pShadow = g_colourShadowWhite0x00524974; } else { pShadow = g_colourShadowText0x00524978; pColour = g_colourText0x0052496c; } g_unk0x008189a8[0] = (int)(g_pGraphics->resX * 99) / 640; g_unk0x008189a8[2] = (int)(g_pGraphics->resX * 282) / 640; g_unk0x008189a8[3] = 1; g_unk0x008189a8[1] = y0; Sprite_FillRect((int)g_pGraphics + 0x150, g_unk0x008189a8, pShadow, 1); g_unk0x008189a8[1]++; Sprite_FillRect((int)g_pGraphics + 0x150, g_unk0x008189a8, pColour, 1); i = 0; pItem = pMenu->items; if (pMenu->itemCount > 0) { do { x = (int)(g_pGraphics->resX * 0x7a) / 640; icon[1] = (int)(g_pGraphics->resY * 2) / 480 + (int)(g_pGraphics->resY * 18) / 480 + y0 + ((int)(g_pGraphics->resY * 36) / 480 * i - CFrontend::m_pAr640ATexture->height / 2); if (pMenu->cursor == i) { pC	CMR2Decomp/FrontendScreens.cpp	11150	void FUN_004dfe20(Menu *pMenu)	Draw callback of the video options screen: one row per item, the content of each row depending on the item value (driver list, resolution, device...).
0x004dce00	FUN_004dce00	FrontendMenu_DrawNetworkSessionDetails	Context: Draws a settings list page: the menu path, the framed title and one row per menu item with the label built from the item value and the separator line under the row.; Body: { SpriteRect rect; MenuItem *pItem; char *pText; BYTE *pColour; BYTE *pLineColour; BYTE *pLineShadow; int top; int i; rect.x = (int)(g_pGraphics->resX * 100) / 640; rect.y = 0; rect.w = CFrontend::m_pAr640ATexture->width; rect.h = CFrontend::m_pAr640ATexture->height; top = ((int)(g_pGraphics->resY * 8) / 0x1e0 + (int)(g_pGraphics->resY * 0x26) / 0x1e0 + (int)(g_pGraphics->resY * 0x180) / 0x1e0) / 2 - ((int)(g_pGraphics->resY * 0x24) / 0x1e0 * pMenu->itemCount) / 2; FrontendDraw_PlayTime(); FrontendDraw_MenuPath(pMenu, PATH_X(), PATH_Y(), 1, 2, NULL, -1); if (pMenu->cursor == 0) { pLineColour = g_colourWhite0x00524968; pLineShadow = g_colourShadowWhite0x00524974; } else { pLineColour = g_colourText0x0052496c; pLineShadow = g_colourShadowText0x00524978; } g_unk0x008189a8[0] = (int)(g_pGraphics->resX * 99) / 640; g_unk0x008189a8[2] = (int)(g_pGraphics->resX * 0x11a) / 0x280; g_unk0x008189a8[3] = 1; g_unk0x008189a8[1] = top; Sprite_FillRect((int)g_pGraphics + 0x150, g_unk0x008189a8, pLineShadow, 1); g_unk0x008189a8[1]++; Sprite_FillRect((int)g_pGraphics + 0x150, g_unk0x008189a8, pLineColour, 1); i = 0; pItem = pMenu->items; if (pMenu->itemCount > 0) { do { rect.y = (int)(g_pGraphics->resY * 2) / 0x1e0 + (int)(g_pGraphics->resY * 0x12) / 0x1e0 + top + ((int)(g_pGraphics->resY * 0x24) / 0x1e0 * i - CFrontend::m_pAr640ATexture->height / 2); if (pMenu->cursor == i) { pColour = g_colourWhite0x00524968; Sprite_Queue((SpriteRect *)&CFrontend::m_pAr640ATexture->field_0x11c, &rect, CFront	CMR2Decomp/FrontendScreens.cpp	11338	void FUN_004dce00(Menu *pMenu)	Draws a settings list page: the menu path, the framed title and one row per menu item with the label built from the item value and the separator line under the row.
0x004e77c0	FUN_004e77c0	FrontendMenu_DrawNetworkPlayerSetup	Context: Draws the session setup screen: the breadcrumb and play time, the row highlight strip, one row per item (its label, plus for the player count the allowed player numbers) and the carousel.; Body: { SpriteRect rect; char *names[11]; char *text[3]; MenuItem *pItem; char **pName; BYTE *pColour; BYTE *pLineColour; BYTE *pLineShadow; int x; BYTE flags; int index; int j; int top; int i; rect.x = (int)(g_pGraphics->resX * 100) / 640; rect.y = 0; rect.w = CFrontend::m_pAr640ATexture->width; rect.h = CFrontend::m_pAr640ATexture->height; names[0] = g_strSessionPlayers1; names[1] = g_strSessionPlayers2; names[2] = g_strSessionPlayers3; names[3] = g_strSessionPlayers4; names[4] = g_strSessionPlayers5; names[5] = g_strSessionPlayers6; names[6] = g_strSessionPlayers7; names[7] = g_strSessionPlayers8; names[8] = g_strSessionPlayers9; names[9] = g_strSessionPlayers10; names[10] = g_strFlagSS; text[0] = CFrontend::GetTextString(0x12); text[1] = CFrontend::GetTextString(0x1d9); text[2] = CFrontend::GetTextString(0x1da); FrontendDraw_Breadcrumb((int)(g_pGraphics->resX * 0x18) / 0x280, (int)(g_pGraphics->resY * 0x26) / 0x1e0, text, 3); top = ((int)(g_pGraphics->resY * 8) / 0x1e0 + (int)(g_pGraphics->resY * 0x26) / 0x1e0 + (int)(g_pGraphics->resY * 0x180) / 0x1e0) / 2 - ((int)(g_pGraphics->resY * 0x24) / 0x1e0 * pMenu->itemCount) / 2; FrontendDraw_PlayTime(); if (pMenu->cursor == 0) { pLineColour = g_colourWhite0x00524968; pLineShadow = g_colourShadowWhite0x00524974; } else { pLineColour = g_colourText0x0052496c; pLineShadow = g_colourShadowText0x00524978; } g_unk0x008189a8[0] = (int)(g_pGraphics->resX * 99) / 640; g_unk0x008189a8[1] = top; g_unk0x008189a8[2] = (int)(g_pGraphics->resX * 0	CMR2Decomp/FrontendScreens.cpp	11480	void FUN_004e77c0(Menu *pMenu)	Draws the session setup screen: the breadcrumb and play time, the row highlight strip, one row per item (its label, plus for the player count the allowed player numbers) and the carousel.
0x004e8500	FUN_004e8500	FrontendMenu_DrawNetworkRallySetup	Body: { short rect[4]; int i; int top; char *texts[3]; char buffer[100]; MenuItem *pItem; char *pText; BYTE *pColour; BYTE *pLineColour; BYTE *pLineShadow; rect[0] = (int)(g_pGraphics->resX * 100) / 640; rect[1] = 0; rect[2] = CFrontend::m_pAr640ATexture->width; rect[3] = CFrontend::m_pAr640ATexture->height; texts[0] = CFrontend::GetTextString(0x12); texts[1] = CFrontend::GetTextString(0x1d9); texts[2] = CFrontend::GetTextString(0x1dd); FrontendDraw_Breadcrumb((int)(g_pGraphics->resX * 0x18) / 0x280, (int)(g_pGraphics->resY * 0x26) / 0x1e0, texts, 3); top = ((int)(g_pGraphics->resY * 8) / 0x1e0 + (int)(g_pGraphics->resY * 0x26) / 0x1e0 + (int)(g_pGraphics->resY * 0x180) / 0x1e0) / 2 - ((int)(g_pGraphics->resY * 0x24) / 0x1e0 * pMenu->itemCount) / 2; FrontendDraw_PlayTime(); if (pMenu->cursor == 0) { pLineColour = g_colourWhite0x00524968; pLineShadow = g_colourShadowWhite0x00524974; } else { pLineColour = g_colourText0x0052496c; pLineShadow = g_colourShadowText0x00524978; } g_unk0x008189a8[1] = top; g_unk0x008189a8[0] = (int)(g_pGraphics->resX * 99) / 640; g_unk0x008189a8[2] = (int)(g_pGraphics->resX * 0x11a) / 0x280; g_unk0x008189a8[3] = 1; Sprite_FillRect((int)g_pGraphics + 0x150, g_unk0x008189a8, pLineShadow, 1); g_unk0x008189a8[1]++; Sprite_FillRect((int)g_pGraphics + 0x150, g_unk0x008189a8, pLineColour, 1); i = 0; pItem = pMenu->items; if (pMenu->itemCount > 0) { do { rect[1] = (int)(g_pGraphics->resY * 2) / 0x1e0 + (int)(g_pGraphics->resY * 0x12) / 0x1e0 + top + ((int)(g_pGrap	CMR2Decomp/FrontendScreens.cpp	11619	void FUN_004e8500(Menu *pMenu)	No source comment.
0x004e90f0	FUN_004e90f0	FrontendMenu_DrawNetworkExtendedStageSetup	Context: Draws the race-settings list: breadcrumb, framed title, one row per item (row sprite plus its label/value) and the carousel arrows.; Body: { SpriteRect rect; char *text[3]; BYTE *pColour; BYTE *pLineColour; BYTE *pLineShadow; MenuItem *pItem; char buffer[100]; int top; int i; rect.x = (int)(g_pGraphics->resX * 100) / 640; rect.y = 0; rect.w = CFrontend::m_pAr640ATexture->width; rect.h = CFrontend::m_pAr640ATexture->height; text[0] = CFrontend::GetTextString(0x12); text[1] = CFrontend::GetTextString(0x1d9); text[2] = CFrontend::GetTextString(0xd8); FrontendDraw_Breadcrumb((int)(g_pGraphics->resX * 0x18) / 0x280, (int)(g_pGraphics->resY * 0x26) / 0x1e0, text, 3); top = ((int)(g_pGraphics->resY * 8) / 0x1e0 + (int)(g_pGraphics->resY * 0x26) / 0x1e0 + (int)(g_pGraphics->resY * 0x180) / 0x1e0) / 2 - ((int)(g_pGraphics->resY * 0x24) / 0x1e0 * pMenu->itemCount) / 2; FrontendDraw_PlayTime(); if (pMenu->cursor == 0) { pLineColour = g_colourWhite0x00524968; pLineShadow = g_colourShadowWhite0x00524974; } else { pLineColour = g_colourText0x0052496c; pLineShadow = g_colourShadowText0x00524978; } g_unk0x008189a8[0] = (int)(g_pGraphics->resX * 99) / 640; g_unk0x008189a8[1] = top; g_unk0x008189a8[2] = (int)(g_pGraphics->resX * 0x11a) / 0x280; g_unk0x008189a8[3] = 1; Sprite_FillRect((int)g_pGraphics + 0x150, g_unk0x008189a8, pLineShadow, 1); g_unk0x008189a8[1]++; Sprite_FillRect((int)g_pGraphics + 0x150, g_unk0x008189a8, pLineColour, 1); i = 0; pItem = pMenu->items; if (pMenu->itemCount > 0) { do { rect.y = (int)(g_pGraphics->resY * 2) / 0x1e0 + (int)(g_pGraphics->resY * 0x12) / 0x1e0 + top + ((int)(g_pGraphics->resY * 0x24) / 0	CMR2Decomp/FrontendScreens.cpp	11730	void FUN_004e90f0(Menu *pMenu)	Draws the race-settings list: breadcrumb, framed title, one row per item (row sprite plus its label/value) and the carousel arrows.
0x004dd4b0	FUN_004dd4b0	FrontendMenu_DrawNetworkSessionSetup	Body: { BYTE colour[4]; BYTE *pColour; int i; int j; MenuItem *pItem; short panel[4]; SpriteRect rect; char *texts[4]; int order[8]; char *labels[11]; char buf[256]; int count; int top; BYTE *pLineColour; BYTE *pLineShadow; int width; colour[0] = 0xff; colour[1] = 0xff; colour[2] = 0xff; colour[3] = 0x20; panel[0] = (short)((int)(g_pGraphics->resX * 20) / 640); labels[0] = g_strNum1; labels[1] = g_keypad2; labels[2] = g_keypad3; labels[3] = g_keypad4; labels[4] = g_strNum5; labels[5] = g_keypad6; labels[6] = g_keypad7; labels[7] = g_keypad8; labels[8] = g_keypad9; labels[9] = g_strNum10; labels[10] = g_strFlagSS; panel[1] = (short)((int)(g_pGraphics->resY * 55) / 480); panel[2] = (short)((int)(g_pGraphics->resX * 425) / 640); panel[3] = (short)((int)(g_pGraphics->resY * 110) / 480); rect.x = (short)((int)(g_pGraphics->resX * 100) / 640); rect.y = 0; rect.w = CFrontend::m_pAr640ATexture->width; rect.h = CFrontend::m_pAr640ATexture->height; order[0] = 6; order[1] = 3; order[2] = 1; order[3] = 4; order[4] = 0; order[5] = 2; order[6] = 5; order[7] = 7; texts[0] = CFrontend::GetTextString(0x12); texts[1] = CGameInfo::GetCodeEntryText((CGameInfo::GetConfiguredGameMode() & 0xff) - 8); switch (CGameInfo::GetConfiguredGameMode() & 0xff) { case 8: sprintf(buf, CRegKey::m_regKeyPathFormatValue, CFrontend::GetTextString((RallyDataCountryIndex() & 0xff) + 0x27)); break; case 9: case 10: sprintf(buf, g_keypadFormat, CFrontend::GetTextString((RallyDataCountryIndex() & 0xff) + 0x27), labels[RallyD	CMR2Decomp/FrontendScreens.cpp	11939	void FUN_004dd4b0(Menu *pMenu)	No source comment.
0x004d0780	CGame::FUN_004d0780	DispatchFrontendResourceState	Body: { m_unk0x00523c5c = GetFrontendResourceMode(); if (m_unk0x00523c5c != m_unk0x00523c58) m_unk0x00523c58 = m_unk0x00523c5c; switch (m_unk0x00523c5c) { case 3: return FUN_0041b060(); case 2: return UpdateSecondaryCallbackMachine(); case 0: if (m_unk0x00817eb0) { RunStateUpdateCallbacks(&m_unk0x00817da0); RunStateRenderCallbacks(&m_unk0x00817da0); AdvanceCallbackStateTimers(&m_unk0x00817da0); return FALSE; } InitializeCallbackStateRecord(&m_unk0x00817d98, 0, 0xFF); InitializeCallbackStateMachine(&m_unk0x00817da0, 1, &m_unk0x00817d98, m_initializeGameGroupedFuncTable, &m_unk0x00523c18); m_unk0x00817eb0 = true; return FALSE; default: return FALSE; } }	CMR2Decomp/Game.cpp	150	BOOL CGame::FUN_004d0780(void)	No source comment.
0x004d0d30	FUN_004d0d30	Game_DrawFadingBootLabel	Context: Draws a boot/HUD label at (x, y) in a colour that fades out 2.5 s after the frame timer was last reset; unless flag is set it also fills the 2 pixel wide bar that follows the text. Returns the x after the bar.; Body: { int elapsed; int alpha; BYTE colour[8]; short rect[4]; colour[0] = 0xff; colour[1] = 0xff; colour[2] = 0xff; colour[3] = 0xff; elapsed = timeGetTime(); elapsed = elapsed - GameInfo_GetSessionTimestamp(); if (elapsed > 0x9c4) { if (elapsed > 0xfa0) alpha = 0; else alpha = 0xff - (int)(__int64)((float)(elapsed - 0x9c4) * g_netByteScale * g_unk0x00513ec8); } else { alpha = 0xff; } colour[0] = alpha; colour[1] = alpha; colour[2] = alpha; Font_DrawText(2, pText, x, y, (int *)colour, 0x11); if (flag == 0) { x += Font_GetTextWidth(2, (BYTE *)pText); x += (int)(g_pGraphics->resX * 10) / 0x280; rect[0] = (short)x; rect[2] = 2; rect[1] = (int)(g_pGraphics->resY * 200) / 0x1e0; rect[3] = (int)(g_pGraphics->resY * 60) / 0x1e0; Sprite_FillRect((int)g_pGraphics + 0x150, rect, colour + 4, 1); x += (int)(g_pGraphics->resX * 10) / 0x280; } return x; }	CMR2Decomp/Game.cpp	625	int FUN_004d0d30(int x, int y, char *pText, char flag)	Draws a boot/HUD label at (x, y) in a colour that fades out 2.5 s after the frame timer was last reset; unless flag is set it also fills the 2 pixel wide bar that follows the text. Returns the x after the bar.
0x0049c1c0	CGame::FUN_0049c1c0	PromoteCallbackEntryByRule	Context: Promotes entry index of the table to the given level when a rule of p->unk2 (terminated by 0xffffffff, 0xff bytes are wildcards) matches it with the given value; the rule's top byte becomes the entry's third byte.; Body: { unsigned int *pEntry; unsigned int *pRule; unsigned int entry; unsigned int rule; pEntry = (unsigned int *)&p->unk[index]; entry = *pEntry; if ((entry & 0x3000000) == 0x3000000 || (int)((entry >> 24) & 3) < level) { for (pRule = (unsigned int *)p->unk2;; pRule++) { rule = *pRule; if ((rule & 0xff) == 0xff && (rule & 0xff00) == 0xff00 && (rule & 0xff0000) == 0xff0000 && (rule & 0xff000000) == 0xff000000) break; if ((((rule ^ entry) & 0xff) == 0 || (rule & 0xff) == 0xff) && (((rule ^ entry) & 0xff00) == 0 || (rule & 0xff00) == 0xff00) && ((rule >> 16) & 0xff) == value) { entry = ((level & 3) << 24) | (entry & 0xfcffffff); *pEntry = entry; *pEntry = ((*pRule >> 8) & 0xff0000) | (entry & 0xff00ffff); return 1; } } } return 0; }	CMR2Decomp/Game.cpp	1218	int CGame::FUN_0049c1c0(Unk0049c2c0 *p, BYTE index, BYTE value, int level)	Promotes entry index of the table to the given level when a rule of p->unk2 (terminated by 0xffffffff, 0xff bytes are wildcards) matches it with the given value; the rule's top byte becomes the entry's third byte.
0x0041b060	CGame::FUN_0041b060	UpdateInRaceCallbackMachine	Context: Entry point of the in-race state machine: on the first frame it builds the callback group of the current in-race mode, on later frames it only dispatches the transition of the current state.  The logic is faithful; the remaining gap is codegen shape. Exact differences against the original (643 bytes): 1. switch block layout (the bulk). The original puts the switch epilogue (`mov [esp+0x14],2; jmp state1`) right after case 1 (0x41b190), so every `break` reaches it with a short jump and case 2's second FUN_00408500 call is tail-merged into case 1's (`jmp 0x41b187`). MSVC6 12.00.8804 from any source shape probed instead keeps an epilogue copy after every case and duplicates case 2's call. Case 0 keeps its own copy of the epilogue in the original (0x41b14e), reproduced here with the explicit `goto state1`. 2. stack slots are swapped: original has `state` at [esp+0x10] and `level` at [esp+0x14]; ours is the reverse (9 operand mismatches). Declaration order does not move them. 3. the loop's else branch has a dead `mov al,[g_unk0x00537ef4]; test al,al` before `push 0` that no source form probed reproduces (2 instructions). 4. the loop counter is a dword in the original (`mov ebx,ebp; and ebx,0xff; dec ebx`); the byte `i` here compiles to `dec bl`. 5. `level` is masked into a copy in the original (`mov ecx,edi; and ecx,0xff`) keeping the unmasked value in edi for the call argument; ours masks edi.; Body: { unsigned int *pState; Unk00817d98 *pSlot; BYTE level; BYTE state; BYTE i; char c; if (g_unk0x00537ef4 != 0 && g_unk0x00537ef5 == 0 && g_unk0x00537ef8 == 0) { if (CGameInfo::IsInRaceMenuOpen() != 0) { FUN_00404f40((Unk0049c2c0 *)g_unk0x00537dd0); InRaceMenu_AdvanceScreenEntries(g_unk0x00537dd0); AdvanceCallbackStateTimers((Unk0049c2c0 *)g_unk0x00537dd0); return FALSE; } RunStateUpdateCallbacks((Unk0049c2c0 *)g_unk0x00537dd0); RunStateRenderCallbacks((Unk0049c2c0 *)g_unk0x00537dd0); AdvanceCallbackStateTimers((Unk0049c2c0 *)g_unk0x00537dd0); return FALSE; } pState = RallyData_GetChampionshipState(); if (g_unk0x00537ef4 == 0) StageUI_ResetRaceEndEventCount(); state = CGameInfo::GetConfiguredPlayerCount(); c = (char)CGameInfo::GetConfiguredGameMode(); if (c == 4) { switch ((int)((*pState >> 3) & 7) - 1) { case 0: if (RallyData_GetUsableRecordCategory((BYTE)pState[((*pState >> 0xc) & 0xf) * 3 + 0x16] & 0x1f) == -1) { if (RallyData_GetUsableRecordCategory((pState[((*pState >> 0xc) & 0xf) * 3 + 0x16] >> 5) & 0x1f) == -1) goto fail; level = 2; goto state1; } break; case 1: if (RallyData_GetUsableRecordCategory((BYTE)pState[((*pState >> 0xc) & 0xf) * 3 + 10] & 0x1f) == -1) { if (RallyData_GetUsableRecordCategory((pState[((*pState >> 0xc) & 0xf) * 3 + 10] >> 5) & 0x1f) == -1) goto fail; } break; case 2: if (RallyData_GetUsableRecordCategory((BYTE)pState[((*pState >> 0xc) & 0xf) * 3 + 4] & 0x1f) == -1) { if (RallyData_GetUsableRecordCategory((pState[((*pState >> 0xc) & 0xf) * 3 + 4] >	CMR2Decomp/Game.cpp	1393	BOOL CGame::FUN_0041b060(void)	Entry point of the in-race state machine: on the first frame it builds the callback group of the current in-race mode, on later frames it only dispatches the transition of the current state.  The logic is faithful; the remaining gap is codegen shape. Exact differences against the original (643 bytes): 1. switch block layout (the bulk). The original puts the switch epilogue (`mov [esp+0x14],2; jmp state1`) right after case 1 (0x41b190), so every `break` reaches it with a short jump and case 2's second FUN_00408500 call is tail-merged into case 1's (`jmp 0x41b187`). MSVC6 12.00.8804 from any source shape probed instead keeps an epilogue copy after every case and duplicates case 2's call. Case 0 keeps its own copy of the epilogue in the original (0x41b14e), reproduced here with the explicit `goto state1`. 2. stack slots are swapped: original has `state` at [esp+0x10] and `level` at [esp+0x14]; ours is the reverse (9 operand mismatches). Declaration order does not move them. 3. the loop's else branch has a dead `mov al,[g_unk0x00537ef4]; test al,al` before `push 0` that no source form probed reproduces (2 instructions). 4. the loop counter is a dword in the original (`mov ebx,ebp; and ebx,0xff; dec ebx`); the byte `i` here compiles to `dec bl`. 5. `level` is masked into a copy in the original (`mov ecx,edi; and ecx,0xff`) keeping the unmasked value in edi for the call argument; ours masks edi.
0x004e2e50	CGame::FUN_004e2e50	LoadFrontendCommonAndCountryTextures	Body: { char countryCodes[8][10]; char countryNames[8][10]; BOOL bZero = false; memcpy(countryCodes[0], CFrontend::m_strFin, sizeof(countryCodes[0])); memcpy(countryCodes[1], CFrontend::m_strGre, sizeof(countryCodes[1])); memcpy(countryCodes[2], CFrontend::m_strFra, sizeof(countryCodes[2])); memcpy(countryCodes[3], CFrontend::m_strSwe, sizeof(countryCodes[3])); memcpy(countryCodes[4], CFrontend::m_strAus, sizeof(countryCodes[4])); memcpy(countryCodes[5], CFrontend::m_strKen, sizeof(countryCodes[5])); memcpy(countryCodes[6], CFrontend::m_strIta, sizeof(countryCodes[6])); memcpy(countryCodes[7], CFrontend::m_strUK, sizeof(countryCodes[7])); memcpy(countryNames[0], CFrontend::m_strFinland, sizeof(countryNames[0])); memcpy(countryNames[1], CFrontend::m_strGreece, sizeof(countryNames[1])); memcpy(countryNames[2], CFrontend::m_strFrance, sizeof(countryNames[2])); memcpy(countryNames[3], CFrontend::m_strSweden, sizeof(countryNames[3])); memcpy(countryNames[4], CFrontend::m_strAus, sizeof(countryNames[4])); memcpy(countryNames[5], CFrontend::m_strKenya, sizeof(countryNames[5])); memcpy(countryNames[6], CFrontend::m_strItaly, sizeof(countryNames[6])); memcpy(countryNames[7], CFrontend::m_strUK, sizeof(countryNames[7])); sprintf(CFrontend::m_stringDest, CFrontend::m_strFrontendTexturesAr640ATGA, CInstallInfo::GetGameCDPath()); CFrontend::m_pAr640ATexture = CTexture::FindLoadTexture(CGenericFileLoader::GetGenericFile(), CFrontend::m_stringDest, false, NULL, bZero, bZero); sprintf(CFrontend::m	CMR2Decomp/Game.cpp	1757	void CGame::FUN_004e2e50(void)	No source comment.
0x0049c510	FUN_0049c510	Game_DrawMeshTextureRuns	Context: Draws the triangles of a mesh in runs that share a texture, using the mesh slot already reserved in the shared vertex buffer, and clamps texture addressing for the material groups that need it.; Body: { int i; int texture; int prev = -1; int count = 0; int total = pMesh->triangleCount; MeshTriangle *pTri = pMesh->pTriangles; for (i = total; i > 0; i--) { texture = *(int *)((BYTE *)pTri + 4 + pTri->field_0x2c * 4); if (prev != texture) { if (count > 0) { CGraphics::m_pTextureManager->pD3D->DrawIndexedPrimitiveVB( D3DPT_TRIANGLELIST, CGraphics::m_pTextureManager->pVertexBuffers[pMesh->vertexBufferIndex], pMesh->vertexOffset, pMesh->field_0x10, g_unk0x0059be74, count, 0); } count = 0; CGraphics::ApplyTextureStageChange(0, (int)CGraphics::m_pTextureManager->textureBuffer[texture]); prev = texture; } g_unk0x0059be74[count++] = pTri->vertexIndex[0]; g_unk0x0059be74[count++] = pTri->vertexIndex[1]; g_unk0x0059be74[count++] = pTri->vertexIndex[2]; CGame::m_unk0x0059ce18++; if ((pTri->flags & 0x7f) == 0x70 || (pTri->flags & 0x7f) == 0x71 || (pTri->flags & 0x7f) == 0x73 || (pTri->flags & 0x7f) == 0x74) { CGraphics::SetTextureAddressClamp(0); } else { CGraphics::SetTextureAddressClamp(1); } pTri++; } if (count != 0) { CGraphics::ApplyTextureStageChange(0, (int)CGraphics::m_pTextureManager->textureBuffer[ *(int *)((BYTE *)&pMesh->pTriangles[total - 1] + 4 + pMesh->pTriangles[total - 1].field_0x2c * 4)]); CGraphics::m_pTextureManager->pD3D->DrawIndexedPrimitiveVB( D3DPT_TRIANGLELIST, CGraphics::m_pTextureManager->pVertexBuffers[pMesh->vertexBufferIndex], pMesh->vertexOffset, pMesh->field_0x10, g_unk0x0059be74, count, 0); } }	CMR2Decomp/Game.cpp	2105	void FUN_0049c510(Mesh *pMesh)	Draws the triangles of a mesh in runs that share a texture, using the mesh slot already reserved in the shared vertex buffer, and clamps texture addressing for the material groups that need it.
0x0049cbc0	FUN_0049cbc0	Game_CompareTransparentDrawEntries	Context: qsort comparator of the transparent draw list (0x49cd20): type 0x14 goes last, type 5 sorts after type 0 at equal depth, else farthest first.; Body: { BYTE *pA = *(BYTE **)a; BYTE *pB = *(BYTE **)b; unsigned int typeA; unsigned int typeB; int depthA; int depthB; int diff; typeA = *(unsigned int *)(pA + 0x30) & 0xff; if (typeA == 0x14) return 1; typeB = *(unsigned int *)(pB + 0x30) & 0xff; if (typeB == 0x14) return 1; depthA = *(int *)(pA + 0x16c); depthB = *(int *)(pB + 0x16c); diff = depthA - depthB; if (diff < 0) diff = depthB - depthA; if (diff < 0x10000) { if (typeA == 5 && typeB == 0) return 1; if (typeA == 0 && typeB == 5) return -1; } return depthA < depthB ? 1 : -1; }	CMR2Decomp/Game.cpp	2280	int __cdecl FUN_0049cbc0(const void *a, const void *b)	qsort comparator of the transparent draw list (0x49cd20): type 0x14 goes last, type 5 sorts after type 0 at equal depth, else farthest first.
0x00423900	FUN_00423900	Game_DispatchObjectContactReset	Context: Dispatches by the object type stored at +4.; Body: { switch (*(int *)(pObject + 4)) { case 3: Game_SetObjectRenderModeOne(pObject); return; case 2: StageObject_SetContactLevelToUnity(pObject, (int)pInfo); return; case 1: case 10: StageObject_ResetContactEffectAndSetLevel(pObject, pInfo); return; case 7: StageObject_ResetRightAngleContactEffect(pObject, pInfo); } }	CMR2Decomp/Game.cpp	2820	void FUN_00423900(BYTE *pObject, BYTE *pInfo)	Dispatches by the object type stored at +4.
0x004a0ec0	FUN_004a0ec0	Network_HostNamedSession	Context: Creates (hosts) a DirectPlay session with the given name, password and user values. Returns 1 when the session was created.; Body: { IDirectPlay4A *pDP; HRESULT hr; memset(g_unk0x005a0068, 0, sizeof(g_unk0x005a0068)); SESSION.dwSize = sizeof(DPSESSIONDESC2); SESSION.dwFlags = 0x2064; SESSION.guidApplication = *(GUID *)g_unk0x00511cd8; SESSION.dwMaxPlayers = maxPlayers; strcpy((char *)&CGameInfo::m_unk0x005a00b8, pSessionName); SESSION.lpszSessionNameA = (LPSTR)&CGameInfo::m_unk0x005a00b8; strcpy((char *)&CGameInfo::m_unk0x005a02c0, pPassword); SESSION.lpszPasswordA = (LPSTR)&CGameInfo::m_unk0x005a02c0; SESSION.dwUser1 = user1; SESSION.dwUser2 = user2; SESSION.dwUser3 = user3; SESSION.dwUser4 = user4; pDP = CGame::GetDirectPlay(); if (pDP == NULL) return 0; hr = ((DPMethod2)(*(void ***)pDP)[0x60 / 4])(pDP, g_unk0x005a0068, DPOPEN_CREATE); switch (hr) { case DPERR_INVALIDPARAM: return 0; case DPERR_ALREADYINITIALIZED: return 0; case DPERR_ACCESSDENIED: return 0; case DPERR_INVALIDFLAGS: return 0; case DPERR_NOCONNECTION: return 0; case DPERR_TIMEOUT: return 0; case DPERR_USERCANCEL: return 0; case DPERR_UNINITIALIZED: return 0; case DPERR_NONEWPLAYERS: return 0; case DPERR_INVALIDPASSWORD: return 0; case DPERR_CONNECTING: return 0; case DPERR_AUTHENTICATIONFAILED: return 0; case DPERR_CANTLOADSSPI: return 0; case DPERR_ENCRYPTIONFAILED: return 0; case DPERR_SIGNFAILED: return 0; case DPERR_CANTLOADSECURITYPACKAGE: return 0; case DPERR_CANTLOADCAPI: return 0; case DPERR_LOGONDENIED: return 0; case DP_OK: CGameInfo::m_unk0x005a0060 = 1; CGameInfo::m_unk0x005a1814 = 1; return 1; } return 0; }	CMR2Decomp/Game.cpp	2938	int FUN_004a0ec0(char *pSessionName, char *pPassword, DWORD user1, DWORD user2, DWORD user3, DWORD user4, DWORD maxPlayers)	Creates (hosts) a DirectPlay session with the given name, password and user values. Returns 1 when the session was created.
0x00510410	CGameInfo::FUN_00510410	InitDefaultGameInfo	Body: { memset(&m_gameInfo, 0, sizeof(m_gameInfo)); m_gameInfo.magicNumber = 0x11; strcpy(m_gameInfo.field_0x3950, CMain::m_logFileBlankLine); strcpy(m_gameInfo.field_0x3965, CMain::m_logFileBlankLine); m_gameInfo.field_0x3980 = 8; m_gameInfo.field_0x3990 = 8; m_gameInfo.field_0x9c = (m_gameInfo.field_0x9c & 0xffc11157U) | 0x11154; m_gameInfo.field_0x18 = (m_gameInfo.field_0x18 & 0xfcffffffU) | 0xbc000000; m_gameInfo.field_0x1c = (m_gameInfo.field_0x1c & 0xfff33d19U) | 0x33518; m_gameInfo.field_0x14 = (m_gameInfo.field_0x14 & 0x807627ffU) | 0x42400; m_gameInfo.field_0x397c = 10; m_gameInfo.field_0x3984 = 6; m_gameInfo.field_0x3988 = 3; m_gameInfo.field_0x398c = 0x1e; ResetDefaultCameraParameters(); m_gameInfo.field_0x98 = 4; m_gameInfo.field_0x9a = 0; m_gameInfo.field_0x18 = (m_gameInfo.field_0x18 & 0xfff93264) | 0x40393264; FUN_00406010(&m_gameInfo.field_0xa4); FUN_00406010(&m_gameInfo.field_0x1368); FUN_00406010(&m_gameInfo.field_0x262c); m_gameInfo.field_0x14 = m_gameInfo.field_0x14 & 0x7fffffff; }	CMR2Decomp/GameInfo.cpp	764	void CGameInfo::FUN_00510410(void)	No source comment.
0x00406010	CGameInfo::FUN_00406010	InitProfileRecordDefaults	Context: Initializes profile record labels, flags, default times and split tables.; Body: { unsigned int *pFlags = &pInfo->firstLoop[0].flags; int group = 3; int count; int track; int row; int split; unsigned int *pFinalTime; short *pFinalSplits; do { count = 5; do { strcpy((char *)(pFlags - 1), m_stringCMR); *pFlags = (*pFlags & 0xffffc000) | 0x3c000; memset(pFlags + 1, 0, 3); pFlags += 3; } while (--count); } while (--group); pFlags = &pInfo->secondLoop[0].flags; track = 0xcb; pFinalTime = &pInfo->rallyStageRecordTimes[10].value; pFinalSplits = pInfo->rallyStageRecordSplits[10]; do { group = 3; do { count = 5; do { strcpy((char *)(pFlags - 1), m_stringCMR); *pFlags &= 0xffffff80; pFlags[1] = 360000; *pFlags = (*pFlags & 0xffff87ff) | 0x780; pFlags += 3; } while (--count); } while (--group); row = 0; do { GameInfo0xa4SubStruct8 *pTime = (GameInfo0xa4SubStruct8 *)((BYTE *)pInfo + (row + track) * 8 - 4); strcpy(pTime->ident, m_stringCMR); unsigned int value = pTime->value & 0xffffff80; pTime->value = value; unsigned int *pDest = &pTime->value; if (row == 10) { value = (value & 0xffaee07f) | 0x2ee000; pDest = pFinalTime; } else { value = (value & 0xffddc07f) | 0x5dc000; } row++; *pDest = value; } while (row < 11); row = 0; do { short *pSplit; if (row == 10) { pSplit = pFinalSplits; split = 0; do { *pSplit++ = (short)(split * 12000); split++; } while (split < 10); } else { split = 0; pSplit = (short *)((BYTE *)pInfo + (row + track) * 20 - 0x6c8); do { *pSplit++ = (short)(split * 6000); split++; } while (split < 10); } row++; } while (row < 11); pFinalTime += 22; pFin	CMR2Decomp/GameInfo.cpp	807	void CGameInfo::FUN_00406010(GameInfo0xa4 *pInfo)	Initializes profile record labels, flags, default times and split tables.
0x00406580	CGameInfo::FUN_00406580	ApplyStageOptionUnlockFlags	Body: { char bVar1; int uVar5 = 0; int uVar2 = 0; int iVar3 = 0; char *piVar4 = m_gameInfo.field_0x38f8; char *end = m_gameInfo.field_0x38f8 + sizeof(m_gameInfo.field_0x38f8); bool bVar6 = false; do { if ((piVar4 < (m_gameInfo.field_0x38f8 + 44)) && (*piVar4 & 2) != 0) { *piVar4 = *piVar4 & 0xfd; } if (uVar5 < (m_gameInfo.field_0x9c >> 8 & 0xf)) { iVar3 = 0; do { if ((piVar4[iVar3] & 2) != 0) { piVar4[iVar3] = piVar4[iVar3] & 0xfd; } iVar3 ++; } while (iVar3 < 4); if (uVar5 < (m_gameInfo.field_0x9c >> 0xc & 0xf)) { iVar3 = 4; do { if ((piVar4[iVar3] & 2) != 0) { piVar4[iVar3] = piVar4[iVar3] & 0xfd; } iVar3 ++; } while (iVar3 < 8); if ((uVar5 < (m_gameInfo.field_0x9c >> 0x10 & 0xf)) && (m_gameInfo.field_0x9c & 1) != 0) { iVar3 = 8; do { if ((piVar4[iVar3] & 2) != 0) { piVar4[iVar3] = piVar4[iVar3] & 0xfd; } iVar3 ++; } while (iVar3 < 10); } } } uVar2 = uVar5; uVar2 = uVar2 & 0x80000001; if (uVar2 < 0) { uVar2 = (uVar2 - 1) | 0xfffffffe; uVar2++; } if (uVar2) { uVar2 = 1 << (((uVar5 + 1) / 2 - 1) & 0x1f); if (((((uVar2 & m_gameInfo.field_0xa0 & 0x1f) != 0) || (uVar2 & m_gameInfo.field_0xa0 >> 5 & 0x1f) != 0) || (0 != (uVar2 & m_gameInfo.field_0xa0 >> 10 & 0x1f))) && ((piVar4[10] & 2) != 0) ) { piVar4[10] = piVar4[10] & 0xfd; } } else { piVar4[10] = 4; } piVar4 = piVar4 + 0xb; uVar5++; } while (piVar4 < end); }	CMR2Decomp/GameInfo.cpp	921	void CGameInfo::FUN_00406580(void)	No source comment.
0x00500c80	FUN_00500c80	OptionMenu_EnterStartState	Context: Starts the option menu state: rebuilds the option records, starts the menu music and asks for the next state (level 2) of the grouped callback machine.; Body: { char path[MAX_PATH]; int i; g_unk0x0082b0ac = 0; CGameInfo::SetInputAndGamePaused(1); if (CGameInfo::GetGameModeOptionBit19() != 0) NetPlayers_SendCarClass(1); Menu_SetInputStateFlag(0); CInput::SetInputRepeatTimingParameters(0xffffffff, 0xffffffff, 0xffffffff, 0xffffffff, 0xffffffff); g_unk0x0082b0a8 = CGameInfo::GetConfiguredPlayerCount() & 0xff; OptionMenu_RefreshStageSetup(); OptionMenu_LoadRallyRecords(); FUN_00502570(); OptionMenu_InitBackground(); SavedGames_LoadRecords(); CGame::RegisterCallback(SavedGames_ReleaseRecords, NULL); Sound_Init(0x5622, 2, 0x10, 0); OptionMenu_LoadSounds(); OptionMenu_ConfigureSoundHandles(); OptionMenu_LoadFonts(); OptionMenu_LoadRegionalText(); OptionMenu_BuildAndActivatePages(); if (!(CGameInfo::GetConfiguredGameMode() == 0 || CGameInfo::GetConfiguredGameMode() == 1)) { g_unk0x00527000 = 1; } else { g_unk0x00527000 = 0; if ((int)RallyDataStageIndex() % 4 == 0) g_unk0x00527000 = 1; } for (i = 0; i < (int)(CGameInfo::GetConfiguredPlayerCount() & 0xff); i = i + 1) { if (g_unk0x00527000) { g_unk0x0082af90[i] = 360000; g_unk0x0082af78[i] = 0x3c; } else { g_unk0x0082af90[i] = 360000; g_unk0x0082af78[i] = 0x3c; } } sprintf(path, g_str0x0052703c, CInstallInfo::GetMusicDir()); CSound::FUN_004a28d0(path); CSound::SetMusicStreamVolume(CGameInfo::GetMasterSoundVolume()); Sound_StartLoopingMusicStream(1); CGame::FUN_0049c1c0(p1, state, 0, 2); g_unk0x0082af8c = 1; }	CMR2Decomp/GameInfo.cpp	1886	void FUN_00500c80(Unk0049c2c0 *p1, BYTE state)	Starts the option menu state: rebuilds the option records, starts the menu music and asks for the next state (level 2) of the grouped callback machine.
0x00509d00	FUN_00509d00	OptionPreview_ClearSkyFadeShape	Body: { Unk0x0082d220Vec *p = &g_unk0x0082d220[index].field_0x22c; p->v[0] = 0; p->v[1] = 0; p->v[2] = 0; p->v[3] = 0; }	CMR2Decomp/GameInfo.cpp	1989	void FUN_00509d00(int index)	No source comment.
0x00509d90	FUN_00509d90	OptionPreview_ClearColourFractions	Body: { Unk0x0082d220Vec *p = &g_unk0x0082d220[index].field_0x23c; p->v[0] = 0; p->v[1] = 0; p->v[2] = 0; p->v[3] = 0; }	CMR2Decomp/GameInfo.cpp	2001	void FUN_00509d90(int index)	No source comment.
0x005004c0	CGameInfo::FUN_005004c0	IsOptionMenuTimeoutPulseOn	Body: { unsigned int delta; if (g_unk0x0082ac58 != 0) { delta = CMain::GetFrameDelta() - g_unk0x0082ac5c; return (unsigned char)~(delta / 10) & 1; } return 0; }	CMR2Decomp/GameInfo.cpp	2649	int CGameInfo::FUN_005004c0(void)	No source comment.
0x00505e10	CGameInfo::FUN_00505e10	SelectIdleOptionPreviewEntry	Context: Selects a new entry only when the current entry has no pending activity. parameter (at [esp+8]); this compiler sinks the push of the callee-saved register into the taken branch and computes the return value one store early (identical byte count, different scheduling).; Body: { int result = 0; Unk0x0082c6c8 *pEntry; if (g_unk0x0082ca1c == 0xff || ((pEntry = &g_unk0x0082c6c8[(signed char)g_unk0x0082ca1c])->field_0x4c == 0 && pEntry->field_0x1c == 0)) { result = 1; g_unk0x0082ca1c = param1; g_unk0x0082c6c0 = CMain::GetFrameDelta(); g_unk0x0082cb44 = 0; } return result; }	CMR2Decomp/GameInfo.cpp	2696	int CGameInfo::FUN_00505e10(BYTE param1)	Selects a new entry only when the current entry has no pending activity. parameter (at [esp+8]); this compiler sinks the push of the callee-saved register into the taken branch and computes the return value one store early (identical byte count, different scheduling).
0x00507290	FUN_00507290	OptionPreview_AddNodeMeshToRecord	Context: Adds the mesh of a scene node to a stage mesh record (g_unk0x0082d220): stores the node, its mesh and its vertex count in the slot of the node's mesh id, expands the +/-100 bounding box with every vertex and stores the centre and the half size of the slot. Bumps the counter of used slots.; Body: { Unk0x0082d220VertexF *pVertex; FixVector halfSize; Mesh *pMesh; WORD count; int slot; int maxX, maxY, maxZ; int minX, minY, minZ; int x, y, z; int i; slot = (pNode->flags & 0xff) - 5; pMesh = (Mesh *)pNode->pObject; if (pMesh != NULL && pNode->type == 0) { pRecord->pNodes[slot] = pNode; pRecord->pMeshes[slot] = pMesh; count = (WORD)Mesh_GetField0x10(pMesh); pRecord->vertexCount[slot] = count; if (pRecord->pMeshes[slot] != NULL && count > 0) { maxZ = -0x640000; maxY = -0x640000; maxX = -0x640000; minZ = 0x640000; minY = 0x640000; minX = 0x640000; for (i = 0; i < (int)pRecord->vertexCount[slot]; i++) { x = (int)(__int64)(((Unk0x0082d220VertexF *)pRecord->pMeshes[slot]->pVertexData)[i].x * CGraphics::m_65536); pVertex = ((Unk0x0082d220VertexF *)pRecord->pMeshes[slot]->pVertexData) + i; y = (int)(__int64)(pVertex->y * CGraphics::m_65536); z = (int)(__int64)(pVertex->z * CGraphics::m_65536); if (x > maxX) maxX = x; if (x < minX) minX = x; if (y > maxY) maxY = y; if (y < minY) minY = y; if (z > maxZ) maxZ = z; if (z < minZ) minZ = z; if (x >= 0) { if (x > pRecord->field_0x21c) pRecord->field_0x21c = x; } else { if (x < pRecord->field_0x220) pRecord->field_0x220 = x; } if (z >= 0) { if (z > pRecord->field_0x224) pRecord->field_0x224 = z; } else { if (z < pRecord->field_0x228) pRecord->field_0x228 = z; } } halfSize.x = minX - maxX; halfSize.y = minY - maxY; halfSize.z = minZ - maxZ; FixVecScale(&halfSize, &halfSize, 0x8000); pRecord->centre[slot].v[0] = maxX + halfSize.x; pRecord->	CMR2Decomp/GameInfo.cpp	2716	void FUN_00507290(SceneNode *pNode, Unk0x0082d220 *pRecord)	Adds the mesh of a scene node to a stage mesh record (g_unk0x0082d220): stores the node, its mesh and its vertex count in the slot of the node's mesh id, expands the +/-100 bounding box with every vertex and stores the centre and the half size of the slot. Bumps the counter of used slots.
0x004a13b0	CGameInfo::FUN_004a13b0	EnumerateNetworkSessions	Context: Fills the session descriptor at 0x5a0068 and enumerates the DirectPlay sessions. Returns 1 on DP_OK, -1 and -2 for two DirectPlay errors (the caller reports them), 0 otherwise.; Body: { IDirectPlay4A *pDP; if (m_unk0x005a1814 != 0) return 0; ResetNetworkSessionState(); memset(g_unk0x005a0068, 0, 0x50); *(int *)(g_unk0x005a0068 + 0x18) = g_unk0x00511cd8[0]; *(int *)(g_unk0x005a0068 + 0x30) = (int)&m_unk0x005a00b8; *(int *)(g_unk0x005a0068) = 0x50; *(int *)(g_unk0x005a0068 + 0x1c) = g_unk0x00511cd8[1]; *(int *)(g_unk0x005a0068 + 0x20) = g_unk0x00511cd8[2]; *(int *)(g_unk0x005a0068 + 0x24) = g_unk0x00511cd8[3]; pDP = CGame::GetDirectPlay(); if (pDP == NULL) return 0; switch (((DPMethod5GI)(*(void ***)pDP)[0x34 / 4])(pDP, (DWORD)g_unk0x005a0068, 0, (DWORD)Session_EnumCallback, 0, 0x20)) { case DP_OK: return 1; case 0x8877015e: return -1; case 0x88770118: return -2; case 0x8877005a: return 0; case 0x88770082: return 0; case 0x887700aa: return 0; case 0x88770140: return 0; } return 0; }	CMR2Decomp/GameInfo.cpp	3729	int CGameInfo::FUN_004a13b0(void)	Fills the session descriptor at 0x5a0068 and enumerates the DirectPlay sessions. Returns 1 on DP_OK, -1 and -2 for two DirectPlay errors (the caller reports them), 0 otherwise.
0x004a12d0	CGameInfo::FUN_004a12d0	EnumerateNetworkSessionsWithUserData	Context: Same as FUN_004a13b0, but also stores param1 in the descriptor (0x5a009c) and enumerates with flags 0x51.; Body: { IDirectPlay4A *pDP; if (m_unk0x005a1814 != 0) return 0; ResetNetworkSessionState(); memset(g_unk0x005a0068, 0, 0x50); *(int *)(g_unk0x005a0068 + 0x34) = param1; *(int *)(g_unk0x005a0068 + 0x18) = g_unk0x00511cd8[0]; *(int *)(g_unk0x005a0068 + 0x30) = (int)&m_unk0x005a00b8; *(int *)(g_unk0x005a0068) = 0x50; *(int *)(g_unk0x005a0068 + 0x1c) = g_unk0x00511cd8[1]; *(int *)(g_unk0x005a0068 + 0x20) = g_unk0x00511cd8[2]; *(int *)(g_unk0x005a0068 + 0x24) = g_unk0x00511cd8[3]; pDP = CGame::GetDirectPlay(); if (pDP == NULL) return 0; switch (((DPMethod5GI)(*(void ***)pDP)[0x34 / 4])(pDP, (DWORD)g_unk0x005a0068, 0, (DWORD)Session_EnumCallback, 0, 0x51)) { case DP_OK: return 1; case 0x8877015e: return -1; case 0x88770118: return -2; case 0x8877005a: case 0x88770082: case 0x887700aa: case 0x88770140: return 0; } return 0; }	CMR2Decomp/GameInfo.cpp	3769	int CGameInfo::FUN_004a12d0(int param1)	Same as FUN_004a13b0, but also stores param1 in the descriptor (0x5a009c) and enumerates with flags 0x51.
0x00502570	FUN_00502570	OptionMenu_InitDefaultRecordTables	Context: Copies the seven option bytes of every rally data record into rows 4..7 of the default table, mirrors them into rows 0..3 and clears the option flags.; Body: { int i; for (i = 0; i < 4; i++) { BYTE *p = RallyData_GetDriverSkillRecord(i); g_unk0x0082bee8[i + 4][4] = p[4]; g_unk0x0082bee8[i + 4][5] = p[5]; g_unk0x0082bee8[i + 4][1] = p[1]; g_unk0x0082bee8[i + 4][6] = p[6]; g_unk0x0082bee8[i + 4][3] = p[3]; g_unk0x0082bee8[i + 4][2] = p[2]; g_unk0x0082bee8[i + 4][0] = p[0]; g_unk0x0082bee8[i][4] = g_unk0x0082bf04[i * 7 + 4]; g_unk0x0082bee8[i][5] = g_unk0x0082bf04[i * 7 + 5]; g_unk0x0082bee8[i][1] = g_unk0x0082bf04[i * 7 + 1]; g_unk0x0082bee8[i][6] = g_unk0x0082bf04[i * 7 + 6]; g_unk0x0082bee8[i][3] = g_unk0x0082bf04[i * 7 + 3]; g_unk0x0082bee8[i][2] = g_unk0x0082bf04[i * 7 + 2]; g_unk0x0082bee8[i][0] = g_unk0x0082bf04[i * 7 + 0]; memset(&g_unk0x0082bf20[i][0], 0, 7); } }	CMR2Decomp/GameInfo.cpp	3910	void FUN_00502570(void)	Copies the seven option bytes of every rally data record into rows 4..7 of the default table, mirrors them into rows 0..3 and clears the option flags.
0x00404000	FUN_00404000	InRaceMenu_BuildCarSetup	Context: Builds the car-setup menu used from the in-race network menu.; Body: { int settingId; Menu_Init(&g_menu0x0052aa70, 0, 0, 0, &g_menu0x00529ed8, NULL, 1, 0, 1); if ((BYTE)RallyData_GetFlag24() == 0 && (BYTE)RallyData_GetSelectionFlag28() == 0) settingId = 0x64; else settingId = 0x30; Menu_AddItemType3(&g_menu0x0052aa70, 0, (short)settingId, 2, 0, 0, 0, 0, 0); Menu_AddItemType3(&g_menu0x0052aa70, 0, 0x65, 2, 0, 0, 0, 1, 0); Menu_AddItemType3(&g_menu0x0052aa70, 0, 0x66, 2, 0, 0, 0, 2, 0); Menu_AddItemType3(&g_menu0x0052aa70, 0, 0x67, 2, 0, 0, 0, 3, 0); if (Race_IsFlag24Clear()) { if (RallyData_IsHeadToHeadRaceMode() == 0) settingId = 3; else settingId = 2; Menu_AddItemType3(&g_menu0x0052aa70, 0, 0x68, (BYTE)settingId, 0, 0, 0, 4, 0); } void InRaceMenu_ApplyDefaultCarSetup(Menu *pMenu, int param); Menu_AddItemType4(&g_menu0x0052aa70, 0, 0x62, (int)InRaceMenu_ApplyDefaultCarSetup, 5); Menu_AddItemType2(&g_menu0x0052aa70, 0, 0x3b, &g_menu0x00529ed8, 0, 6); Menu_SetCallbacks(&g_menu0x0052aa70, (MenuCallback)InRaceMenu_EnterCarSetup, (MenuCallback)InRaceMenu_EncodeCarSetup, (MenuCallback)FUN_004041e0, (MenuCallback)InRaceMenu_LeaveCarSetup); Menu_ValidateCursor(&g_menu0x0052aa70, 0); }	CMR2Decomp/GameInfo.cpp	4412	void FUN_00404000(void)	Builds the car-setup menu used from the in-race network menu.
0x00404f40	FUN_00404f40	InRaceMenu_UpdateStateMachineFrame	Context: One frame of the in-race state machine: while the race menu is up it pushes the camera settings and the driver names of the active player, then updates the car order, the input menu and the race-start/restart transitions.; Body: { int first; int second; int result; int i; DeviceInfo *pDev; ForceFeedback_StopSlotForces(); if (g_pMenu0x0052af44 != &g_menu0x0052a870) goto updateMenus; result = View_GetActiveCameraMode(g_unk0x0052af58[1]); if (result == 5 || result == 8) goto pushCamera; View_SwitchCamera(g_unk0x0052af58[1], 5, 0xffff, View_GetActiveCameraFlags(g_unk0x0052af58[1]), 1); switch (StageUI_GetRaceResultValue()) { case 4: first = (StageUI_GetRaceEndEventCount() & 0xff) + *(BYTE *)&g_unk0x0052af58[1]; break; case 0: case 1: first = g_unk0x0052af58[1]; break; case 2: RallyData_GetRoundDrivers((unsigned int *)&first, (unsigned int *)&second); break; case 3: if (g_unk0x0052af58[1] == 0) RallyData_GetRoundDrivers((unsigned int *)&first, (unsigned int *)&second); else RallyData_GetRoundDrivers((unsigned int *)&second, (unsigned int *)&first); break; } RallyData_SetDriverCarSelection(first, 5); pushCamera: g_unk0x00529ed0 = HudDash_GetPlayerGaugeValue(g_unk0x0052af58[1]); HudDash_GetCameraUpVector(&g_unk0x00529cd8, g_unk0x0052af58[1]); g_unk0x0052a2a0 = HudDash_GetGaugeTarget(g_unk0x0052af58[1]); g_unk0x0052aa64 = g_unk0x0052aa5c - g_unk0x00529ed0; g_unk0x00529ec8 = g_unk0x0052aa54 - g_unk0x00529cdc; g_unk0x0052aa6c = g_unk0x0052a86c - g_unk0x0052a2a0; g_unk0x0052a0bc = g_unk0x0052aa58 - g_unk0x00529ce0; g_unk0x0052aa50.x = 0; g_unk0x0052a86c = g_unk0x0052a2a0 + FixMul(g_unk0x0052aa6c, 0x1999); g_unk0x0052aa54 = g_unk0x00529cdc + FixMul(g_unk0x00529ec8, 0x1999); g_unk0x0052aa58 = g_unk0x00529ce0 + Fi	CMR2Decomp/GameInfo.cpp	4692	void FUN_00404f40(Unk0049c2c0 *param1)	One frame of the in-race state machine: while the race menu is up it pushes the camera settings and the driver names of the active player, then updates the car order, the input menu and the race-start/restart transitions.
0x00401b60	FUN_00401b60	InRaceMenu_DrawHeaderBar	Context: Draws the header of the in-race menu bar: the car count above the bar and the bar itself.; Body: { short rect[4]; int x; int y; int count; x = (int)(g_pGraphics->resX * 0x1f) / 0x280; count = (StageUI_GetRaceEndEventCount() & 0xff) + (*(int *)g_unk0x0052af58 & 0xff) + 1; sprintf(CFrontend::m_stringDest, CFrontend::GetTextString(0x98), count); Font_DrawText(2, CFrontend::m_stringDest, x, (int)(g_pGraphics->resY * 0x45) / 0x1e0, &g_unk0x00516074, 0x11); y = (int)(g_pGraphics->resY * 10) / 0x1e0 + x + Font_GetTextWidth(2, (BYTE *)CFrontend::m_stringDest); rect[0] = (short)y; rect[2] = 1; rect[1] = (short)((int)(g_pGraphics->resY * 0x25) / 0x1e0); rect[3] = (short)((int)(g_pGraphics->resY * 0x2d) / 0x1e0); Sprite_FillRect((int)g_pGraphics + 0x150, rect, (BYTE *)&g_unk0x00516074, 2); rect[0] = rect[0] + 1; Sprite_FillRect((int)g_pGraphics + 0x150, rect, (BYTE *)&g_unk0x00516084, 2); Font_DrawText(2, CFrontend::GetTextString(0x18), y + (int)(g_pGraphics->resY * 10) / 0x1e0, (int)(g_pGraphics->resY * 0x45) / 0x1e0, &g_unk0x00516074, 0x11); }	CMR2Decomp/GameInfo.cpp	5027	void FUN_00401b60(void)	Draws the header of the in-race menu bar: the car count above the bar and the bar itself.
0x00401d20	FUN_00401d20	InRaceMenu_DrawMenuRows	Context: Draws every row of an in-race menu (no blank row), selected row brighter.; Body: { MenuItem *pItem; short rect[4]; int i; int y; int string1; int string2; int *pColour; int texture; rect[0] = 0; rect[1] = 0; rect[2] = (short)g_pGraphics->resX; rect[3] = (short)g_pGraphics->resY; Font_SetBlendMode(2); Sprite_FillRect((int)g_pGraphics + 0x150, rect, (BYTE *)&g_unk0x0051608c, 2); FUN_00401b60(); rect[0] = (short)((int)(g_pGraphics->resX * 0x70) / 0x280); rect[2] = *(short *)(g_unk0x0052aa60 + 0x120); rect[3] = *(short *)(g_unk0x0052aa60 + 0x122); y = (int)(g_pGraphics->resY * 0xaa) / 0x1e0; pItem = pMenu->items; for (i = 0; i < pMenu->itemCount; i++, pItem++) { rect[1] = (short)(y - (int)(g_pGraphics->resY * 0xd) / 0x1e0); string1 = pItem->stringId; string2 = string1; if (string1 == 0) { string1 = (int)CFrontend::GetTextString(pItem->id); string2 = (int)CFrontend::GetTextString(pItem->id + 1); } if (pMenu->cursor == i) { Font_DrawText(1, (char *)string1, (int)(g_pGraphics->resX * 0x86) / 0x280, y, &g_unk0x00516074, 0x11); Font_DrawText(0, (char *)string2, (int)(g_pGraphics->resX * 0x86) / 0x280, (int)(g_pGraphics->resY * 0xf) / 0x1e0 + y, &g_unk0x00516074, 0x11); pColour = &g_unk0x00516074; texture = g_unk0x0052aa60; } else { Font_DrawText(1, (char *)string1, (int)(g_pGraphics->resX * 0x86) / 0x280, y, &g_unk0x00516078, 0x11); Font_DrawText(0, (char *)string2, (int)(g_pGraphics->resX * 0x86) / 0x280, (int)(g_pGraphics->resY * 0xf) / 0x1e0 + y, &g_unk0x00516078, 0x11); pColour = &g_unk0x00516078; texture = g_unk0x0052aa68; } Sprite_Queue((SpriteRect *)(textur	CMR2Decomp/GameInfo.cpp	5114	void FUN_00401d20(Menu *pMenu)	Draws every row of an in-race menu (no blank row), selected row brighter.
0x00402460	FUN_00402460	InRaceMenu_DrawNetworkPlayerList	Context: Draws a player list of the in-race network menu: each row shows the player name, the secondary line and the class split entries. and keeps the item pointer in a register; kept as FUNCTION so reccmp measures it.; Body: { int i; int j; int x; char *str1; char *str2; char *sub[3]; char *text; int *pA; int *pB; char single; bool twoLines; int *pColour; int texture; g_unk0x0052ad58[0] = 0; g_unk0x0052ad58[1] = 0; g_unk0x0052ad58[2] = (short)g_pGraphics->resX; g_unk0x0052ad58[3] = (short)g_pGraphics->resY; Font_SetBlendMode(2); Sprite_FillRect((int)g_pGraphics + 0x150, g_unk0x0052ad58, (BYTE *)&g_unk0x0051608c, 2); FUN_00401b60(); g_unk0x0052ad58[0] = (short)((int)(g_pGraphics->resX * 0x70) / 0x280); g_unk0x0052ad58[2] = *(short *)(g_unk0x0052aa60 + 0x120); g_unk0x0052ad58[3] = *(short *)(g_unk0x0052aa60 + 0x122); for (i = 0; i < pMenu->itemCount; i++) { MenuItem *pItem = &pMenu->items[i]; if (pItem->visible) { g_unk0x0052ad58[1] = (short)((int)(g_pGraphics->resY * 0xaa) / 0x1e0 + ((int)(g_pGraphics->resY * 0x36) / 0x1e0) * i - (int)(g_pGraphics->resY * 0xd) / 0x1e0); str1 = CFrontend::GetTextString(pItem->id); str2 = CFrontend::GetTextString(pItem->id + 1); if (pMenu->cursor == i) { pColour = &g_unk0x00516074; texture = g_unk0x0052aa60; } else { pColour = &g_unk0x00516078; texture = g_unk0x0052aa68; } Sprite_Queue((SpriteRect *)(texture + 0x11c), (SpriteRect *)g_unk0x0052ad58, (Texture *)texture, 2, 0, NULL, NULL, (BYTE *)&g_unk0x00516078, 8); twoLines = true; if (pItem->value != 0) { sub[0] = CFrontend::GetTextString(pItem->id); twoLines = false; } else { for (j = 0; j < (int)(BYTE)pItem->min; j++) sub[j] = CFrontend::GetTextString(j + 0x9c); single = 0; } strcpy(CFrontend::m_stringDest, CFron	CMR2Decomp/GameInfo.cpp	5172	void FUN_00402460(Menu *pMenu)	Draws a player list of the in-race network menu: each row shows the player name, the secondary line and the class split entries. and keeps the item pointer in a register; kept as FUNCTION so reccmp measures it.
0x00402c90	FUN_00402c90	InRaceMenu_RebuildMainPage	Context: Rebuilds the main in-race menu. When param is non-zero it keeps the value of the item currently under the cursor and re-selects it.; Body: { int value; int index; short id; InRaceMenu_BuildResumePage(); g_unk0x0052a0b8 = 0; if ((BYTE)param != 0) value = (int)g_menu0x0052ad60.items[g_menu0x0052ad60.cursor].value; else value = param; Menu_Init(&g_menu0x0052ad60, 0, 0, 0, NULL, NULL, 1, 0, 1); if ((char)RallyDataState() == 1) Menu_AddItemType2(&g_menu0x0052ad60, 0, 9, &g_menu0x00529ed8, 0, 0); else Menu_AddItemType2(&g_menu0x0052ad60, 0, 9, &g_menu0x00529918, 0, 0); Menu_AddItemType2(&g_menu0x0052ad60, 0, 0xb, &g_menu0x0052a670, 0, 1); Menu_AddItemType2(&g_menu0x0052ad60, 0, 0xd, &g_menu0x0052a490, 0, 2); if (CGameInfo::GetGameModeOptionBit19() != 0) { if ((Network_GetSessionStateFlag() != 0 && CGameInfo::GetConfiguredGameMode() != 0xc) || (Network_GetSessionStateFlag() == 0 && CGameInfo::GetConfiguredGameMode() == 0xa)) Menu_AddItemType2(&g_menu0x0052ad60, 0, 0xf, &g_menu0x00529af8, 0, 3); if (Network_GetSessionStateFlag() != 0) Menu_AddItemType2(&g_menu0x0052ad60, 0, 0xf6, &g_menu0x0052a2a8, 0, 5); } else { Menu_AddItemType2(&g_menu0x0052ad60, 0, 0xf, &g_menu0x00529af8, 0, 3); } Menu_AddItemType2(&g_menu0x0052ad60, 0, 0x11, &g_menu0x0052a0c0, 0, 6); Menu_AddItemType4(&g_menu0x0052ad60, 0, 0x13, (int)InRaceMenu_ResumeWithSound, 7); Menu_SetCallbacks(&g_menu0x0052ad60, (MenuCallback)InRaceMenu_RememberOptionCursor, (MenuCallback)InRaceMenu_SkipBlankOptionRow, (MenuCallback)InRaceMenu_DrawOptionList, NULL); if ((BYTE)param != 0) Menu_SelectItem(&g_menu0x0052ad60, value); else Menu_ValidateCursor(&g_menu0x0052ad60, 0	CMR2Decomp/GameInfo.cpp	5315	void FUN_00402c90(int param)	Rebuilds the main in-race menu. When param is non-zero it keeps the value of the item currently under the cursor and re-selects it.
0x00503b70	FUN_00503b70	OptionMenu_TransformHudPointToScreen	Context: Maps a HUD point from viewport space to screen space; when the transform is marked as already scaled (field_0x1c == 0x10000) it only resolves the 640x480 reference to the current resolution.; Body: { if (p->field_0x1c != 0x10000) { *pX = FixMulShift32(FixDiv((*pX - g_unk0x0082c9ec[0]) << 16, g_unk0x0082c9ec[2] << 16), *(short *)((BYTE *)p + 0x10) << 16) + *(short *)((BYTE *)p + 0xc); *pY = FixMulShift32(FixDiv((*pY - g_unk0x0082c9ec[1]) << 16, g_unk0x0082c9ec[3] << 16), *(short *)((BYTE *)p + 0x12) << 16) + *(short *)((BYTE *)p + 0xe); } *pX = (short)((*pX * (int)g_pGraphics->resX) / 0x280); *pY = (short)((*pY * (int)g_pGraphics->resY) / 0x1e0); }	CMR2Decomp/GameInfo.cpp	6054	int FUN_00503b70(Unk0x0082c6c8 *p, short *pX, short *pY)	Maps a HUD point from viewport space to screen space; when the transform is marked as already scaled (field_0x1c == 0x10000) it only resolves the 640x480 reference to the current resolution.
0x0050ee50	FUN_0050ee50	OptionMenu_DrawThreeColourGradientStrips	Context: Fills pRect with `count` vertical strips shading from colour 0 to colour 1 over the first half and from colour 1 to colour 2 over the second half (pColours: three RGBA colours; count must be at least 2). The strip widths are rounded so that together they cover the rectangle exactly.; Body: { BYTE colour[4]; short strip[4]; FixVector c0; FixVector c1; FixVector d01; FixVector d12; FixVector c; int r; int g; int b; int n; int half; int i; int t; colour[0] = 0xff; colour[1] = 0xff; colour[2] = 0xff; colour[3] = 0xff; *(int *)&strip[0] = *(int *)&pRect[0]; *(int *)&strip[2] = *(int *)&pRect[2]; c0.x = pColours[0] << 16; c0.y = pColours[1] << 16; c0.z = pColours[2] << 16; c1.x = pColours[4] << 16; c1.y = pColours[5] << 16; c1.z = pColours[6] << 16; d01.x = c1.x - c0.x; d01.y = c1.y - c0.y; d01.z = c1.z - c0.z; d12.x = (pColours[8] << 16) - c1.x; d12.y = (pColours[9] << 16) - c1.y; n = count & 0xff; d12.z = (pColours[10] << 16) - c1.z; half = (count & 0xff) >> 1; for (i = 0, t = 0; i < n; i++, t += 0x10000) { strip[2] = FixMulShift32(t + 0x10000, FixDiv(pRect[2] << 16, n << 16)) + pRect[0] - strip[0]; if (i > half) { FixVecScale(&c, &d12, FixDiv(t - (half << 16), half << 16)); c.x += c1.x; c.y += c1.y; c.z += c1.z; } else { FixVecScale(&c, &d01, FixDiv(i << 16, half << 16)); c.x += c0.x; c.y += c0.y; c.z += c0.z; } r = c.x >> 16; if (r > 0xff) r = 0xff; else if (r < 0) r = 0; g = c.y >> 16; colour[0] = r; if (g > 0xff) g = 0xff; else if (g < 0) g = 0; b = c.z >> 16; colour[1] = g; if (b > 0xff) b = 0xff; else if (b < 0) b = 0; colour[2] = b; Sprite_FillRect((int)g_pGraphics + 0x150, strip, colour, 3); strip[0] += strip[2]; } }	CMR2Decomp/GameInfo.cpp	6600	void FUN_0050ee50(short *pRect, int unused, unsigned int count, BYTE *pColours)	Fills pRect with `count` vertical strips shading from colour 0 to colour 1 over the first half and from colour 1 to colour 2 over the second half (pColours: three RGBA colours; count must be at least 2). The strip widths are rounded so that together they cover the rectangle exactly.
0x00501780	FUN_00501780	OptionMenu_FadeBackgroundToGrey	Body: { short rect[4]; BYTE colour[4]; int t; int inv; rect[0] = 0; rect[1] = 0; rect[2] = (short)((int)g_pGraphics->resX * 2 / 3); rect[3] = (short)((int)g_pGraphics->resY * 2 / 3); t = (CMain::GetFrameDelta() * 1000 - g_unk0x0082b0a4 * 1000) / 50; inv = 1000 - t; colour[0] = (BYTE)(((g_unk0x0052704c & 0xff) * inv + 141 * t) / 1000); colour[1] = (BYTE)(((g_unk0x0052704c >> 8 & 0xff) * inv + 151 * t) / 1000); colour[2] = (BYTE)(((g_unk0x0052704c >> 16 & 0xff) * inv + 159 * t) / 1000); CGraphics::SetClearColour(1, colour[0], colour[1], colour[2]); CGraphics::ClearTarget(); CGraphics::ClearZBuffer(); CGraphics::SetProjection(0x30978, 0x4326e, 0xfa0000, 0x10000); Game_PrepareScene((SceneNode *)g_unk0x0082b1b4, (SceneNode *)g_unk0x0082b1b0, (int)rect, 0); Game_DrawSceneViewport(g_unk0x0082b1b4, g_unk0x0082b1b0, rect, 0, 1); Graphics_PresentFrameAndResetCounters(); }	CMR2Decomp/GameInfo.cpp	6828	void FUN_00501780(int param1, int unused)	No source comment.
0x00507080	FUN_00507080	OptionPreview_RebuildStageMeshRecord	Context: Rebuilds the stage mesh record of the option menu preview entry: clears the record, adds the mesh of every node of the entry's node tree, compacts the empty slots and matches the converted vertex buffers.; Body: { Unk0x0082d220 *pRecord; Unk0x0082cb78 *pEntry; SceneNode *pNode; SceneNode *pSibling; int i; int j; int moved; pRecord = &g_unk0x0082d220[index]; memset(pRecord, 0, sizeof(Unk0x0082d220)); pEntry = &g_unk0x0082cb78[index]; pRecord->meshCount = 0; if (pEntry->pNode5 == 0) return; pRecord->field_0x228 = 0; pRecord->field_0x224 = 0; pRecord->field_0x220 = 0; pRecord->field_0x21c = 0; FUN_00507290(pEntry->pNode5, pRecord); pNode = pEntry->pNode5->pFirstChild; if (pNode != 0) { do { pSibling = pNode; if ((BYTE)pNode->flags != 0x14 && pNode != 0) { do { FUN_00507290(pNode, pRecord); pNode = pNode->pFirstChild; } while (pNode != 0); } pNode = pSibling->pNext; } while (pNode != 0); } for (i = 0; i < 15; i++) { if (pRecord->pNodes[i] != 0) continue; moved = 0; if (i < 14) { for (j = i; j < 14; j++) { if (pRecord->pNodes[j] != 0 || pRecord->pNodes[j + 1] != 0) moved = 1; pRecord->pMeshes[j] = pRecord->pMeshes[j + 1]; pRecord->pNodes[j] = pRecord->pNodes[j + 1]; pRecord->pVertexData[j] = pRecord->pVertexData[j + 1]; pRecord->vertexCount[j] = pRecord->vertexCount[j + 1]; pRecord->centre[j] = pRecord->centre[j + 1]; pRecord->halfSize[j] = pRecord->halfSize[j + 1]; } if (moved) i--; } } OptionPreview_AssignConvertedVertexBuffers(index, (int)pEntry->pNode5, (int)pRecord); }	CMR2Decomp/GameInfo.cpp	7114	void FUN_00507080(int index)	Rebuilds the stage mesh record of the option menu preview entry: clears the record, adds the mesh of every node of the entry's node tree, compacts the empty slots and matches the converted vertex buffers.
0x00509dc0	FUN_00509dc0	OptionPreview_AnimatePreviewNodeTransforms	Context: Animates the four preview nodes of the option record: each one gets an identity (or mirrored) basis, and while the menu is fading the forward vector is shrunk to 0x9999.; Body: { int *pList; Unk0x0082d220 *pRec; FixBasis mirror; FixBasis basis; FixVector v; unsigned int elapsed; unsigned int now; int i; int value; pList = (int *)&g_unk0x0082fd00[index]; pRec = &g_unk0x0082d220[index]; basis.right.x = 0x10000; basis.right.y = 0; basis.right.z = 0; basis.up.x = 0; basis.up.y = 0x10000; basis.up.z = 0; basis.forward.x = 0; basis.forward.y = 0; basis.forward.z = 0x10000; mirror.right.x = -0x10000; mirror.right.y = 0; mirror.right.z = 0; mirror.up.x = 0; mirror.up.y = 0x10000; mirror.up.z = 0; mirror.forward.x = 0; mirror.forward.y = 0; mirror.forward.z = -0x10000; if (g_unk0x0082d118 == 0) { g_unk0x0082d118 = timeGetTime(); elapsed = 0; } else { now = timeGetTime(); elapsed = now - g_unk0x0082d118; g_unk0x0082d118 = now; elapsed = FixDiv(elapsed << 16, 0x280000); elapsed = FixMul(0xa0000, elapsed); } value = pList[0x124 / 4] + elapsed; pList[0x124 / 4] = value; if (value > 0x1680000) pList[0x124 / 4] = value - 0x1680000; for (i = 0; i < 4; i++) { value = pRec->field_0x23c.v[i]; value = FixMul(0x50000, value); if (i % 2 == 0) { FixMatrix_SetRight(&basis.right, &(*(SceneNode **)(pList[0] + 0x14 + i * 4))->current); FixMatrix_SetUp(&basis.up, &(*(SceneNode **)(pList[0] + 0x14 + i * 4))->current); FixMatrix_SetForward(&basis.forward, &(*(SceneNode **)(pList[0] + 0x14 + i * 4))->current); } else { FixMatrix_SetRight(&mirror.right, &(*(SceneNode **)(pList[0] + 0x14 + i * 4))->current); FixMatrix_SetUp(&mirror.up, &(*(SceneNode **)(pList[0] + 0x14 + i * 4))->c	CMR2Decomp/GameInfo.cpp	7191	void FUN_00509dc0(int index)	Animates the four preview nodes of the option record: each one gets an identity (or mirrored) basis, and while the menu is fading the forward vector is shrunk to 0x9999.
0x005091c0	FUN_005091c0	OptionPreview_BuildCornerHeightTransform	Context: Builds the preview node's transform from the four corner heights stored in the option record (field_0x22c): the up axis is the sum of the two edge normals, the other axes come from Gram-Schmidt and the position from the average height.; Body: { Unk0x0082d220 *pRec; int *pList; int f[4]; FixVector v; FixVector v2; FixVector cross1; FixVector cross2; FixBasis basis; int a; int b; int len; int i; int t; pRec = &g_unk0x0082d220[index]; pList = (int *)&g_unk0x0082fd00[index]; if (OptionMenu_FindFirstDetailedSlot() == 1 && OptionMenu_GetControlSetupMenu()[Menu_FindItem((Menu *)OptionMenu_GetControlSetupMenu(), 1) * 0x14 + 0x1f] == 2) { t = (unsigned char)OptionMenu_GetValueSliderMenu()[0x1f] << 16; t = FixMul(t, 0x1999); } else { t = (int)(char)OptionMenu_GetScaledWorkingValue(index, 2) << 16; t = FixMul(t, 0x1999); } t = FixMul(0x10000 - t, 0x1999); for (i = 0; i < 4; i++) { f[i] = pRec->field_0x22c.v[i] + t; if (f[i] < -0x1999) f[i] = -0x1999; } a = FixMul(0x8000, f[3] + f[2]); b = FixMul(0x8000, f[1] + f[0]); v.x = pList[4] - pList[1]; v.y = f[1] - f[0]; v.z = pList[6] - pList[3]; v2.x = pList[7] - pList[1]; v2.y = a - f[0]; v2.z = -pList[3]; FixVecCross(&cross1, &v, &v2); OPTIONS_FIX_NORMALIZE_FLIP(cross1); v.x = pList[10] - pList[7]; v.y = f[3] - f[2]; v.z = pList[12] - pList[9]; v2.x = pList[1] - pList[7]; v2.y = b - f[2]; v2.z = -pList[9]; FixVecCross(&cross2, &v, &v2); OPTIONS_FIX_NORMALIZE_FLIP(cross2); v.x = cross1.x + cross2.x; v.y = cross1.y + cross2.y; v.z = cross1.z + cross2.z; basis.right.x = 0x10000; basis.right.y = 0; basis.right.z = 0; basis.up.x = 0; basis.up.y = 0x10000; basis.up.z = 0; basis.forward.x = 0; basis.forward.y = 0; basis.forward.z = 0x10000; FIX_NORMALIZE_INTO(cross1, v) basis.up.x = cro	CMR2Decomp/GameInfo.cpp	7280	void FUN_005091c0(int index)	Builds the preview node's transform from the four corner heights stored in the option record (field_0x22c): the up axis is the sum of the two edge normals, the other axes come from Gram-Schmidt and the position from the average height.
0x00506720	FUN_00506720	OptionPreview_AnimateWheelRotations	Context: Animates every slot's wheel rotation towards its target angles: slots whose animation time is over copy the target straight into the current angles, the rest write the animated angles scaled by the squared proportion of the elapsed time and hand them to the slot's scene node.; Body: { unsigned int time; int i; time = CMain::GetFrameDelta(); i = 0; if (CGameInfo::GetConfiguredPlayerCount() > 0) { do { unsigned int duration; short *pAngles; duration = g_unk0x00831080; if (g_unk0x0083131c[i] != 0 && time - g_unk0x00831148[i] > g_unk0x00831080) g_unk0x0083131c[i] = 0; pAngles = (short *)&g_unk0x0082d0b8[i]; if (g_unk0x0083131c[i] != 0) { unsigned int t = (time * 100 - g_unk0x00831148[i] * 100) / duration; int k = (int)(t * t) / 100; pAngles[0] = (short)(g_unk0x0082d0d8[i].field_0x0 * k / 100 + g_unk0x0082d0f8[i].field_0x0); pAngles[1] = (short)(g_unk0x0082d0d8[i].field_0x2 * k / 100 + g_unk0x0082d0f8[i].field_0x2); pAngles[2] = (short)(g_unk0x0082d0d8[i].field_0x4 * k / 100 + g_unk0x0082d0f8[i].field_0x4); OptionMenu_InterpolateLayoutPairs(i, 0, k); } else { pAngles[0] = g_unk0x0082fce0[i].field_0x0; pAngles[1] = g_unk0x0082fce0[i].field_0x2; pAngles[2] = g_unk0x0082fce0[i].field_0x4; OptionMenu_InterpolateLayoutPairs(i, 1, 0); } SceneNode_SetRotation(g_unk0x0082cb78[i].pNode, (FixAngles *)pAngles); FUN_00509dc0(i); FUN_005091c0(i); i++; } while (i < (CGameInfo::GetConfiguredPlayerCount() & 0xff)); } }	CMR2Decomp/GameInfo.cpp	7539	void FUN_00506720(void)	Animates every slot's wheel rotation towards its target angles: slots whose animation time is over copy the target straight into the current angles, the rest write the animated angles scaled by the squared proportion of the elapsed time and hand them to the slot's scene node.
0x00506930	FUN_00506930	OptionPreview_SetTargetWheelAngles	Context: Stores the target angles of a slot (three degrees as 16-bit values) in the current tables, wraps the delta to the target into [-180, 180) and writes the three wrapped deltas as 12-bit angles in the animated table.; Body: { unsigned int time; short tX, tY, tZ; int d[3]; int a[3]; int abs; time = CMain::GetFrameDelta(); g_unk0x00831080 = 0x14; tY = g_unk0x0082d0b8[param1].field_0x2; g_unk0x00831148[param1] = time; tX = g_unk0x0082d0b8[param1].field_0x0; g_unk0x0083131c[param1] = 1; tZ = g_unk0x0082d0b8[param1].field_0x4; g_unk0x0082d0f8[param1].field_0x0 = tX; g_unk0x0082d0f8[param1].field_0x2 = tY; g_unk0x0082d0f8[param1].field_0x4 = tZ; g_unk0x0082fce0[param1].field_0x0 = param2[0]; g_unk0x0082fce0[param1].field_0x2 = param2[1]; g_unk0x0082fce0[param1].field_0x4 = param2[2]; if (param3 != 0) { g_unk0x0082d0b8[param1] = g_unk0x0082fce0[param1]; g_unk0x0082d0f8[param1] = g_unk0x0082fce0[param1]; } d[0] = g_unk0x0082fce0[param1].field_0x0 - g_unk0x0082d0f8[param1].field_0x0; d[1] = g_unk0x0082fce0[param1].field_0x2 - g_unk0x0082d0f8[param1].field_0x2; d[2] = g_unk0x0082fce0[param1].field_0x4 - g_unk0x0082d0f8[param1].field_0x4; a[0] = d[0] * 0x1680; a[1] = d[1] * 0x1680; a[2] = d[2] * 0x1680; abs = a[0]; if (a[0] < 0) abs = -a[0]; if (abs > 0xb40000) { if (a[0] > 0) a[0] = 0x1680000 - a[0]; else a[0] += 0x1680000; } abs = a[1]; if (a[1] < 0) abs = -a[1]; if (abs > 0xb40000) { if (a[1] > 0) a[1] = 0x1680000 - a[1]; else a[1] += 0x1680000; } abs = a[2]; if (a[2] < 0) abs = -a[2]; if (abs > 0xb40000) { if (a[2] > 0) a[2] = 0x1680000 - a[2]; else a[2] += 0x1680000; } g_unk0x0082d0d8[param1].field_0x0 = (short)(__int64)((double)a[0] * g_unk0x00511300); g_unk0x0082d0d8[param1].field_0x2 = (short)(__in	CMR2Decomp/GameInfo.cpp	7598	void FUN_00506930(int param1, short *param2, int param3)	Stores the target angles of a slot (three degrees as 16-bit values) in the current tables, wraps the delta to the target into [-180, 180) and writes the three wrapped deltas as 12-bit angles in the animated table.
0x00506bb0	FUN_00506bb0	OptionPreview_AllocateConvertedWheelVertices	Context: Allocates and fills the per-slot wheel vertex buffers of param3: the six floats of every source entry become 16.16 values and its normal is stored twice as three signed bytes biased by 0x80, the second copy scaled to unit length.; Body: { BYTE ***ppBlock; BYTE **ppFlags; unsigned short *pCounts; FixVector normal; int totalSize; int i; int k; int srcOff; int destOff; int length; int v; int *pDest; BYTE *pNormal; unsigned int n; BYTE nb0, nb1, nb2; ppBlock = &g_unk0x00831198[param1]; *ppBlock = (BYTE **)CFileBuffer::AllocateLockedBuffer((unsigned int)*(BYTE *)(param3 + 0x26a) << 2); totalSize = (unsigned int)*(BYTE *)(param3 + 0x26a) << 2; ppFlags = &g_unk0x0082d1dc[param1]; *ppFlags = (BYTE *)CFileBuffer::AllocateLockedBuffer((unsigned int)*(BYTE *)(param3 + 0x26a)); pCounts = (unsigned short *)(param3 + 0x24c); for (i = 0; i < (int)(*(BYTE *)(param3 + 0x26a) & 0xff); i++) { { (*ppBlock)[i] = (BYTE *)CFileBuffer::AllocateLockedBuffer((unsigned int)*pCounts << 5); totalSize += (unsigned int)*pCounts * 0x20; (*ppFlags)[i] = *(BYTE *)(*(int *)(param3 + i * 4 + 0x3c) + 0x30); destOff = 0; srcOff = 0; for (k = 0; k < (int)(unsigned int)*pCounts; k++) { pDest = (int *)((*ppBlock)[i] + destOff); pDest[0] = (int)(__int64)((double)*(float *)(*(int *)(*(int *)(param3 + i * 4) + 0xc) + srcOff) * CGraphics::m_65536); pDest[1] = (int)(__int64)((double)*(float *)(*(int *)(*(int *)(param3 + i * 4) + 0xc) + srcOff + 4) * CGraphics::m_65536); pDest[2] = (int)(__int64)((double)*(float *)(*(int *)(*(int *)(param3 + i * 4) + 0xc) + srcOff + 8) * CGraphics::m_65536); pDest[3] = (int)(__int64)((double)*(float *)(*(int *)(*(int *)(param3 + i * 4) + 0xc) + srcOff + 0xc) * CGraphics::m_65536); pDest[4] = (int)(__int64)((double)*(floa	CMR2Decomp/GameInfo.cpp	7686	void FUN_00506bb0(int param1, int param2, int param3)	Allocates and fills the per-slot wheel vertex buffers of param3: the six floats of every source entry become 16.16 values and its normal is stored twice as three signed bytes biased by 0x80, the second copy scaled to unit length.
0x00507fe0	FUN_00507fe0	OptionPreview_RebuildDeformedGeometry	Context: Rebuilds the deformed geometry of the stage entry <pObject> refers to: the twelve vertices OptionPreview_BuildDeformGeometry generated are used to find the vertex closest to the camera on either side of the camera plane, the camera is pushed onto that plane and then every vertex of the entry's meshes is moved along its stored limit normal (clamped by StageDeform_ClampVertex) with three times the displacement the clamp applied.; Body: { FixVector d; FixVector dv; FixVector pos; FixVector dest; FixVector saved; int positive; int minValue; int minPositive; int radius2; int invRadius; int band2; int invBand; int falloff; int value; int band; int angle; int dirty; int i; int j; FixVecScale(&d, &g_unk0x0082d120, -0x10000); positive = FixVecDot(&g_unk0x0082d12c, &d) >= 0; minPositive = 0; minValue = 0; for (i = 0; i < 12; i++) { d.x = pGeom->vertex[i].x - g_unk0x0082d120.x; d.y = pGeom->vertex[i].y - g_unk0x0082d120.y; d.z = pGeom->vertex[i].z - g_unk0x0082d120.z; value = FixVecDot(&g_unk0x0082d12c, &d); if (!positive) value = -value; if (value < minValue) minValue = value; if (value > 0 && (minPositive == 0 || value < minPositive)) minPositive = value; } if (!positive) { minValue = -minValue; minPositive = -minPositive; } if (minValue != 0) { FixVecScale(&d, &g_unk0x0082d12c, minValue); g_unk0x0082d120.x += d.x; g_unk0x0082d120.y += d.y; g_unk0x0082d120.z += d.z; } else if (minPositive != 0) { FixVecScale(&d, &g_unk0x0082d12c, minPositive); g_unk0x0082d120.x += d.x; g_unk0x0082d120.y += d.y; g_unk0x0082d120.z += d.z; } positive = FixVecDot(&g_unk0x0082d12c, &g_unk0x0082d120) >= 0; radius2 = FixMul(g_unk0x0082d150, g_unk0x0082d150); invRadius = FixDiv(0x10000, g_unk0x0082d150); band = g_unk0x0082d150 + g_unk0x0082d154; band2 = FixMul(band, band); invBand = FixDiv(0x10000, g_unk0x0082d154); falloff = FixMul(g_unk0x0082d158, 0x3333); for (j = 0; j < pObject->meshCount; j++) { dirty = 0; for (i = 0; i < pObject->ve	CMR2Decomp/GameInfo.cpp	8092	void FUN_00507fe0(Unk0x0082d220 *pObject, Unk0x0082fd00 *pGeom)	Rebuilds the deformed geometry of the stage entry <pObject> refers to: the twelve vertices OptionPreview_BuildDeformGeometry generated are used to find the vertex closest to the camera on either side of the camera plane, the camera is pushed onto that plane and then every vertex of the entry's meshes is moved along its stored limit normal (clamped by StageDeform_ClampVertex) with three times the displacement the clamp applied.
0x00500130	FUN_00500130	OptionMenu_AdvanceSharedModeValue	Context: Steps the shared mode value one position; when it reaches the top it stores the frame time instead and flags the fade as finished.; Body: { Unk0049c2c0 *p = Game_GetSecondaryCallbackMachine(); int value = OptionMenu_GetPlayerSlotOffset() - 1; if (value != 0) { CGame::FUN_0049c1c0(p, 0, 1, 2); OptionMenu_SetPlayerSlotOffset(value); return; } CGame::FUN_0049c1c0(p, 0, 0, 2); g_unk0x0082a938 = 0; g_unk0x0082b0a4 = CMain::GetFrameDelta(); OptionMenu_SetPlayerSlotOffset(1); }	CMR2Decomp/GameInfo.cpp	8266	void FUN_00500130(void)	Steps the shared mode value one position; when it reaches the top it stores the frame time instead and flags the fade as finished.
0x00501de0	FUN_00501de0	OptionMenu_AnimateLayoutRectangleEdge	Context: Moves the left or the right edge of the slot's layout rectangle towards the centre while its interpolation is running.; Body: { Unk0x0082b2c0 *p; int mid; int lo; int hi; int a; int delta; p = &g_unk0x0082b2c0[param_1]; if (p->field_0xc == 1) { mid = param_2[2] / 2 + param_2[0]; lo = mid - 1; hi = mid + 1; if (p->field_0x0 < 0x8000) { param_2[0] = lo; param_2[2] = hi - lo; a = FixMul(p->field_0x0, 0x20000); a = FixMul(a, a); delta = param_2[3] - (FixMul(param_2[3] << 16, a) >> 16); param_2[1] += delta / 2; param_2[3] -= delta; return; } a = FixMul(p->field_0x0 - 0x8000, 0x20000); a = FixMul(a, a); delta = param_2[2] - (FixMul(param_2[2] << 16, a) >> 16); param_2[0] += delta / 2; param_2[2] -= delta; return; } else if (p->field_0xc == 0) { param_2[3] = 0; param_2[2] = 0; } }	CMR2Decomp/GameInfo.cpp	8427	void FUN_00501de0(int param_1, short *param_2)	Moves the left or the right edge of the slot's layout rectangle towards the centre while its interpolation is running.
0x0050a3f0	FUN_0050a3f0	OptionMenu_DrawClampedStageTime	"Context: Draws the stage time of the results screen: the elapsed time clamped to one minute around the target, the time of the target and the ""(mins)"" suffix.; Body: { int value = OptionMenu_GetSlotSelector(CGameInfo::GetActiveOptionSlot()); int target = OptionMenu_GetSharedValue(); int shown; int width; int x; if (target > value) { shown = target - 6000; if (shown < value) shown = value; } else if (target < value) { shown = target + 6000; if (shown > value) shown = value; } else { shown = value; } OptionMenu_DrawTransitionTextShortCoords(4, 0, 0, CFrontend::GetTextString(0x90), g_unk0x005293a0 * (int)g_pGraphics->resX / 0x280, (int)g_pGraphics->resY * 0x5d / 0x1e0, g_unk0x00527380, g_unk0x0052738c, 0x11); sprintf(CFrontend::m_stringDest, CFrontend::GetTextString(0x91), OptionMenu_GetSlotBaseSelector(CGameInfo::GetActiveOptionSlot())); OptionMenu_DrawTransitionTextShortCoords(4, 1, 0, CFrontend::m_stringDest, g_unk0x005293a0 * (int)g_pGraphics->resX / 0x280, (int)g_pGraphics->resY * 0x6d / 0x1e0, g_unk0x00527380, g_unk0x0052738c, 0x11); OptionMenu_SetSharedValue(shown); sprintf(CFrontend::m_stringDest, g_str0x0051a904, (shown / 100) / 0x3c, (shown / 100) % 0x3c); if (CGameInfo::FUN_005004c0() != 0) OptionMenu_DrawTransitionTextShortCoords(4, 3, 3, CFrontend::m_stringDest, g_unk0x005293a0 * (int)g_pGraphics->resX / 0x280, (int)g_pGraphics->resY * 0x96 / 0x1e0, &g_unk0x00527378, &g_unk0x00527378, 0x11); else OptionMenu_DrawTransitionTextShortCoords(4, 3, 3, CFrontend::m_stringDest, g_unk0x005293a0 * (int)g_pGraphics->resX / 0x280, (int)g_pGraphics->resY * 0x96 / 0x1e0, &g_unk0x0052737c, &g_unk0x0052738c[1], 0x11); width = Font_GetTextWidth("	CMR2Decomp/GameInfo.cpp	8638	void FUN_0050a3f0(void)	"Draws the stage time of the results screen: the elapsed time clamped to one minute around the target, the time of the target and the ""(mins)"" suffix."
0x00402000	FUN_00402000	InRaceMenu_DrawLabelAndValueRows	Context: Draws the rows of an in-race menu: every visible row shows its label (and, for the value rows, each of its values) with the selected row brighter, plus the sprite behind the block. item (la original usa &item->id) y reordena el prólogo del rect.; Body: { MenuItem *pItem; int i; int j; int x; int y; char *str1; char *str2; char *sub[3]; char *text; int *pA; int *pB; char single; bool twoLines; int *pColour; int texture; g_unk0x0052ad58[0] = 0; g_unk0x0052ad58[1] = 0; g_unk0x0052ad58[2] = (short)g_pGraphics->resX; y = (int)(g_pGraphics->resY * 0xaa) / 0x1e0; g_unk0x0052ad58[3] = (short)g_pGraphics->resY; Font_SetBlendMode(2); Sprite_FillRect((int)g_pGraphics + 0x150, g_unk0x0052ad58, (BYTE *)&g_unk0x0051608c, 2); FUN_00401b60(); g_unk0x0052ad58[0] = (short)((int)(g_pGraphics->resX * 0x70) / 0x280); g_unk0x0052ad58[2] = *(short *)(g_unk0x0052aa60 + 0x120); g_unk0x0052ad58[3] = *(short *)(g_unk0x0052aa60 + 0x122); g_unk0x0052ad58[1] = (short)((int)(g_pGraphics->resY * 0xaa) / 0x1e0 - (int)(g_pGraphics->resY * 0xd) / 0x1e0); for (i = 0; i < pMenu->itemCount; i++) { pItem = &pMenu->items[i]; if (pItem->visible) { str1 = CFrontend::GetTextString(pItem->id); str2 = CFrontend::GetTextString(pItem->id + 1); if (pMenu->cursor == i) { pColour = &g_unk0x00516074; texture = g_unk0x0052aa60; } else { pColour = &g_unk0x00516078; texture = g_unk0x0052aa68; } Sprite_Queue((SpriteRect *)(texture + 0x11c), (SpriteRect *)g_unk0x0052ad58, (Texture *)texture, 2, 0, NULL, NULL, (BYTE *)pColour, 8); twoLines = true; switch (pItem->value) { case 1: sub[0] = CFrontend::GetTextString(pItem->id); sub[1] = CFrontend::GetTextString(pItem->id + 1); single = 0; break; case 2: for (j = 0; j < (int)(BYTE)pItem->min; j++) sub[j] = CFrontend::GetTextString(j +	CMR2Decomp/GameInfo.cpp	8934	void FUN_00402000(Menu *pMenu)	Draws the rows of an in-race menu: every visible row shows its label (and, for the value rows, each of its values) with the selected row brighter, plus the sprite behind the block. item (la original usa &item->id) y reordena el prólogo del rect.
0x00403890	FUN_00403890	InRaceMenu_DrawSliderRows	Context: Draws the rows of a value menu: each row shows its label and, for the 0..3 value rows, a slider bar (outline plus filled part) whose length is the value; the selected row is drawn brighter. el maximo de anchos y las divisiones del slider (los dos rects en registros).; Body: { MenuItem *pItem; short rect[4]; short bar[4]; int i; int k; int x; int y; int maxWidth; int width; int *pColour; int texture; char *text; BYTE fade[4]; k = 0; rect[0] = 0; rect[1] = 0; rect[2] = (short)g_pGraphics->resX; rect[3] = (short)g_pGraphics->resY; Font_SetBlendMode(2); *(DWORD *)fade = g_unk0x0051608c; fade[3] = 0x73; Sprite_FillRect((int)g_pGraphics + 0x150, rect, fade, 2); FUN_00401b60(); maxWidth = 0; rect[0] = (short)((int)(g_pGraphics->resX * 0x70) / 0x280); rect[2] = *(short *)(g_unk0x0052aa60 + 0x120); rect[3] = *(short *)(g_unk0x0052aa60 + 0x122); if (pMenu->itemCount > 0) { pItem = pMenu->items; do { if (pItem->id == 0x62) break; text = CFrontend::GetTextString(pItem->id); width = Font_GetTextWidth(1, (BYTE *)text); if (width > maxWidth) { text = CFrontend::GetTextString(pItem->id); maxWidth = Font_GetTextWidth(1, (BYTE *)text); } k++; pItem++; } while (k < pMenu->itemCount); } i = 0; if (pMenu->itemCount > 0) { pItem = pMenu->items; do { pColour = &g_unk0x00516074; if (pMenu->cursor != i) pColour = &g_unk0x00516078; if (pItem->value < 0) { y = (int)(g_pGraphics->resY * 0xaa) / 0x1e0 + ((int)(g_pGraphics->resY * 0x2a) / 0x1e0) * i; Font_DrawText(1, CFrontend::GetTextString(pItem->id), (int)(g_pGraphics->resX * 0x86) / 0x280, y, pColour, 0x11); } else if (pItem->value > 3) { if (pItem->value != 4) { y = (int)(g_pGraphics->resY * 0xaa) / 0x1e0 + ((int)(g_pGraphics->resY * 0x2a) / 0x1e0) * i; Font_DrawText(1, CFrontend::GetTextString(pItem->id), (int)(g_pGrap	CMR2Decomp/GameInfo.cpp	9037	void FUN_00403890(Menu *pMenu)	Draws the rows of a value menu: each row shows its label and, for the 0..3 value rows, a slider bar (outline plus filled part) whose length is the value; the selected row is drawn brighter. el maximo de anchos y las divisiones del slider (los dos rects en registros).
0x004041e0	FUN_004041e0	InRaceMenu_DrawCarSetupChoices	Body: { MenuItem *pItem; short rect[4]; int i; int j; int k; int x; int width; int index; int *pColour; int *pSubColour; int texture; rect[0] = 0; rect[1] = 0; rect[2] = (short)g_pGraphics->resX; rect[3] = (short)g_pGraphics->resY; Font_SetBlendMode(2); Sprite_FillRect((int)g_pGraphics + 0x150, rect, (BYTE *)&g_unk0x0051608c, 4); rect[0] = (short)((int)(g_pGraphics->resX * 0x70) / 0x280); rect[2] = *(short *)(g_unk0x0052aa60 + 0x120); rect[3] = *(short *)(g_unk0x0052aa60 + 0x122); i = 0; if (pMenu->itemCount > 0) { pItem = pMenu->items; do { pColour = pMenu->cursor == i ? &g_unk0x00516074 : &g_unk0x00516078; switch (pItem->value) { case 0: case 1: case 3: strcpy(CFrontend::m_stringDest, CFrontend::GetTextString(pItem->id)); x = (int)(g_pGraphics->resX * 0x86) / 0x280; Font_DrawText(1, CFrontend::m_stringDest, x, MENU_ITEM_Y(i), pColour, 0x11); j = 0; if (pItem->min != 0) { do { width = Font_GetTextWidth(1, (BYTE *)CFrontend::m_stringDest); pSubColour = pItem->max == j ? &g_unk0x00516074 : &g_unk0x00516078; x = (int)(g_pGraphics->resX * 10) / 0x280 + x + width; Font_DrawText(1, CFrontend::GetTextString(j + 0x9c), x, MENU_ITEM_Y(i), pSubColour, 0x11); strcpy(CFrontend::m_stringDest, CFrontend::GetTextString(j + 0x9c)); j++; } while (j < pItem->min); } break; case 2: strcpy(CFrontend::m_stringDest, CFrontend::GetTextString(pItem->id)); x = (int)(g_pGraphics->resX * 0x86) / 0x280; Font_DrawText(1, CFrontend::m_stringDest, x, MENU_ITEM_Y(i), pColour, 0x11); j = 0; if (pItem->min == 2) {	CMR2Decomp/GameInfo.cpp	9161	void FUN_004041e0(Menu *pMenu)	No source comment.
0x00505b40	FUN_00505b40	OptionMenu_AnimateSelectedPanel	Context: Advances the animation of the option panel selected by 0x82ca1c: eases its slide (the ramp is 16.16 and follows the square root of the elapsed fraction), copies the source rect while it has not started or the destination rect when it is over and interpolates the four edges in between, runs the two fade phases of the finished panel and finally rolls the highlight pulse. mismo contador de saltos (bl) que nosotros, pero guarda los 16.16 en EBP-4/EBP-8 y reutiliza EAX/EDX en otro orden, asi que las cuatro interpolaciones de borde salen desplazadas.; Body: { Unk0x0082c6c8Anim *pEntry; unsigned int now; int ratio; int index; if (g_unk0x0082ca1c == 0xff) return; index = (signed char)g_unk0x0082ca1c; pEntry = (Unk0x0082c6c8Anim *)g_unk0x0082c6c8 + index; if (pEntry->active != 0) { now = CMain::GetFrameDelta(); ratio = FixDiv((int)(now - pEntry->startTime) << 16, pEntry->distance); ratio = FixSqrt(ratio); if (ratio >= 0x10000) { pEntry->active = 0; pEntry->current = pEntry->end; pEntry->startTime2 = CMain::GetFrameDelta(); } else { pEntry->current = FixMul(ratio, pEntry->end - pEntry->start) + pEntry->start; } } if (pEntry->current == 0) { *(int *)&pEntry->dstX1 = *(int *)&pEntry->srcX1; *(int *)&pEntry->dstX2 = *(int *)&pEntry->srcX2; pEntry->phase1 = 0; pEntry->phase2 = 0; } else if (pEntry->current == 0x10000) { pEntry->dstX1 = g_unk0x0082c9ec[0]; pEntry->dstY1 = g_unk0x0082c9ec[1]; pEntry->dstX2 = g_unk0x0082c9ec[2]; pEntry->dstY2 = g_unk0x0082c9ec[3]; if (pEntry->active == 0) { if (pEntry->phase1 != 0x10000) { pEntry->phase1 = FixDiv((int)(CMain::GetFrameDelta() - pEntry->startTime2) << 16, 0x320000); if (pEntry->phase1 >= 0x10000) { pEntry->phase1 = 0x10000; pEntry->startTime3 = CMain::GetFrameDelta(); } } if (pEntry->phase1 == 0x10000 && pEntry->phase2 != 0x10000) { pEntry->phase2 = FixDiv((int)(CMain::GetFrameDelta() - pEntry->startTime3) << 16, 0x640000); if (pEntry->phase2 >= 0x10000) pEntry->phase2 = 0x10000; } } else { pEntry->phase1 = 0; pEntry->phase2 = 0; } } else { pEntry->dstX1 = (short)(FixMulShift32((g_unk0x0082c	CMR2Decomp/GameInfo.cpp	9433	void FUN_00505b40(void)	Advances the animation of the option panel selected by 0x82ca1c: eases its slide (the ramp is 16.16 and follows the square root of the elapsed fraction), copies the source rect while it has not started or the destination rect when it is over and interpolates the four edges in between, runs the two fade phases of the finished panel and finally rolls the highlight pulse. mismo contador de saltos (bl) que nosotros, pero guarda los 16.16 en EBP-4/EBP-8 y reutiliza EAX/EDX en otro orden, asi que las cuatro interpolaciones de borde salen desplazadas.
0x005105a0	type_info::FUN_005105a0	DeleteWithFlags	Context: argument stack with `pop ecx`, where this compiler always emits the (one byte longer) equivalent `add esp,4`; both are generated by the compiler for a virtual destructor, and the two imported call targets already resolve to the same symbols. Only that single instruction differs.; Body: { this->type_info::~type_info(); if (param_1 & 1) ::operator delete(this); return this; }	CMR2Decomp/GameInfo.cpp	9622	void *type_info::FUN_005105a0(BYTE param_1)	argument stack with `pop ecx`, where this compiler always emits the (one byte longer) equivalent `add esp,4`; both are generated by the compiler for a virtual destructor, and the two imported call targets already resolve to the same symbols. Only that single instruction differs.
0x0050a920	FUN_0050a920	OptionMenu_DrawResultsRallyInfo	Context: Draws the rally information panel of the results screen: the two shaded bars, the stage name, the stage thumbnail and (second mode only) the time bar, the target time and the stage row labels.; Body: { BYTE col[12] = { 0xae, 0xc9, 0x65, 0xff, 0x57, 0x94, 0xc4, 0xff, 0xc1, 0x61, 0xa0, 0xff }; int t; int base; int w; int x; int y; int i; int *pCol; Texture *tex; g_unk0x00831660[0] = (short)((int)g_pGraphics->resX * 0x1c / 0x280); g_unk0x00831660[1] = (short)((int)g_pGraphics->resY * 0xff / 0x1e0); g_unk0x00831660[2] = (short)((int)g_pGraphics->resX * 0xc9 / 0x280); g_unk0x00831660[3] = (short)((int)g_pGraphics->resY * 0x5d / 0x1e0); Sprite_FillRect((int)g_pGraphics + 0x150, g_unk0x00831660, g_colour0x005273b0, 3); g_unk0x00831660[0] = g_unk0x00831660[0] + g_unk0x00831660[2]; g_unk0x00831660[3] = g_unk0x00831660[3] + g_unk0x00831660[1]; g_unk0x00831660[1] = (short)((int)g_pGraphics->resY * 0x12a / 0x1e0); g_unk0x00831660[3] = g_unk0x00831660[3] - g_unk0x00831660[1]; g_unk0x00831660[2] = (short)((int)g_pGraphics->resX * 0x7e / 0x280); Sprite_FillRect((int)g_pGraphics + 0x150, g_unk0x00831660, g_colour0x005273b0 + 4, 3); x = g_unk0x00831660[2] / 2 + g_unk0x00831660[0]; y = (int)g_pGraphics->resY * 0x124 / 0x1e0; if (param_1 != 0) w = 0x134; else w = 0x135; sprintf(CFrontend::m_stringDest, CRegKey::m_regKeyPathFormatValue, CFrontend::GetTextString(w)); x = x - Font_GetTextWidth(1, (BYTE *)CFrontend::m_stringDest) / 2; Font_DrawText(1, CFrontend::m_stringDest, x, y, g_unk0x00527380, 0x11); if (param_1 != 0) { tex = (Texture *)g_unk0x0083137c[OptionMenu_GetColumnWeight( OptionMenu_GetControlSetupMenu()[0x1f + Menu_FindItem((Menu *)OptionMenu_GetControlSetupMenu(), 2) * 0x14])]; }	CMR2Decomp/GameInfo.cpp	10160	void FUN_0050a920(int param_1)	Draws the rally information panel of the results screen: the two shaded bars, the stage name, the stage thumbnail and (second mode only) the time bar, the target time and the stage row labels.
0x0050c420	FUN_0050c420	OptionMenu_DrawResultsOptions	Context: Draws the results screen: one row per menu option with the option text, its value and the separator line between the rows, then the screen title, the rally record and finally the stage time. The selected row is drawn with the pulsed menu colour, blended against the shared grey. blend through FixMul/FixDiv), but MSVC 6 packs this function's frame differently: it gives the `colour` local the dead parameter slot [ebp+8] and the fixed-point/FILD temporaries -0x14..-0x4, while the original keeps colour at [ebp-0x14] and spills the temporaries/factor to [ebp+8]/[ebp-0xc]/[ebp-8]/ [ebp-4]. Every mismatch in the two blend blocks is that slot swap; the block ordering and the switch lowering are identical.; Body: { int colour; int frames; int mode; int i; int a; int b; int x; int f; unsigned int remaining; x = (int)g_pGraphics->resX * 0x1c / 0x280; if (param_1 != 0) colour = g_unk0x0052737c; else colour = *(int *)OptionMenu_GetStateByteAddress(); mode = OptionMenu_GetSlotType(OptionMenu_FindFirstDetailedSlot()); g_unk0x00831660[2] = 1; g_unk0x00831660[3] = (short)((int)g_pGraphics->resY * 0x18 / 0x1e0); g_unk0x00831660[1] = (short)((int)g_pGraphics->resY * 0x1c / 0x1e0); frames = OptionMenu_GetScrollDistance(); i = 0; switch (mode) { case 0: f = 0x10000 - FixDiv(0x10000 - (int)(__int64)((double)(unsigned)frames * CGraphics::m_65536), 0x10000); FixMul((int)(__int64)((double)(colour & 0xff) * CGraphics::m_65536), f); FixMul((int)(__int64)((double)(g_unk0x00527380[0] & 0xff) * CGraphics::m_65536), 0x10000 - f); FixMul((int)(__int64)((double)(colour >> 8 & 0xff) * CGraphics::m_65536), f); FixMul((int)(__int64)((double)(g_unk0x00527380[0] >> 8 & 0xff) * CGraphics::m_65536), 0x10000 - f); FixMul((int)(__int64)((double)(colour >> 16 & 0xff) * CGraphics::m_65536), f); FixMul(0x10000 - f, (int)(__int64)((double)(g_unk0x00527380[0] >> 16 & 0xff) * CGraphics::m_65536)); break; case 1: break; case 2: f = 0x10000 - FixDiv(0x10000 - (int)(__int64)((double)(unsigned)frames * CGraphics::m_65536), 0x10000); FixMul(f, (int)(__int64)((double)(g_unk0x00527380[0] & 0xff) * CGraphics::m_65536)); FixMul((int)(__int64)((double)(colour & 0xff) * CGraphics::m_65536), 0x10000 - f); FixMul((int)(__int64)((double	CMR2Decomp/GameInfo.cpp	10397	void FUN_0050c420(int param_1)	Draws the results screen: one row per menu option with the option text, its value and the separator line between the rows, then the screen title, the rally record and finally the stage time. The selected row is drawn with the pulsed menu colour, blended against the shared grey. blend through FixMul/FixDiv), but MSVC 6 packs this function's frame differently: it gives the `colour` local the dead parameter slot [ebp+8] and the fixed-point/FILD temporaries -0x14..-0x4, while the original keeps colour at [ebp-0x14] and spills the temporaries/factor to [ebp+8]/[ebp-0xc]/[ebp-8]/ [ebp-4]. Every mismatch in the two blend blocks is that slot swap; the block ordering and the switch lowering are identical.
0x0050f650	FUN_0050f650	OptionMenu_DrawStageSummaryPanel	Context: Draws the stage summary panel: the event header (special stage or round), the stage name, the record time, the surface and severity values, the distance, the class rows in two columns and the panel title, plus the animated divider bar on the left. allocates 0x14 bytes (bar at [esp+8..0xf], v0/v1 at [esp+0x10], table at [esp+0x14] plus one unused 4-byte slot at [esp+0xc]); this build allocates 0x10 bytes (table at [esp+0x10]), so every frame-relative operand and the scheduling of `bar[2] = 1` differ. Source-level reordering (declaration order, separate pointer/second-column variables) does not move MSVC 6's slots.; Body: { short bar[4]; BYTE *table; int x; int i; int count; int limit; int y; int w; int w2; BYTE v0; BYTE v1; bar[2] = 1; x = (int)g_pGraphics->resX * 0x1c2 / 0x280; bar[3] = (short)((int)g_pGraphics->resY * 0x18 / 0x1e0); bar[1] = (short)((int)g_pGraphics->resY * 0xac / 0x1e0); OptionMenu_EaseRecordBar(0, bar, 0, 1); if (CGameInfo::GetConfiguredGameMode() != 0 && CGameInfo::GetConfiguredGameMode() != 1) { if (param_2 == 10) sprintf(CFrontend::m_stringDest, g_keypadFormat, CFrontend::GetTextString(0x9b), CFrontend::GetTextString(0x13d)); else sprintf(CFrontend::m_stringDest, g_classRowHeaderFormat, CFrontend::GetTextString(0x9b), param_2 + 1); OptionMenu_DrawTransitionTextShortCoords(3, 0, 0, CFrontend::m_stringDest, x, (int)g_pGraphics->resY * 0xbe / 0x1e0, g_unk0x005297ac, g_unk0x005297ac + 2, 0x11); } else { int value; if (param_2 == 10) { switch (CGameInfo::GetConfiguredDifficulty()) { case 0: value = 2; break; case 2: value = 4; break; default: value = 3; break; } } else { value = param_2 / 4 + 1; } sprintf(CFrontend::m_stringDest, g_classRowHeaderFormat, CFrontend::GetTextString(0xfa), value); OptionMenu_DrawTransitionTextShortCoords(3, 0, 0, CFrontend::m_stringDest, x, (int)g_pGraphics->resY * 0xbe / 0x1e0, g_unk0x005297ac, g_unk0x005297ac + 2, 0x11); x += Font_GetTextWidth(0, (BYTE *)CFrontend::m_stringDest); x += Font_GetTextWidth(0, (BYTE *)((char *)&g_unk0x0051682c[0x44])); bar[0] = (short)x; Sprite_FillRect((int)g_pGraphics + 0x150, bar, (BYTE *)(g_unk0x005297ac + 3), 	CMR2Decomp/GameInfo.cpp	10519	void FUN_0050f650(int param_1, int param_2)	Draws the stage summary panel: the event header (special stage or round), the stage name, the record time, the surface and severity values, the distance, the class rows in two columns and the panel title, plus the animated divider bar on the left. allocates 0x14 bytes (bar at [esp+8..0xf], v0/v1 at [esp+0x10], table at [esp+0x14] plus one unused 4-byte slot at [esp+0xc]); this build allocates 0x10 bytes (table at [esp+0x10]), so every frame-relative operand and the scheduling of `bar[2] = 1` differ. Source-level reordering (declaration order, separate pointer/second-column variables) does not move MSVC 6's slots.
0x0050b1c0	FUN_0050b1c0	OptionMenu_DrawAnimatedScreenRows	Context: Draws one frame of a game-info screen (options, about, rally): the background bar of every row, the text of the row chosen by the screen mode, the row marker and banner sprites and the pulsing sprite of the highlighted row. queues, bar easing); the residual diff is MSVC6 register allocation and block placement the compiler will not reproduce from source: it keeps the param5 load in EDI across the three OptionMenu_ScaleRecordBar calls, merges the Sprite_Queue/colour-select tails at different points (push offset vs mov+push) and lays the switch bodies out with a different instruction schedule. OptionMenu_GetRecordPercentage is declared unsigned in the tree while the original compares it signed; the call site casts to int for jg. OptionMenu_IsValueDefault returns BYTE, matching the original test al.; Body: { short rectP[4]; short rectQ[4]; short rectR[4]; int barX; int flag; int i; rectQ[0] = (short)((int)param4 * (int)g_pGraphics->resX / 0x280); rectQ[1] = 0; rectQ[2] = 0; rectQ[3] = 0; rectR[0] = (short)((int)g_pGraphics->resX * 0x23a / 0x280); rectR[1] = 0; rectR[2] = 0; rectR[3] = 0; rectP[0] = (short)((int)g_pGraphics->resX * 0x254 / 0x280); rectP[1] = 0; rectP[2] = 0; rectP[3] = 0; if (param6 != 0) param6 = g_unk0x0052737c; else param6 = *(int *)OptionMenu_GetStateByteAddress(); barX = (int)param4 * (int)g_pGraphics->resX / 0x280; if (g_unk0x0083166c != 0) { rectQ[2] = *(short *)(g_unk0x0083166c + 0x120); rectQ[3] = *(short *)(g_unk0x0083166c + 0x122); OptionMenu_ScaleRecordBar(1, rectQ); } if (g_unk0x00831360 != 0) { rectR[2] = *(short *)(g_unk0x00831360 + 0x120); rectR[3] = *(short *)(g_unk0x00831360 + 0x122); OptionMenu_ScaleRecordBar(1, rectR); } if (g_unk0x008313ac != 0) { rectP[2] = *(short *)(g_unk0x008313ac + 0x120); rectP[3] = *(short *)(g_unk0x008313ac + 0x122); OptionMenu_ScaleRecordBar(1, rectP); } g_unk0x00831660[0] = (short)barX; g_unk0x00831660[1] = (short)((int)g_pGraphics->resY * param5 / 0x1e0); g_unk0x00831660[3] = 1; g_unk0x00831660[2] = (short)((int)g_pGraphics->resX * 0xa2 / 0x280); if (param3 == 4) g_unk0x00831660[2] += (short)((int)g_pGraphics->resX * 200 / 0x280); OptionMenu_EaseRecordBar(0, g_unk0x00831660, 1, 1); if (param2 == 0) { if (CGameInfo::FUN_005004c0() != 0) Sprite_FillRect((int)g_pGraphics + 0x150, g_unk0x00831660, (BYTE *)&g_unk0x0052	CMR2Decomp/GameInfo.cpp	10667	void FUN_0050b1c0(short param1, short param2, short param3, short param4, short param5, int param6)	Draws one frame of a game-info screen (options, about, rally): the background bar of every row, the text of the row chosen by the screen mode, the row marker and banner sprites and the pulsing sprite of the highlighted row. queues, bar easing); the residual diff is MSVC6 register allocation and block placement the compiler will not reproduce from source: it keeps the param5 load in EDI across the three OptionMenu_ScaleRecordBar calls, merges the Sprite_Queue/colour-select tails at different points (push offset vs mov+push) and lays the switch bodies out with a different instruction schedule. OptionMenu_GetRecordPercentage is declared unsigned in the tree while the original compares it signed; the call site casts to int for jg. OptionMenu_IsValueDefault returns BYTE, matching the original test al.
0x00500270	FUN_00500270	OptionMenu_ConfirmOrRevertHighlightedValue	Context: Confirms the value of the highlighted entry of the option menu: applies it when the slot still had a different one, or reverts the highlighted row.; Body: { int index; int value; index = Menu_FindItem((Menu *)OptionMenu_GetControlSetupMenu(), 2); value = OptionMenu_GetColumnWeight(((Menu *)OptionMenu_GetControlSetupMenu())->items[index].max); if (OptionMenu_GetSlotSelector(CGameInfo::GetActiveOptionSlot()) - OptionMenu_GetRecordGroupWeight(value) < 0) { if (OptionMenu_GetRecordGroupAppliedFlag(CGameInfo::GetActiveOptionSlot(), value) == 0) { if (OptionMenu_GetRecordPercentage(CGameInfo::GetActiveOptionSlot(), value, 0) > 0) { CGameInfo::StartOptionMenuTimeout(); return; } return; } } if (OptionMenu_GetRecordGroupAppliedFlag(CGameInfo::GetActiveOptionSlot(), value) == 0) FUN_00503010(CGameInfo::GetActiveOptionSlot(), value); Menu_SetNextAction((int)pMenu->pParent); }	CMR2Decomp/GameInfo.cpp	11167	void FUN_00500270(Menu *pMenu, MenuItem *pItem)	Confirms the value of the highlighted entry of the option menu: applies it when the slot still had a different one, or reverts the highlighted row.
0x00503010	FUN_00503010	OptionMenu_RevertRallyRecordGroup	"Context: Reverts one option group of the current slot: clears the group's ""changed"" flags and subtracts the group's weight from the slot value. (Not listed in functions.tsv; it is the counter part of OptionMenu_ApplyRallyRecordGroup.); Body: { BYTE *pDest = g_unk0x0082c070 + param_1 * 0x148; int value; int i; switch (param_2) { case 1: if (pDest[0x116] == 0) return; pDest[0x116] = 0; value = OptionMenu_GetSlotSelector(param_1); OptionMenu_SetSlotSelector(param_1, value - g_unk0x005270b8[0]); g_unk0x0082c040[param_1][1] = 1; return; case 2: if (pDest[0x117] == 0) return; pDest[0x117] = 0; value = OptionMenu_GetSlotSelector(param_1); OptionMenu_SetSlotSelector(param_1, value - g_unk0x005270b8[1]); g_unk0x0082c040[param_1][2] = 1; return; case 3: if (pDest[0x10e] == 0 && pDest[0x10f] == 0 && pDest[0x110] == 0 && pDest[0x111] == 0) return; pDest[0x10e] = 0; pDest[0x10f] = 0; pDest[0x110] = 0; pDest[0x111] = 0; value = OptionMenu_GetSlotSelector(param_1); OptionMenu_SetSlotSelector(param_1, value - g_unk0x005270b8[2]); FUN_00509d00(param_1); g_unk0x0082c040[param_1][3] = 1; return; case 4: if (pDest[0x118] == 0) return; pDest[0x118] = 0; value = OptionMenu_GetSlotSelector(param_1); OptionMenu_SetSlotSelector(param_1, value - g_unk0x005270b8[3]); g_unk0x0082c040[param_1][4] = 1; return; case 5: if (pDest[0x112] == 0 && pDest[0x113] == 0 && pDest[0x114] == 0 && pDest[0x115] == 0) return; pDest[0x112] = 0; pDest[0x113] = 0; pDest[0x114] = 0; pDest[0x115] = 0; value = OptionMenu_GetSlotSelector(param_1); OptionMenu_SetSlotSelector(param_1, value - g_unk0x005270b8[4]); g_unk0x0082c040[param_1][5] = 1; return; case 6: { int changed = 0; int any = 0; if (pDest[0x119] != 0 || pDest[0x11a] != 0 || pDest[0x11b] != 0 || pDest[0x"	CMR2Decomp/GameInfo.cpp	11193	void FUN_00503010(int param_1, int param_2)	"Reverts one option group of the current slot: clears the group's ""changed"" flags and subtracts the group's weight from the slot value. (Not listed in functions.tsv; it is the counter part of OptionMenu_ApplyRallyRecordGroup.)"
0x004ffab0	FUN_004ffab0	OptionMenu_UpdateMessagesAndRecordStates	Context: Per-frame callback of the option menu: ages the two message timers, resets the option rows when the highlighted entry changes, animates the row states and normalises the country and stage selections of the session.; Body: { int i; int value; int old; if (g_unk0x0082ac4c > 0) { g_unk0x0082ac4c--; if (g_unk0x0082ac4c == 0) FUN_00500130(); } if (g_unk0x0082ac50 > 0) { g_unk0x0082ac50--; if (g_unk0x0082ac50 == 0) OptionMenu_Start(0); } g_unk0x0082a928 = CMain::GetFrameDelta(); if (pMenu->cursor != g_unk0x00526f44) { OptionMenu_ClearRecordTransition(0); OptionMenu_ClearRecordTransition(1); OptionMenu_ClearRecordTransition(3); OptionMenu_ClearRecordTransition(2); OptionMenu_ClearRecordTransition(5); OptionMenu_ClearRecordTransition(6); OptionMenu_ClearRecordTransition(7); if ((pMenu->cursor != 2 || g_unk0x00526f44 != 1) && (pMenu->cursor != 1 || g_unk0x00526f44 != 2)) OptionMenu_ClearRecordTransition(4); g_unk0x0082a90c[g_unk0x00526f44] = 2; g_unk0x0082a930 = g_unk0x0082a928; g_unk0x00526f44 = pMenu->cursor; OptionMenu_ClearTimeout(); } for (i = 0; i < 6; i++) { switch (g_unk0x0082a90c[i]) { case 0: if (i == pMenu->cursor) Menu_SetFlags(pMenu, 0, 0, 0, 0); if ((unsigned int)(g_unk0x0082a928 - g_unk0x0082a930) > 1) g_unk0x0082a90c[i] = 1; break; case 1: if (i == pMenu->cursor && pMenu->cursor != Menu_FindItem(pMenu, 4)) Menu_SetFlags(pMenu, 1, 1, 1, 1); break; case 2: if (i == pMenu->cursor) Menu_SetFlags(pMenu, 0, 0, 0, 0); if ((unsigned int)(g_unk0x0082a928 - g_unk0x0082a930) > 1) { g_unk0x0082a930 = g_unk0x0082a928; g_unk0x0082a90c[i] = 3; g_unk0x0082a90c[pMenu->cursor] = 0; } break; case 3: if (i == pMenu->cursor) Menu_SetFlags(pMenu, 0, 0, 0, 0); break; } } if (pMenu->cursor != Menu_FindItem(pMe	CMR2Decomp/GameInfo.cpp	11575	void FUN_004ffab0(Menu *pMenu)	Per-frame callback of the option menu: ages the two message timers, resets the option rows when the highlighted entry changes, animates the row states and normalises the country and stage selections of the session.
0x005062d0	FUN_005062d0	OptionPreview_LoadStageGeometryRecord	"Context: Compone el nombre de la geometria del stage (base .c3d con los sufijos A1N/L/S y su .bfl), registra y carga los recursos, rellena el registro del stage (matrices de las ruedas, mallas y contadores) y libera lo temporal. Devuelve 1 si el stage se cargo.; Body: { Unk0x0082cb78 *pEntry; int hC3D; int hL; int hS; unsigned int stage; unsigned char model; unsigned char variant; int *pRecord; int root; int nodeL; int nodeS; int i; stage = OptionMenu_GetBackgroundRoot(); CGameInfo::GetConfiguredGameMode(); if (g_unk0x00831318 == 0) { CGame::RegisterCallback((void *)OptionPreview_ReleaseSessionResources, 0); g_unk0x00831318 = 1; for (i = 0; i < 16; i++) { g_unk0x00831088[i].pUnk0x0 = NULL; g_unk0x00831088[i].pUnk0x8 = NULL; g_unk0x00831088[i].pUnk0x4 = NULL; } } model = (BYTE)(int)RallyData_GetDriverRecordSelectionValue(index); variant = (BYTE)(int)CFrontend::GetArchivePrimaryIDEntry(model); sprintf(g_unk0x00663b60, ""%s.c3d"", Car_GetTextureSetPath(model, 0, 0)); if (CGameInfo::GetPreviewMode() == 0) { strncpy(g_unk0x00663b60 + strlen(g_unk0x00663b60) - 6, ""A1N.c3d"", 8); hC3D = (int)CFileBuffer::GetGenericFileBuffer(g_unk0x00663b60, 0); if (OptionPreview_UsesLowWheelVariant(variant, 1) == 0) { hL = 0; } else { strncpy(g_unk0x00663b60 + strlen(g_unk0x00663b60) - 5, ""L.c3d"", 5); hL = (int)CFileBuffer::GetGenericFileBuffer(g_unk0x00663b60, 0); } if (OptionPreview_UsesWheelVariantSix(variant, 6) != 0) { strncpy(g_unk0x00663b60 + strlen(g_unk0x00663b60) - 5, ""S.c3d"", 5); hS = (int)CFileBuffer::GetGenericFileBuffer(g_unk0x00663b60, 0); } else { hS = 0; } } else { hC3D = (int)CFileBuffer::GetGenericFileBuffer(g_unk0x00663b60, 0); hL = 0; hS = 0; } g_unk0x0082d19c[index] = (BYTE *)hC3D; g_unk0x008311d8[index] = (BYTE *)hL; g_unk0x00831158[index] = "	CMR2Decomp/GameInfo.cpp	11710	int FUN_005062d0(int index)	Compone el nombre de la geometria del stage (base .c3d con los sufijos A1N/L/S y su .bfl), registra y carga los recursos, rellena el registro del stage (matrices de las ruedas, mallas y contadores) y libera lo temporal. Devuelve 1 si el stage se cargo.
0x004f8b30	FUN_004f8b30	FrontendRecords_BuildScrambledBestTimeTables	Context: Rewrites every best-time record of the selected rally as a scrambled identifier string (see FUN_004fb8d0/FrontendText_FormatCodeGroups) into the five tables the profile screens display. residue is the local-variable slot assignment (MSVC 6 picked a different variable -> frame offset mapping, so every instruction with a stack operand differs) plus the byte-level tag handling, which the reference reloads from its slot where we keep it in a register.; Body: { BYTE bVar1; int iVar2; int iVar3; int iVar4; unsigned int uVar5; unsigned int uVar8; unsigned int *puVar10; BYTE *puVar9; unsigned int *puVar7; unsigned int local_4; unsigned int local_8; int local_c; BYTE *local_10; int local_14; BYTE *local_18; int local_1c; local_8 = 0; local_4 = 0; local_10 = 0; local_14 = 0x150; do { local_c = ((int)local_10 % 2) + 10; local_1c = local_14; for (uVar8 = 0; (int)uVar8 < local_c; uVar8++) { { puVar7 = (unsigned int *)(RallyData_GetAvailableCategorySaveRecord(0) + 4 + local_1c); puVar10 = (unsigned int *)(RallyData_GetAvailableCategorySaveRecord(0) + local_1c); if (((*puVar10 & 0x80) == 0) || (0xf < *puVar7 / 6000)) { g_unk0x0082547c[((int)local_10 * 11 + uVar8) * 0x19] = 0; } else { local_8 = (local_8 & 0xfffff00f) | (((uVar8 & 0xf) << 4 | (unsigned int)local_10 & 0xf) << 4); local_8 = (local_8 & 0xfffc0fff) | (*puVar10 & 0x3f) << 0xc; local_8 = (local_8 & 0x7fffffff) | (~*puVar10 & 0xffffffc0) << 0x19; local_8 = local_8 ^ ((*puVar7 / 6000 ^ local_8) & 0xf); local_8 = (local_8 & 0xff03ffff) | ((*puVar7 / 100) % 0x3c & 0x3f) << 0x12; local_8 = (local_8 & 0x80ffffff) | (*puVar7 % 100 & 0x7f) << 0x18; bVar1 = (BYTE)(*puVar10 >> 8); ((BYTE *)&local_4)[0] = (BYTE)(((BYTE *)&local_4)[0] & 0xf8); ((BYTE *)&local_4)[0] = (BYTE)(bVar1 << 3) | (BYTE)(((BYTE *)&local_4)[0] & 7); puVar7 = &local_8; iVar2 = 4; do { *(BYTE *)puVar7 ^= (BYTE)(((BYTE *)&local_4)[0] >> 3 << 1); puVar7 = (unsigned int *)((int)puVar7 + 1); iVar2--; } while (iVar2 != 0); FUN	CMR2Decomp/GameInfo.cpp	11844	void FUN_004f8b30(void)	Rewrites every best-time record of the selected rally as a scrambled identifier string (see FUN_004fb8d0/FrontendText_FormatCodeGroups) into the five tables the profile screens display. residue is the local-variable slot assignment (MSVC 6 picked a different variable -> frame offset mapping, so every instruction with a stack operand differs) plus the byte-level tag handling, which the reference reloads from its slot where we keep it in a register.
0x0044bcd0	FUN_0044bcd0	GameMenu_DrawSplitTimes	Context: Draw callback of the split times screen: the country flag in the corner, then per car the name, the time of every split and the total; in arcade mode the record holder and record time head the list, in the knockout mode GameMenu_DrawKnockoutSplitComparison draws the two drivers of the match.; Body: { short rect[4]; Texture *pFlag; GameInfo0xa4 *pInfo; BYTE *pColour; BOOL isGhost; char *pName; int yAdjust; int header; int count; int car; int x; int width; int yOffset; int split; int total; int base; yAdjust = 0; header = 0; GameMenu_ClearMenuListWithHighlight(); if (InRaceMenu_GetCurtainTexture()) { rect[2] = ((Texture *)InRaceMenu_GetCurtainTexture())->width; rect[3] = ((Texture *)InRaceMenu_GetCurtainTexture())->height; rect[0] = (short)((int)(g_pGraphics->resX * 0x234) / 640 - rect[2] / 2); rect[1] = (short)((int)(g_pGraphics->resY * 0x30) / 480 - rect[3] / 2); pFlag = (Texture *)InRaceMenu_GetCurtainTexture(); Sprite_Queue((SpriteRect *)((BYTE *)InRaceMenu_GetCurtainTexture() + 0x11c), (SpriteRect *)rect, pFlag, 2, 0, NULL, NULL, g_menuFrameColour, 8); } if (CGameInfo::GetConfiguredGameMode() == 4) { GameMenus_DrawTextRow((int)(g_pGraphics->resX * 30) / 640, (int)(g_pGraphics->resY * 0x43) / 480, CFrontend::GetTextString(0x48), 0); GameMenu_DrawKnockoutSplitComparison(); Font_SetBlendMode(2); return; } if (CGameInfo::GetConfiguredGameMode() == 5 || CGameInfo::GetConfiguredGameMode() == 6 || CGameInfo::GetConfiguredGameMode() == 7 || CGameInfo::GetConfiguredGameMode() == 11) { GameMenu_DrawInGameBreadcrumb(pMenu); x = (int)(g_pGraphics->resX * 30) / 640; sprintf(CFrontend::m_stringDest, g_recordHeaderFormat, CFrontend::GetTextString(0x6d)); CGenericFileLoader::StrUpperPolish((BYTE *)CFrontend::m_stringDest); Font_DrawText(0, CFrontend::m_stringDest, x, (int)(g_pGraphi	CMR2Decomp/GameMenus.cpp	689	void FUN_0044bcd0(Menu *pMenu)	Draw callback of the split times screen: the country flag in the corner, then per car the name, the time of every split and the total; in arcade mode the record holder and record time head the list, in the knockout mode GameMenu_DrawKnockoutSplitComparison draws the two drivers of the match.
0x0044d790	FUN_0044d790	GameMenu_DrawStageWinner	Context: Draw callback of the stage winner screen.; Body: { int winner; int best; int i; int resY; best = 0x10; winner = -1; GameMenu_ClearMenuListWithHighlight(); if (CGameInfo::GetConfiguredGameMode() != 5 && CGameInfo::GetConfiguredGameMode() != 6) { GameMenus_DrawTextRow((int)(g_pGraphics->resX * 30) / 640, (int)(g_pGraphics->resY * 242) / 480, CFrontend::GetTextString(0x49), CFrontend::GetTextString(0x46), 0); sprintf(CFrontend::m_stringDest, g_winnerFormat, g_unk0x00519edc, CFrontend::GetTextString(0x4a)); } else { GameMenus_DrawTextRow((int)(g_pGraphics->resX * 30) / 640, (int)(g_pGraphics->resY * 242) / 480, CFrontend::GetTextString(0x49), 0); for (i = 0; i < (BYTE)RallyDataState(); i++) { if (GameMenu_FindCarStagePosition(i) < best) { best = GameMenu_FindCarStagePosition(i); winner = i; } } sprintf(CFrontend::m_stringDest, g_winnerFormat, (char *)RallyData_GetRecord(winner), CFrontend::GetTextString(0x4a)); } CGenericFileLoader::StrUpperPolish((BYTE *)CFrontend::m_stringDest); resY = g_pGraphics->resY; Font_DrawText(0, CFrontend::m_stringDest, (int)(g_pGraphics->resX * 30) / 640, (resY * 10) / 480 + (resY * 242) / 480 + Font_GetLineHeight(0), (int *)g_menuFrameColour, 0x11); Font_SetBlendMode(2); }	CMR2Decomp/GameMenus.cpp	924	void FUN_0044d790(Menu *pMenu)	Draw callback of the stage winner screen.
0x0044d960	FUN_0044d960	GameMenu_DrawScrollingStageSplits	"Context: Draw callback of the scrolling stage split table: driver, split time, car and position (""="" when the time equals the previous row's).; Body: { char stage[80]; bool isPlayer; int rows; int row; int pos; int id; int time; int player; rows = (g_unk0x005413f8 | g_unk0x0053f5a8) ? 5 : 6; GameMenu_ClearMenuListWithHighlight(); if (CGameInfo::GetConfiguredGameMode() == 0 || CGameInfo::GetConfiguredGameMode() == 1) { if (RallyDataStageIndex() == 10) sprintf(stage, CRegKey::m_regKeyPathFormatValue, CFrontend::GetTextString(0xba)); else sprintf(stage, g_classRowHeaderFormat, CFrontend::GetTextString(0x40), RallyDataStageIndex() + 1); GameMenus_DrawTextRow((int)(g_pGraphics->resX * 30) / 640, (int)(g_pGraphics->resY * 0x43) / 480, CFrontend::GetTextString(RallyDataCountryIndex() & 0xff), CInput::FormatString(g_classRowHeaderFormat, CFrontend::GetTextString(0x44), (RallyDataStageIndex() >> 2) + 1), stage, 0); } else if (RallyDataStageIndex() == 10) { GameMenus_DrawTextRow((int)(g_pGraphics->resX * 30) / 640, (int)(g_pGraphics->resY * 0x43) / 480, CFrontend::GetTextString(RallyDataCountryIndex() & 0xff), CFrontend::GetTextString(0xba), 0); } else { GameMenus_DrawTextRow((int)(g_pGraphics->resX * 30) / 640, (int)(g_pGraphics->resY * 0x43) / 480, CFrontend::GetTextString(RallyDataCountryIndex() & 0xff), CInput::FormatString(g_classRowHeaderFormat, CFrontend::GetTextString(0x40), RallyDataStageIndex() + 1), 0); } for (row = 0; row < rows; row++) { if (g_unk0x0053f5a8 != 0) { row++; pos = (pMenu->items[0].max - 1) + row; } else { if (g_unk0x005413f8 != 0) { row++; pos = pMenu->items[0].max + row; } else { pos = pMenu->items[0].max"	CMR2Decomp/GameMenus.cpp	960	void FUN_0044d960(Menu *pMenu)	"Draw callback of the scrolling stage split table: driver, split time, car and position (""="" when the time equals the previous row's)."
0x0044efa0	FUN_0044efa0	GameMenu_DrawScrollingChampionshipPoints	Context: Draw callback of the scrolling championship points table: six rows from the position in item 0, each with the driver, its points, its car and its position; rows of the human drivers are highlighted and the top five are separated from the rest.; Body: { bool isPlayer; int rows; int row; int pos; int id; int points; int player; int x; x = (int)(g_pGraphics->resX * 30) / 640; rows = (g_unk0x005413f8 | g_unk0x0053f5a8) ? 5 : 6; GameMenu_ClearMenuListWithHighlight(); GameMenus_DrawTextRow(x, (int)(g_pGraphics->resY * 0x43) / 480, CFrontend::GetTextString(RallyDataCountryIndex() & 0xff), CFrontend::GetTextString(0x41), CFrontend::GetTextString(0x8d), 0); for (row = 0; row < rows; row++) { if (g_unk0x0053f5a8 != 0) { row++; pos = (pMenu->items[0].max - 1) + row; } else { if (g_unk0x005413f8 != 0) row++; pos = pMenu->items[0].max + row; } if (pos > 5 && pMenu->items[0].max < 6) g_unk0x0053e698 = (int)(g_pGraphics->resY * 10) / 480; else g_unk0x0053e698 = 0; id = RallyTiming_GetOverallPositionDriverID(pos); points = RallyTiming_GetStagePenalty(id, RallyDataCountryIndex()); isPlayer = false; for (player = 0; player < CGameInfo::GetConfiguredPlayerCount(); player++) { if (RallyTiming_GetOverallPositionOfDriver(StageTiming_GetDriverSlot(player)) == pos) { isPlayer = true; strcpy(CFrontend::m_stringDest, (char *)RallyData_GetRecord(player)); goto found; } } strcpy(CFrontend::m_stringDest, CAIHelper::GetNameForID(id)); found: Font_DrawText(1, CFrontend::m_stringDest, (int)(g_pGraphics->resX * 0x5c) / 640, (((int)(g_pGraphics->resY * 0x82) / 480 + ((int)(g_pGraphics->resY * 0x34) / 480) * row) - (int)(g_pGraphics->resY * 8) / 480) - g_unk0x00540c60 + g_unk0x0053e698, (int *)g_menuFrameColour, 9); sprintf(CFrontend::m_stringDest, g_stage	CMR2Decomp/GameMenus.cpp	1178	void FUN_0044efa0(Menu *pMenu)	Draw callback of the scrolling championship points table: six rows from the position in item 0, each with the driver, its points, its car and its position; rows of the human drivers are highlighted and the top five are separated from the rest.
0x0044fea0	FUN_0044fea0	GameMenu_DrawScrollingRallyTimes	Context: Same as FUN_0044efa0 for the overall rally times table.; Body: { bool isPlayer; int x; int rows; int row; int pos; int id; int time; int player; int slot; x = (int)(g_pGraphics->resX * 30) / 640; rows = (g_unk0x005413f8 | g_unk0x0053f5a8) ? 5 : 6; GameMenu_ClearMenuListWithHighlight(); if (!g_unk0x00541210 || !g_unk0x00540898) GameMenus_DrawTextRow(x, (int)(g_pGraphics->resY * 0x43) / 480, CFrontend::GetTextString(RallyDataCountryIndex() & 0xff), CFrontend::GetTextString(0x41), 0); else GameMenus_DrawTextRow(x, (int)(g_pGraphics->resY * 0x43) / 480, CFrontend::GetTextString(RallyDataCountryIndex() & 0xff), CFrontend::GetTextString(0x41), CFrontend::GetTextString(0xef), 0); for (row = 0; row < rows; row++) { if (g_unk0x0053f5a8 != 0) { row++; pos = (pMenu->items[0].max - 1) + row; } else { if (g_unk0x005413f8 != 0) row++; pos = pMenu->items[0].max + row; } if (pos <= 5 || pMenu->items[0].max >= 6) g_unk0x0053e698 = 0; else g_unk0x0053e698 = (int)(g_pGraphics->resY * 10) / 480; id = RallyTiming_GetOverallPositionDriverID(pos); time = RallyTiming_GetOverallTimeForPosition(pos); isPlayer = FALSE; for (player = 0, slot = 0xf; player < CGameInfo::GetConfiguredPlayerCount(); player++, slot--) { if (RallyTiming_GetOverallPositionOfDriver(slot) == pos) { isPlayer = TRUE; strcpy(CFrontend::m_stringDest, (char *)RallyData_GetRecord(player)); goto found; } } strcpy(CFrontend::m_stringDest, CAIHelper::GetNameForID(id)); found: Font_DrawText(1, CFrontend::m_stringDest, (int)(g_pGraphics->resX * 0x5c) / 640, (((int)(g_pGraphics->resY * 0x82) / 480 + ((	CMR2Decomp/GameMenus.cpp	1268	void FUN_0044fea0(Menu *pMenu)	Same as FUN_0044efa0 for the overall rally times table.
0x00450c10	FUN_00450c10	GameMenu_DrawChampionshipOutcome	"Context: Draw callback of the championship standings screen: the best driver's position decides between the ""champion"" and ""rally over"" headers.; Body: { char position[100]; char *pPosition; int x; int y; int best; int i; int slot; int place; int resY; x = (int)(g_pGraphics->resX * 30) / 640; y = (int)(g_pGraphics->resY * 242) / 480; GameMenu_ClearMenuListWithHighlight(); best = 99; i = 0; slot = best; if (CGameInfo::GetConfiguredPlayerCount() > 0) { slot = 0xf; do { if (RallyTiming_GetOverallPositionOfDriver(slot) < best) best = RallyTiming_GetOverallPositionOfDriver(slot); i++; slot--; } while (i < CGameInfo::GetConfiguredPlayerCount()); slot = best; } if (slot < 6) GameMenus_DrawTextRow(x, y, CFrontend::GetTextString(RallyDataCountryIndex() & 0xff), CFrontend::GetTextString(0x41), CFrontend::GetTextString(0x49), 0); else GameMenus_DrawTextRow(x, y, CFrontend::GetTextString(RallyDataCountryIndex() & 0xff), CFrontend::GetTextString(0x41), CFrontend::GetTextString(0x88), 0); for (i = 0; i < CGameInfo::GetConfiguredPlayerCount(); i++) { place = RallyTiming_GetOverallPositionOfDriver(StageTiming_GetDriverSlot(i)); switch (place) { case 0: pPosition = CFrontend::GetTextString(0x51); break; case 1: pPosition = CFrontend::GetTextString(0x52); break; case 2: pPosition = CFrontend::GetTextString(0x53); break; default: sprintf(position, CFrontend::GetTextString(0x54), place + 1); pPosition = position; break; } sprintf(CFrontend::m_stringDest, g_standingsRowFormat, (char *)RallyData_GetRecord(i), pPosition); CGenericFileLoader::StrUpperPolish((BYTE *)CFrontend::m_stringDest); resY = g_pGraphics->resY; Font_DrawText(0, CFrontend::m_st"	CMR2Decomp/GameMenus.cpp	1447	void FUN_00450c10(Menu *pMenu)	"Draw callback of the championship standings screen: the best driver's position decides between the ""champion"" and ""rally over"" headers."
0x00450ef0	FUN_00450ef0	GameMenu_DrawScrollingStagePoints	"Context: Draw callback of the scrolling stage points table: driver, car, points and position; tied drivers get the tie-break note (count-back) and ""="" instead of their position.; Body: { bool isPlayer; int x; int rows; int row; int pos; int id; int points; int player; int i; x = (int)(g_pGraphics->resX * 30) / 640; rows = (g_unk0x005413f8 | g_unk0x0053f5a8) ? 5 : 6; GameMenu_ClearMenuListWithHighlight(); GameMenus_DrawTextRow(x, (int)(g_pGraphics->resY * 0x43) / 480, CFrontend::GetTextString(RallyDataCountryIndex() & 0xff), CFrontend::GetTextString(0x42), CFrontend::GetTextString(0x8d), 0); i = 0; do { g_unk0x005418c4[i] = (BYTE)RallyTiming_GetStageTimeSeconds(RallyTiming_GetStageOrderDriverID(i)); i++; } while (i < 0x10); for (row = 0; row < rows; row++) { if (g_unk0x0053f5a8 != 0) { row++; pos = (pMenu->items[0].max - 1) + row; } else { if (g_unk0x005413f8 != 0) row++; pos = pMenu->items[0].max + row; } id = RallyTiming_GetStageOrderDriverID(pos); points = RallyTiming_GetStageTimeSeconds(id); isPlayer = FALSE; for (player = 0; player < CGameInfo::GetConfiguredPlayerCount(); player++) { if (StageTiming_GetDriverSlot(player) == id) { isPlayer = TRUE; strcpy(CFrontend::m_stringDest, (char *)RallyData_GetRecord(player)); goto found; } } strcpy(CFrontend::m_stringDest, CAIHelper::GetNameForID(id)); found: Font_DrawText(1, CFrontend::m_stringDest, (int)(g_pGraphics->resX * 0x5c) / 640, (((int)(g_pGraphics->resY * 0x82) / 480 + ((int)(g_pGraphics->resY * 0x34) / 480) * row) - (int)(g_pGraphics->resY * 8) / 480) - g_unk0x00540c60, (int *)g_menuFrameColour, 9); if (isPlayer) { strcpy(CFrontend::m_stringDest, (char *)CFrontend::GetModeSpecificCountryText(RallyData_"	CMR2Decomp/GameMenus.cpp	1540	void FUN_00450ef0(Menu *pMenu)	"Draw callback of the scrolling stage points table: driver, car, points and position; tied drivers get the tie-break note (count-back) and ""="" instead of their position."
0x00451690	FUN_00451690	GameMenu_DrawFinalChampionshipStandings	Context: Draw callback of the final championship standings (header menu) screen.; Body: { char position[100]; char *pPosition; int i; int place; int resY; if (g_pHeaderMenu == &g_menu0x0053f790) { GameMenu_ClearMenuListWithHighlight(); GameMenus_DrawTextRow((int)(g_pGraphics->resX * 30) / 640, (int)(g_pGraphics->resY * 242) / 480, CFrontend::GetTextString(0x42), CFrontend::GetTextString(CGameInfo::GetConfiguredDifficulty() + 0x8e), 0); for (i = 0; i < CGameInfo::GetConfiguredPlayerCount(); i++) { place = RallyTiming_GetStagePositionOfDriver(StageTiming_GetDriverSlot(i)); switch (place) { case 0: pPosition = CFrontend::GetTextString(0x51); break; case 1: pPosition = CFrontend::GetTextString(0x52); break; case 2: pPosition = CFrontend::GetTextString(0x53); break; default: sprintf(position, CFrontend::GetTextString(0x54), place + 1); pPosition = position; break; } sprintf(CFrontend::m_stringDest, g_standingsRowFormat, (char *)RallyData_GetRecord(i), pPosition); CGenericFileLoader::StrUpperPolish((BYTE *)CFrontend::m_stringDest); resY = g_pGraphics->resY; Font_DrawText(0, CFrontend::m_stringDest, (int)(g_pGraphics->resX * 30) / 640, (resY * 242) / 480 + ((resY * 10) / 480 + Font_GetLineHeight(0)) * (i + 1), (int *)g_menuFrameColour, 0x11); } } else { if (!RallyData_IsChampionshipFinalStage()) GameMenu_ClearMenuListWithHighlight(); } }	CMR2Decomp/GameMenus.cpp	1650	void FUN_00451690(Menu *pMenu)	Draw callback of the final championship standings (header menu) screen.
0x00451df0	FUN_00451df0	GameMenu_DrawStageClassification	"Context: Draw callback of the stage classification table: one boxed row per car with its name, time (or target time, or points) and car, the players' rows highlighted, and the position number on the left (""="" for a tie).; Body: { char diff[12]; bool isPlayer; int i; int next; int car; int time; int flags; char *pFormat; GameMenu_ClearMenuListWithHighlight(); GameMenu_DrawInGameBreadcrumb(pMenu); for (i = 0; i < (BYTE)Race_GetBaseCarCount(); i = next) { isPlayer = FALSE; car = StageTiming_GetBoundedFinishOrderEntry(i); time = StageTiming_GetValidStartTime(car); if (car < (int)(RallyDataState() & 0xff)) { isPlayer = TRUE; strcpy(CFrontend::m_stringDest, (char *)RallyData_GetRecord(car)); } else { strcpy(CFrontend::m_stringDest, CAIHelper::GetNameForID(car)); } Font_DrawText(1, CFrontend::m_stringDest, (int)(g_pGraphics->resX * 0x5c) / 640, ((int)(g_pGraphics->resY * 0x82) / 480 + ((int)(g_pGraphics->resY * 0x34) / 480) * i) - (int)(g_pGraphics->resY * 8) / 480, (int *)g_menuFrameColour, 9); flags = 9; if (g_pHeaderMenu == &g_menu0x0053ec48) { sprintf(CFrontend::m_stringDest, g_stageNumberFormat, RallyTiming_GetPositionPoints(i)); } else if (!(BYTE)RallyData_GetSetupFlag11() || (RallyData_GetSetupModeBits() != 1 && RallyData_GetSetupModeBits() != 2)) { FormatCentisecondsAsMinSecMSec(time, CFrontend::m_stringDest); } else if (RallyData_GetSetupModeBits() == 1) { flags = 0xc; if (i == 0) { FormatCentisecondsAsMinSecMSec(time - RallyData_GetSetupLowNibble() * 100, CFrontend::m_stringDest); } else { FormatCentisecondsAsMinSecMSec(RallyData_GetSetupLowNibble() * 100, diff); sprintf(CFrontend::m_stringDest, g_plusTimeFormat, diff); } } else { sprintf(CFrontend::m_stringDest, g_pointsFormat, StageTiming_GetPe"	CMR2Decomp/GameMenus.cpp	1715	void FUN_00451df0(Menu *pMenu)	"Draw callback of the stage classification table: one boxed row per car with its name, time (or target time, or points) and car, the players' rows highlighted, and the position number on the left (""="" for a tie)."
0x00452be0	FUN_00452be0	GameMenu_DrawStagePenalties	Context: Draw callback of the stage penalties screen: for every car, its disqualification or retirement reason, jump start / speeding penalties and car damage notes, one line each.; Body: { int x; int y; int lines; int i; x = (int)(g_pGraphics->resX * 30) / 640; lines = 0; y = (int)(g_pGraphics->resY * 242) / 480; GameMenu_ClearMenuListWithHighlight(); Font_DrawText(2, CFrontend::GetTextString(0x49), x, y, (int *)g_menuFrameColour, 0x11); for (i = 0; i < (int)(RallyDataState() & 0xff); i++) { if (Race_ReadPlayerState37F68(i) & 0x80) { sprintf(CFrontend::m_stringDest, CFrontend::GetTextString(0x7f), CFrontend::GetModeSpecificCountryText(Race_ReadPlayerState37F78(i))); CGenericFileLoader::StrUpperPolish((BYTE *)CFrontend::m_stringDest); Font_DrawText(0, CFrontend::m_stringDest, x, (int)(g_pGraphics->resY * 5) / 480 + Font_GetLineHeight(0) + y + ((int)(g_pGraphics->resY * 10) / 480 + Font_GetLineHeight(0)) * i, (int *)g_menuFrameColour, 0x11); lines++; } else if (Race_ReadPlayerState37F68(i) & 0x2000) { sprintf(CFrontend::m_stringDest, CFrontend::GetTextString(0xad), CFrontend::GetTextString(Race_ReadPlayerState37F0C(i) + 0xad)); CGenericFileLoader::StrUpperPolish((BYTE *)CFrontend::m_stringDest); Font_DrawText(0, CFrontend::m_stringDest, x, (int)(g_pGraphics->resY * 5) / 480 + Font_GetLineHeight(0) + y + ((int)(g_pGraphics->resY * 10) / 480 + Font_GetLineHeight(0)) * i, (int *)g_menuFrameColour, 0x11); lines++; } if (Race_ReadPlayerState37F68(i) & 0x1800) { sprintf(CFrontend::m_stringDest, CFrontend::GetTextString(0xbf), CFrontend::GetTextString((Race_ReadPlayerState37F68(i) & 0x800) ? 5 : 7)); CGenericFileLoader::StrUpperPolish((BYTE *)CFrontend::m_stringDest);	CMR2Decomp/GameMenus.cpp	1854	void FUN_00452be0(Menu *pMenu)	Draw callback of the stage penalties screen: for every car, its disqualification or retirement reason, jump start / speeding penalties and car damage notes, one line each.
0x0044a1b0	FUN_0044a1b0	GameMenu_SetupStageResults	Context: Sets up the results screen after a stage: it stores the stage name, fills the stage result table with the state of every car, and picks the menu the results screens hang from (rewiring the parent/submenu pointers of that menu) according to the game mode and the championship state. the argument evaluation order of the RallyTiming_GetChampionshipPointsByPosition/ced0/cef0, FUN_0040d3a0/ d3d0/d070 and Race_ReadPlayerState37F68 chains (MSVC6 schedules them in another order), the `and eax,0xff` after Frontend_CopyImprovedStageRecordAndSplits (our prototype returns BYTE, the original used a 32-bit return) and one hoisted store to g_unk0x00540898.; Body: { char bVar1; char stageFlag; int state; int result; int i; int j; int car; short count; int driver; int minPos; int k; unsigned int *pState; Menu *pMenu; bVar1 = 0; if (Race_GetStateByte() != 0xff) StageObject_AddCarSoundTimeSeconds((char)Race_GetStateByte(), 0xb4); sprintf(g_ghostName, (char *)CGameInfo::GetGameInfoFieldA4Address() + 0x654 + ((RallyDataCountryIndex() & 0xff) * 0xb + (RallyDataStageIndex() & 0xff)) * 8); CGenericFileLoader::StrLowerPolish(g_ghostName); for (i = 0; i < 10; i++) g_ghostSplits[i] = Frontend_StoreSelectedDeviceOption(i); g_unk0x00541adc = *(unsigned int *)((char *)CGameInfo::GetGameInfoFieldA4Address() + 0x658 + ((RallyDataCountryIndex() & 0xff) * 0xb + (RallyDataStageIndex() & 0xff)) * 8) >> 7 & 0xffff; if ((char)param_1 == 0) CGameInfo::SetInputAndGamePaused(1); Menu_QueueDefaultAction(); g_unk0x00540898 = 0; g_unk0x00541210 = 0; if (CGameInfo::IsConfiguredMultiplayer() != 0) { g_unk0x00540898 = 0; if (StageUI_GetRaceEndEventCount() == (BYTE)CGameInfo::GetConfiguredPlayerCount() - 1) g_unk0x00540898 = 1; } else { g_unk0x00540898 = 1; } GameMenu_BuildStageResultsMenu(0, NULL); GameMenus_Build(); if (CGameInfo::GetConfiguredGameMode() != 4 && (char)CGameInfo::GetActiveCheatMask() == 0 && (char)CGameInfo::GetNetworkOptionBit11() == 0 && StageTiming_GetStageClockState() == 0 && strncmp((char *)RallyData_GetRecord(0), g_strDemoName0x00519ec4, 3) != 0) { for (i = 0; i < (BYTE)RallyDataState(); i++) { car = (BYTE)StageUI_GetRaceEndEventCount() + i; c	CMR2Decomp/GameMenus.cpp	3064	void FUN_0044a1b0(int param_1)	Sets up the results screen after a stage: it stores the stage name, fills the stage result table with the state of every car, and picks the menu the results screens hang from (rewiring the parent/submenu pointers of that menu) according to the game mode and the championship state. the argument evaluation order of the RallyTiming_GetChampionshipPointsByPosition/ced0/cef0, FUN_0040d3a0/ d3d0/d070 and Race_ReadPlayerState37F68 chains (MSVC6 schedules them in another order), the `and eax,0xff` after Frontend_CopyImprovedStageRecordAndSplits (our prototype returns BYTE, the original used a 32-bit return) and one hoisted store to g_unk0x00540898.
0x004a5be0	CGraphics::FUN_004a5be0	EvictManagedTextureResources	Body: { unsigned int index, textureID; int face; m_pTextureManager->pDD->EvictManagedTextures(); m_unk0x0065fa2c = 0; index = 0; textureID = 0; do { Texture* pTexture = m_pTextureManager->textureBuffer[index]; if (pTexture != NULL && pTexture->pSurface != NULL && textureID == pTexture->textureId) { if (pTexture->pSurface->Release() == 0) m_pTextureManager->textureBuffer[index]->pSurface = NULL; } index++; textureID++; } while (index < 2048); ReleaseCachedTextureSurfaces(); for (index = 0; index < m_unk0x0065fa28; index++) { for (face = 5; face >= 0; face--) { RenderTexture *pCube = (RenderTexture *)m_pTextureManager->textureBuffer2[index]; if (pCube->pZBuffers[face] != NULL && ((RenderTexture *)m_pTextureManager->textureBuffer2[index])->pZBuffers[face]->Release() == 0) ((RenderTexture *)m_pTextureManager->textureBuffer2[index])->pZBuffers[face] = NULL; pCube = (RenderTexture *)m_pTextureManager->textureBuffer2[index]; if (pCube->faces[face].pSurface != NULL && ((RenderTexture *)m_pTextureManager->textureBuffer2[index])->faces[face].pSurface->Release() == 0) ((RenderTexture *)m_pTextureManager->textureBuffer2[index])->faces[face].pSurface = NULL; } } return TRUE; }	CMR2Decomp/Graphics.cpp	233	BYTE CGraphics::FUN_004a5be0(void)	No source comment.
0x004a7910	CGraphics::FUN_004a7910	CreateSelectedDisplayAndRenderDevice	Body: { BOOL findMatchingDevice = FALSE; DWORD tier = 0; HDC hdc = 0; LPDIRECTDRAW7 pDD7; DWORD capFlag = 0x10004000; GraphicsStack s; int iHorzRes = 0, iVertRes = 0, iVar6 = 0, cx = 0; m_pTextureManager->textureInfo2 = NULL; m_pTextureManager->textureInfo5 = NULL; m_pTextureManager->textureInfo1 = NULL; EnumerateAndProbeDisplayDevices(&m_unk0x0065fd08,CMain::m_hWndList[CMain::m_hWndIx]); tier = GetTextureFormatCap1(m_unk0x00663b1c); while (tier == 0) { if (m_unk0x00663b1c + 1 > m_unk0x0065fd08.count - 1) { return FALSE; } SetSelectedDisplayDriverIndex(m_unk0x00663b1c + 1U); tier = GetTextureFormatCap1(m_unk0x00663b1c); } m_unk0x0065fd08.reserved = m_unk0x00663b1c; DirectDrawCreateEx(m_unk0x0065fd08.entries[m_unk0x00663b1c].device.pGUID, (LPVOID*)&g_pGraphics->pDD, IID_IDirectDraw7, NULL); g_pGraphics->pDD->QueryInterface(IID_IDirectDraw7, (LPVOID*)&g_pGraphics->pDD7); if (g_pGraphics->pDD != NULL && g_pGraphics->pDD->Release() == 0) { g_pGraphics->pDD = NULL; } g_pGraphics->resX = screenWidth; g_pGraphics->resY = screenHeight; g_pGraphics->depth = colourDepth; g_pGraphics->screenResX = GetDeviceCaps(GetDC(NULL), HORZRES); g_pGraphics->screenResY = GetDeviceCaps(GetDC(NULL), VERTRES); ReleaseDC(NULL, GetDC(NULL)); tier = GetSelectedDisplayDriverIndex(); tier = GetTextureFormatCap80000(tier); #ifndef CMR2_WINDOWED if (tier == 0) { g_pGraphics->isFullscreen = 1; SetSelectedRenderDeviceIndex(0); m_unk0x00660040[tier].surfaceCap = 1; } g_pGraphics->isFullscreen = 1; #else g_pGraphics->	CMR2Decomp/Graphics.cpp	374	BOOL CGraphics::FUN_004a7910(int screenWidth, int screenHeight, int colourDepth)	No source comment.
0x004bdd30	CGraphics::FUN_004bdd30	ProbeDisplayDriverCapabilities	Body: { HDC hdc; int hRes, vRes, bpp; LPDDCAPS pDriverCaps; DDCAPS driverCaps, helCaps; DWORD totalLocalVidMem; if (pEnumDevice->device.pGUID == NULL) { hdc = GetDC(NULL); hRes = GetDeviceCaps(hdc, HORZRES); vRes = GetDeviceCaps(hdc, VERTRES); bpp = GetDeviceCaps(hdc, BITSPIXEL); ReleaseDC(NULL, hdc); if (bpp == 8 || bpp != 0x10) { m_totalPixelsForScreen = vRes * hRes; } else { m_totalPixelsForScreen = vRes * hRes * 2; } } pDriverCaps = &driverCaps; driverCaps.dwSize = sizeof(DDCAPS); helCaps.dwSize = sizeof(DDCAPS); pDevice->GetCaps(pDriverCaps, &helCaps); pEnumDevice->capFlag1 = driverCaps.dwCaps & 1; pEnumDevice->capFlag200 = driverCaps.dwCaps & 0x200; pEnumDevice->capFlag80000 = driverCaps.dwCaps2 & 0x80000; m_displayDevicePool.entries[0].caps.caps.dwCaps = DDSCAPS_LOCALVIDMEM; pDevice->GetAvailableVidMem((LPDDSCAPS2)&m_displayDevicePool.entries[0].device.pGUID, &totalLocalVidMem, NULL); if (totalLocalVidMem < 0x1c2000) pEnumDevice->capFlag1 = 0; return TRUE; }	CMR2Decomp/Graphics.cpp	656	BOOL CGraphics::FUN_004bdd30(DDEnumDeviceBufferEntry *pEnumDevice,IDirectDraw7 *pDevice)	No source comment.
0x004a8c30	CGraphics::FUN_004a8c30_DDEnumCallback	EnumeratePreferredHalDevices	Body: { if (!strcmp(lpDeviceName, m_direct3DHAL) && m_unk0x00660040[0].surfaceCap != 2) { m_unk0x0065ff90[0].guid = lpD3DDeviceDesc->deviceGUID; m_unk0x00660040[0].surfaceCap = 1; } else if (!strcmp(lpDeviceName, m_direct3DTLHAL)) { m_unk0x0065ff90[0].guid = lpD3DDeviceDesc->deviceGUID; m_unk0x00660040[0].surfaceCap = 2; } else { return TRUE; } ((int (__cdecl *)(char *, const char *, char *))wsprintfA)(m_unk0x0065ff90[0].deviceDesc, CRegKey::m_regKeyPathFormatValue, lpDeviceDescription); ((int (__cdecl *)(char *, const char *, char *))wsprintfA)(m_unk0x0065ff90[0].deviceName, CRegKey::m_regKeyPathFormatValue, lpDeviceName); m_unk0x00663b20 = 1; return TRUE; }	CMR2Decomp/Graphics.cpp	851	HRESULT CGraphics::FUN_004a8c30_DDEnumCallback(LPSTR lpDeviceDescription, LPSTR lpDeviceName, LPD3DDEVICEDESC7 lpD3DDeviceDesc, LPVOID lpUserArg)	No source comment.
0x004b7210	CGraphics::FUN_004b7210	CacheRenderDeviceCapabilities	Body: { D3DDEVICEDESC7 d3ddesc; memset(&m_d3dDeviceDesc7, 0, sizeof(Unk0x006e0bb0)); m_pTextureManager->pD3D->GetCaps(&d3ddesc); if ((d3ddesc.dwDevCaps & 0x100) != 0) { m_d3dDeviceDesc7.flag100 = 1; } if ((d3ddesc.dwDevCaps & 0x200) != 0) { m_d3dDeviceDesc7.flag200 = 1; } if ((d3ddesc.dwDevCaps & 0x1000) != 0) { m_d3dDeviceDesc7.flag1000 = 1; } m_d3dDeviceDesc7.field0x80 = d3ddesc.dwDeviceZBufferBitDepth; if ((d3ddesc.dpcTriCaps.dwRasterCaps & 0x8000) != 0) { m_d3dDeviceDesc7.field0x84 = 1; } if (((BYTE)d3ddesc.dpcTriCaps.dwZCmpCaps & 0x80) != 0) { m_d3dDeviceDesc7.field0x88 = 1; } if ((d3ddesc.wMaxSimultaneousTextures > 1) && (d3ddesc.dwTextureOpCaps & 8) != 0) { m_d3dDeviceDesc7.field0x8c = 1; } if ((d3ddesc.dpcTriCaps.dwTextureAddressCaps & 4) != 0) { m_d3dDeviceDesc7.field0x1c = 1; } if ((d3ddesc.dpcTriCaps.dwTextureFilterCaps & 1) != 0) { m_d3dDeviceDesc7.field0x20 = 1; } if ((d3ddesc.dpcTriCaps.dwTextureFilterCaps & 2) != 0) { m_d3dDeviceDesc7.field0x2c = 1; } if ((d3ddesc.dpcTriCaps.dwTextureFilterCaps & 0x20) != 0) { m_d3dDeviceDesc7.field0x30 = 1; } if ((d3ddesc.dpcTriCaps.dwTextureCaps & 1) != 0) { m_d3dDeviceDesc7.field0x24 = 1; } if ((d3ddesc.dpcTriCaps.dwTextureCaps & 0x20) != 0) { m_d3dDeviceDesc7.field0x28 = 1; } if ((d3ddesc.dpcTriCaps.dwTextureCaps & 8) != 0) { m_d3dDeviceDesc7.field0x34 = 1; } if ((d3ddesc.dpcTriCaps.dwTextureBlendCaps & 0x80) != 0) { m_d3dDeviceDesc7.field0x48 = 1; } if ((d3ddesc.dpcTriCaps.dwTextureBlendCaps & 0x40) != 0) { m_d3dDeviceDesc7.fiel	CMR2Decomp/Graphics.cpp	2323	void CGraphics::FUN_004b7210(void)	No source comment.
0x004b9910	FUN_004b9910	Graphics_LoadTextureRecordList	Context: Loads every texture of a list of texture records. Each record holds a header with the number of textures followed by that many index/offset entries into the texture directory; the file name is built from the directory of the game plus the last path component of the texture entry. Resident textures are skipped when the record type is 6.; Body: { unsigned short *pEntry; unsigned int remaining; char *pName; char fileName[260]; unsigned int i; unsigned int flags = param3; if (param3 != 0) { remaining = param3; do { i = 0; if (*(unsigned short *)(param1 + 0xc) > 0) { pEntry = (unsigned short *)(param1 + 0x14); do { pName = (char *)(param2 + *pEntry * 0x104); CGenericFileLoader::StrUpperPolish((BYTE *)pName); strcpy(CFrontend::m_stringDest, CInstallInfo::GetTexturesDirectory()); ((int (__cdecl *)(char *, const char *, char *, char *))sprintf)(fileName, g_fontTgaFormat, CFrontend::m_stringDest, strchr(pName, '\\') + 1); if (param4 == 6) { if (Graphics_FindAndEnsureResidentTexture(fileName) != 0) goto nextEntry; if (strncmp(fileName + strlen(fileName) - 6, CGraphics::m_strSuffixBU, 2) != 0 && strncmp(fileName + strlen(fileName) - 6, g_str0x00521118, 2) != 0 && strncmp(fileName + strlen(fileName) - 6, g_str0x00521114, 2) != 0) flags = Graphics_HasLocalSuffix(fileName) != 0 ? 0x40 : 0x100; } else { flags = param4 != 10 ? 0x90 : 0; } CTexture::FindLoadTexture((GenericFile *)param5, fileName, 0, 0, 0, flags); nextEntry: pEntry += 4; i++; } while (i < *(unsigned short *)(param1 + 0xc)); } param1 = param1 + 0x10 + i * 8; remaining--; } while (remaining != 0); } }	CMR2Decomp/Graphics.cpp	4075	void FUN_004b9910(int param1, int param2, unsigned int param3, int param4, int param5)	Loads every texture of a list of texture records. Each record holds a header with the number of textures followed by that many index/offset entries into the texture directory; the file name is built from the directory of the game plus the last path component of the texture entry. Resident textures are skipped when the record type is 6.
0x004b1150	FUN_004b1150	Particle_BuildTriangleStripIndices	Context: Builds the 800-entry triangle-strip index table.; Body: { g_unk0x006dd784 = 0; g_unk0x006dd788 = 0; int vertex = 3; WORD *pIndex = g_unk0x006db200 + 1; int remaining = 800; do { int previous = vertex - 2; pIndex[-1] = (WORD)(vertex - 3); pIndex[0] = vertex; pIndex[1] = previous + 1; pIndex[2] = vertex - 3; pIndex[3] = previous; pIndex[4] = vertex; pIndex += 6; vertex += 4; } while (--remaining); g_billboardsEnabled = 1; CGame::RegisterCallback(Billboard_Reset, NULL); }	CMR2Decomp/Graphics.cpp	4351	void FUN_004b1150(void)	Builds the 800-entry triangle-strip index table.
0x004b21e0	FUN_004b21e0	Graphics_UpdateFrameStatistics	Context: Frame timing: average fps after a 3 s warm-up, fps of the last second and the time scale of the current frame (1000 / frame time in ms).; Body: { static unsigned int s_start = CMain::GetFrameTime(); static unsigned int s_now = CMain::GetFrameTime(); static unsigned int s_prev = CMain::GetFrameTime() - 40; static unsigned int s_secondStart = CMain::GetFrameTime(); unsigned int elapsed; s_prev = s_now; s_now = CMain::GetFrameTime(); g_frameCount++; g_framesThisSecond++; if (g_fpsWarmup != 0) { if (s_now - s_start > 3000) { g_fpsWarmup = 0; g_averageFpsDone = 0; s_start = s_now; g_frameCount = 0; g_averageFps = 0.0f; } } else { if (g_averageFpsDone == 0 && s_now - s_start > 3000) { g_averageFpsDone = 1; g_averageFps = (float)g_frameCount * 1000.0f / (float)(s_now - s_start); } if (g_lastSecond != s_now / 1000) { g_lastSecond = s_now / 1000; elapsed = s_now - s_secondStart; s_secondStart = s_now; g_fps = (float)g_framesThisSecond * 1000.0f / (float)elapsed; g_framesThisSecond = 0; } } g_frameScale = g_frameScale2 = 1000.0f / (float)(s_now - s_prev); }	CMR2Decomp/Graphics.cpp	5345	void FUN_004b21e0(void)	Frame timing: average fps after a 3 s warm-up, fps of the last second and the time scale of the current frame (1000 / frame time in ms).
0x0049c680	FUN_0049c680	Graphics_DrawMeshTextureBatches	Context: Draws a mesh's triangles in contiguous texture runs.; Body: { MeshTriangle *pTri = pMesh->pTriangles; int total = pMesh->triangleCount; int currentTexture = -1; int count = 0; int n; for (n = total; n > 0; n--) { int texture = *(int *)((BYTE *)pTri + 4 + pTri->field_0x2c * 4); if (texture != currentTexture) { if (count > 0) { CGraphics::m_pTextureManager->pD3D->DrawIndexedPrimitiveVB( D3DPT_TRIANGLELIST, CGraphics::m_pTextureManager->pVertexBuffers[pMesh->vertexBufferIndex], pMesh->vertexOffset, pMesh->field_0x10, g_unk0x0059be74, count, 0); } count = 0; CGraphics::ApplyTextureStageChange(0, (int)CGraphics::m_pTextureManager->textureBuffer[texture]); currentTexture = texture; } g_unk0x0059be74[count++] = pTri->vertexIndex[0]; g_unk0x0059be74[count++] = pTri->vertexIndex[1]; g_unk0x0059be74[count++] = pTri->vertexIndex[2]; CGame::m_unk0x0059ce18++; pTri++; } if (count != 0) { MeshTriangle *pLast = &pMesh->pTriangles[total - 1]; int texture = *(int *)((BYTE *)pLast + 4 + pLast->field_0x2c * 4); CGraphics::ApplyTextureStageChange(0, (int)CGraphics::m_pTextureManager->textureBuffer[texture]); CGraphics::m_pTextureManager->pD3D->DrawIndexedPrimitiveVB( D3DPT_TRIANGLELIST, CGraphics::m_pTextureManager->pVertexBuffers[pMesh->vertexBufferIndex], pMesh->vertexOffset, pMesh->field_0x10, g_unk0x0059be74, count, 0); } }	CMR2Decomp/Graphics.cpp	7268	void FUN_0049c680(Mesh *pMesh)	Draws a mesh's triangles in contiguous texture runs.
0x00447530	FUN_00447530	Dash_UpdateCameraModeOffset	Context: Stores the camera mode of the owner of a HUD slot and, when the slot's delay has elapsed, rebuilds its offset heading (through the shared position helper) and pushes the new height/offset into the dash state. 12 bytes en vez de 16, asi que todos los desplazamientos de pila difieren; la logica y el orden de llamadas coinciden.; Body: { FixVector offset; BYTE index; BYTE *pSettings = param_1; index = pSettings[1]; g_unk0x0053cff8[pSettings[0]] = (BYTE)param_3; if (pSettings[2] >= (BYTE)RallyDataState()) { RallyData_GetDriverCameraOffsets((int *)&offset, (short *)&param_1, &param_3, 0); HudDash_SetCameraOffset(index, &offset); HudDash_SetPlayerGaugeValue(index, param_3); } else { RallyData_GetDriverCameraOffsets((int *)&offset, (short *)&param_1, &param_3, (int)(BYTE)StageUI_GetRaceEndEventCount() + pSettings[2]); HudDash_SetCameraOffset(index, &offset); HudDash_SetPlayerGaugeValue(index, param_3); } HudDash_SetGaugeTarget(index, *(short *)&param_1); View_BuildMatrixFromCameraBasis(pSettings, (FixMatrix *)param_2); }	CMR2Decomp/HudDash.cpp	827	void FUN_00447530(BYTE *param_1, BYTE *param_2, int param_3)	Stores the camera mode of the owner of a HUD slot and, when the slot's delay has elapsed, rebuilds its offset heading (through the shared position helper) and pushes the new height/offset into the dash state. 12 bytes en vez de 16, asi que todos los desplazamientos de pila difieren; la logica y el orden de llamadas coinciden.
0x004475f0	FUN_004475f0	Dash_BuildInterpolatedCockpitMatrix	Context: Rebuilds a cockpit view matrix: an orthonormal basis is built from the player's stored up/right vectors, rolled 45 degrees when the player's camera mode is 3, and then interpolated towards the previous view unless every axis is already within 0x51e of it. Implementada; MSVC6 reparte los locales al reves (marco 0xa8 en vez de 0xb0, ESI/EDI invertidos); la logica y el orden de llamadas son exactos.; Body: { FixVector *pUp; FixVector *pRight; FixVector cross; FixMatrix mat; FixMatrix xform; int index; index = param_1[0]; pUp = &g_unk0x0053d048[2 + index]; pRight = &g_unk0x0053d000[2 + index]; FixVecCross(&cross, pUp, pRight); FixMatrix_Identity(&mat); FixMatrix_SetRight(&cross, &mat); FixMatrix_SetUp(pUp, &mat); FixMatrix_SetForward(pRight, &mat); if (param_3 == 0) { xform = *param_2; xform.forward.x = param_2->right.x; xform.forward.y = param_2->right.y; xform.forward.z = param_2->right.z; xform.right.x = -param_2->forward.x; xform.right.y = -param_2->forward.y; xform.right.z = -param_2->forward.z; } else { xform = mat; FixMatrix_RebuildBasis(&xform); } if (g_unk0x0053cff8[index] == 3) { FixVector up; up = xform.up; xform.up.x = FixMul(xform.forward.x, g_sinTable[0x600]) + FixMul(up.x, g_sinTable[0x200]); xform.up.y = FixMul(xform.forward.y, g_sinTable[0x600]) + FixMul(up.y, g_sinTable[0x200]); xform.up.z = FixMul(xform.forward.z, g_sinTable[0x600]) + FixMul(up.z, g_sinTable[0x200]); xform.forward.x = FixMul(xform.forward.x, g_sinTable[0x200]) - FixMul(up.x, g_sinTable[0x600]); xform.forward.y = FixMul(xform.forward.y, g_sinTable[0x200]) - FixMul(up.y, g_sinTable[0x600]); xform.forward.z = FixMul(xform.forward.z, g_sinTable[0x200]) - FixMul(up.z, g_sinTable[0x600]); } if (FIX_ABS(mat.right.x - xform.right.x) >= 0x51e || FIX_ABS(mat.right.y - xform.right.y) >= 0x51e || FIX_ABS(mat.right.z - xform.right.z) >= 0x51e || FIX_ABS(mat.up.x - xform.up.x) >= 0x51e || FIX_ABS(mat.up.y -	CMR2Decomp/HudDash.cpp	858	void FUN_004475f0(BYTE *param_1, FixMatrix *param_2, int param_3)	Rebuilds a cockpit view matrix: an orthonormal basis is built from the player's stored up/right vectors, rolled 45 degrees when the player's camera mode is 3, and then interpolated towards the previous view unless every axis is already within 0x51e of it. Implementada; MSVC6 reparte los locales al reves (marco 0xa8 en vez de 0xb0, ESI/EDI invertidos); la logica y el orden de llamadas son exactos.
0x00447f70	FUN_00447f70	StageTiming_ResetRaceDriverTimes	Context: Clears the stage timing state of every driver of the race that is starting: the split-leader tables, the ordering of the driver slots and each car's split/checkpoint times. Implementada; el original guarda el contador en el slot salvado de EDI (3 pushes), nosotros usamos 4 y otro reparto de registros.; Body: { int count; int i; int j; count = Stage_GetDriverCount(); g_unk0x0053d1b4 = 0; if ((BYTE)RallyData_GetFlag24() != 0 || (BYTE)RallyData_GetFlag25() != 0) { g_unk0x0053e18c = 0; for (i = 0; i < 0x1b; i++) ((int *)g_unk0x0053ddb0)[i] = 0; for (i = 0; i < 0x12; i++) ((int *)g_unk0x0053e190)[i] = 0; for (i = 0; i < 2; i++) { g_unk0x0053e18d[i] = 0; g_unk0x0053e18f = 0; } if (count > 0) { for (i = 0; i < count; i++) { BYTE *p = (BYTE *)g_unk0x0053de1c + i; for (j = 0; j < 0xc; j++) { int k; for (k = 0; k < 9; k++) { *p = 0xff; p += 8; } } } } if (count > 0) { for (i = 0; i < count; i++) { CarStageTiming *car = &g_carStageTiming[i]; car->field_0x81 = (char)(count - i - 1); if ((char)CGameInfo::GetConfiguredGameMode() == 5 && count > 2) car->field_0x81 = (char)(count - (char)RallyTiming_GetChampionshipDriverPosition(i) - 1); car->field_0x82 = -1; car->startTime = 0; g_unk0x0053dda8[car->field_0x81] = (char)i; car->lastTime = 0; if (RallyData_GetFlag24() != 0) { for (j = 0; j < 0x3c; j++) ((int *)g_unk0x0053d1e8[i])[j] = 0; } for (j = 0; j < 9; j++) car->field_0x4[j] = 0; car->field_0x80 = -1; car->field_0x83 = 0; } } if ((BYTE)RallyData_GetSetupFlag11() != 0) { *(short *)g_unk0x0053d1a4 = 0; g_unk0x0053d1a7 = 0; g_unk0x0053d1a6 = 0; } } if (count > 0) { for (i = 0; i < count; i++) g_unk0x0053d1da[i] = 0; } if (RallyData_GetFlag24() != 0 && RallyData_GetSelectionFlag28() != 0) g_unk0x0053d1d9 = 1; else g_unk0x0053d1d9 = 0; g_unk0x0053d1d8 = 0; }	CMR2Decomp/HudDash.cpp	969	void FUN_00447f70(void)	Clears the stage timing state of every driver of the race that is starting: the split-leader tables, the ordering of the driver slots and each car's split/checkpoint times. Implementada; el original guarda el contador en el slot salvado de EDI (3 pushes), nosotros usamos 4 y otro reparto de registros.
0x0040c610	CInput::FUN_0040c610	InitDetectedControllerSlot	Context: Fills controller slot index from a detected device: its name, type flags, the default bindings and the texts shown for them in the controls menu.; Body: { ControllerData *pController; pController = &m_controllerInfo[index]; pController->index = (BYTE)index; ((int (__cdecl *)(char *, const char *))sprintf)(pController->name, pDevice->deviceInstanceName); pController->field_0x10c = (pDevice->field_0x0 == 3 || pDevice->field_0x0 == 2) ? 1 : 0; pController->field_0x110 = (pDevice->field_0x0 == 3 || pDevice->field_0x0 == 2) ? 1 : 0; pController->field_0x114 = (pDevice->field_0x0 == 3 || pDevice->field_0x0 == 2) ? 1 : 0; pController->field_0x118 = pDevice->unk_isJoystick; m_controllerInfo[index].field_0x4 = 0x8000; m_controllerInfo[index].field_0x0 = 0x8000; if (pDevice->field_0x0 == 1) { if (index == 0) { m_controllerInfo[0].field_0x13e[0] = pDevice->keyboard.field_0x468; ((int (__cdecl *)(char *, const char *))sprintf)(m_controllerInfo[0].keyNames[0], CFrontend::GetTextString(0x1f9)); m_controllerInfo[0].field_0x13e[1] = pDevice->keyboard.field_0x469; ((int (__cdecl *)(char *, const char *))sprintf)(m_controllerInfo[0].keyNames[1], CFrontend::GetTextString(0x1fa)); m_controllerInfo[0].field_0x13e[2] = pDevice->keyboard.field_0x46a; ((int (__cdecl *)(char *, const char *))sprintf)(m_controllerInfo[0].keyNames[2], CFrontend::GetTextString(0x1fb)); m_controllerInfo[0].field_0x13e[3] = pDevice->keyboard.field_0x46b; ((int (__cdecl *)(char *, const char *))sprintf)(m_controllerInfo[0].keyNames[3], CFrontend::GetTextString(0x1fc)); m_controllerInfo[0].field_0x13e[4] = pDevice->keyboard.field_0x46c; ((int (__cdecl *)(char *, const char 	CMR2Decomp/Input.cpp	2026	void CInput::FUN_0040c610(DeviceInfo *pDevice, int index)	Fills controller slot index from a detected device: its name, type flags, the default bindings and the texts shown for them in the controls menu.
0x0040bc90	CInput::FUN_0040bc90	SetControllerForceFeedbackValue	Body: { unsigned short index; index = CInput::m_unk0x005168f4[param1]; SetForceFeedbackDeviceValue(m_controllerInfo[index].field_0x11c = param2, index); }	CMR2Decomp/Input.cpp	2266	void CInput::FUN_0040bc90(unsigned short param1, DWORD param2)	No source comment.
0x0040e8d0	CInstallInfo::FUN_0040e8d0	LoadInstallPathsFromRegistry	Body: { char *regKeyValue; char hdPath[MAX_PATH], cdPath[MAX_PATH], installVersion[16], *bigFileLocation; regKeyValue = CRegKey::GetValueFromKey(CRegKey::m_rkv_gameHDPath); if (*regKeyValue == 0) return 0; strcpy(hdPath, regKeyValue); CInstallInfo::SetGameHDPath(hdPath); regKeyValue = CRegKey::GetValueFromKey(CRegKey::m_rkv_gameCDPath); if (*regKeyValue == 0) return 0; strcpy(cdPath, regKeyValue); CInstallInfo::SetGameCDPath(cdPath); regKeyValue = CRegKey::GetValueFromKey(CRegKey::m_rkv_installVersion); if (*regKeyValue == 0) return 0; strcpy(installVersion, regKeyValue); if (_stricmp(installVersion, CRegKey::m_rkv_installMinimum) == 0) { sprintf(m_tracksDir, m_tracksSubDir, cdPath); sprintf(m_carsDir, m_carsSubDir, cdPath); sprintf(m_soundsDir, m_soundsSubDir, cdPath); sprintf(m_savesDir, m_savesSubDir, hdPath); sprintf(m_musicDir, m_musicSubDir, cdPath); sprintf(m_videosDir, m_videosSubDir, cdPath); sprintf(m_frontendDir, m_frontendSubDir, cdPath); sprintf(m_countrySpecificDir, m_countrySpecificSubDir, cdPath); sprintf(m_countrySpecificOtherDir, m_countrySpecificSubDir, cdPath); sprintf(m_setupRepDir, m_setupRepSubDir, cdPath); bigFileLocation = cdPath; } else { if (_stricmp(installVersion, CRegKey::m_rkv_installMedium) == 0) { sprintf(m_tracksDir, m_tracksSubDir, hdPath); sprintf(m_carsDir, m_carsSubDir, hdPath); sprintf(m_soundsDir, m_soundsSubDir, hdPath); sprintf(m_savesDir, m_savesSubDir, hdPath); sprintf(m_musicDir, m_musicSubDir, cdPath); sprintf(m_videosDir, m_videosSubDi	CMR2Decomp/InstallInfo.cpp	192	int CInstallInfo::FUN_0040e8d0(void)	No source comment.
0x00409b60	FUN_00409b60	NetPlayers_ResetBestTimes	Body: { memset(g_netSplitBest, 0, sizeof(g_netSplitBest)); memset(g_netStageBest, 0, sizeof(g_netStageBest)); strcpy(g_netRecordName, CMain::m_logFileBlankLine); g_netLapBest = 0; g_netPrevBest = 0; g_netNewRecord = 0; }	CMR2Decomp/NetPlayers.cpp	89	void FUN_00409b60(void)	No source comment.
0x00409fd0	FUN_00409fd0	NetPlayers_RecordRemoteSplitTime	Body: { int i; char *name; for (i = 0; i < 7; i++) { if ((g_netPlayers[i].flags & 0x80) && g_netPlayers[i].id == *pId) { g_netPlayers[i].splits[split - 1] = time; if (time < g_netSplitBest[split - 1] || g_netSplitBest[split - 1] == 0) { g_netSplitBest[split - 1] = time; i = NetPlayers_FindPlayerIndexByID(*pId); if ((char)RallyData_GetFlag25()) { if (split != 2) return; } else { if (split != 8) return; } name = NetPlayers_GetPlayerName(i); if (name != NULL) strcpy(g_netRecordName, name); else strcpy(g_netRecordName, CMain::m_logFileBlankLine); } return; } } }	CMR2Decomp/NetPlayers.cpp	301	void FUN_00409fd0(DPID *pId, int split, unsigned int time)	No source comment.
0x0040a580	FUN_0040a580	NetPlayers_RebuildStageResults	Context: Rebuilds the stage results table: one entry per active remote player (speed, sign-extended bits of field_0x1a, finish flag and time) plus the local player at the end, then sorts it with NetPlayers_CompareResultRecords.; Body: { int i; for (i = 0; i < 7; i++) { if ((g_netPlayers[i].flags & 0x80) != 0) { g_netResults[i].index = i; g_netResults[i].field_0x4 = g_netPlayers[i].stats.field_0x18 & 0x3ff; g_netResults[i].field_0x8 = FixMulShift32(0x19645, (g_netPlayers[i].stats.speed >> 10) * 0x10000); if (g_netResults[i].field_0x8 > 99) g_netResults[i].field_0x8 = 99; { unsigned short f1a = g_netPlayers[i].stats.field_0x1a; g_netResults[i].id = g_netPlayers[i].id; g_netResults[i].field_0xc = (f1a >> 11) & 0xf; if (f1a & 0x8000) g_netResults[i].field_0xc = -g_netResults[i].field_0xc; } g_netResults[i].field_0x14 = (BYTE)(g_netPlayers[i].flags >> 9) & 1; g_netResults[i].field_0x18 = g_netPlayers[i].time; if ((char)RallyData_GetFlag25()) StageTiming_AdvancePlayerHalfLapCounter(g_netResults[i].index, &g_netResults[i].field_0xc, &g_netResults[i].field_0x4); } else { g_netResults[i].index = -1; g_netResults[i].field_0x4 = -1; } } g_netResults[i].index = -2; g_netResults[i].field_0x4 = param1; g_netResults[i].field_0x8 = param2; g_netResults[i].field_0xc = param3; g_netResults[i].id = Network_GetLocalPlayerID(); if ((*(unsigned int *)*(BYTE **)(StageUI_GetRaceResultTable() + 4) & 0xff) > 8) g_netResults[i].field_0x14 = 1; else g_netResults[i].field_0x14 = 0; g_netResults[i].field_0x18 = StageTiming_GetValidStartTime(0); if ((char)RallyData_GetFlag25()) StageTiming_AdvancePlayerHalfLapCounter(g_netResults[i].index, &g_netResults[i].field_0xc, &g_netResults[i].field_0x4); qsort(g_netResults, 8, sizeof(NetResult),	CMR2Decomp/NetPlayers.cpp	520	void FUN_0040a580(int param1, int param2, int param3)	Rebuilds the stage results table: one entry per active remote player (speed, sign-extended bits of field_0x1a, finish flag and time) plus the local player at the end, then sorts it with NetPlayers_CompareResultRecords.
0x0040a980	FUN_0040a980	NetPlayers_UpdateOverallStandings	Context: Overall standings: accumulates the local time and awards 3 points to the leaders.; Body: { int rank; int i; char *name; rank = 1; g_netTotal += localTime; for (i = 0; i < 7; i++) { if ((g_netPlayers[i].flags & 0x80) && (name = NetPlayers_GetPlayerName(i)) != NULL) { strcpy(g_netStandings[i].name, name); g_netStandings[i].index = i; g_netStandings[i].time = g_netPlayers[i].field_0x7c; g_netStandings[i].id = g_netPlayers[i].id; g_netStandings[i].car = NetPlayers_GetCarSelection(i); } else { g_netStandings[i].index = -1; } } g_netStandings[i].index = -2; g_netStandings[i].time = g_netTotal; g_netStandings[i].id = Network_GetLocalPlayerID(); strcpy(g_netStandings[i].name, (char *)RallyData_GetRecord(0)); g_netStandings[i].car = (BYTE)RallyData_GetDriverRecordSelectionValue(0); qsort(g_netStandings, 8, sizeof(NetStanding), NetPlayers_CompareStandingRecords); g_netRanks[0] = 1; for (i = 1; i < 8; i++) { if (g_netStandings[i].index == -1) break; if (g_netStandings[i].time != g_netStandings[i - 1].time) rank++; g_netRanks[i] = rank; } for (i = 0; i < 8; i++) g_netStandings[i].points = g_netRanks[i] == 1 ? 3 : 0; }	CMR2Decomp/NetPlayers.cpp	669	void FUN_0040a980(unsigned int localTime)	Overall standings: accumulates the local time and awards 3 points to the leaders.
0x00425c40	FUN_00425c40	NetRace_DecodeReceivedCarState	Context: Applies the car state received from a player (g_localCarStats) to that player's record: drops stale and out-of-range packets, converts the quantised position, heading, speed and flags back to 16.16, builds the two body axes from the packed pair of angles plus the third one (cross product) and leaves the steering angle in *pOut. The packed axis angles are 16.16 degrees and go through g_unk0x00511300 (4096/360/65536) to sine-table units.; Body: { BYTE *packet = (BYTE *)&g_localCarStats; float offX; float offZ; float axisA[2]; float axisB[2]; FixVector *pRow; short ang1[2]; short ang2[2]; Sector *pSector; BYTE steer; int engine; int diff; int i; diff = (int)(unsigned short)g_localCarStats.seq - (int)pRec->lastSeq; if (diff > 0 && g_unk0x00539cc8 != 0 && diff < 100 && *(unsigned short *)(packet + 0xc) < (unsigned int)g_sectorCount) { pRec->updated = 1; pRec->seq = g_localCarStats.seq; pRec->lastSeq = g_localCarStats.seq; pRec->velocity.x = NetRace_FloatToFix((float)(short)*(unsigned short *)(packet + 2) * g_unk0x00511378 * g_unk0x0051137c); pRec->velocity.y = 0; pRec->velocity.z = NetRace_FloatToFix((float)(short)*(unsigned short *)(packet + 4) * g_unk0x00511378 * g_unk0x0051137c); engine = NetRace_FloatToFix((float)*(unsigned short *)(packet + 6) * g_unk0x00511374); pRec->engineSpeed = engine; if (engine != 0) pRec->engineSpeedInv = FixDiv(0x10000, engine); else pRec->engineSpeedInv = 0; pRec->angularVelocity.x = NetRace_FloatToFix((float)(signed char)packet[0x14] * g_unk0x0051136c * g_unk0x00511370); pRec->angularVelocity.y = NetRace_FloatToFix((float)(signed char)packet[0x15] * g_unk0x0051136c * g_unk0x00511370); pRec->angularVelocity.z = NetRace_FloatToFix((float)(signed char)packet[0x16] * g_unk0x0051136c * g_unk0x00511370); pRec->flag_0xcc = packet[0x17] & 1; pRec->field_0xd4 = (*(unsigned short *)(packet + 0x1a) >> 8) & 1; offX = (float)(short)*(unsigned short *)(packet + 8) * g_unk0x00511368 * g_unk0x0051137c;	CMR2Decomp/NetRace.cpp	1137	int FUN_00425c40(CarNetRecord *pRec, int *pOut)	Applies the car state received from a player (g_localCarStats) to that player's record: drops stale and out-of-range packets, converts the quantised position, heading, speed and flags back to 16.16, builds the two body axes from the packed pair of angles plus the third one (cross product) and leaves the steering angle in *pOut. The packed axis angles are 16.16 degrees and go through g_unk0x00511300 (4096/360/65536) to sine-table units.
0x004174e0	FUN_004174e0	Race_QueuePlayerCallout	Context: (register allocation only; logic matches the asm).; Body: { unsigned int id; unsigned int type; unsigned int b1; unsigned int b2; unsigned int b3; int prev; int texture; BYTE colour[4]; unsigned int flag; SpriteRect rect; int i; int typeCall; int levelCall; texture = 0; prev = 0; if (Car_IsStateC10Set(player) != 0) return; if (callId != 0xff) { id = ((unsigned int *)g_unk0x00537358)[callId]; if (prevCallId != 0xff) prev = ((unsigned int *)g_unk0x00537358)[prevCallId]; type = id >> 0x11 & 0xf; b2 = id & 0xf; b1 = id >> 4 & 3; b3 = id >> 0x15 & 3; if ((type == 0xe || type == 2 || type == 1) && b1 != 0) typeCall = 1; else typeCall = 0; if (b3 != 0 && b1 != 0) levelCall = 1; else levelCall = 0; if (prev == 0) { if (typeCall) { id -= type * 0x20000; prev = type * 0x20000; } else if (levelCall) { id -= b3 * 0x200000; prev = b3 * 0x200000; } } } else { id = 0; type = player; b1 = player; b2 = player; } if (b2 == 6 && b1 == 0 && type == 0) return; for (i = 0; i < 5; i++) { if ((g_raceCallRecords[player * 5 + i].flags & 0x100) == 0) { g_raceCallRecords[player * 5 + i].flags = (g_raceCallRecords[player * 5 + i].flags & 0xfffffd32) | 0x132; g_raceCallRecords[player * 5 + i].field_0x0 = id; if (prev != 0) { g_raceCallRecords[player * 5 + i].field_0x4 = prev; if (FUN_00418580(prev, &texture, &rect, &flag, colour) != 0) g_raceCallRecords[player * 5 + i].flags = (g_raceCallRecords[player * 5 + i].flags & 0xffffff32) | 0x32; } else { g_raceCallRecords[player * 5 + i].field_0x4 = 0; } i = 5; } } }	CMR2Decomp/Race.cpp	869	void FUN_004174e0(unsigned int player, BYTE callId, BYTE prevCallId, BYTE unused)	(register allocation only; logic matches the asm).
0x00416670	FUN_00416670	Race_ResetPlayerCallState	Context: Resets the per-player race state: best values, call records and slots.; Body: { int i; RaceCallRecord *p; RaceCallRecord *q; g_unk0x00537198[0] = 9999; g_raceWrongWayFlags[0] = 0; g_unk0x00537198[1] = 9999; g_raceWrongWayFlags[1] = 0; g_unk0x0053708c[0] = -1; g_unk0x0053708c[1] = -1; memset(g_unk0x005371a4, 0, sizeof(g_unk0x005371a4)); p = g_raceCallRecords; do { q = p; i = 5; do { q->flags &= 0xfffffc00; q->field_0x4 = 0; q->field_0x0 = 0; q++; } while (--i); g_unk0x005371a0 = 0; p = q; } while ((int)p < (int)(g_raceCallRecords + 10)); for (i = 0; i < 5; i++) { g_raceSlotState[i].flags &= 0xfc; g_raceSlotState[i].pending = -1; g_raceSlotState[i].owner = -1; } }	CMR2Decomp/Race.cpp	944	void FUN_00416670(void)	Resets the per-player race state: best values, call records and slots.
0x004177d0	FUN_004177d0	Race_DrawPlayerCallSlots	Context: Draws the five call slots of one player: the icon sprite of each call (the countdown wobbles it once the slot is the first one) and the timer text. The second parameter is unused (the original still cleans 8 bytes).; Body: { BYTE colA[4]; BYTE colB[4]; int texA; int texB; unsigned int flagA; unsigned int flagB; int yOff; int curveB; int xOff; int second; int iVar; int base; int yText; int extra; int value; int found; int bVar2; int n; int r; int half; SpriteRect rectTex; SpriteRect rectIcon; SpriteRect rectSecond; SpriteRect rectMain; RaceCallRecord *rec; int *pCallFlag; BYTE *pState; short curve[11]; extra = 0; colB[0] = 0xff; colB[1] = 0xff; colB[2] = 0xff; colB[3] = 0xff; colA[0] = 0xff; colA[1] = 0xff; colA[2] = 0xff; colA[3] = 0xff; texB = 0; flagA = 0; flagB = 0; second = 0; xOff = 0; yOff = 0; curve[0] = 0; curve[1] = 0xc; curve[2] = 0x19; curve[3] = 0x4c; curve[4] = 0x99; curve[5] = 0x100; curve[6] = 0x180; curve[7] = 0x219; curve[8] = 0x2cc; curve[9] = 0x399; curve[10] = 0x400; if ((char)RallyData_GetSelectionFlag26() && g_unk0x00537350 != -1) { if (RallyData_IsHeadToHeadRaceMode() != 0) { if (player == 1) StageUI_DrawStageGrid(1, g_unk0x00537350); } else { StageUI_DrawStageGrid(player, g_unk0x00537350); } } if (RallyData_IsHeadToHeadRaceMode() == 0) { iVar = 0; } else { iVar = 1; if (CGameInfo::IsSplitBarEnabled()) { if (player == 1) yOff = (int)g_pGraphics->resY / 2; yOff += (int)g_pGraphics->resY / 8 + (int)g_pGraphics->resY * 10 / 0x1e0; xOff = (int)g_pGraphics->resX * 46 / 0x280 - ((int)g_pGraphics->resX * 29 << 10 >> 16); } else { if (player == 0) xOff = -((int)g_pGraphics->resX / 4); else xOff = (int)g_pGraphics->resX / 4; yOff = (int)g_pGraphics->resY * 9011 >> 16; } } if (iVar	CMR2Decomp/Race.cpp	994	void FUN_004177d0(unsigned int player, int param2)	Draws the five call slots of one player: the icon sprite of each call (the countdown wobbles it once the slot is the first one) and the timer text. The second parameter is unused (the original still cleans 8 bytes).
0x00418000	FUN_00418000	Race_AssignSlotsFromCallRecord	Context: Assigns the race slots announced by a call record: every bit field of the id selects one slot of the race slot table.; Body: { unsigned int f4; unsigned int f17; unsigned int f5; unsigned int f6; unsigned int f7; unsigned int f3; unsigned int f11; unsigned int f9; unsigned int f12; unsigned int f10; unsigned int f8; unsigned int f1; int slot; f3 = id >> 4 & 3; f4 = id >> 0xc & 7; f17 = id >> 0x17 & 1; f5 = id >> 0xf & 3; f6 = id >> 0x11 & 0xf; f7 = id >> 0x1c & 3; f11 = id >> 6 & 0xf; f9 = id >> 10 & 3; f12 = id >> 0x15 & 3; f10 = id & 0xf; f8 = id >> 0x18 & 1; f1 = id >> 0x19 & 7; if (f10 == 6) { if (f3 == 0 && f11 == 0 && f9 == 0 && f4 == 0 && f6 == 0 && f12 == 0 && f5 == 0 && f7 == 0 && f8 == 0 && f1 == 0) return; } else if (f10 == 9) { Race_AssignUnusedSlot(g_unk0x0053735c + 0x37); } switch (f11) { case 1: Race_AssignUnusedSlot(g_unk0x0053735c + 0xe); break; case 2: Race_AssignUnusedSlot(g_unk0x0053735c + 0xf); break; case 3: Race_AssignUnusedSlot(g_unk0x0053735c + 0x10); break; case 4: Race_AssignUnusedSlot(g_unk0x0053735c + 0x11); break; case 5: Race_AssignUnusedSlot(g_unk0x0053735c + 0x12); break; case 6: Race_AssignUnusedSlot(g_unk0x0053735c + 0x13); break; case 7: Race_AssignUnusedSlot(g_unk0x0053735c + 0x14); break; case 8: Race_AssignUnusedSlot(g_unk0x0053735c + 0x15); break; case 9: Race_AssignUnusedSlot(g_unk0x0053735c + 0x16); break; case 10: Race_AssignUnusedSlot(g_unk0x0053735c + 0x16); break; case 11: Race_AssignUnusedSlot(g_unk0x0053735c + 0x16); break; case 12: Race_AssignUnusedSlot(g_unk0x0053735c + 0x16); break; case 13: Race_AssignUnusedSlot(g_unk0x0053735c + 0x16); break; cas	CMR2Decomp/Race.cpp	1291	void FUN_00418000(unsigned int id)	Assigns the race slots announced by a call record: every bit field of the id selects one slot of the race slot table.
0x00418580	FUN_00418580	Race_DecodeCallSlotIcon	Context: Decodes a race call slot id into the arrow sprite rect of the call icon, the secondary-icon flag and the colour the icon is tinted with.; Body: { unsigned int type; unsigned int b1; unsigned int b2; unsigned int b3; SpriteRect *pSrc; int result; int afterFirst; type = id & 0xf; b3 = id >> 0x15 & 3; b2 = id >> 0x11 & 0xf; b1 = id >> 4 & 3; if (type == 0 || type == 9) afterFirst = 0; else afterFirst = 1; if (b1 != 0 || afterFirst || b2 == 0xe || b2 == 2 || b2 == 1 || b3 != 0) result = 1; else result = 0; pColour[0] = 0xff; pColour[1] = 0xff; pColour[2] = 0xff; pColour[3] = 0xff; if (b1 == 1) *pFlag = 1; else *pFlag = 0; if (CGameInfo::IsActiveCheatEnabled(2) != 0) *pFlag ^= 1; switch (type) { case 2: pSrc = &g_pArrowRects[5]; break; case 3: pSrc = &g_pArrowRects[4]; break; case 4: pSrc = &g_pArrowRects[3]; break; case 5: case 6: pSrc = &g_pArrowRects[2]; break; case 7: pSrc = &g_pArrowRects[1]; break; case 8: pSrc = &g_pArrowRects[0]; break; default: pSrc = &g_pArrowRects[6]; break; } *pRect = *pSrc; if (b2 != 0 && b1 == 0) { *pFlag = 0; *pRect = g_pArrowRects[7]; if (b2 == 2 || b2 == 0xe) { pColour[0] = 0xff; pColour[1] = 0xff; pColour[2] = 0xd; } if (b2 == 1) { pColour[0] = 0xff; pColour[1] = 0; pColour[2] = 0; } } if (b3 != 0) { *pFlag = 0; *pRect = g_pArrowRects[7]; pColour[0] = 0xff; if (b3 == 1) { pColour[1] = 0xff; pColour[2] = 0xd; } else { pColour[1] = 0; pColour[2] = 0; } } *pTexture = (int)g_arrowTexture; return result; }	CMR2Decomp/Race.cpp	1562	int FUN_00418580(unsigned int id, int *pTexture, SpriteRect *pRect, unsigned int *pFlag, BYTE *pColour)	Decodes a race call slot id into the arrow sprite rect of the call icon, the secondary-icon flag and the colour the icon is tinted with.
0x00419b90	FUN_00419b90	Race_MoveCarSoundBank	Context: Moves the car's current sounds to the second bank (slots 4/5 to 6/7) on a sound state change, stopping the ones that don't carry over.; Body: { switch (*(int *)(pInfo + 0xa8)) { case 6: case 0x15: if (!NetRace_GetRaceSoundMode()) CarSound_StopSlot(car, 4, 1); Race_MoveCarSoundSlot(car, 4, 5); break; case 7: if (!NetRace_GetRaceSoundMode()) CarSound_StopSlot(car, 4, 1); Race_MoveCarSoundSlot(car, 4, 5); Race_MoveCarSoundSlot(car, 6, 7); break; case 0xb: if (!NetRace_GetRaceSoundMode()) { CarSound_StopSlot(car, 4, 1); CarSound_StopSlot(car, 6, 1); } Race_MoveCarSoundSlot(car, 4, 5); break; case 0xc: if (!NetRace_GetRaceSoundMode()) { CarSound_StopSlot(car, 4, 1); CarSound_StopSlot(car, 6, 1); } Race_MoveCarSoundSlot(car, 4, 5); Race_MoveCarSoundSlot(car, 6, 7); break; case 2: case 0x11: case 0x16: Race_MoveCarSoundSlot(car, 4, 5); Race_MoveCarSoundSlot(car, 6, 7); break; case 1: case 4: case 9: case 0xe: case 0x10: case 0x13: case 0x18: Race_MoveCarSoundSlot(car, 4, 5); break; default: goto tail; } tail: *(int *)(g_raceBlock + 0x94 + car * 4) = *(int *)(g_raceBlock + 0x48 + car * 4); *(int *)(g_raceBlock + car * 4) = *(int *)(g_raceBlock + 0x220 + car * 4); *(int *)(g_raceBlock + 0x48 + car * 4) = 0; *(int *)(g_raceBlock + 0x220 + car * 4) = 0; }	CMR2Decomp/Race.cpp	1717	void FUN_00419b90(int car, BYTE *pInfo)	Moves the car's current sounds to the second bank (slots 4/5 to 6/7) on a sound state change, stopping the ones that don't carry over.
0x0041a340	FUN_0041a340	Race_UpdateCarSurfaceSoundState	Context: Picks the stage sound state of a car from the surfaces under its wheels and the sounds already playing, and applies it when it changed.; Body: { int offset = car * 0xb4; RaceCarSoundState *pState = (RaceCarSoundState *)(g_raceBlock + 0x240 + offset); Car *pCar; short value; short v; short *pSrc; int *pFlags; short *pSlot; int *pTime; int counts[4]; char allTwo; int bestIndex; int bestCount; int chosen; int minSlack; int newCount; int i; int j; bestIndex = 0; chosen = 0; minSlack = 0xffffffff; pCar = Car_Get(car); pSrc = pCar->wheelSurface; pFlags = pCar->cornerOnGround; pSlot = pState->slotState; pTime = pState->slotTime; for (i = 4; i != 0; i--) { value = *pSrc; if (*pFlags == 0 || value > 0x1e || value < 0 || value == 0x10) value = -1; if (*pSlot != value) *pTime = StageObject_GetCarSoundElapsedTime(car); *pSlot = value; pSrc++; pFlags++; pSlot++; pTime++; } bestCount = 0; allTwo = 1; for (i = 0; i < 4; i++) { v = pState->slotState[i]; counts[i] = 0; for (j = 0; j < 4; j++) { if (v == pState->slotState[j]) counts[i]++; } if (v == -1 && counts[i] != 4) counts[i] = 0; if (counts[i] > bestCount) { bestIndex = i; bestCount = counts[i]; } if (counts[i] != 2) allTwo = 0; } for (i = 0; i < 4; i++) { if (counts[i] >= 3) break; if (counts[i] == 2 && !allTwo) break; } if (i < 4) { chosen = pState->slotState[bestIndex]; } else { for (i = 0; i < 4; i++) { if ((unsigned int)(StageObject_GetCarSoundElapsedTime(car) - pState->slotTime[i]) < (unsigned int)minSlack) { chosen = pState->slotState[i]; minSlack = StageObject_GetCarSoundElapsedTime(car) - pState->slotTime[i]; } } } if (chosen == -1) newCount = 0; else newCount = g_stag	CMR2Decomp/Race.cpp	1953	void FUN_0041a340(int car, int unused)	Picks the stage sound state of a car from the surfaces under its wheels and the sounds already playing, and applies it when it changed.
0x0041afe0	FUN_0041afe0	Race_MarkUsedSurfaceSoundGroups	Context: Marks the sound groups used by the stage's surfaces.; Body: { unsigned int i; memset(g_stageSoundUsed, 0, 0x1f); g_stageSoundCount = count; for (i = 0; i < g_stageSoundCount; i++) g_stageSoundUsed[g_stageSoundPatterns[Surface_GetMappedIndex(pSurfaces[i])].redirect] = 1; }	CMR2Decomp/Race.cpp	2082	void FUN_0041afe0(BYTE *pSurfaces, unsigned int count)	Marks the sound groups used by the stage's surfaces.
0x0041db10	FUN_0041db10	Race_UpdateDriverReadyAndRecordState	Context: In-race per-driver update: enforces the pre-race hold, saves the stage record once every driver is ready and refreshes the leaderboard/knockout tables. The stage-record block now reproduces the original's shape: the index is written inline at each use (Country/Stage re-called, the 11*country product hoisted across the second call), StageTiming_GetValidStartTime(index) is pre-read into a raw temp and the record is walked through a pointer to its .value. What is left is the tail's register allocation: MSVC6 dedicates EDI to the constant 0 (the original pushes the literal 0 in ~14 call arguments) and materialises the two leaderboard comparisons with setcc instead of the original's branchy 1/0 (and 3/0) selection — a byte register is free here in our build because our function keeps one value less live.; Body: { unsigned int index; int hold; int i; BYTE ready; unsigned int flag; BYTE k; BYTE mode; BYTE **pp; unsigned int v; unsigned int t; unsigned int *pRecord; if (CGameInfo::GetConfiguredGameMode() == 10 && (unsigned int)(CMain::GetFrameDelta() - NetPlayers_GetInputFrameDelta()) > (unsigned int)(GameInfo_GetSessionField397C() * 6000) && GameInfo_GetSessionField397C() != 0 && Network_GetSessionStateFlag() != 0 && g_unk0x00538100 == 0) { NetPlayers_SendType16Notification(); g_unk0x00538100 = 1; NetRace_FadeOutPlayerScreen(0, GameMenu_FinishNetworkResultsQuitFade, 1, 0, g_unk0x005191a4, 1); return; } if (g_unk0x0053811c < 100) g_unk0x0053811c = g_unk0x0053811c + 1; hold = 400; if ((char)RallyData_GetSelectionFlag26() != 0 && CGameInfo::GetConfiguredPlayerCount() == 2) hold = 800; index = param2 & 0xff; if ((unsigned int)(CMain::GetFrameDelta() - g_unk0x00537f34[index]) >= (unsigned int)hold && g_unk0x00537fd8[index] == 0) { g_unk0x00537fd8[index] = 1; g_unk0x00537fcc = g_unk0x00537fcc + 1; if (CGameInfo::GetGameModeOptionBit19() != 0) { Replay_StopRecording(g_unk0x00537f3c[0]); pp = g_unk0x00537f3c + 1; do { Replay_StopRecording(*pp); pp++; } while ((int)pp < (int)(g_unk0x00537f3c + 8)); } else { Replay_StopRecording(g_unk0x00537f3c[index]); } flag = (CGameInfo::GetGraphicsOptionBits27To28() == 0); if (CGameInfo::GetConfiguredGameMode() == 3 && g_unk0x00537ff8[index] == 0) { v = CGameInfo::GetPlayerRecordTable(flag)->rallyStageRecordTimes[ (RallyDataCountryIndex() & 0xff) * 0xb + (R	CMR2Decomp/Race.cpp	2760	void FUN_0041db10(BYTE *param1, unsigned int param2)	In-race per-driver update: enforces the pre-race hold, saves the stage record once every driver is ready and refreshes the leaderboard/knockout tables. The stage-record block now reproduces the original's shape: the index is written inline at each use (Country/Stage re-called, the 11*country product hoisted across the second call), StageTiming_GetValidStartTime(index) is pre-read into a raw temp and the record is walked through a pointer to its .value. What is left is the tail's register allocation: MSVC6 dedicates EDI to the constant 0 (the original pushes the literal 0 in ~14 call arguments) and materialises the two leaderboard comparisons with setcc instead of the original's branchy 1/0 (and 3/0) selection — a byte register is free here in our build because our function keeps one value less live.
0x0041e8d0	FUN_0041e8d0	Race_HandleStageReplayViewTransitions	Context: In-race mode/state handler: stage teardown, replay and view transitions. Keep the player list separate from the timer query's output slot, preserve the saved phase byte, and share the original stage-dependent restore exits. Differential fixtures cover every entry of the original five jump tables; teardown/replay/view/sound actions are controlled boundaries in those tests.; Body: { int i; int n; int skip = 0; int count; BYTE *p; BYTE **pp; BYTE *pPlayers = param1; count = *pPlayers; i = 0; if (count > 0) { p = *(BYTE **)(pPlayers + 4); do { if (*p != 11) return; i++; p += 8; } while (i < count); } if ((char)param2 != 0) return; if (CGameInfo::IsConfiguredMultiplayer() == 0) CGraphics::SetClearColour(1, 0x9c, 0xb4, 0xac); if ((char)RallyData_GetSelectionFlag26() != 0) CSound::StopDirectSoundBuffer(); if (CGameInfo::GetConfiguredGameMode() == 10) NetPlayers_UpdateLocalSplitRecords(NetRace_GetType8PlayerIndex()); Frontend_MergeMenuKeysIntoPlayerState(); InRaceMenu_ResetAndBuildPages(); g_unk0x00537f08 = 1; *(BYTE *)&param2 = StageUI_GetRaceEndEventCount(); if (g_unk0x0053810c != 0) { StageUI_ResetRaceEndEventCount(); switch (CGameInfo::GetConfiguredGameMode()) { case 0: if (RallyDataStageIndex() == (BYTE)RallyData_GetModeStageGroup(RallyDataCountryIndex(), CGameInfo::GetConfiguredDifficulty())) RallyTiming_AddStagePenalties(); case 1: CGame::SetFrontendResourceMode(2); RallyData_SetStageSelectionAndRefreshFlags(0); for (i = 0; i < *pPlayers; i++) CGame::FUN_0049c1c0((Unk0049c2c0 *)pPlayers, i, 0, 3); RallyData_ClearDriverGroupRecords(); FUN_00406820(); Race_ReleaseFrameResources(); StageUI_ClearRaceEndLatch(); return; case 8: CGame::SetFrontendResourceMode(2); RallyData_SelectFirstAvailableStage(); for (i = 0; i < *pPlayers; i++) CGame::FUN_0049c1c0((Unk0049c2c0 *)pPlayers, i, 0, 3); RallyData_ClearDriverGroupRecords(); FUN_00406820(); Race_ReleaseFrameR	CMR2Decomp/Race.cpp	3242	void FUN_0041e8d0(BYTE *param1, unsigned int param2)	In-race mode/state handler: stage teardown, replay and view transitions. Keep the player list separate from the timer query's output slot, preserve the saved phase byte, and share the original stage-dependent restore exits. Differential fixtures cover every entry of the original five jump tables; teardown/replay/view/sound actions are controlled boundaries in those tests.
0x00416f70	FUN_00416f70	Race_AdvanceRouteCalloutBlock	Context: Updates the current route block and queues its first callout.; Body: { int remaining = 500 - Race_GetClampedCountdownValue(); int block = remaining / 100; g_unk0x00537350 = -1; g_unk0x0053708c[player] = RallyData_GetActiveCarRaceRecordField0((BYTE *)Car_Get(player)); if ((BYTE)RallyData_GetSelectionFlag26()) { if (remaining % 100 < 20) g_unk0x00537350 = 6; else if (block <= 4) g_unk0x00537350 = block + 1; else g_unk0x00537350 = -1; } RaceCalls_UpdatePlaybackQueue(); if (player > 0 && g_unk0x005371a4[block + player * 5 - 5] != 0) { g_unk0x005371a4[block + player * 5] = 1; return; } if (player == 0 && g_unk0x005371a4[block] == 0) { g_unk0x005371a4[block] = 1; StageObject_SetBoundedWeatherKind(block + 1); if (block == 2) Race_AssignUnusedSlot(g_unk0x0053735c + 0x38); else if (block == 1) Race_AssignUnusedSlot(g_unk0x0053735c + 0x39); else if (block == 0) Race_AssignUnusedSlot(g_unk0x0053735c + 0x3a); } g_unk0x0053708c[player] = RallyData_GetActiveCarRaceRecordField0((BYTE *)Car_Get(player)) - 1; }	CMR2Decomp/Race.cpp	4024	void FUN_00416f70(int player)	Updates the current route block and queues its first callout.
0x0041d0c0	FUN_0041d0c0	Race_UpdatePlayerSelectionCursor	"Context: Advances one player's ""menu"" cursor when the device that owns it (arg = the player's input slot) pressed the up/down/left/right buttons: the odd modes scroll the mode list, the even ones step the stage index, and the shared tail replays the two beeper sounds. donde el original la repite, y usa setne en vez de sub/neg/sbb para el `x != 7`.; Body: { int flags; int i; BYTE value; if (Race_GetPlayerRecordField4((BYTE)param_1) == 0) return; flags = (int)CInput::GetAvailableDeviceRecord(param_1)->field_0x8; if (Race_IsMultiplayerRecordMode10() != 0) { if (param_1 != 0 && Race_GetPlayerRecordField4(0) != 0) return; if (flags & 0x1000) { if (CGameInfo::GetConfiguredGameMode() == 2 || CGameInfo::GetConfiguredGameMode() == 1 || CGameInfo::GetConfiguredGameMode() == 0) return; View_SwitchCamera(1, (View_GetActiveCameraMode(1) == 7 ? 4 : 7), 0xffff, View_GetActiveCameraFlags(1), 0); Glow_NoOpEntryCallback(0, 1, 1, 1); Glow_NoOpEntryCallback(1, 1, 1, 1); return; } if ((flags & 0x2000) != 0) { value = (BYTE)(View_GetActiveCameraFlags(1) + 1); if ((BYTE)Race_GetBaseCarCount() <= value) value = 0; View_SetCameraType(1, 0, value, 0); Glow_NoOpEntryCallback(0, 1, 1, 1); Glow_NoOpEntryCallback(1, 1, 1, 1); } return; } if (flags & 0x1000) { i = 0; if ((BYTE)Race_GetBaseCarCount() > 0) { do { Glow_NoOpEntryCallback((BYTE)i, 0, 1, 1); i++; } while (i < (int)((BYTE)Race_GetBaseCarCount())); } View_SwitchCamera((BYTE)param_1, (-(View_GetActiveCameraMode((BYTE)param_1) != 7) & 3) + 4, 0xffff, View_GetActiveCameraFlags((BYTE)param_1), 0); return; } if ((flags & 0x2000) != 0 && (BYTE)Race_GetBaseCarCount() > 1 && (BYTE)RallyDataState() == 1) { value = (BYTE)(View_GetActiveCameraFlags(0) + 1); if (value >= (BYTE)Race_GetBaseCarCount()) value = 0; View_SetCameraType(0, 0, value, 0); i = 0; if ((BYTE)Race_GetBaseCarCount() > 0) { do { Glow_NoOpEn"	CMR2Decomp/Race.cpp	4068	void FUN_0041d0c0(int param_1)	"Advances one player's ""menu"" cursor when the device that owns it (arg = the player's input slot) pressed the up/down/left/right buttons: the odd modes scroll the mode list, the even ones step the stage index, and the shared tail replays the two beeper sounds. donde el original la repite, y usa setne en vez de sub/neg/sbb para el `x != 7`."
0x00417090	FUN_00417090	Race_UpdateCarRouteAndWrongWayState	Context: Per-car route/timing update. Keeps the tracked route position g_unk0x0053708c[] in sync with the car's node (best, from RallyData), raises the wrong-way flag while the node direction projected on the front wheel rolling direction points backwards, scans the nodes around the position for pending callouts (FUN_004174e0) and, when the leading call of this car expires, shifts its five call records g_raceCallRecords[car*5]. Implementada; en la cola el original relee un campo redundante de g_raceCallRecords[car*5+4] que no transcribimos, y el reparto de bloques del switch difiere.; Body: { int cur; int best; int prev; int node; int n; int dot; int i; unsigned int cnt; FixVector dir; Car *pCar; unsigned int flags; BYTE callId; BYTE prevCallId; RaceCallRecord *pRec; if (RallyData_GetRouteAvailabilityState() == 0) return; if ((char)RallyData_GetSelectionFlag28() != '\0' && ((char)RallyData_GetFlag25() != '\0' || (char)RallyData_GetFlag24() != '\0') && (char)StageTiming_GetCheckpointField18(param_1) != '\0') { g_unk0x0053708c[param_1] = 0; } cur = g_unk0x0053708c[param_1]; best = RallyData_GetActiveCarRaceRecordField0((BYTE *)Car_Get(param_1)); if (g_unk0x005371a0 == 0 && param_1 == 0) { StageObject_SetBoundedWeatherKind(0); Race_AssignUnusedSlot(g_unk0x0053735c + 0xd); g_unk0x005371a0 = 1; } if ((char)RallyData_GetSelectionFlag26() != '\0') { i = StageTiming_GetClockTime(); g_unk0x00537350 = (i < 0x5a) - 1; } RaceCalls_UpdatePlaybackQueue(); if (best < cur - 0xc) g_unk0x0053708c[param_1] = best; if (best < cur - 1 && ((int)((unsigned int)RallyData_GetRouteAvailabilityState() >> 1) <= best || cur <= (int)((unsigned int)RallyData_GetRouteAvailabilityState() >> 1))) { RallyRoute_CopyIndexedNodeDirection(best, &dir); pCar = Car_Get(param_1); dot = FixVecDot(&pCar->rearWheelDir, &dir); if (dot < -0x8000) { g_raceWrongWayFlags[param_1] = 1; g_unk0x00537198[param_1] = best; } } if ((int)((unsigned int)RallyData_GetRouteAvailabilityState() >> 1) < best && cur < (int)((unsigned int)RallyData_GetRouteAvailabilityState() >> 1)) { g_unk0x00537198[param_1] = best; g_unk0x005	CMR2Decomp/Race.cpp	4401	void FUN_00417090(int param_1)	Per-car route/timing update. Keeps the tracked route position g_unk0x0053708c[] in sync with the car's node (best, from RallyData), raises the wrong-way flag while the node direction projected on the front wheel rolling direction points backwards, scans the nodes around the position for pending callouts (FUN_004174e0) and, when the leading call of this car expires, shifts its five call records g_raceCallRecords[car*5]. Implementada; en la cola el original relee un campo redundante de g_raceCallRecords[car*5+4] que no transcribimos, y el reparto de bloques del switch difiere.
0x0041a5c0	FUN_0041a5c0	Race_ComputeWheelSurfaceSoundVolumes	Body: { int ownVolume[4]; Car *pCar; CarSoundSet *pSet; RaceCarSoundState *pState; int speedVolume; int ownVolumeSum; int speedFrac; int weight; int weightInv; int total; unsigned int i; int slotVolume; speedVolume = Race_GetNormalizedCarSpeed(param_1); pSet = &g_carSoundSets[param_1]; pState = &g_carSoundStates[param_1]; pCar = Car_Get(param_1); total = 0; for (i = 0; i < 4; i++) { ownVolume[i] = FixDiv(FIX_ABS(pCar->wheelLoad[0]), 0xa0000); if (ownVolume[i] > 0x10000) ownVolume[i] = 0x10000; ownVolume[i] = 0x10000 - ownVolume[i]; total += ownVolume[i]; } ownVolumeSum = FixDiv(total, 0x40000); speedFrac = FixMulShift32(pCar->speed, 0x431168); g_surfaceSlotMax = 0; g_carMaxVolume[param_1] = 0; for (i = 0; i < 4; i++) { g_wheelSlipVolume[param_1][i] = StageObject_GetWheelSlip(param_1, i); slotVolume = StageObject_GetNormalizedWheelSlip(param_1, i); g_carSlotVolumes[param_1][i] = slotVolume; if (g_wheelSlipVolume[param_1][i] > g_carMaxVolume[param_1]) g_carMaxVolume[param_1] = g_wheelSlipVolume[param_1][i]; if (slotVolume > g_surfaceSlotMax) g_surfaceSlotMax = slotVolume; } if (pState->pattern != 0x19) { weightInv = FixDiv(StageObject_GetCarSoundElapsedTime(param_1) - pState->time, 0x320000); weight = 0x10000 - weightInv; } else { weight = 0x10000; weightInv = 0; } g_surfaceVolA[param_1] = FixMul(weight, speedVolume); g_surfaceVolB[param_1] = FixMul(weightInv, speedVolume); g_surfaceVolD[param_1] = FixMul(weight, g_carMaxVolume[param_1]); g_surfaceVolC[param_1] = FixMul(weightInv, g_	CMR2Decomp/Race.cpp	4612	void FUN_0041a5c0(int param_1, int param_2)	No source comment.
0x0041c5a0	FUN_0041c5a0	Race_UpdatePlayerViewAndDrivenCars	Context: Per-frame update of one player's race view: advances the race, the car order, the dashboards and the replay recording. The car loop walks the whole order but only the entrants below the player count are driven; each car's call state selects its co-driver handling in the switch below. allocation, not logic. MSVC6 keeps the register-allocated constant 0 in EDI and `first` in EBP here, while the original has the constant in EBP and `first` in EDI; that swap flips the operand order of every zero comparison (cmp edi,ebp vs cmp ebp,edi), the zero-argument pushes, and permutes the spill slots (S-0x14/S-0x10/S-0xc), which in turn moves the branch/block layout of the switch and of the car-loop tail. Calls, constants, statement order and control flow were checked instruction by instruction against the original; the layout of GameInfo0xa4.rallyStageRecordTimes (0x1214 in the original vs 0x654 in our struct) is a separate data-model gap reported to the integrator.; Body: { short first; int second; int count; int player; int flag; int key; int k; int value; int index; BYTE b1; int b2; BYTE b3; first = 0; count = RallyDataState() & 0xff; if (View_IsPlaybackCameraActive()) first = 1; second = StageTiming_ConsumeDashRefreshLatch(); Physics_UpdateRateHold(); g_unk0x00538124 = Car_UpdateEngineNoteFalloff(&g_unk0x00537f60); g_unk0x00537f0c[4] = 0; for (; g_unk0x00537f0c[4] < g_unk0x00538124; g_unk0x00537f0c[4]++) { player = Car_Get(0)->field_0xb43 > 0; CInput::UpdateAllAvailableDevices(); if (player != 0) { g_unk0x00537f24++; if (param2 != 0 && param1 == 10) GameMenu_RefreshResultsHeader(); } for (g_unk0x00538104 = 0; g_unk0x00538104 < Car_GetOrderCount(); g_unk0x00538104++) { if (Car_Get(g_unk0x00538104)->field_0xb43 > 0) { if (g_unk0x00538104 < (BYTE)RallyDataState()) { g_unk0x00537fb8 = *(char *)(*(int *)(StageUI_GetRaceResultTable() + 4) + g_unk0x00538104 * 8); if (Race_GetPlayerRecordField4(g_unk0x00538104) != 0) g_unk0x00537fb8 = *(char *)(g_unk0x00537f3c[g_unk0x00538104] + 0x10c); } else { if ((BYTE)(*(int *)(*(int *)(StageUI_GetRaceResultTable() + 4))) <= 7) { g_unk0x00537fb8 = 7; } else { g_unk0x00537fb8 = 8; if ((char)RallyData_GetSelectionFlag28() != 0 && (char)CGameInfo::GetSoundOptionBit30() != 0) { if (Replay_GetActiveBufferState() == 0) g_unk0x00537fb8 = 9; } else if ((char)RallyData_GetSelectionFlag27() != 0 && (char)CGameInfo::GetGameModeOptionBit19() == 0 && StageTiming_GetCheckpointField1A(g_unk0x00538104) != 0) { g_unk0x00537fb8 	CMR2Decomp/Race.cpp	5162	void FUN_0041c5a0(BYTE param1, int param2)	Per-frame update of one player's race view: advances the race, the car order, the dashboards and the replay recording. The car loop walks the whole order but only the entrants below the player count are driven; each car's call state selects its co-driver handling in the switch below. allocation, not logic. MSVC6 keeps the register-allocated constant 0 in EDI and `first` in EBP here, while the original has the constant in EBP and `first` in EDI; that swap flips the operand order of every zero comparison (cmp edi,ebp vs cmp ebp,edi), the zero-argument pushes, and permutes the spill slots (S-0x14/S-0x10/S-0xc), which in turn moves the branch/block layout of the switch and of the car-loop tail. Calls, constants, statement order and control flow were checked instruction by instruction against the original; the layout of GameInfo0xa4.rallyStageRecordTimes (0x1214 in the original vs 0x654 in our struct) is a separate data-model gap reported to the integrator.
0x0040d6c0	FUN_0040d6c0	RallyData_SelectOpponentSkillClasses	Context: Picks the AI skill of the four opponents of a slot: for each opponent a random window around its rating (pRatings[1], [3], [5], [7]) is spread over the nine skill classes of pClasses (one per 10 points), and the most frequent class wins. Slot 2 only uses two opponents.; Body: { unsigned int counts[9]; int classes[4]; int total; int opponent; int *pClass; int bestClass; int lo; int hi; int range; int best; int i; int j; int *pDest; pClass = classes; pRatings++; opponent = 4; do { memset(counts, 0, sizeof(counts)); lo = *pRatings - rand() % 20 - 1; hi = rand() % 20 + *pRatings + 1; if (lo < 0) lo = 0; else if (hi > 100) hi = 100; range = 0; if (hi > lo) { range = hi - lo; for (j = lo; j < hi; j++) counts[pClasses[j / 10]]++; } best = -100; total = range << 16; bestClass = -1; for (i = 0; i < 9; i++) { counts[i] = FixMulShift32(0x640000, FixDiv(counts[i] << 16, total)); if ((int)counts[i] > best) { best = counts[i]; bestClass = i; } } pRatings += 2; *pClass++ = bestClass; } while (--opponent); pDest = &g_unk0x0052f1a0[slot * 4]; for (i = 0; i < 4; i++) { if (slot == 2 && i > 1) pDest[i] = 0; else pDest[i] = classes[i]; } }	CMR2Decomp/RallyData.cpp	178	void FUN_0040d6c0(int slot, int *pClasses, char *pRatings)	Picks the AI skill of the four opponents of a slot: for each opponent a random window around its rating (pRatings[1], [3], [5], [7]) is spread over the nine skill classes of pClasses (one per 10 points), and the most frequent class wins. Slot 2 only uses two opponents.
0x00411550	FUN_00411550	RallyData_BuildStageRouteDistanceColumn	Context: Builds the distance column of the stage classification table: walks the route nodes accumulating the length between consecutive nodes, and for every entry stores the node it reaches and the distance to it. where we use separate slots, so the loop bodies differ in registers.; Body: { FixVector a; FixVector diff; FixVector b; int *p; int totalA; int totalB; int start; int i; int j; totalB = 0; g_unk0x00536c90 = 0; totalA = 0; if ((char)RallyData_GetSelectionBits16To19() != 1) { g_unk0x00536c90 = Stage_GetSplitPositionCount(); if (g_unk0x00536c90 > 0xc) g_unk0x00536c90 = 0xc; } else { if ((BYTE)RallyData_GetFlag25() != 0) g_unk0x00536c90 = Stage_GetSplitPositionCount() + 1; else g_unk0x00536c90 = Stage_GetSplitPositionCount(); } for (i = 0; i < RallyData_GetRouteAvailabilityState(); i++) { if (i > 0) { RallyData_GetRouteNodeGroundPosition(i - 1, (int *)&a); RallyData_GetRouteNodeGroundPosition(i, (int *)&b); diff.x = b.x - a.x; diff.y = b.y - a.y; diff.z = b.z - a.z; totalA += FixVecLength(&diff) / 100; } } for (i = 0; i < RallyData_GetRouteAvailabilityState(); i++) { if (i > 0) { RallyData_GetRouteNodeGroundPosition(i - 1, (int *)&a); RallyData_GetRouteNodeGroundPosition(i, (int *)&b); diff.x = b.x - a.x; diff.y = b.y - a.y; diff.z = b.z - a.z; totalB += FixVecLength(&diff) / 100; } for (j = 0; j < g_unk0x00536c90; j++) { if ((Stage_GetSplitPositionFixed(j) >> 0x10) == i) { g_unk0x00536ff0[j * 2] = i; g_unk0x00536ff0[j * 2 + 1] = totalB; } } } if ((BYTE)RallyData_GetFlag25() != 0) { start = g_unk0x00536c90 - 1; if (start < 0xc) { p = &g_unk0x00536ff0[start * 2]; do { p[1] = totalB; p[0] = RallyData_GetRouteAvailabilityState() - 1; p += 2; } while (p < g_unk0x00536ff0 + 24); } } else if (g_unk0x00536c90 < 0xc) { p = &g_unk0x00536ff0[g_unk0x00536c90 * 2]; 	CMR2Decomp/RallyData.cpp	663	int FUN_00411550(void)	Builds the distance column of the stage classification table: walks the route nodes accumulating the length between consecutive nodes, and for every entry stores the node it reaches and the distance to it. where we use separate slots, so the loop bodies differ in registers.
0x00406820	FUN_00406820	RallyData_CopyCountryPlayerDefaults	Context: Copies the country's default 7-byte settings into the four player records; in some championship stages the first value is bumped to the next odd one.; Body: { int i; BYTE *p; BYTE *pRow; char c; for (i = 0; i < 4; i++) { p = RallyData_GetDriverSkillRecord(i); pRow = g_unk0x0051682c + (RallyDataCountryIndex() & 0xff) * 7; *(int *)p = *(int *)pRow; *(short *)(p + 4) = *(short *)(pRow + 4); p[6] = pRow[6]; if (g_unk0x0052f290 != 0 && g_unk0x0052f0fc > 2) { c = p[0]; if (c % 2 == 0 && c != 6) p[0] = c + 1; } } }	CMR2Decomp/RallyData.cpp	1269	void FUN_00406820(void)	Copies the country's default 7-byte settings into the four player records; in some championship stages the first value is bumped to the next odd one.
0x004eadb0	FUN_004eadb0	RallyData_ResetSavedPlayerRecords	Context: Resets the four players' records in the save block (all cleared, then the default flags, setup values and car position of each one). original's instruction schedule; only the compiler's choice of base register for the row pointer (ours p+0x40 vs the original's p) still differs. kept as FUNCTION on purpose so reccmp measures it (see CONVENCIONES); Body: { BYTE *p; int *q; int i; memset(g_saveProfiles, 0, 0x650 * 4); memset(g_unk0x00531350, 0, 0xc0 * 4); i = 0; p = g_saveProfiles + 0x14; g_unk0x00531650 = 0; q = g_unk0x00531654; for (q = g_unk0x00531654, i = 0; (int)q < (int)(g_unk0x00531654 + 4); q++) { int *pSetup = (int *)(p + 0x40); pSetup[1] = 4; *(unsigned int *)p = (*(unsigned int *)p & 0xffe1f17e) | 0x1017e; g_saveDirty[i] = 0; pSetup[0] |= 0x20; *q = 0; *(int *)(p + 0x38) = 0xf11; RallyData_SetPlayerDefaultCarSetup(i); i++; p += 0x650; } RallyData_MarkAllDriverRecordsUnassigned(); g_unk0x00531764 = NULL; }	CMR2Decomp/RallyData.cpp	1415	void FUN_004eadb0(void)	Resets the four players' records in the save block (all cleared, then the default flags, setup values and car position of each one). original's instruction schedule; only the compiler's choice of base register for the row pointer (ours p+0x40 vs the original's p) still differs. kept as FUNCTION on purpose so reccmp measures it (see CONVENCIONES)
0x004eb000	FUN_004eb000	RallyData_SetPlayerProfileInUse	Context: Marks record `index` (and its category's profile) as in use or not; when set, the record starts again from the defaults.; Body: { unsigned int i; unsigned int record; unsigned int category; unsigned int bit; i = index; RallyData_ValidateIndex(i); record = *(unsigned int *)(g_unk0x00531350 + i * 0x30); category = record >> 0x12 & 0xf; if (category != 0xf) { bit = set & 1; record = (record & 0xfbffffff) | bit << 0x1a; *(unsigned int *)(g_saveProfiles + 0x14 + category * 0x650) = (*(unsigned int *)(g_saveProfiles + 0x14 + category * 0x650) & 0xffdfffff) | bit << 0x15; record |= 0x2000; *(unsigned int *)(g_unk0x00531350 + i * 0x30) = record; if (set != 0) { *(unsigned int *)(g_unk0x00531350 + i * 0x30) = record & 0xffffe000; *(unsigned int *)(g_unk0x00531350 + i * 0x30 + 4) = 0; RallyData_ResetRecordOptionDefaults(i); *(int *)(g_saveProfiles + 0x58 + i * 0x650) = GameInfo_GetField98(); *(int *)(g_saveProfiles + 0x58 + category * 0x650) = GameInfo_GetField98(); } } }	CMR2Decomp/RallyData.cpp	1682	void FUN_004eb000(BYTE index, char set)	Marks record `index` (and its category's profile) as in use or not; when set, the record starts again from the defaults.
0x004efe60	FUN_004efe60	RallyData_FillStageSplitEditorRows	Context: Fills the split-marker rows of the stage-split editor menu, either with the current list of splits (up to three, or four markers in the wide layout) or with the empty/default layout. (we get them swapped), so every register in the marker loop differs.; Body: { BYTE *pMenu; short *pSplits; int count; int i; int half; short value; RallyData_RebuildDistinctValueList(); count = RallyData_GetDistinctValueCount(); pSplits = (short *)RallyData_GetDistinctValueList(); RallyData_SetDriverPairingStateValues(0, 0); pMenu = (BYTE *)FrontendMenu_GetAlternateRallyStageSelection(); *(short *)(pMenu + 0x18) = 0x156; pMenu = (BYTE *)FrontendMenu_GetAlternateRallyStageSelection(); *(short *)(pMenu + 0x1c) = 0xffff; pMenu = (BYTE *)FrontendMenu_GetAlternateRallyStageSelection(); *(BYTE *)(pMenu + 0x1a) = (*(BYTE *)(pMenu + 0x1a) ^ (BYTE)param_3) & 1 ^ *(BYTE *)(pMenu + 0x1a); if ((unsigned short)RallyData_GetPrimaryStageScoreScale() >= 0x834) { RallyData_SetDriverPairingStateValues(1, 2); pMenu = (BYTE *)FrontendMenu_GetAlternateRallyStageSelection(); *(BYTE *)(pMenu + 6) = 0; Menu_SetInputStateFlag(0); Menu_SetNextAction((int)FrontendMenu_GetRallyStartTransition()); Menu_SetInputStateFlag(1); return; } if (RallyDataStageIndex() == '\n') { RallyData_SetDriverPairingStateValues(1, 0); pMenu = (BYTE *)FrontendMenu_GetAlternateRallyStageSelection(); *(BYTE *)(pMenu + 6) = 0; Menu_SetInputStateFlag(0); Menu_SetNextAction((int)FrontendMenu_GetRallyStartTransition()); Menu_SetInputStateFlag(1); return; } Menu_SetInputStateFlag(param_3); Menu_SetNextAction((int)FrontendMenu_GetAlternateRallyStageSelection()); Menu_SetInputStateFlag(1); if (count <= 3) { pMenu = (BYTE *)FrontendMenu_GetAlternateRallyStageSelection(); *(char *)(pMenu + 6) = (char)count + 1;	CMR2Decomp/RallyData.cpp	1816	void FUN_004efe60(int param_1, int param_2, char param_3)	Fills the split-marker rows of the stage-split editor menu, either with the current list of splits (up to three, or four markers in the wide layout) or with the empty/default layout. (we get them swapped), so every register in the marker loop differs.
0x0040d820	FUN_0040d820	RallyData_UpdateStageWetShares	Context: Draws the wet/dry share of every stage of the current rally: the flag of a stage is set when its track value passes 80 and the share of the range above 80 is stored per stage.; Body: { int index; int *pFlag; int *pOther; int *pPairs; int i; int value; int lo; int hi; int count; int above; int below; int total; unsigned int counts[2]; unsigned int *pCount; unsigned short track; index = 0; pOther = g_unk0x0052f240; pPairs = &g_unk0x0052f100[0][1]; pFlag = g_unk0x0052f1f0; do { *pFlag = 0; *pOther = 0; if (pPairs[-1] == 2 && pPairs[0] == 2) { if (((BYTE)RallyDataCountryIndex() == 6 && (pPairs == &g_unk0x0052f100[2][1] || pPairs == &g_unk0x0052f100[5][1] || pPairs == &g_unk0x0052f100[7][1])) || ((BYTE)RallyDataCountryIndex() == 7 && (index / 4 == 0 || index / 4 == 2))) { track = (unsigned short)RallyData_GetIndexedStageScoreScale(g_selectedRallyData & 0x1f, index, 0); if (track < 0x834) { value = (int)(__int64)((float)rand() * g_oneOverRandMax * CGraphics::m_65536); value = FixMulShift32(value, 0x640000); if (value > 0x50) *pFlag = 1; lo = value - rand() % 0x14 - 1; hi = rand() % 0x14 + value + 1; if (lo < 0) lo = 0; else if (hi > 100) hi = 100; count = 0; below = 0; above = 0; counts[1] = 0; counts[0] = 0; if (hi > lo) { count = hi - lo; for (i = lo; i < hi; i++) { if (i > 0x50) above++; else below++; } counts[1] = below; counts[0] = above; } total = count << 16; pCount = counts; i = 2; do { *pCount = FixMulShift32(0x640000, FixDiv(*pCount << 16, total)); pCount++; } while (--i); *pOther = (counts[0] != 0); } } } index++; pFlag++; pPairs += 2; pOther++; } while ((int)pPairs < (int)&g_unk0x0052f100[11][1]); }	CMR2Decomp/RallyData.cpp	2283	void FUN_0040d820(void)	Draws the wet/dry share of every stage of the current rally: the flag of a stage is set when its track value passes 80 and the share of the range above 80 is stored per stage.
0x0040d9e0	FUN_0040d9e0	RallyData_InterpolateGroupGrip	Context: Recomputes the grip byte of the four stages of a rally group, interpolating between the dry and the wet value of the group by the rally's track fade.; Body: { int index; int *pPairs; int k; int m; unsigned int n; int fade; int base; int track; index = group << 2; pPairs = &g_unk0x0052f100[index][1]; k = 4; do { m = pPairs[-1]; if (m >= 6) m += -3; if (pPairs[0] >= 6) m = m + -3 + pPairs[0]; else m = m + pPairs[0]; base = FixDiv(m << 16, 0xa0000); if (base < 0) base = 0; else if (base > 0x10000) base = 0x10000; fade = 0x10000 - base; m = g_unk0x00516974[(BYTE)RallyDataCountryIndex()] + FixMul(g_unk0x00516998[(BYTE)RallyDataCountryIndex()], fade); n = g_unk0x005169bc[(BYTE)RallyDataCountryIndex()] + FixMul(g_unk0x005169e0[(BYTE)RallyDataCountryIndex()], fade); track = (unsigned short)RallyData_GetIndexedStageScoreScale((BYTE)RallyDataCountryIndex(), index, 0); if (track <= 0x1f4 || track >= 0x834) { g_unk0x0052f294[index] = (BYTE)(n >> 16); } else if (track < 0x4b0) { g_unk0x0052f294[index] = (BYTE)((FixMul(FixDiv((track / 100 - 5) << 16, 0x70000), m - n) + n) >> 16); } else if (track > 0x640) { g_unk0x0052f294[index] = (BYTE)((FixMul(FixDiv((track / 100 - 0x10) << 16, 0x50000), n - m) + m) >> 16); } else { g_unk0x0052f294[index] = (BYTE)(m >> 16); } index++; pPairs += 2; } while (--k); }	CMR2Decomp/RallyData.cpp	2363	void FUN_0040d9e0(int group)	Recomputes the grip byte of the four stages of a rally group, interpolating between the dry and the wet value of the group by the rally's track fade.
0x00408600	RallyData_FUN_00408600	RallyData_SetDriverCategoryOption	Context: Stores a driver's 5/6-bit setting in the driver or category record.; Body: { unsigned int record; unsigned int category; RallyData_ValidateIndex(index); if (CGameInfo::GetConfiguredGameMode() == 4) { *(unsigned int *)(g_unk0x0052f3e8 + index * 0xc4) = value; g_unk0x0052f3e8[4 + index * 0xc4] |= 2; return; } record = *(unsigned int *)(g_unk0x00531350 + index * 0x30); category = (record >> 0x12) & 0xf; if (category != 0xf) { g_saveDirty[category] = 1; *(unsigned int *)(g_unk0x00531350 + index * 0x30) = ((value ^ record) & 0x3f) ^ record; *(unsigned int *)(g_saveProfiles + 0x54 + category * 0x650) ^= (*(unsigned int *)(g_saveProfiles + 0x54 + category * 0x650) ^ value) & 0x1f; } }	CMR2Decomp/RallyData.cpp	2574	void RallyData_FUN_00408600(BYTE index, BYTE value)	Stores a driver's 5/6-bit setting in the driver or category record.
0x00415480	FUN_00415480	RallyData_DrawNetworkStandingsPanel	Context: Network race standings panel: one row per player in result order, with the local player highlighted, the player's colour square and the position.; Body: { short panel[4]; int i; int textY; int id; short square[4]; BYTE *pColour; char number[4]; char name[256]; panel[1] = (short)((int)(g_pGraphics->resY << 12) >> 16) + pRect[1]; textY = ((int)(g_pGraphics->resY * 0x1b32) >> 16) + pRect[1] - 2; panel[0] = (short)((int)(g_pGraphics->resX * 0xc00) >> 16) + pRect[0]; panel[2] = (short)((int)(g_pGraphics->resX * 0x47ae) >> 16); panel[3] = (short)((int)(g_pGraphics->resY * 0xccc) >> 16) - 2; for (i = 0; i < 8; i++) { id = NetPlayers_GetResultPlayerIndex(i); if (id == -1) continue; if (id == -2) { sprintf(name, CRegKey::m_regKeyPathFormatValue, (char *)RallyData_GetRecord(0)); Sprite_FillRect((int)g_pGraphics + 0x150, panel, (BYTE *)&g_unk0x005170d8, 2); pColour = NetPlayers_GetPlayerNameColour(Network_GetLocalPlayerID()); } else { char *pName = NetPlayers_GetPlayerName(id); if (pName != NULL) sprintf(name, CRegKey::m_regKeyPathFormatValue, pName); else sprintf(name, CMain::m_logFileBlankLine); Sprite_FillRect((int)g_pGraphics + 0x150, panel, (BYTE *)&g_stageResultPanelColour, 2); pColour = NetPlayers_GetPlayerNameColour(NetPlayers_GetPlayerID(id)); } square[2] = (short)((int)(g_pGraphics->resX * 10) / 640); square[3] = (short)((int)(g_pGraphics->resY * 10) / 480); square[0] = panel[2] - (short)((int)(g_pGraphics->resX * 10) / 640) + panel[0] - square[2] / 2; square[1] = panel[3] / 2 + panel[1] - square[3] / 2; Sprite_FillRect((int)g_pGraphics + 0x150, square, pColour, 2); sprintf(number, g_strOneDigit, i + 1); Font_DrawText(0, numbe	CMR2Decomp/RallyData.cpp	2772	void FUN_00415480(short *pRect)	Network race standings panel: one row per player in result order, with the local player highlighted, the player's colour square and the position.
0x004129d0	FUN_004129d0	RallyData_DrawCarStageGapPanel	Context: Draws a car's stage gap, stage number and position in the on-stage HUD.; Body: { short rect[4]; int xShift = 0; int yShift = 0; int marginX = (int)g_pGraphics->resX * 3 / 640; int wideMarginX = (int)g_pGraphics->resX * 44 / 640; int topMarginY = (int)g_pGraphics->resY * 3 / 480; int mode; int stage; int count; int x; int y; int i; int pixelFixed; int dimensionFixed; if (RallyData_IsHeadToHeadRaceMode()) { if (CGameInfo::IsSplitBarEnabled()) { if (car == 1) yShift = (int)g_pGraphics->resY / 2; } else if (car == 0) { xShift = -((int)g_pGraphics->resX / 2); } } rect[0] = (short)(((int)g_pGraphics->resX * 0xab9b >> 16) + xShift); rect[1] = (short)(((int)g_pGraphics->resY << 12 >> 16) + yShift); rect[2] = (short)(((int)g_pGraphics->resX * 0x4865 >> 16) + 1); rect[3] = (short)((int)g_pGraphics->resY * 53 / 480); if (StageTiming_IsClockOverlayActive()) { if (CGameInfo::GetGameLanguage() == 1 || CGameInfo::GetGameLanguage() == 3 || CGameInfo::GetGameLanguage() == 2) rect[3] += (short)((int)g_pGraphics->resY * 24 / 480 * 2); else rect[3] += (short)((int)g_pGraphics->resY * 24 / 480); } Sprite_FillRect((int)g_pGraphics + 0x150, rect, (BYTE *)&g_stageHudPanelColour, 2); if (StageTiming_IsClockOverlayActive()) { if (CGameInfo::GetGameLanguage() == 1 || CGameInfo::GetGameLanguage() == 3 || CGameInfo::GetGameLanguage() == 2) rect[3] += (short)((int)g_pGraphics->resY * -24 / 480 * 2); else rect[3] += (short)((int)g_pGraphics->resY * -24 / 480); } pixelFixed = (int)(__int64)((double)(rect[3] + rect[1] - topMarginY + 1) * CGraphics::m_65536); dimensionFixed = (int)(__in	CMR2Decomp/RallyData.cpp	2901	void FUN_004129d0(int car, short *pRect)	Draws a car's stage gap, stage number and position in the on-stage HUD.
0x00413330	FUN_00413330	RallyData_RecordPassedSplit	Context: Records the time of the split the car just passed, colours it against the reference time and updates the car's position at that split.; Body: { int split; int time; int delta; int reference; g_unk0x00536c0c[car] = 0; if (!StageTiming_GetCheckpointField17(car)) return; if ((BYTE)RallyData_GetFlag25()) split = StageTiming_GetCheckpointField14(car); else split = StageTiming_GetCheckpointSplitIndex(car); if (StageTiming_GetCheckpointField19(car)) { split = 1; g_stageSplitData[car].times[split + 1] = StageTiming_GetCarSplitTime(car, StageTiming_GetCheckpointGroupIndex(car)); g_stageSplitData[car].targetTime = g_unk0x00536c40; g_stageSplitData[car].lastSplitTime = StageTiming_GetCarSplitTime(car, StageTiming_GetCheckpointGroupIndex(car)); g_unk0x00536bfc = 0; } else if (split != 0) { g_stageSplitData[car].times[split + 1] = g_stageSplitData[car].times[0]; g_stageSplitData[car].targetTime = g_unk0x00536e90[split + 1]; g_stageSplitData[car].lastSplitTime = g_stageSplitData[car].times[0]; } if (StageTiming_GetCheckpointField18(car)) g_unk0x00536bfc = 0; if (g_unk0x00536c40 != g_unk0x00537068) { time = g_stageSplitData[car].times[split + 1]; if (g_unk0x00536e90[split + 1] - g_unk0x00536e90[split] <= time - g_stageSplitData[car].times[split]) g_unk0x00536d14[car * 0x28 + split] = g_unk0x005170a0; else g_unk0x00536d14[car * 0x28 + split] = g_unk0x0051709c; if (split != 0) { RallyData_PlayAlternateStageLoopSound(car, (time < g_stageSplitData[car].targetTime) ? 1 : 0); } } g_stageSplitData[car].split = split; if (CGameInfo::GetConfiguredGameMode() != 5 && CGameInfo::GetConfiguredGameMode() != 6 && split != 0) { ((BYTE *)&g_unk0x	CMR2Decomp/RallyData.cpp	3156	void FUN_00413330(int car)	Records the time of the split the car just passed, colours it against the reference time and updates the car's position at that split.
0x00413610	FUN_00413610	RallyData_RecordStageStartAndGhostSplit	Context: Same as FUN_00413330 for the stage start and the time-trial ghost.; Body: { int time; g_unk0x00536e90[0] = 0; if (StageTiming_GetCheckpointField19(car)) { g_unk0x00537064 = StageTiming_GetCheckpointGroupIndex(car); if (CGameInfo::GetConfiguredGameMode() == 0xc) { time = StageTiming_GetCarSplitTime(0, 0); g_stageSplitData[car].times[0] = time; g_stageSplitData[car].times[g_unk0x00537064 + 1] = time; g_stageSplitData[car].lastSplitTime = g_stageSplitData[car].times[0]; g_stageSplitData[car].split = g_unk0x00537064; NetRace_SendType9PlayerValue(g_unk0x00537064, g_stageSplitData[car].times[0]); g_unk0x00536c14 = 1; } else { if (g_unk0x00537064 >= 1 && g_unk0x00537064 < 10) { g_stageSplitData[car].times[g_unk0x00537064 + 1] = g_stageSplitData[car].times[0]; g_stageSplitData[car].lastSplitTime = g_stageSplitData[car].times[0]; g_stageSplitData[car].split = g_unk0x00537064; NetRace_SendType9PlayerValue(g_unk0x00537064, g_stageSplitData[car].times[0]); } g_unk0x00536c14 = 1; } } else if (g_unk0x00536c14 == 0) { return; } if (CGameInfo::GetConfiguredGameMode() == 0xc) { CGameInfo::GetNetworkStageBestTime(g_unk0x00537064); if (NetPlayers_IsNewLocalRecord()) time = NetPlayers_GetPreviousBestTime(); else time = CGameInfo::GetNetworkStageBestTime(g_unk0x00537064); g_stageSplitData[car].targetTime = time; if (g_stageSplitData[car].lastSplitTime < time) { RallyData_PlayAlternateStageLoopSound(car, 1); g_unk0x00536c14 = 0; } else if (time == 0) { g_unk0x00536e90[0] = 1; } else { RallyData_PlayAlternateStageLoopSound(car, 0); g_unk0x00536c14 = 0; } if (g_unk0x00537	CMR2Decomp/RallyData.cpp	3212	void FUN_00413610(int car)	Same as FUN_00413330 for the stage start and the time-trial ghost.
0x004147f0	FUN_004147f0	RallyData_DrawStageResultRows	Context: Renders each stage result row, including the player's, record and network result variants. A qualifying player has no second row.; Body: { BYTE *record; BYTE *gameInfo; unsigned int carTime; unsigned int recordTime; unsigned int time; char recordName[8]; short rect[4]; int baseHeight; int rows; int row; int shownRow; unsigned int fade; int highlight = 0; short offset; int shiftedOffset; int currentOffset; int textY; int pixelFixed; int dimensionFixed; unsigned int panelColour; int index; if (CGameInfo::GetConfiguredGameMode() == 3) { record = RallyData_GetAvailableCategorySaveRecord((StageUI_GetRaceEndEventCount() & 0xff) + car); index = (RallyDataCountryIndex() & 0xff) * 12 + (RallyDataStageIndex() & 0xff); carTime = *(unsigned int *)(record + 0x154 + index * 8); index = (RallyDataCountryIndex() & 0xff) * 11 + (RallyDataStageIndex() & 0xff); gameInfo = (BYTE *)CGameInfo::GetGameInfoFieldA4Address(); recordTime = (*(unsigned int *)(gameInfo + 0x658 + index * 8) >> 7) & 0xffff; index = (RallyDataCountryIndex() & 0xff) * 11 + (RallyDataStageIndex() & 0xff); gameInfo = (BYTE *)CGameInfo::GetGameInfoFieldA4Address(); sprintf(recordName, (char *)(gameInfo + 0x654 + index * 8)); } else { record = RallyData_GetAvailableCategorySaveRecord((StageUI_GetRaceEndEventCount() & 0xff) + car); index = (RallyData_GetSelectionBits10To11() & 0xff) * 3 + (RallyData_GetSelectionBits12To13() & 0xff); carTime = *(unsigned int *)(record + 0x4c0 + index * 8); index = (RallyData_GetSelectionBits10To11() & 0xff) * 3 + (RallyData_GetSelectionBits12To13() & 0xff); gameInfo = (BYTE *)CGameInfo::GetGameInfoFieldA4Address(); recordTime = (*(	CMR2Decomp/RallyData.cpp	3312	void FUN_004147f0(int car, short *position)	Renders each stage result row, including the player's, record and network result variants. A qualifying player has no second row.
0x00471bf0	FUN_00471bf0	RallyData_ApplyPlayerFlagsToObjects	Context: Moves each element's object in or out of the way to match the car's reached flags (multi-player only).; Body: { int i; BYTE bit; BYTE mask; BYTE *pObject; if ((BYTE)RallyDataState() > 1) { mask = 1 << car; for (i = 0; i < (int)g_unk0x0058ca6c; i++) { bit = g_unk0x0058c938[i] & mask; if (bit != 0 && g_unk0x0058c958[i] == 0) { pObject = *(BYTE **)(g_unk0x0058c94c + i * 8); *(int *)(pObject + 4) += 0x3e80000; (*(BYTE **)(g_unk0x0058c94c + i * 8))[0x14] = 0xff; g_unk0x0058c958[i] = 1; } else if (bit == 0 && g_unk0x0058c958[i] != 0) { pObject = *(BYTE **)(g_unk0x0058c94c + i * 8); *(int *)(pObject + 4) -= 0x3e80000; (*(BYTE **)(g_unk0x0058c94c + i * 8))[0x14] = 0; g_unk0x0058c958[i] = 0; } } } else { RallyData_ValidateIndex(car); } }	CMR2Decomp/RallyData.cpp	3823	void FUN_00471bf0(int car)	Moves each element's object in or out of the way to match the car's reached flags (multi-player only).
0x005040f0	FUN_005040f0	RallyData_SetupWeatherTextureEntries	Context: Sets up the weather entries of the stage: their texture, screen rectangle and the fixed texture coordinates.; Body: { Unk0x0082c6c8Panel *pEntry; int index; int i; g_unk0x0082c9e8 = g_weatherMaps.mainMap; g_unk0x0082c9ec[0] = 0x1c; g_unk0x0082c9ec[1] = 0x72; g_unk0x0082c9ec[2] = 0x100; g_unk0x0082c9ec[3] = 0xf6; *(int *)&g_mapSrcRect[0] = *(int *)((BYTE *)g_weatherMaps.mainMap + 0x11c); *(int *)&g_mapSrcRect[2] = *(int *)((BYTE *)g_weatherMaps.mainMap + 0x120); g_mapSrcRect[3] = 0xf6; g_unk0x0082c9fc = 0xd8; g_unk0x0082c9fe = 0x7c; g_unk0x0082ca00 = 0x3b; g_unk0x0082ca02 = 0x39; g_unk0x0082c694 = CGameInfo::GetPreviewLayoutMode(); for (i = 0; i < g_unk0x0082c694; i++) { pEntry = (Unk0x0082c6c8Panel *)g_unk0x0082c6c8 + i; pEntry->end = 0; pEntry->start = 0; pEntry->current = 0; pEntry->field_0x24 = 0; pEntry->field_0x28 = 0; pEntry->active = 0; pEntry->distance = 0; pEntry->field_0x44 = 0; pEntry->field_0x40 = 0; pEntry->startTime = 0; index = (RallyDataStageIndex() & 0xff) % 4 + i; pEntry->texture = (void *)g_weatherMaps.maps[index]; pEntry->field_0x48 = g_weatherMaps.slots[index]; pEntry->srcX1 = g_weatherMaps.rects[index * 2] + g_unk0x0082c9ec[0]; pEntry->srcY1 = g_weatherMaps.rects[index * 2 + 1] + g_unk0x0082c9ec[1]; pEntry->srcX2 = 10; pEntry->srcY2 = 9; pEntry->u0 = (g_mapSrcRect[0] << 16) + FixMul(FixDiv((pEntry->srcX1 - g_unk0x0082c9ec[0]) << 16, g_unk0x0082c9ec[2] << 16), g_mapSrcRect[2] << 16); pEntry->u1 = (g_mapSrcRect[0] << 16) + FixMul(FixDiv((pEntry->srcX1 - g_unk0x0082c9ec[0] + pEntry->srcX2) << 16, g_unk0x0082c9ec[2] << 16), g_mapSrcRect[2] << 16); pEntry->v0 = (g_mapSrcRe	CMR2Decomp/RallyData.cpp	4150	void FUN_005040f0(void)	Sets up the weather entries of the stage: their texture, screen rectangle and the fixed texture coordinates.
0x00421230	FUN_00421230	RallyData_ProjectCarRouteSegmentProgress	Context: Progress of the car along the route segment that ends at node pProgress[0]: the car position projected on the segment direction, as a 16.16 fraction of the segment length (stored in pProgress[4]).; Body: { FixVector dir; FixVector end; FixVector start; FixVector delta; int node; int prev; int length; int along; node = *pProgress; prev = node - 1; if (prev < 0) prev += g_unk0x00538a84; if (!RallyData_GetRouteAdditionalState() && node <= 0) { pProgress[4] = 0; return; } RallyRoute_GetNodeDirection(&dir, prev); RallyData_GetRouteNodeGroundPosition(node, (int *)&end); RallyData_GetRouteNodeGroundPosition(prev, (int *)&start); delta.x = end.x - start.x; delta.y = end.y - start.y; delta.z = end.z - start.z; length = FixVecDot(&delta, &dir); delta.x = pCar->position.x - start.x; delta.y = pCar->position.y - start.y; delta.z = pCar->position.z - start.z; along = FixVecDot(&delta, &dir); pProgress[4] = FixDiv(along, length); }	CMR2Decomp/RallyData.cpp	4513	void FUN_00421230(Car *pCar, int *pProgress)	Progress of the car along the route segment that ends at node pProgress[0]: the car position projected on the segment direction, as a 16.16 fraction of the segment length (stored in pProgress[4]).
0x00421470	RallyData_FUN_00421470	RallyData_GetCarRecordValueRatio	Context: Scales the per-record value at p[0xb1a] to a 0..0x10000 ratio.; Body: { int value; int result; if (g_unk0x00538a84 == 0) return 0; if (g_unk0x00538a94 != 0) { value = g_raceRecords[(signed char)p[0xb1a]].field_0x8; if (value >= (int)(RallyData_GetSelectionBits16To19() & 0xff) * g_unk0x00538a84) return 0x10000; } else { value = g_raceRecords[(signed char)p[0xb1a]].field_0x8; if (value >= g_unk0x00538a84) return 0x10000; } result = (value << 16) / (g_unk0x00538c94 >> 16); if (result < 0) return 0; if (result > 0x10000) return 0x10000; return result; }	CMR2Decomp/RallyData.cpp	4577	int RallyData_FUN_00421470(BYTE *p)	Scales the per-record value at p[0xb1a] to a 0..0x10000 ratio.
0x0040fec0	FUN_0040fec0	RallyData_DrawLoadingProgress	Context: Draws the loading bar: eleven blocks, lit up to the given progress (0-99, 100 or more draws them all unlit), and optionally renders the frontend scene.; Body: { BYTE colour[4]; BYTE colourLit[4]; short rect[4]; int i; int limit; int wide; int narrow; colour[0] = g_loadBarColour[0]; colour[2] = g_loadBarColour[2]; colour[1] = g_loadBarColour[1]; colour[3] = alpha; colourLit[0] = g_loadBarColourLit[0]; colourLit[1] = g_loadBarColourLit[1]; colourLit[2] = g_loadBarColourLit[2]; colourLit[3] = alpha; if (RallyData_ShouldEndStageEarly() != 0) return; i = 0; limit = 100; do { wide = (int)(g_pGraphics->resX * 8) / 640; narrow = (int)(g_pGraphics->resX * 3) / 640; g_itemRect[0] = (short)((int)(g_pGraphics->resX * 616) / 640 + (wide + narrow) * i - narrow * 10 - wide * 11); g_itemRect[1] = (short)((int)(g_pGraphics->resY * 434) / 480); g_itemRect[2] = (short)((int)(g_pGraphics->resX * 8) / 640); g_itemRect[3] = (short)((int)(g_pGraphics->resX * 8) / 640); if (progress < 100 && limit / 11 >= progress) Sprite_FillRect((int)g_pGraphics + 0x150, g_itemRect, colourLit, 1); else Sprite_FillRect((int)g_pGraphics + 0x150, g_itemRect, colour, 1); i++; limit += 100; } while (limit < 1200); if (drawScene) { rect[0] = 0; rect[1] = 0; rect[2] = (short)g_pGraphics->resX; rect[3] = (short)g_pGraphics->resY; Game_DrawSceneViewport(RallyData_GetChallengeRenderState(), g_unk0x00536be4, rect, 0, 0); Graphics_PresentFrameAndResetCounters(); } }	CMR2Decomp/RallyData.cpp	4955	void FUN_0040fec0(int progress, char drawScene, BYTE alpha)	Draws the loading bar: eleven blocks, lit up to the given progress (0-99, 100 or more draws them all unlit), and optionally renders the frontend scene.
0x0040dfa0	FUN_0040dfa0	RallyData_FillEventSlotSelections	Context: Fills the six per-slot values of the current event: a fixed set when the event's group is one of the special ones, otherwise the events picked from the event's group avoiding the previous one.; Body: { if (!RallyData_GetSecondarySelectionNibble()) return; g_unk0x005337ec = (int)CFrontend::GetArchivePrimaryIDEntry(RallyData_GetDriverRecordSelectionValue(0)); g_unk0x00533758[16] = RallyData_GetDriverRecordSelectionValue(0); if (g_unk0x005337ec >= 0 && g_unk0x005337ec <= 5 || g_unk0x005337ec == 0xc) { if (CGameInfo::GetGameInfoSessionFlag()) { RallyData_SetDistinctValueEntry(0, 0); RallyData_SetDistinctValueEntry(3, 0); RallyData_SetDistinctValueEntry(1, 8); RallyData_SetDistinctValueEntry(4, 8); RallyData_SetDistinctValueEntry(2, 10); RallyData_SetDistinctValueEntry(5, 10); return; } g_unk0x005337d0 = 0; RallyData_SetDistinctValueEntry(0, g_unk0x00533758[16]); RallyData_SetDistinctValueEntry(3, g_unk0x00533758[16]); g_unk0x005337c8 = RallyData_PickStageOutsideExcludedGroups(g_unk0x00533758[16], -1); RallyData_SetDistinctValueEntry(1, g_unk0x005337c8); RallyData_SetDistinctValueEntry(4, g_unk0x005337c8); g_unk0x005337c8 = RallyData_PickStageOutsideExcludedGroups(g_unk0x00533758[16], g_unk0x005337c8); } else { if (g_unk0x005337ec == 8) { RallyData_SetDistinctValueEntry(0, 0x10); RallyData_SetDistinctValueEntry(3, 0x10); RallyData_SetDistinctValueEntry(1, 0x10); RallyData_SetDistinctValueEntry(4, 0x10); RallyData_SetDistinctValueEntry(2, 0x10); RallyData_SetDistinctValueEntry(5, 0x10); return; } if (g_unk0x005337ec == 0xd) { RallyData_SetDistinctValueEntry(0, 0x15); RallyData_SetDistinctValueEntry(3, 0x15); RallyData_SetDistinctValueEntry(1, 0x15); RallyData_SetDistinctValueEn	CMR2Decomp/RallyData.cpp	5129	void FUN_0040dfa0(void)	Fills the six per-slot values of the current event: a fixed set when the event's group is one of the special ones, otherwise the events picked from the event's group avoiding the previous one.
0x0040f050	FUN_0040f050	RallyData_GetViewScreenRectangle	Context: Screen rectangle of a view: full screen, or the half chosen by the split direction (vertical or horizontal).; Body: { int *pRect; int *pSource; StageObject_InitScreenRectangles(); pRect = (int *)StageObject_GetViewRectangleIndex(view); if ((BYTE)RallyDataState() == 1 || Race_IsMultiplayerRecordMode10() != 0) { pSource = (int *)StageObject_GetScreenRectangleEntry(0); } else if (view == 0) { if (CGameInfo::IsSplitBarEnabled()) pSource = (int *)StageObject_GetScreenRectangleEntry(1); else pSource = (int *)StageObject_GetScreenRectangleEntry(3); } else { if (CGameInfo::IsSplitBarEnabled()) pSource = (int *)StageObject_GetScreenRectangleEntry(2); else pSource = (int *)StageObject_GetScreenRectangleEntry(4); } pRect[0] = pSource[0]; pRect[1] = pSource[1]; return (int *)pRect; }	CMR2Decomp/RallyData.cpp	5727	int *FUN_0040f050(int view)	Screen rectangle of a view: full screen, or the half chosen by the split direction (vertical or horizontal).
0x0040e210	FUN_0040e210	RallyData_PickUnexcludedGroupEvent	Context: Picks an unexcluded event from the three or four events in its group.; Body: { int *choices = &g_unk0x00533758[17]; if (exclude1 != 0x13 && exclude1 != 0x11 && exclude1 != 0x12) { choices[0] = 0; choices[1] = 0; choices[2] = 0; choices[3] = 0; if (exclude1 >= 0) g_unk0x00533758[5 + exclude1] = 1; if (exclude2 >= 0) g_unk0x00533758[5 + exclude2] = 1; g_unk0x005337cc = rand() % 4; while (choices[g_unk0x005337cc] == 1) g_unk0x005337cc = rand() % 4; return g_unk0x005337cc + 12; } choices[0] = 0; choices[1] = 0; choices[2] = 0; if (exclude1 >= 0) g_unk0x00533758[exclude1] = 1; if (exclude2 >= 0) g_unk0x00533758[exclude2] = 1; g_unk0x005337cc = rand() % 3; while (choices[g_unk0x005337cc] == 1) g_unk0x005337cc = rand() % 3; return g_unk0x005337cc + 0x11; }	CMR2Decomp/RallyData.cpp	5813	int FUN_0040e210(int exclude1, int exclude2)	Picks an unexcluded event from the three or four events in its group.
0x00415750	FUN_00415750	RallyData_FormatResultDriverName	Context: Formats the name shown for a driver in the current result list.; Body: { int entry; int row; char *name; sprintf(CFrontend::m_stringDest, CMain::m_logFileBlankLine); if (useSplit != 0) entry = StageTiming_GetSplitDriverIDForPosition(driver, split); else entry = StageTiming_GetSplitTableEntry(StageUI_GetRaceEndEventCount(), StageTiming_GetSplitIndexValue(driver)); if (entry == -1) { sprintf(CFrontend::m_stringDest, CMain::m_logFileBlankLine); return; } for (row = 0; row < CGameInfo::GetConfiguredPlayerCount(); row++) { int candidate = useSplit == 0 ? StageTiming_GetCarTimingByte81(row) : StageTiming_GetSplitPositionOfDriver(row, split); if (candidate == driver) { if (!(CGameInfo::GetConfiguredGameMode() == 4)) name = (char *)RallyData_GetRecord((BYTE)row); else name = (char *)RallyData_GetRecord((BYTE)Knockout_GetCurrentDriverField((unsigned int *)entry)); sprintf(CFrontend::m_stringDest, name); CGenericFileLoader::StrUpperPolish((BYTE *)CFrontend::m_stringDest); return; } } if (CGameInfo::GetConfiguredGameMode() == 4) entry = Knockout_GetCurrentDriverField((unsigned int *)entry); if (useLongName) name = (char *)RallyData_GetDriverNameIndexRecord(entry); else name = CAIHelper::GetNameForID(entry); sprintf(CFrontend::m_stringDest, name); CGenericFileLoader::StrUpperPolish((BYTE *)CFrontend::m_stringDest); }	CMR2Decomp/RallyData.cpp	5853	void FUN_00415750(int driver, int split, int useLongName, int useSplit)	Formats the name shown for a driver in the current result list.
0x0040f0c0	FUN_0040f0c0	RallyData_UpdateViewFrameAndDebugOverlay	Context: Per-view frame update of the rally data screens: prepares the cars of the view, streams their shadow geometry, refreshes the on-screen elements and, when the graphics debug flag (bit 2) is set, prints the FPS / polygon / VRAM overlay. allocation (the original keeps the raw view in EBX and the masked view in EBP, here it is the other way round) and the frame layout (the original reuses the incoming parameter slot for the overlay colour).; Body: { int orderCount; short *pOrder; short *pOrderEnd; int n; int i; int pixels; short resX; int resY; int resZ; int target; unsigned int vramKB; float vramMB; float buffersMB; Car *pCar; SceneNode *pNode; int view = param2; int maskedView = param2 & 0xff; if ((BYTE)view == 0) { g_unk0x00536ad0 = 0; if (Race_IsMultiplayerRecordMode10() != 0) return; if (CGame::GetGameInputFocusState() != 0) { RallyData_ResetDamageAndTextureCaches(); CGame::SetGameInputFocusState(0); } } pOrder = Car_GetOrder(); orderCount = Car_GetOrderCount(); RallyData_ClearStageDepthBuffer(); g_unk0x00536ad4 = FUN_0040f050(maskedView); FUN_00471bf0(maskedView); StageObject_ApplyInterpolatedNodeMatrices(maskedView); if (CGraphics::GetRasterCapabilityField84() != 0) Car_ApplyViewTransforms(maskedView); Car_UpdateViewNodes(maskedView); FUN_00461c30(maskedView); FUN_0046f330(maskedView); if ((BYTE)view == 0 && (BYTE)RallyDataState() == 1 && CGameInfo::IsInRaceMenuOpen() == 0 && (StageTiming_GetStartTableRecord(0)[0x20] == 'A' || StageTiming_GetStartTableRecord(0)[0x20] == 'C')) { StageObject_SpawnCarWheelSkidEffects(0); FUN_0046e780(0); } for (i = 0; i < orderCount; i++) FUN_00462aa0(i, maskedView); View_SelectVisibleCars(maskedView, (short *)g_unk0x00536ad4); Replay_HideFinishedGhostCarNodes(); FUN_00464960(View_GetActiveCameraFlags(maskedView)); Game_PrepareScene((SceneNode *)RallyData_GetChallengeRenderState(), g_viewNodes[maskedView], (int)g_unk0x00536ad4, maskedView); if (g_unk0x00536ad0 == 0) { g_unk0x00536a	CMR2Decomp/RallyData.cpp	6182	void FUN_0040f0c0(int param1, int param2, int param3)	Per-view frame update of the rally data screens: prepares the cars of the view, streams their shadow geometry, refreshes the on-screen elements and, when the graphics debug flag (bit 2) is set, prints the FPS / polygon / VRAM overlay. allocation (the original keeps the raw view in EBX and the masked view in EBP, here it is the other way round) and the frame layout (the original reuses the incoming parameter slot for the overlay colour).
0x00413e00	FUN_00413e00	RallyData_DrawRacePositionMarker	Context: Draws the two sprites (shadow and icon) of a race-position marker, clamping the arrow's x span to the marker track width read from the HUD rect. load scheduling differ from the original (MSVC6 slot assignment).; Body: { short *pMarker; Texture *pTexture; SpriteRect src; SpriteRect dst; int local_8; short diff; int i; pMarker = param_1 + g_unk0x00536c48[param_2][0] * 4; local_8 = (int)pMarker[2] << 16; pTexture = g_unk0x00537070; dst.x = (short)(FixMulShift32(local_8, g_unk0x00536c48[param_2][1]) - pTexture->width / 2); dst.x += pMarker[0]; dst.y = pMarker[1]; dst.w = pTexture->width; dst.h = pTexture->height; src = *(SpriteRect *)&pTexture->field_0x11c; if (0 < (int)*param_1 - (int)dst.x) { diff = (short)((int)*param_1 - (int)dst.x); src.x += diff; dst.x += diff; dst.w -= diff; src.w -= diff; } i = (int)dst.w - (int)param_1[g_unk0x00536c90 * 4 - 4] - (int)param_1[g_unk0x00536c90 * 4 - 2] + (int)dst.x; if (0 < i) { diff = (short)i; dst.w -= diff; src.w -= diff; } if (param_2 == 0) { Sprite_Queue(&src, &dst, g_unk0x00537070, 2, 0, 0, 0, NetPlayers_GetPlayerNameColour((int)Network_GetLocalPlayerID()), 8); dst.y = (short)((pMarker[3] - g_unk0x00537070->height) + pMarker[1]); Sprite_Queue(&src, &dst, g_unk0x00537074, 2, 0, 0, 0, NetPlayers_GetPlayerNameColour((int)Network_GetLocalPlayerID()), 8); return; } Sprite_Queue(&src, &dst, g_unk0x00537070, 2, 0, 0, 0, NetPlayers_GetPlayerNameColour(NetPlayers_GetPlayerID(NetPlayers_FindPlayerByField8(param_2))), 8); dst.y = (short)((pMarker[3] - g_unk0x00537070->height) + pMarker[1]); Sprite_Queue(&src, &dst, g_unk0x00537074, 2, 0, 0, 0, NetPlayers_GetPlayerNameColour(NetPlayers_GetPlayerID(NetPlayers_FindPlayerByField8(param_2))), 8); }	CMR2Decomp/RallyData.cpp	6519	void FUN_00413e00(short *param_1, int param_2)	Draws the two sprites (shadow and icon) of a race-position marker, clamping the arrow's x span to the marker track width read from the HUD rect. load scheduling differ from the original (MSVC6 slot assignment).
0x00504eb0	FUN_00504eb0	RallyData_DrawClippedHudRectangleEdges	Context: Draws the four one-pixel edges of a HUD rectangle. When param_3 is non-zero the rectangle is first clipped to the viewport (the 0x82c9ec rect scaled to the current resolution) and only the edges that still touch the visible area are drawn - an edge is skipped only when both of its corners were clipped. y usa EBP/EBX/EDI de otra forma; la logica y las divisiones coinciden.; Body: { struct ClipPoint { int x; int y; }; short rect[4]; ClipPoint corner[4]; int clipped[4]; int left; int top; int right; int bottom; int i; int w; int h; if (param_3 != 0) { left = (int)g_unk0x0082c9ec[0] * (int)g_pGraphics->resX / 0x280; top = (int)g_unk0x0082c9ec[1] * (int)g_pGraphics->resY / 0x1e0; right = (int)g_unk0x0082c9ec[2] * (int)g_pGraphics->resX / 0x280 + left; bottom = (int)g_unk0x0082c9ec[3] * (int)g_pGraphics->resY / 0x1e0 + top; corner[0].x = param_1[0]; corner[0].y = param_1[1]; corner[1].x = param_1[0] + param_1[2]; corner[1].y = param_1[1]; corner[2].x = param_1[0] + param_1[2]; corner[2].y = param_1[1] + param_1[3]; corner[3].x = param_1[0]; corner[3].y = param_1[1] + param_1[3]; for (i = 0; i < 4; i++) { clipped[i] = 0; if (corner[i].x < left) { corner[i].x = left; clipped[i] = 1; } else if (corner[i].x > right) { corner[i].x = right; clipped[i] = 1; } if (corner[i].y < top) { corner[i].y = top; clipped[i] = 1; } else if (corner[i].y > bottom) { corner[i].y = bottom; clipped[i] = 1; } } w = corner[1].x - corner[0].x; h = corner[2].y - corner[1].y; rect[0] = (short)corner[0].x; rect[1] = (short)corner[0].y; rect[2] = (short)w; rect[3] = 1; if (clipped[0] == 0 || clipped[1] == 0) Sprite_FillRect((int)g_pGraphics + 0x150, rect, param_2, 1); rect[1] = (short)corner[3].y; if (clipped[2] == 0 || clipped[3] == 0) Sprite_FillRect((int)g_pGraphics + 0x150, rect, param_2, 1); rect[0] = (short)corner[0].x; rect[1] = (short)corner[0].y; rect[2] = 1; rect[3] = (short)h	CMR2Decomp/RallyData.cpp	6689	void FUN_00504eb0(short *param_1, BYTE *param_2, int param_3)	Draws the four one-pixel edges of a HUD rectangle. When param_3 is non-zero the rectangle is first clipped to the viewport (the 0x82c9ec rect scaled to the current resolution) and only the edges that still touch the visible area are drawn - an edge is skipped only when both of its corners were clipped. y usa EBP/EBX/EDI de otra forma; la logica y las divisiones coinciden.
0x00411b20	FUN_00411b20	RallyData_LayoutPlayerSplitBars	Context: Lays out both players' stage-classification split bars: the bar spans from the start position (mode/graphics dependent) up to the end position, and every split's segment gets its x (interpolated by that split's reference time), its y (centred on the screen), its height and its colour stored in the marker table and in g_unk0x00536d14; a second pass gives every segment the width up to the next split's x.; Body: { int total; int barStart; int barEnd; int span; int car; int split; int xOff; int yOff; int yPos; int uTime; int other; unsigned int markerColour; unsigned int barColour; int *pTime; int *pRef; int *pColour; short *pGeo; SplitMarker *pSpan; total = FUN_00411550(); if (CGameInfo::GetConfiguredGameMode() == 8 || CGameInfo::GetConfiguredGameMode() == 9 || CGameInfo::GetConfiguredGameMode() == 0xb) { barStart = (int)g_pGraphics->resX * 0xc00 >> 16; barEnd = (int)g_pGraphics->resX * 0xf400 >> 16; } else if (RallyData_IsHeadToHeadRaceMode() != 0 && CGameInfo::IsSplitBarEnabled() == 0) { barStart = ((int)g_pGraphics->resX * 0xc934 >> 16) - 10; barEnd = (int)g_pGraphics->resX * 0xf400 >> 16; } else { barStart = (int)g_pGraphics->resX * 0xab9b >> 16; barEnd = (int)g_pGraphics->resX * 0xf400 >> 16; } span = (barEnd - barStart) << 16; if (total == 0) total = 1; if (g_unk0x00536c90 != 0) { car = 0; do { split = 0; pRef = &g_unk0x00536e90[1]; pColour = &g_unk0x00536d14[car * 0x28 + 1]; pTime = &g_unk0x00536ff0[1]; pGeo = (short *)&g_unk0x00536cb8[car * 0x14] + 1; do { xOff = 0; yOff = 0; uTime = *pTime; if (RallyData_IsHeadToHeadRaceMode() != 0) { if (CGameInfo::IsSplitBarEnabled() == 0) { if (car == 0) xOff = -((int)g_pGraphics->resX / 2); } else if (car == 1) { yOff = (int)g_pGraphics->resY / 2; } } uTime = FixDiv(uTime, total); pGeo[-1] = (short)(FixMulShift32(uTime, span) + barStart + xOff); if (CGameInfo::GetConfiguredGameMode() == 8 || CGameInfo::GetConfiguredGameMode() == 9 || CGa	CMR2Decomp/RallyData.cpp	6850	void FUN_00411b20(void)	Lays out both players' stage-classification split bars: the bar spans from the start position (mode/graphics dependent) up to the end position, and every split's segment gets its x (interpolated by that split's reference time), its y (centred on the screen), its height and its colour stored in the marker table and in g_unk0x00536d14; a second pass gives every segment the width up to the next split's x.
0x005051c0	FUN_005051c0	RallyData_DrawCarSplitTimePanels	Context: Draws the split-time panels of every car of the current rally. The active entry (0x82ca1c) gives the destination rect of each panel and the two scale factors used to map the source rect of the others into it; a white panel fading with 0x82cb44 is drawn over the active one. -0xc..-0x1, rect en -0x28..-0x22) y reserva 0x30 de marco con un temporal para 0x10000-0x82cb44; la logica, las divisiones 32.16 y las constantes coinciden.; Body: { Unk0x0082c6c8Src *p; Unk0x0082c6c8Src *pEntry; BYTE colour[12]; int scaleX; int scaleY; int i; int alpha; int grow; short rect[4]; if (g_unk0x0082ca1c == 0xff) return; p = (Unk0x0082c6c8Src *)g_unk0x0082c6c8 + (signed char)g_unk0x0082ca1c; alpha = 0xff0000 - FixMul(p->current, 0xff0000); *(int *)&colour[0] = g_unk0x005270ec; *(int *)&colour[8] = g_unk0x005270f0; *(int *)&colour[4] = g_unk0x005270f0; colour[11] = (BYTE)(alpha >> 16); colour[3] = (BYTE)(alpha >> 16); colour[7] = (BYTE)FixMulShift32(alpha, 0x4000); if (alpha == 0) return; scaleX = FixDiv((int)p->dstX2 << 16, (int)p->srcX2 << 16); scaleY = FixDiv((int)p->dstY2 << 16, (int)p->srcY2 << 16); for (i = 0; i < g_unk0x0082c694; i++) { pEntry = (Unk0x0082c6c8Src *)g_unk0x0082c6c8 + i; if (i == (signed char)g_unk0x0082ca1c) continue; rect[0] = (short)(p->dstX1 + FixMulShift32((pEntry->srcX1 - p->srcX1) << 16, scaleX)); rect[1] = (short)(p->dstY1 + FixMulShift32((pEntry->srcY1 - p->srcY1) << 16, scaleY)); rect[2] = (short)FixMulShift32(pEntry->srcX2 << 16, scaleX); rect[3] = (short)FixMulShift32(pEntry->srcY2 << 16, scaleY); rect[0] = (short)((int)rect[0] * (int)g_pGraphics->resX / 0x280); rect[1] = (short)((int)rect[1] * (int)g_pGraphics->resY / 0x1e0); rect[2] = (short)((int)rect[2] * (int)g_pGraphics->resX / 0x280); rect[3] = (short)((int)rect[3] * (int)g_pGraphics->resY / 0x1e0); FUN_00504eb0(rect, colour, 1); } rect[0] = (short)((int)p->dstX1 * (int)g_pGraphics->resX / 0x280); rect[1] = (short)((int)p->dstY1 * (int)	CMR2Decomp/RallyData.cpp	6997	void FUN_005051c0(void)	Draws the split-time panels of every car of the current rally. The active entry (0x82ca1c) gives the destination rect of each panel and the two scale factors used to map the source rect of the others into it; a white panel fading with 0x82cb44 is drawn over the active one. -0xc..-0x1, rect en -0x28..-0x22) y reserva 0x30 de marco con un temporal para 0x10000-0x82cb44; la logica, las divisiones 32.16 y las constantes coinciden.
0x004111a0	FUN_004111a0	RallyData_ResetPlayerSplitDisplays	Context: Resets the split display of both cars for a new stage: clears the reference split times, the segment colours and markers of the whole 0x536xxx block and the two 0x48-byte records in front of g_stageSplitData, then rebuilds the split bar through 0x411b20. rep stosd y parte el borrado de la ficha en 1 store + rep stosd de 12, mientras que nosotros las agrupa al final y hace un solo rep stosd de 13; los bytes y el orden de las llamadas coinciden.; Body: { int i; int car; int *p; FUN_00411550(); for (i = 1; i < 0xd; i++) g_unk0x00536e90[i] = 0; g_unk0x00536c0c[0] = 0; g_unk0x00537054[0] = 0; g_unk0x00536c0c[1] = 0; g_unk0x00537054[1] = 0; g_unk0x00536c18[0] = 0; g_unk0x00536fe4[0] = 0; g_unk0x00536c18[1] = 0; g_unk0x00536fe4[1] = 0; g_unk0x00536bfc = 0; g_unk0x00537050 = 0; g_unk0x00536c40 = 0; g_unk0x00536c3c = 0; *(short *)&g_unk0x00536c20[0] = 0; for (i = 0; i < 6; i++) ((int *)g_unk0x00536c94)[i] = -1; for (car = 0; car < 2; car++) { p = (int *)((char *)g_stageSplitData + car * 0x48 - 4); p[0] = 0; p[1] = 0; p[2] = 0; p[3] = -1; p[5] = 0; for (i = 6; i < 0x12; i++) p[i] = 0; } for (i = 0; i < 8; i++) { g_unk0x00536c48[i][0] = 0; g_unk0x00536c48[i][1] = 0; } g_unk0x00536c30[0] = 0; g_unk0x00536c30[1] = 0; g_unk0x00536c30[2] = 0; FUN_00411b20(); }	CMR2Decomp/RallyData.cpp	7258	void FUN_004111a0(void)	Resets the split display of both cars for a new stage: clears the reference split times, the segment colours and markers of the whole 0x536xxx block and the two 0x48-byte records in front of g_stageSplitData, then rebuilds the split bar through 0x411b20. rep stosd y parte el borrado de la ficha en 1 store + rep stosd de 12, mientras que nosotros las agrupa al final y hace un solo rep stosd de 13; los bytes y el orden de las llamadas coinciden.
0x00471dd0	FUN_00471dd0	RallyData_RebuildSectorStaticObjectTables	Context: Rebuilds the per-sector static object tables after a stage is loaded. Counts the stage objects of the active range (and how many carry a mesh), allocates the per-object scratch area and the two sorted list tables, sizes them, fills them from every sector's object list and finally, for every object record that has a mesh, builds the world matrix of the object, its eight corner points, the length of the box diagonal (through the square-root table) and its right/up/forward axes. barrido del coste por objeto); difiere el reparto de registros, el plegado de los bucles de coste y el orden de los memset/alloc en la cola.; Body: { FixMatrix matrix; FixVector corners[8]; FixVector basis[3]; FixVector v; short listIndexA; short listIndexB; int sectorOffset; int countA; int countB; int totalObjects; int countRecords; int a; int b; int sector; unsigned int i; int n; int j; int k; short sumCost; int scratchOffset; int recordOffset; int offsetA; int offsetB; int hx; int hy; int hz; int length; int *pEntry; int *pScratch; int *pRecordScratch; StageObject *pObject; StageObject *pNext; BYTE *pMesh; BYTE *pRecord; StageObject **ppObjects; sectorOffset = g_unk0x0058c950 - g_unk0x0058ca68; totalObjects = 0; g_unk0x0058ca70 = NULL; g_sectorListEntriesA = NULL; g_unk0x0058c948 = NULL; g_unk0x0058c958 = NULL; g_unk0x0058c944 = NULL; g_sectorListIndexA = NULL; g_sectorListCountA = NULL; g_sectorListEntriesB = NULL; g_unk0x0058c94c = NULL; g_unk0x0058c938 = NULL; g_sectorListIndexB = NULL; g_sectorListCountB = NULL; countA = 0; if (sectorOffset != 0) { ppObjects = &g_stageObjects[g_unk0x0058ca68]; n = sectorOffset; do { pObject = *ppObjects; ppObjects++; totalObjects += *(BYTE *)((BYTE *)pObject->pMesh + 0x110); n--; } while (n != 0); } if (g_sectorCount != 0) { g_sectorListIndexA = (short *)CFileBuffer::AllocateLockedBuffer(g_sectorCount * 2); g_sectorListIndexB = (short *)CFileBuffer::AllocateLockedBuffer(g_sectorCount * 2); } for (i = 0; i < g_sectorCount; i++) { g_sectorListIndexA[i] = -1; g_sectorListIndexB[i] = -1; } countB = 0; g_unk0x0058c95c = 0; countA = 0; g_unk0x0058ca6c = 0; countB = 0; countRecords = 0;	CMR2Decomp/RallyData.cpp	7331	void FUN_00471dd0(void)	Rebuilds the per-sector static object tables after a stage is loaded. Counts the stage objects of the active range (and how many carry a mesh), allocates the per-object scratch area and the two sorted list tables, sizes them, fills them from every sector's object list and finally, for every object record that has a mesh, builds the world matrix of the object, its eight corner points, the length of the box diagonal (through the square-root table) and its right/up/forward axes. barrido del coste por objeto); difiere el reparto de registros, el plegado de los bucles de coste y el orden de los memset/alloc en la cola.
0x00411f70	FUN_00411f70	RallyData_UpdateCarSplitBar	Context: Per-frame update of one car's split bar: detects a graphics mode change and rebuilds the split reference table, initialises the per-car split state from the current game state, converts the car's current split time into the bar coordinates and finally redraws the bar. de registros (car*0x48 en EDI vs ESI), el plegado del calculo del indice del marcador y el orden de algunas comparaciones del bloque de estado.; Body: { BYTE *pCarEntry; BYTE *pInfo; BYTE *pGi; short splitTime; short marker; SplitMarker *pMarker; short *pBar; int splitIndex; int i; int limit; int first; int range; int fallback; pCarEntry = g_unk0x00536e00 + param_1 * 0x48; if (g_pGraphics->resX != g_unk0x00536edc || g_pGraphics->resY != g_unk0x0051711c || g_unk0x00537080 != (CGameInfo::IsSplitBarEnabled() & 0xff)) { FUN_00411b20(); g_unk0x00536edc = g_pGraphics->resX; g_unk0x0051711c = g_pGraphics->resY; g_unk0x00537080 = CGameInfo::IsSplitBarEnabled() & 0xff; } if (g_unk0x00536bfc == 0 && (CGameInfo::GetConfiguredGameMode() != 7 || g_unk0x00536c20[param_1] == 0)) { if (CGameInfo::GetConfiguredGameMode() == 3 || CGameInfo::GetConfiguredGameMode() == 7) { FUN_004111a0(); g_unk0x00536bfc = 1; if (CGameInfo::GetConfiguredGameMode() == 7) { g_unk0x00536c40 = CFrontend::GetCurrentRecordOptionValue(); pInfo = RallyData_GetAvailableCategorySaveRecord((StageUI_GetRaceEndEventCount() & 0xff) + param_1); g_unk0x00536c3c = *(int *)(pInfo + 0x4c0 + ((RallyData_GetSelectionBits10To11() & 0xff) * 3 + (RallyData_GetSelectionBits12To13() & 0xff)) * 8); } if (CGameInfo::GetConfiguredGameMode() == 3) { pGi = (BYTE *)CGameInfo::GetGameInfoFieldA4Address(); g_unk0x00536c40 = *(unsigned int *)(pGi + 0x658 + ((RallyDataCountryIndex() & 0xff) * 0xb + (RallyDataStageIndex() & 0xff)) * 8) >> 7 & 0xffff; pInfo = RallyData_GetAvailableCategorySaveRecord((StageUI_GetRaceEndEventCount() & 0xff) + param_1); g_unk0x00536c3c = *(int *)(pInfo + 0x154 + ((R	CMR2Decomp/RallyData.cpp	7652	void FUN_00411f70(int param_1, int param_2)	Per-frame update of one car's split bar: detects a graphics mode change and rebuilds the split reference table, initialises the per-car split state from the current game state, converts the car's current split time into the bar coordinates and finally redraws the bar. de registros (car*0x48 en EDI vs ESI), el plegado del calculo del indice del marcador y el orden de algunas comparaciones del bloque de estado.
0x00411450	FUN_00411450	RallyData_ResetStageClockAndRecords	Context: Resets the stage timing state: clock rate (24000 in the flag-25/24 modes, 48000 otherwise), split/lap counters and, on a fresh start, the record name.; Body: { if ((char)RallyData_GetFlag25() == 0) { g_unk0x00537068 = 48000; if ((char)RallyData_GetFlag24() == 0) goto reset; } g_unk0x00537068 = 24000; reset: FUN_004111a0(); g_unk0x00536c88[0] = 0; g_unk0x00536ec4[0] = 0; g_unk0x00536c88[1] = 0; g_unk0x00536e88[0] = 0; g_unk0x00536e88[1] = 0; g_unk0x00536ec4[1] = 0; g_unk0x00536c28[0] = 0; g_unk0x00536c00[0] = 0; g_unk0x00537050 = 0; *(short *)g_unk0x00536c08 = 0; *(short *)g_unk0x00536cac = 0; g_unk0x00536c28[1] = 0; g_unk0x00536c00[1] = 0; if (keepName == 0) { g_unk0x0053706c = 0; sprintf(g_unk0x00536ed0, CMain::m_logFileBlankLine); } if (CGameInfo::GetConfiguredGameMode() == 5 || CGameInfo::GetConfiguredGameMode() == 6 || CGameInfo::GetConfiguredGameMode() == 7 || CGameInfo::GetConfiguredGameMode() == 4 || CGameInfo::GetConfiguredGameMode() == 11 || CGameInfo::GetConfiguredGameMode() == 12 || (char)RallyData_GetFlag25()) StageUI_FitMapToRoute(); g_unk0x00536c14 = 0; g_unk0x00536e90[0] = 0; }	CMR2Decomp/RallyData.cpp	7783	void FUN_00411450(int keepName)	Resets the stage timing state: clock rate (24000 in the flag-25/24 modes, 48000 otherwise), split/lap counters and, on a fresh start, the record name.
0x0040dc30	FUN_0040dc30	RallyData_PickOpponentLineups	Context: Picks the opponent line-up of the three groups: random classes and ratings drawn from the rally's class table, with runs of the same class and limited jumps between neighbours. Network games reuse the host's seed instead.; Body: { int classes[8]; char ratings[8]; int split; int *pClass; int row; int hold; int group; char rating; int cls; int prev; int a; int b; int d; int n; int wrap; int maxStep; char c; int k; int i; int *pOut; int *pIn; if ((CGameInfo::GetConfiguredGameMode() == 2 || CGameInfo::GetConfiguredGameMode() == 9) && g_unk0x0052f290 != 0) { puts(g_strHere); RallyData_ResetDriverPairingTables(g_unk0x0052f0fc); return; } srand(timeGetTime()); if ((BYTE)RallyDataState() > 1 && CGameInfo::IsConfiguredMultiplayer() != 0) split = 1; else split = 0; cls = split; group = 0; do { hold = 0; pClass = classes; for (row = 0; row < 8; row++, pClass++) { if ((char)RallyData_GetSelectionFlag28()) { ratings[row] = 0; *pClass = g_unk0x0051627c[g_selectedRallyData & 0x1f][group * 10]; continue; } if (hold <= 0) { prev = cls; hold = (int)(__int64)((float)rand() * g_oneOverRandMax * CGraphics::m_65536); hold = FixMul(hold, 0xa0000); cls = g_unk0x0051627c[g_selectedRallyData & 0x1f][group * 10 + (hold >> 16)]; rating = (char)FixMulShift32(0xa0000, hold); if (row > 0) { wrap = 0; a = prev; if (prev >= 6) { a = prev - 3; wrap = 1; } b = cls; if (cls >= 6) { b = cls - 3; wrap = 1; } d = b - a; maxStep = g_unk0x00516968[prev]; if (abs(d) > maxStep) { if (d <= 0) maxStep = -maxStep; d = maxStep; } n = d + a; if (n >= 3 && wrap) n += 3; if (cls != n) { c = -1; cls = n; for (k = 0; k < 10; k++) { if ((int)g_unk0x0051627c[g_selectedRallyData & 0x1f][group * 10 + k] >= n) { c = (char)k; break; } } rating = (char)(rand	CMR2Decomp/RallyData.cpp	7889	void FUN_0040dc30(void)	Picks the opponent line-up of the three groups: random classes and ratings drawn from the rally's class table, with runs of the same class and limited jumps between neighbours. Network games reuse the host's seed instead.
0x0040f8d0	FUN_0040f8d0	RallyData_DrawViewEndFrameOverlay	"Context: End-of-frame overlay of a view. On the last view it draws, per player, the network status box, the head-to-head banners (""waiting for"" / ""winner"") and the split-screen divider; then the fade-in of the first 2.25 s of a stage (with the loading bar) and finally renders the view's scene.; Body: { BYTE colour[4]; char name[8]; short rect[4]; short fadeRect[4]; BYTE fadeColour[4]; int i; unsigned short other; BYTE *pRecords; unsigned int now; unsigned int alpha; colour[0] = 0xff; colour[1] = 0xff; colour[2] = 0xff; colour[3] = 0xff; if (CGameInfo::GetGraphicsOptionBits27To28() == 1 && CGraphics::GetTextureMemoryKilobytes() > 0x800 && g_unk0x00536be8 == 0) g_unk0x00536be8 = 1; if (view == 0 && Race_IsMultiplayerRecordMode10() != 0) return; if (g_unk0x00536ac8) { g_unk0x00536acc = CMain::GetFrameDelta(); g_unk0x00536ac8 = 0; } if (view == *pKey - 1) { for (i = 0; i < (BYTE)RallyDataState(); i++) { NetRace_DrawPlayerFlashOverlay(i, (short *)StageObject_GetPlayerViewRectangle(i), CGameInfo::IsInRaceMenuOpen() ? 1 : 0); pRecords = *(BYTE **)(pKey + 4); if (pRecords[i * 8] == 9) { other = (i + 1) % 2; if (pRecords[other * 8] == 8 && CGameInfo::IsInRaceMenuOpen() == 0 && (BYTE)RallyDataState() > 1 && Race_ReadTransitionState3811C() == 100) { if ((char)RallyData_GetSelectionFlag26()) { if ((char)RallyData_GetSetupFlag11() == 0 || RallyData_GetSetupModeBits() != 0) goto divider; Sprite_FillRect((int)g_pGraphics + 0x150, (short *)StageObject_GetPlayerViewRectangle(i), g_unk0x00516ce0, 2); sprintf(CFrontend::m_stringDest, g_strVersusFormat, CFrontend::GetTextString(0x85), CFrontend::GetTextString(0x87), (char *)RallyData_GetRecord(other)); } else { Sprite_FillRect((int)g_pGraphics + 0x150, (short *)StageObject_GetPlayerViewRectangle(i), g_unk0x00516ce0, 2); if (Race_GetStateByte"	CMR2Decomp/RallyData.cpp	8081	void FUN_0040f8d0(BYTE *pKey, int view)	"End-of-frame overlay of a view. On the last view it draws, per player, the network status box, the head-to-head banners (""waiting for"" / ""winner"") and the split-screen divider; then the fade-in of the first 2.25 s of a stage (with the loading bar) and finally renders the view's scene."
0x004137e0	FUN_004137e0	RallyData_DrawTargetTimeGap	Context: Gap display of the stage HUD: time against the target (ahead in one colour, behind in the other) or a blank gap when there is no reference.; Body: { int reference; int time; int split; char shown; int lastMode; short x; short y; int dx; int dy; int yFixed; int xFixed; if (CGameInfo::GetConfiguredGameMode() == 6 || CGameInfo::GetConfiguredGameMode() == 5 || ((char)RallyData_GetSelectionFlag27() && CGameInfo::GetGameModeOptionBit19() == 0)) { reference = 0; split = *(int *)(g_unk0x00536e00 + car * 0x48); time = g_unk0x00536fe4[car]; } else { g_unk0x00536c0c[car] = 0; time = *(int *)(g_unk0x00536e00 + car * 0x48 + 4); split = *(int *)(g_unk0x00536e00 + car * 0x48); reference = *(int *)(g_unk0x00536e00 + car * 0x48 + 8); if ((CGameInfo::GetConfiguredGameMode() == 3 || CGameInfo::GetConfiguredGameMode() == 7) && (InRaceMenu_IsPlayerEditingCarSetup(car) == 0 || CGameInfo::IsInRaceMenuOpen() == 0)) { if (g_unk0x00536c40 == g_unk0x00537068) return; if (g_unk0x00536c40 == 0) return; } } shown = g_unk0x00536c20[car] != 0 ? -1 : 0; if (RallyData_IsHeadToHeadRaceMode()) CGameInfo::IsSplitBarEnabled(); lastMode = 0; CGameInfo::GetConfiguredGameMode(); if (CGameInfo::GetConfiguredGameMode() == 12) lastMode = 1; if (InRaceMenu_IsPlayerEditingCarSetup(car) != 0 && CGameInfo::IsInRaceMenuOpen() != 0 && (time == -1 || shown == 0 || split == 0)) { shown = -1; if (split <= 0) { time = 0x1c3e; reference = 0x1bbc; goto draw; } } if (time == -1) return; if (shown == 0) return; if (split == 0 && lastMode == 0) return; draw: dx = 0; dy = 0; if (RallyData_IsHeadToHeadRaceMode()) { if (car == 0) { if (CGameInfo::IsSplitBarEnabled()) dy = -((int)g	CMR2Decomp/RallyData.cpp	8190	void FUN_004137e0(int car, short *pRect)	Gap display of the stage HUD: time against the target (ahead in one colour, behind in the other) or a blank gap when there is no reference.
0x00413fe0	FUN_00413fe0	RallyData_DrawStageTimePanel	Context: Stage time panel of the HUD: the split boxes, a background panel (taller when the subtitles need room) and the running stage time.; Body: { short rect[4]; int dx; int dy; int yFixed; int xFixed; if (CGameInfo::GetConfiguredGameMode() == 8 || CGameInfo::GetConfiguredGameMode() == 9 || CGameInfo::GetConfiguredGameMode() == 11) RallyData_DrawSplitBarAndLeaderMarkers(car, pRect); else RallyData_DrawCarSplitTimeBar(car, pRect); dx = 0; dy = 0; rect[2] = (short)((int)(g_pGraphics->resX * 0x4865) >> 16) + 1; rect[0] = (short)((int)(g_pGraphics->resX * 0xab9b) >> 16); if (RallyData_IsHeadToHeadRaceMode()) { if (CGameInfo::IsSplitBarEnabled()) { if (car == 1) dy = (int)g_pGraphics->resY / 2; } else { rect[2] = (short)((int)(g_pGraphics->resX * 0x2acc) >> 16) + 11; rect[0] = (short)((int)(g_pGraphics->resX * 0xc934) >> 16) - 10; if (car == 0) dx = -((int)g_pGraphics->resX / 2); } } rect[0] += (short)dx; if (CGameInfo::GetConfiguredGameMode() == 8 || CGameInfo::GetConfiguredGameMode() == 9 || CGameInfo::GetConfiguredGameMode() == 11) { rect[1] = (short)((int)(g_pGraphics->resY << 12) >> 16) + dy; rect[3] = (short)((int)(g_pGraphics->resY << 13) >> 16); } else { rect[1] = (short)((int)(g_pGraphics->resY * 0x1aac) >> 16) + dy; rect[3] = (short)((int)(g_pGraphics->resY * 0x1554) >> 16); } if (StageTiming_IsClockOverlayActive()) { if (CGameInfo::GetGameLanguage() == 1 || CGameInfo::GetGameLanguage() == 3 || CGameInfo::GetGameLanguage() == 2) rect[3] += (short)((int)(g_pGraphics->resY * 24) / 480 * 2); else rect[3] += (short)((int)(g_pGraphics->resY * 24) / 480); } Sprite_FillRect((int)g_pGraphics + 0x150, rect, (BYTE *)&g_sta	CMR2Decomp/RallyData.cpp	8302	void FUN_00413fe0(int car, short *pRect)	Stage time panel of the HUD: the split boxes, a background panel (taller when the subtitles need room) and the running stage time.
0x00414ed0	FUN_00414ed0	RallyData_DrawSplitStandingsPanel	Context: Split standings panel of the HUD: three rows around the car's position at its last split, each with the position, the driver name (short form in split screen) and the split time.; Body: { short panel[4]; char positionText[4]; int *pPosition; int textY; int rows; int time; int width; pPosition = g_unk0x00536c94[car]; if (*pPosition == -1 && InRaceMenu_IsPlayerEditingCarSetup(car) == 0 && CGameInfo::IsInRaceMenuOpen() == 0) return; if (RallyData_IsHeadToHeadRaceMode() && CGameInfo::IsSplitBarEnabled() == 0) { panel[1] = (short)((int)(g_pGraphics->resY << 12) >> 16) + pRect[1]; textY = ((int)(g_pGraphics->resY * 0x1b32) >> 16) + pRect[1] - 2; rows = 3; do { panel[0] = (short)((int)(g_pGraphics->resX * 0xc00) >> 16) + pRect[0]; panel[2] = (short)((int)(g_pGraphics->resX * 0x3333) >> 16); panel[3] = (short)((int)(g_pGraphics->resY * 0xccc) >> 16) - 2; if (*pPosition == g_stageSplitData[car].position) Sprite_FillRect((int)g_pGraphics + 0x150, panel, (BYTE *)&g_unk0x005170d8, 2); else Sprite_FillRect((int)g_pGraphics + 0x150, panel, (BYTE *)&g_stageResultPanelColour, 2); if (*pPosition != -1 && (StageTiming_GetSplitDisplayState() == 0 || StageTiming_GetSplitDriverIDForPosition(*pPosition, g_stageSplitData[car].split) != -1)) { sprintf(positionText, g_strOneDigit, *pPosition + 1); Font_DrawText(0, positionText, (short)(((int)(g_pGraphics->resX * 0xf95) >> 16) + pRect[0]), textY, (int *)&g_stageResultTextColour, 0x22); if (StageTiming_GetSplitDisplayState() != 0) { FUN_00415750(*pPosition, g_stageSplitData[car].split, 1, 1); Font_DrawText(0, CFrontend::m_stringDest, (short)(((int)(g_pGraphics->resX * 0x132a) >> 16) + pRect[0]), textY, (int *)&g_stageResultTextColour,	CMR2Decomp/RallyData.cpp	8385	void FUN_00414ed0(int car, short *pRect)	Split standings panel of the HUD: three rows around the car's position at its last split, each with the position, the driver name (short form in split screen) and the split time.
0x005043b0	FUN_005043b0	RallyData_EnterSelectedOptionPanel	Context: Enters the option panel selected by 0x82ca1c: rebinds the panel textures and the scoreboard texture slot, then rescales the segment rect at 0x82c9ec to the current resolution and draws its outline. transform; the original stores the two dwords of 0x82c9ec into its slots (keeping rect[0] in EAX for the first `movsx`) and pushes the call arguments later than we do, so the four ESP+disp operands differ. Source-level reordering (declaration order, separate locals, reading the global directly) does not move MSVC 6's scheduling.; Body: { Unk0x0082c6c8Sel *pEntry; short rect[4]; RallyData_QueueSelectedCarSplitPanel(); RallyData_DrawCarSplitTimesPanel((int)(signed char)g_unk0x0082ca1c); FUN_005051c0(); OptionMenu_DrawCountryFlags(); if (g_unk0x0082ca1c != 0xff) { pEntry = (Unk0x0082c6c8Sel *)g_unk0x0082c6c8 + (signed char)g_unk0x0082ca1c; OptionMenu_DrawResultRows(RallyDataCountryIndex() & 0xff); FUN_0050f650(RallyDataCountryIndex() & 0xff, pEntry->field_0x48); RallyData_DrawSelectedRallyTemperature(pEntry->field_0x48); } *(int *)&rect[0] = *(int *)&g_unk0x0082c9ec[0]; *(int *)&rect[2] = *(int *)&g_unk0x0082c9ec[2]; rect[0] = (short)((int)rect[0] * (int)g_pGraphics->resX / 0x280); rect[1] = (short)((int)rect[1] * (int)g_pGraphics->resY / 0x1e0); rect[2] = (short)((int)rect[2] * (int)g_pGraphics->resX / 0x280); rect[3] = (short)((int)rect[3] * (int)g_pGraphics->resY / 0x1e0); FUN_00504eb0(rect, &g_unk0x005270e4[4], 0); }	CMR2Decomp/RallyData.cpp	8552	void FUN_005043b0(void)	Enters the option panel selected by 0x82ca1c: rebinds the panel textures and the scoreboard texture slot, then rescales the segment rect at 0x82c9ec to the current resolution and draws its outline. transform; the original stores the two dwords of 0x82c9ec into its slots (keeping rect[0] in EAX for the first `movsx`) and pushes the call arguments later than we do, so the four ESP+disp operands differ. Source-level reordering (declaration order, separate locals, reading the global directly) does not move MSVC 6's scheduling.
0x00420630	FUN_00420630	RallyData_LoadSelectedRouteNodes	"Context: Loads the route node file of the selected rally (""<rally>.cat"") into 0x538a9c: stores the node count in 0x538a88 and in 0x538a84 the index of the last node carrying the flag bit, works out whether the route wraps (0x538a94) and its scale (0x538c94), drops the direction cache keys, clears the per-car race records and rebinds the route probe callback. by instruction except the record-clearing loop, where MSVC 6 biases the induction variable by +4 instead of +8 (so three jump displacements and the loop bound operand differ), one sign-fix register (EDX vs ECX), and the loop bound symbol, which reccmp renders with each image's own symbol table (CONOCIMIENTO 6.u: our .bss layout is not the original's).; Body: { DWORD count; int start[3]; int end[3]; int index; int dx; int dy; int value; BYTE *pFile; BYTE *pEntry; count = 0; sprintf(CFrontend::m_stringDest, g_str0x00519704, GameMenu_GetChampionshipTransitionState()); pFile = (BYTE *)CGenericFileLoader::FindFile( (GenericFile *)StageTiming_GetStageFile3(), CFrontend::m_stringDest, 0, &count, 0); g_unk0x00538a94 = 0; g_routeDirKey[0] = g_routeDirKey[1] = g_routeDirKey[2] = -1; g_routeDirCount = 0; if (pFile == NULL) { g_routeNodes = NULL; g_unk0x00538a84 = 0; g_unk0x00538a88 = 0; } else { g_routeNodes = pFile; g_unk0x00538a88 = count / 0x2c; g_unk0x00538a84 = g_unk0x00538a88; index = g_unk0x00538a88 - 1; if (index > 0) { pEntry = g_routeNodes + 0x18 + index * 0x2c; do { if ((*pEntry & 1) != 0) { g_unk0x00538a84 = index + 1; break; } index--; pEntry -= 0x2c; } while (index > 0); } RallyData_GetRouteNodeGroundPosition(0, start); RallyData_GetRouteNodeGroundPosition(g_unk0x00538a84 - 1, end); dy = end[2] - start[2]; dx = end[0] - start[0]; if (dx < 0) dx = -dx; value = g_unk0x00538a84; if (dx < 0x320000) { if (dy < 0) dy = -dy; if (dy < 0x320000) { g_unk0x00538a94 = 1; value = (RallyData_GetSelectionBits16To19() & 0xff) * g_unk0x00538a84; } } g_unk0x00538c94 = value << 16; } for (index = 0; index < 8; index++) { g_raceRecords[index].field_0x0 = 0; g_raceRecords[index].field_0x4 = 0; g_raceRecords[index].field_0x8 = 0; g_raceRecords[index].field_0xc = 0; } RallyData_ResetPlayerRouteProbes(); CGame::RegisterCallback((void *)StageTiming_No"	CMR2Decomp/RallyData.cpp	8592	void FUN_00420630(void)	"Loads the route node file of the selected rally (""<rally>.cat"") into 0x538a9c: stores the node count in 0x538a88 and in 0x538a84 the index of the last node carrying the flag bit, works out whether the route wraps (0x538a94) and its scale (0x538c94), drops the direction cache keys, clears the per-car race records and rebinds the route probe callback. by instruction except the record-clearing loop, where MSVC 6 biases the induction variable by +4 instead of +8 (so three jump displacements and the loop bound operand differ), one sign-fix register (EDX vs ECX), and the loop bound symbol, which reccmp renders with each image's own symbol table (CONOCIMIENTO 6.u: our .bss layout is not the original's)."
0x0040cc60	FUN_0040cc60	RallyTiming_ResetDriverSplitState	Body: { int i; int *p; Unk0x005335d8 *q; Unk0x005335d8 *r; i = 0; q = g_unk0x005335d8; p = g_unk0x005335f0; do { g_unk0x005335b8[i] = 0; *p = 0; g_unk0x00533628[i] = 0; g_unk0x00533610[i] = i; r = q; g_unk0x00533618[i] = i; g_unk0x00533620[i] = i; r->field_0x0 = 0; p++; i++; q++; r->field_0x2 = 0; } while ((int)p < (int)(g_unk0x005335f0 + 8)); }	CMR2Decomp/RallyTiming.cpp	40	void FUN_0040cc60(void)	No source comment.
0x004b50b0	FUN_004b50b0	Scene_ApplyGroundLightToMeshTree	Context: Applies the ground light to every mesh node of the tree hanging from pNode: the light direction is the node's matrix (local when param_2 is -0x10000, world otherwise) applied to the scene shadow direction, normalised, and each triangle corner takes the light of its direction, clamped to the light level of the node. the light level and the vector pointers in different registers) and the abs() of the level difference, which MSVC compiles with a branch here; Body: { SceneNode *p; Mesh *pMesh; MeshTriangle *pTri; FixMatrix *pMatrix; FixVector dir; FixVector pos; int level; int diff; int i; int j; p = pNode; if (p != NULL) { do { if (p->type == SCENE_NODE_MESH && p->visible != 0 && (pMesh = (Mesh *)p->pObject) != NULL && (pMesh->flags & 0x800) != 0) { if (param_2 == -0x10000) { pMatrix = &p->current; FixMatrix_InverseRotateVector(&dir, &g_sceneShadowDir, pMatrix); FixMatrix_GetPosition(&pos, pMatrix); } else { pMatrix = &p->world; FixMatrix_InverseRotateVector(&dir, &g_sceneShadowDir, pMatrix); FixMatrix_GetPosition(&pos, pMatrix); } i = FixVecLength(&dir); if (i == 0) { dir.x = 0; dir.y = 0; dir.z = 0; } else { FixVecScaleRecip(&dir, &dir, i); } Scene_GetGroundLight(&pos, &level); if (param_2 != -0x10000) { diff = level - param_2; if (FIX_ABS(diff) > 0xccc) level = FixMul(0x8000, diff) + param_2; } for (j = 0; j < pMesh->triangleCount; j++) { pTri = (MeshTriangle *)((BYTE *)pMesh->pTriangles + j * 0x4c); for (i = 0; i < 3; i++) { pMesh->pLightLevels[pTri->vertexIndex[i]] = Mesh_GetCornerLight(pMesh, pTri, &dir, i); if (level < pMesh->pLightLevels[pTri->vertexIndex[i]]) pMesh->pLightLevels[pTri->vertexIndex[i]] = level; } } } p = p->pFirstChild; } while (p != NULL); } return level; }	CMR2Decomp/SceneNode.cpp	1630	int FUN_004b50b0(SceneNode *pNode, int param_2)	Applies the ground light to every mesh node of the tree hanging from pNode: the light direction is the node's matrix (local when param_2 is -0x10000, world otherwise) applied to the scene shadow direction, normalised, and each triangle corner takes the light of its direction, clamped to the light level of the node. the light level and the vector pointers in different registers) and the abs() of the level difference, which MSVC compiles with a branch here
0x004b5770	FUN_004b5770	Scene_ProjectCasterIntoLightZone	Context: Projects the shadow parts of pCaster through the projection box that the light zone pItem builds from its vertices, and appends the triangles that survive the scissor test to the shadow vertex batch. follow the original instruction for instruction; the residual diff is register allocation and stack-slot assignment. Of the ~233 mismatching instructions, 142 differ only in the esp displacement (MSVC 6 spills six more dwords here, frame 0xac against our 0x94) and the rest only in the register number or the FPU scheduling. Renaming/reordering the locals, folding the intermediates into the expressions do not move MSVC 6's choice (same ceiling as FUN_004b4490 / FUN_004b4180).; Body: { int *pLand; int *pZone; ShadowCaster *pCaster2; ShadowPart *pPart; float *pVert; float *pf; float *pIn; float *pOut; DWORD **pTri; BYTE *pv0; BYTE *pv1; BYTE *pv2; float minY, maxY, minX, maxX; float minZ, maxZ, minW, maxW; float zoneScaleX, zoneScaleY; float scaleX, scaleY; float invX, invY; float spanZ, spanW; float projScaleX, projScaleY; float origin[3]; float pos[3]; float delta[3]; float axis[3]; float plane[3]; float projX[3]; float projY[3]; float ray[3]; float dy, dz; float dot, inv; float depth; float qx, qy, qz, t; int count, i, offset, tex, triIndex, vi; pCaster2 = (ShadowCaster *)pCaster; minY = 0.0f; maxY = 0.0f; minX = 0.0f; maxX = 0.0f; minZ = 10.0f; maxZ = -10.0f; minW = 10.0f; maxW = -10.0f; pLand = *(int **)((BYTE *)pItem + 0x2c); zoneScaleX = (float)pLand[6] * CGraphics::m_oneOver65536; zoneScaleY = (float)pLand[0xb] * CGraphics::m_oneOver65536; pZone = (int *)pLand[3]; count = *(int *)((BYTE *)pZone + 0x10); if (count > 0) { pVert = *(float **)((BYTE *)pZone + 0xc); do { float v; v = zoneScaleX * pVert[0]; if (v > maxX) maxX = v; else if (v < minX) minX = v; v = zoneScaleY * pVert[1]; if (v > maxY) maxY = v; else if (v < minY) minY = v; v = pVert[8]; if (v < minZ) minZ = v; if (v > maxZ) maxZ = v; v = pVert[9]; if (v < minW) minW = v; if (v > maxW) maxW = v; pVert += 0xc; } while (--count != 0); } scaleX = (float)*(int *)((BYTE *)pItem + 0x18) * CGraphics::m_oneOver65536 + g_netOne; maxX = scaleX * maxX; minX = scaleX * minX; scaleY = (float)*(int *)((B	CMR2Decomp/SceneNode.cpp	1741	void FUN_004b5770(void *pItem, void *pCaster, BYTE param3)	Projects the shadow parts of pCaster through the projection box that the light zone pItem builds from its vertices, and appends the triangles that survive the scissor test to the shadow vertex batch. follow the original instruction for instruction; the residual diff is register allocation and stack-slot assignment. Of the ~233 mismatching instructions, 142 differ only in the esp displacement (MSVC 6 spills six more dwords here, frame 0xac against our 0x94) and the rest only in the register number or the FPU scheduling. Renaming/reordering the locals, folding the intermediates into the expressions do not move MSVC 6's choice (same ceiling as FUN_004b4490 / FUN_004b4180).
0x004b4490	FUN_004b4490	Scene_ProjectDirtyShadowParts	Context: Projects the shadow parts of a caster that were marked dirty: for every vertex of the part the position and the normal are copied into its two work buffers and the normal scaled by 0x511cec is added to the position, the flag is cleared; then every part whose geometry was still pending is emitted with the shadow mesh builder. constants, same calls, same order of the two stages); the diff is code motion: MSVC rotates the inner-loop pointer increments to the top of the body and uses ECX as the zero constant where the original uses EDI, and our `offset` temporary gets a real stack slot where the original reuses the dead param1 slot, so the sequence alignment loses the inner loop. Source-level reordering (separate float temps, an array, a pointer loop, i/offset pairs) does not move MSVC 6's choice.; Body: { ShadowPart *pPart; int i; int j; int offset; float scaled[3]; if (pCaster->field_0xc != 0) { for (i = 0, offset = 0; i < pCaster->partCount; i++, offset += 0x58) { pPart = (ShadowPart *)((char *)pCaster->pParts + offset); if (pPart->field_0x54 != 0) { if (0 < pPart->pMesh->field_0x10) { float *pSrc = (float *)pPart->pMesh->pVertexData; float *pWork = (float *)pPart->pVertexWork; float *pWork2 = (float *)pPart->pVertexWork2; for (j = 0; j < pPart->pMesh->field_0x10; j++) { pWork2[0] = pSrc[0]; pWork2[1] = pSrc[1]; pWork2[2] = pSrc[2]; pWork[0] = pSrc[3]; pWork[1] = pSrc[4]; pWork[2] = pSrc[5]; scaled[0] = pWork[0] * g_unk0x00511cec; scaled[1] = pWork[1] * g_unk0x00511cec; scaled[2] = pWork[2] * g_unk0x00511cec; pWork2[0] += scaled[0]; pWork2[1] += scaled[1]; pWork2[2] += scaled[2]; pWork += 3; pSrc += 12; pWork2 += 3; } } } pPart->field_0x54 = 0; } } pCaster->field_0xc = 0; if (pCaster->field_0x10 != 0) { for (i = 0; i < pCaster->partCount; i++) FUN_004b4180((float *)(pCaster->pParts + i), param2); } pCaster->field_0x10 = 0; }	CMR2Decomp/SceneNode.cpp	1964	void FUN_004b4490(ShadowCaster *pCaster, int param2)	Projects the shadow parts of a caster that were marked dirty: for every vertex of the part the position and the normal are copied into its two work buffers and the normal scaled by 0x511cec is added to the position, the flag is cleared; then every part whose geometry was still pending is emitted with the shadow mesh builder. constants, same calls, same order of the two stages); the diff is code motion: MSVC rotates the inner-loop pointer increments to the top of the body and uses ECX as the zero constant where the original uses EDI, and our `offset` temporary gets a real stack slot where the original reuses the dead param1 slot, so the sequence alignment loses the inner loop. Source-level reordering (separate float temps, an array, a pointer loop, i/offset pairs) does not move MSVC 6's choice.
0x004b5f90	FUN_004b5f90	Scene_CollectNearbyLightZones	Context: Collects the light zone vertices around a node: the 3x3 neighbourhood of sectors around *pSector is mapped through g_sceneSectorZone, and every item whose box (in the light basis) contains the node within radius is stored in g_sceneZoneList.; Body: { ShadowCaster *pCaster; int i; int count; pCaster = NULL; *(unsigned short *)&g_sceneZoneCount = 0; if (pNode != NULL && pNode->field_0x17c != 0 && g_sceneSectorZone != NULL) { i = 0; count = g_sceneLightFlag & 0xff; if (count > 0) { do { ShadowCaster *p = (ShadowCaster *)g_sceneLightState[i]; if (p->pNode == pNode) { pCaster = p; i = count; } ++i; } while (i < count); if (pCaster != NULL) { int rows; int item; int itemOff; int n; FixVector pos; int columns; short samples[9]; short s; LightZone *pZone; LightZoneVertex *pItem; FixMatrix_GetPosition(&pos, &pNode->world); Sector_GetGridDimensions(&columns, &rows); n = 9; samples[0] = *pSector; samples[1] = samples[0] - 1; samples[2] = samples[0] + 1; samples[3] = samples[0] - columns; samples[4] = samples[3] - 1; samples[5] = samples[3] + 1; samples[6] = samples[0] + columns; samples[7] = samples[6] - 1; samples[8] = samples[6] + 1; pSector = samples; do { s = *pSector++; if ((unsigned int)s < (unsigned int)g_sectorCount && s >= 0) { short zone = g_sceneSectorZone[s]; if (zone != -1) { pZone = (LightZone *)(g_sceneLightZones + zone * 0x14); for (item = 0, itemOff = 0; item < pZone->vertexCount; item++, itemOff += 0x30) { pItem = (LightZoneVertex *)(pZone->pVertices + itemOff); if (pItem != NULL && pItem->pOwner != NULL) { int dx; int dz; int d1; int d2; dx = pos.x - pItem->x; dz = pos.z - pItem->z; d1 = FIX_ABS(FixMul(dx, g_sceneLightRight.x) + FixMul(dz, g_sceneLightRight.z)) - radius; d2 = FIX_ABS(FixMul(dx, g_sceneLightForwa	CMR2Decomp/SceneNode.cpp	2071	void FUN_004b5f90(SceneNode *pNode, int radius, short *pSector)	Collects the light zone vertices around a node: the 3x3 neighbourhood of sectors around *pSector is mapped through g_sceneSectorZone, and every item whose box (in the light basis) contains the node within radius is stored in g_sceneZoneList.
0x004b4180	FUN_004b4180	Scene_EmitProjectedShadowMesh	Context: Emits the shadow mesh of a scene node: transforms the light direction and basis by the node matrix, projects every vertex of the mesh, then walks the faces: a face whose three vertices are behind the light plane is dropped, and the vertices of the others are emitted once with their lit position and their colour, sharing the emitted vertex of duplicated vertices.; Body: { BYTE *p = (BYTE *)param_1; int *pi; BYTE **pEdge; float scale; BYTE *pOut; int off; int k; unsigned short *pFace; int i; DWORD shadowColour; BYTE colour; BYTE baseColour; float light[3]; int index[3]; float lightOffset[3]; int v; short s; BYTE *pVtx; float *pPos; float *pDst; shadowColour = g_shadowColour; if (param_2 > 0x10000) param_2 = 0x10000; param_2 = FixMul(g_shadowLevel, param_2); scale = (float)((double)param_2 * CGraphics::m_oneOver65536); baseColour = (BYTE)(__int64)scale; *(short *)(p + 0x50) = 0; *(short *)(p + 0x52) = 0; { unsigned short *pw = g_unk0x006e0354; for (i = *(int *)(*(int *)(p + 0x30) + 0x10); i > 0; i--) *pw++ = 0xffff; } lightOffset[0] = *(float *)(*(int *)(p + 0x34) + 0x148); lightOffset[1] = *(float *)(*(int *)(p + 0x34) + 0x14c); lightOffset[2] = *(float *)(*(int *)(p + 0x34) + 0x150); FloatMatrix_InverseRotateVector(param_1, g_sceneLightDirF, (float *)(*(int *)(p + 0x34) + 0x118)); FloatMatrix_InverseRotateVector(param_1 + 3, g_sceneLightBasisF, (float *)(*(int *)(p + 0x34) + 0x118)); FloatMatrix_InverseRotateVector(param_1 + 6, g_sceneLightBasisF + 3, (float *)(*(int *)(p + 0x34) + 0x118)); FloatMatrix_InverseRotateVector(param_1 + 9, g_sceneLightBasisF + 6, (float *)(*(int *)(p + 0x34) + 0x118)); { pPos = *(float **)(p + 0x38); pDst = *(float **)(p + 0x40); for (i = *(int *)(*(int *)(p + 0x30) + 0x10); i > 0; i--) { *pDst = pPos[2] * param_1[2] + pPos[1] * param_1[1] + pPos[0] * param_1[0]; pDst++; pPos += 3; } } pEdge = (BYTE **)*(int *)(p	CMR2Decomp/SceneNode.cpp	2697	void FUN_004b4180(float *param_1, int param_2)	Emits the shadow mesh of a scene node: transforms the light direction and basis by the node matrix, projects every vertex of the mesh, then walks the faces: a face whose three vertices are behind the light plane is dropped, and the vertices of the others are emitted once with their lit position and their colour, sharing the emitted vertex of duplicated vertices.
0x004b93c0	FUN_004b93c0	Sector_RelocateStageMeshFile	Context: Relocates the stage mesh file: turns the offsets stored in the node, mesh, object and sector records into pointers, registers them in the scene node, mesh, stage object and sector tables, loads the textures and re-uploads the vertex buffers of every mesh.; Body: { int count = 0; BYTE *pNodes; BYTE *pMeshArray; BYTE *pStageObjects; BYTE *pSectors; BYTE *pTriangles; BYTE *pVertexData; BYTE *pLightLevels; BYTE *pVertexFlags; BYTE *pRecords; int textureRecords; unsigned short recordSize; int savedNodeCount; int i; int j; int k; int *pField; BYTE *p; pNodes = pData + 0x30; pMeshArray = pNodes + *(unsigned short *)(pData + 0x18) * 0x18c; pStageObjects = pMeshArray + (*(unsigned short *)(pData + 0x1a) + *(unsigned short *)(pData + 0x1c)) * 0x120; pSectors = pStageObjects + *(unsigned short *)(pData + 0x1c) * 0xa0; pTriangles = pSectors + *(unsigned short *)(pData + 0x1e) * 0x88 + *(unsigned short *)(pData + 0x28) * 0x1c; pVertexData = pTriangles + *(int *)(pData + 0x20) * 0x4c; pLightLevels = pVertexData + *(int *)(pData + 0x14) * 0x30; pVertexFlags = pLightLevels + *(int *)(pData + 0x14) * 4; textureRecords = *(int *)(pData + 0xc) + (int)pData; recordSize = *(unsigned short *)(pData + 0x26); pRecords = pVertexFlags + *(int *)(pData + 0x10) * 0x14; if (*(int *)(pData + 0x20) != 0) { pField = (int *)(pTriangles + 4); do { k = 10; do { if (*pField != -1) *pField += (int)CGraphics::m_textureCount; pField++; k--; } while (k != 0); count++; pField += 0x13 - 10; } while (count < *(unsigned int *)(pData + 0x20)); } FUN_004b9910((int)(pRecords + recordSize * 0x5c), textureRecords, *(unsigned short *)(pData + 0x24), *(int *)(pData + 4), param_3); savedNodeCount = g_sceneNodeCount; if (*(unsigned short *)(pData + 0x18) != 0) { for (i = 0, p = pNodes;	CMR2Decomp/Sector.cpp	82	void *FUN_004b93c0(BYTE *pData, int param_2, unsigned int param_3)	Relocates the stage mesh file: turns the offsets stored in the node, mesh, object and sector records into pointers, registers them in the scene node, mesh, stage object and sector tables, loads the textures and re-uploads the vertex buffers of every mesh.
0x004b7de0	FUN_004b7de0	Sector_CullGridAroundViewNode	"Context: Sector culling pass of a scene node: walks the sector grid around its world position and marks every sector whose bounding rectangle overlaps the screen triangle built from the node position and the ""radius"" (the fixed far plane distance), storing the squared distance of each marked sector.; Body: { FixVector pos; FixVector dir; FixVector origin; FixVector forward; FixVector scaled; int tri[6]; short iSector; int radius; int spread; int rem; int quo; int colStart; int colEnd; int rowStart; int rowEnd; int row; int col; int index; int len; int ex; int ez; int fx; int fz; int dx; int dz; radius = CGraphics::m_farPlaneFixed; memset(g_sectorVisibleBits, 0, sizeof(g_sectorVisibleBits)); g_sectorCullEnabled = 0; pos.y = 0; pos.x = pNode->world.position.x; pos.z = pNode->world.position.z; spread = FixMulShift32(radius, g_sectorScale); iSector = (short)Sector_FromPosition(&pos); rem = iSector % g_sectorsPerRow; quo = iSector / g_sectorsPerRow; colStart = rem - spread - 1; if (colStart < 0) colStart = 0; colEnd = rem + spread + 2; if (colEnd > g_sectorsPerRow) colEnd = g_sectorsPerRow; rowStart = quo - spread - 1; if (rowStart < 0) rowStart = 0; rowEnd = quo + spread + 2; if (rowEnd > g_sectorRows) rowEnd = g_sectorRows; dir.x = pNode->world.forward.x; dir.y = 0; dir.z = pNode->world.forward.z; len = FixVecLength(&dir); if (len == 0) { dir.x = 0; dir.y = 0; dir.z = 0; } else { FixVecScaleRecip(&dir, &dir, len); } tri[0] = pNode->world.position.x; tri[1] = pNode->world.position.z; ex = FixMul(dir.x, radius); ez = FixMul(dir.z, radius); fz = FixMul(dir.z, FixMul(radius, 0x10000)); fx = -FixMul(dir.x, FixMul(radius, 0x10000)); tri[4] = tri[0] + fz + ex; tri[5] = tri[1] + fx + ez; tri[2] = tri[0] - fz + ex; tri[3] = tri[1] - fx + ez; FixMatrix_GetPosition(&origin, &pNode->world); F"	CMR2Decomp/Sector.cpp	615	void FUN_004b7de0(SceneNode *pNode, int unused)	"Sector culling pass of a scene node: walks the sector grid around its world position and marks every sector whose bounding rectangle overlaps the screen triangle built from the node position and the ""radius"" (the fixed far plane distance), storing the squared distance of each marked sector."
0x004b8270	FUN_004b8270	Sector_RebuildStageGrid	Context: Rebuilds the whole sector grid of the stage that was just loaded: the cell size, the scale used to convert world coordinates to grid coordinates, the grid origin and row count, the stage object list of every sector and the sector indices of the fin.dat records. loop counters in different registers than the original, so most of the diff is register renaming; Body: { int i; int n; int minX; int maxZ; int halfSize; Sector **ppSector; CGraphics::m_unk0x0072d56c = 1; g_sectorSize = abs(g_sectors[1]->x - g_sectors[0]->x); g_sectorHalfSize = FixMul(g_sectorSize, 0x8000); g_sectorScale = FixDiv(0x10000, g_sectorSize); minX = g_sectors[0]->x; g_sectorOriginX = minX; maxZ = g_sectors[0]->z; g_sectorOriginZ = maxZ; if ((unsigned int)g_sectorCount > 1) { n = g_sectorCount - 1; ppSector = &g_sectors[1]; do { if (minX > (*ppSector)->x) { minX = (*ppSector)->x; g_sectorOriginX = minX; } if (maxZ < (*ppSector)->z) { maxZ = (*ppSector)->z; g_sectorOriginZ = maxZ; } ppSector++; } while (--n != 0); } halfSize = g_sectorSize / 2; g_unk0x006ed5e8 = minX - halfSize; g_unk0x006ed5ec = halfSize + maxZ; g_sectorsPerRow = 1; if (g_sectors[0]->z == g_sectors[1]->z) { i = 1; while (i < g_sectorCount - 1) { g_sectorsPerRow = i + 1; if (g_sectors[i]->z != g_sectors[i + 1]->z) break; i++; } } g_sectorRows = (unsigned int)g_sectorCount / (unsigned int)g_sectorsPerRow; for (i = 0; i < (unsigned int)g_unk0x0067f228; i++) { short index = (short)Sector_FromPosition((FixVector *)g_stageObjects[i]); g_stageObjects[i]->pNext = g_sectors[index]->pObjects; g_sectors[index]->pObjects = g_stageObjects[i]; g_sectors[index]->field_0x18++; } Sector_RebuildNodeLists(); if (g_finData != NULL) { for (i = 0; i < (unsigned int)g_finCount; i++) { Sector *pSector = g_sectors[*(int *)(g_finData + i * 0x30 + 0x28)]; *(int *)(g_finData + i * 0x30 + 0x28) = (int)pSector->pFinRecords; pSecto	CMR2Decomp/Sector.cpp	733	void FUN_004b8270(void)	Rebuilds the whole sector grid of the stage that was just loaded: the cell size, the scale used to convert world coordinates to grid coordinates, the grid origin and row count, the stage object list of every sector and the sector indices of the fin.dat records. loop counters in different registers than the original, so most of the diff is register renaming
0x004a28d0	CSound::FUN_004a28d0	OpenStreamingMusicFile	Context: Opens a music file (.wav with Microsoft ADPCM data) and prepares it for streaming: creates the streaming buffer and the ACM decoder; on failure the music is stopped again. The name is remembered in m_unk0x005a2738.; Body: { if (m_unk0x006e0eec == 0) return; m_unk0x005a2728 = FALSE; m_unk0x005a272c = FALSE; m_unk0x005a2730 = FALSE; if (m_pMMIO != NULL) { CloseMMIO(m_pMMIO); MMIOData *pMMIO = m_pMMIO; if (pMMIO != NULL) { CloseAndCleanupMMIO(pMMIO); delete pMMIO; m_pMMIO = NULL; } } m_pMMIO = new MMIOData(); if (m_pMMIO->Open(path) != 0) { Sound_NoOpMusicCallback((int)g_strCouldNotOpenMusicFile); } else { m_unk0x005a2728 = TRUE; if (IsSoundCallSuccessful(Sound_CreateMusicStreamingBuffer()) == 0) { Sound_NoOpMusicCallback((int)g_strCouldNotCreateStreamingBuffer); } else { m_unk0x005a272c = TRUE; if (m_unk0x005a2734 == FALSE) CGame::RegisterCallback((void *)CloseMusicStreamResources, NULL); if (Sound_OpenADPCMDecoder() == 1) { m_unk0x005a2730 = TRUE; m_unk0x005a2734 = TRUE; strcpy(m_unk0x005a2738, path); } else { Sound_NoOpMusicCallback((int)g_strCouldNotOpenAdpcm); } } } if (m_unk0x005a2730 == FALSE) CloseMusicStreamAndClearPath(FALSE); }	CMR2Decomp/Sound.cpp	45	void CSound::FUN_004a28d0(char *path)	Opens a music file (.wav with Microsoft ADPCM data) and prepares it for streaming: creates the streaming buffer and the ACM decoder; on failure the music is stopped again. The name is remembered in m_unk0x005a2738.
0x004a2d30	FUN_004a2d30	Sound_UpdateMusicRingBufferCursor	Body: { int lo, hi; unsigned int v; CSound::IsSoundCallSuccessful(((DPSoundMethod2)(*(void ***)CSound::m_pDirectSoundBuffer)[0x10 / 4])( CSound::m_pDirectSoundBuffer, &lo, &hi)); v = (unsigned int)lo / 0xfe80u; g_unk0x005a2710 = (int)v; v -= g_unk0x005a2714; if ((int)v > 0) g_unk0x005a2718 = (int)v - 1; else g_unk0x005a2718 = (int)v + 7; }	CMR2Decomp/Sound.cpp	619	void FUN_004a2d30(void)	No source comment.
0x004a20c0	FUN_004a20c0	Sound_CreatePcmSampleBuffer	Body: { PCMWAVEFORMAT format = {0}; DSBUFFERDESC desc; format.wf.nSamplesPerSec = rate; format.wf.nBlockAlign = (WORD)channels * bits / 8; format.wf.nAvgBytesPerSec = format.wf.nBlockAlign * rate; memset(&desc, 0, sizeof(desc)); format.wf.wFormatTag = WAVE_FORMAT_PCM; format.wf.nChannels = channels; format.wBitsPerSample = bits; desc.dwSize = sizeof(desc); if (g_unk0x005a283c && is3D) desc.dwFlags = DSBCAPS_LOCDEFER | DSBCAPS_CTRLVOLUME | DSBCAPS_CTRLFREQUENCY; else desc.dwFlags = DSBCAPS_CTRLVOLUME | DSBCAPS_CTRLFREQUENCY | DSBCAPS_LOCSOFTWARE; if (channels == 2) desc.dwFlags |= DSBCAPS_CTRLPAN; if (is3D) { desc.dwFlags |= DSBCAPS_CTRL3D | DSBCAPS_MUTE3DATMAXDISTANCE; if (Sound_IsModernWindowsVersion()) desc.guid3DAlgorithm = DS3DALG_HRTF_LIGHT; else desc.guid3DAlgorithm = GUID_NULL; } desc.dwBufferBytes = size; desc.lpwfxFormat = (LPWAVEFORMATEX)&format; return CSound::IsSoundCallSuccessful(pDS->CreateSoundBuffer(&desc, ppBuffer, NULL)) != 0; }	CMR2Decomp/Sound.cpp	986	BOOL FUN_004a20c0(IDirectSound *pDS, IDirectSoundBuffer **ppBuffer, DWORD rate, int bits, int channels, int is3D, DWORD size)	No source comment.
0x004a24a0	FUN_004a24a0	Sound_BuildSlotLoopBuffer	Context: Builds the looping buffer of the slot from the part of the sample after the loop start.; Body: { DSBCAPS caps = {0}; WAVEFORMATEX format = {0}; void *p1; DWORD n1; void *p2; DWORD n2; caps.dwSize = sizeof(caps); CSound::IsSoundCallSuccessful(pSlot->pBuffer->GetCaps(&caps)); CSound::IsSoundCallSuccessful(pSlot->pBuffer->GetFormat(&format, sizeof(format), NULL)); CSound::IsSoundCallSuccessful(pSlot->pBuffer->Lock(0, caps.dwBufferBytes, &p1, &n1, &p2, &n2, 0)); if (FUN_004a20c0(g_unk0x005a2844, &pSlot->pLoopBuffer, format.nSamplesPerSec, format.wBitsPerSample, format.nChannels, pSlot->field_0x14, n1 - pSlot->field_0x18)) Sound_CopyBufferData(pSlot->pLoopBuffer, 0, (BYTE *)p1 + pSlot->field_0x18, n1 - pSlot->field_0x18); CSound::IsSoundCallSuccessful(pSlot->pBuffer->Unlock(p1, n1, p2, n2)); if (pSlot->field_0x14 != 0 && CSound::IsSoundCallSuccessful(pSlot->pLoopBuffer->QueryInterface(IID_IDirectSound3DBuffer, (void **)&pSlot->field_0x28))) ((IDirectSound3DBuffer *)pSlot->field_0x28)->SetMode(DS3DMODE_NORMAL, DS3D_DEFERRED); }	CMR2Decomp/Sound.cpp	1042	void FUN_004a24a0(SoundSlot *pSlot)	Builds the looping buffer of the slot from the part of the sample after the loop start.
0x00460a30	FUN_00460a30	StageObject_DeriveLoadedScaleVector	Context: Derives the stage's object scale from the loaded records: the average of their +0x54 fields (the single record in created-flag mode 1), floored at 0x4ccc, and scales the global stage vector by it, quadrupled for a type 2. (the original has them swapped); the code itself is identical.; Body: { DWORD flags; int value; int typeTwo; int count; int i; int *p; flags = *(DWORD *)&g_unk0x00543e98; value = 0; typeTwo = 0; if ((char)flags == 1) { value = *((int *)g_unk0x00547ac8 + 0x15); if (*((int *)g_unk0x00547ac8) == 2) typeTwo = 1; } else { count = (BYTE)flags; for (i = 0; i < count; i++) { value += ((int *)g_unk0x00547ac8)[i * 0x5e + 0x15]; if (((int *)g_unk0x00547ac8)[i * 0x5e] == 2) typeTwo = 1; } if ((char)flags != 0) value = FixDiv(value, count << 16); else value = 0x4ccc; } if (value < 0x4ccc) value = 0x4ccc; if (typeTwo) FixVecScale(pOut, &g_unk0x00547930, FixMul(0x20000, FixMul(value, g_unk0x00547940))); else FixVecScale(pOut, &g_unk0x00547930, FixMul(value, g_unk0x00547940)); }	CMR2Decomp/StageObjects.cpp	1186	void FUN_00460a30(FixVector *pOut)	Derives the stage's object scale from the loaded records: the average of their +0x54 fields (the single record in created-flag mode 1), floored at 0x4ccc, and scales the global stage vector by it, quadrupled for a type 2. (the original has them swapped); the code itself is identical.
0x0046f550	FUN_0046f550	StageObject_LoadAndClassifyMeshes	"Context: Loads the stage object list, creates a scene node and clones the mesh of every object, then classifies each bounding box as ground or wall. The three bounding-box accumulators land in ESI/EDX/ECX instead of the original's EDI/ESI/EDX and MSVC merges the ""if (v < 0)"" phi without the original's extra jmp; the code itself is identical.; Body: { BYTE *pEntries; int i; int count; BYTE *pEntry; int maxX; int maxY; short maxZ; int mesh; float *pFloats; Mesh_ResetCloneCount(); pEntry = (BYTE *)g_movingObjects.entries + 0x114; do { SceneNode *pNode = SceneNode_Create((SceneNode *)RallyData_GetChallengeRenderState()); *(int *)(pEntry - 0x110) = (int)pNode; *(int *)((BYTE *)pNode + 0x178) = 3; *(int *)pEntry = -0x10000; pEntry += 0x128; } while ((int)pEntry < (int)((BYTE *)g_movingObjects.entries + 0x114 + 40 * 0x128)); count = StageObject_GetLoadedVariantDataAndState(&pEntries); g_unk0x0058c92c = CFileBuffer::AllocateLockedBuffer(count * 4); i = 0; if (count > 0) { do { i++; ((int *)g_unk0x0058c92c)[i - 1] = 0; } while (i < count); } g_unk0x0058c928 = 0; if (count >= 1) { g_unk0x0058c928 = CFileBuffer::AllocateLockedBuffer(count); i = 0; g_movingObjects.meshCount = 0; if (count > 0) { do { mesh = *(int *)(*(int *)(pEntries + i * 8) + 0xc); if ((int)g_movingObjects.meshCount < count) { ((BYTE *)g_unk0x0058c928)[i] = (BYTE)g_movingObjects.meshCount; mesh = (int)Mesh_CloneInto((Mesh *)mesh, (BYTE *)*(int *)(pEntries + i * 8)); ((int *)g_unk0x0058c92c)[(BYTE)g_movingObjects.meshCount] = mesh; if (((int *)g_unk0x0058c92c)[(BYTE)g_movingObjects.meshCount] == 0) ((BYTE *)g_unk0x0058c928)[i] = 0; else g_movingObjects.meshCount++; } else { ((BYTE *)g_unk0x0058c928)[i] = 0xff; } i++; } while (i < count); } } g_unk0x0058c930 = 0; if (g_movingObjects.meshCount > 0) g_unk0x0058c930 = CFileBuffer::AllocateLockedBuffer((g_movingObjects"	CMR2Decomp/StageObjects.cpp	1919	void FUN_0046f550(void)	"Loads the stage object list, creates a scene node and clones the mesh of every object, then classifies each bounding box as ground or wall. The three bounding-box accumulators land in ESI/EDX/ECX instead of the original's EDI/ESI/EDX and MSVC merges the ""if (v < 0)"" phi without the original's extra jmp; the code itself is identical."
0x00472cb0	FUN_00472cb0	Knockout_ApplyCarGroundMaterials	Context: Sets the ground material of the two cars from the current championship state (the knockout bracket entry selected by the state flags).; Body: { unsigned int *pState = RallyData_GetChampionshipState(); BYTE value; int i; switch ((*pState >> 3) & 7) { case 1: if (RallyData_GetUsableRecordCategory((BYTE)pState[((*pState >> 0xc) & 0xf) * 3 + 0x16] & 0x1f) == -1 && RallyData_GetUsableRecordCategory((BYTE)(pState[((*pState >> 0xc) & 0xf) * 3 + 0x16] >> 5) & 0x1f) == -1) goto fail; value = 1; break; case 2: if (RallyData_GetUsableRecordCategory((BYTE)pState[((*pState >> 0xc) & 0xf) * 3 + 10] & 0x1f) == -1 && RallyData_GetUsableRecordCategory((BYTE)(pState[((*pState >> 0xc) & 0xf) * 3 + 10] >> 5) & 0x1f) == -1) goto fail; value = 1; break; case 3: if (RallyData_GetUsableRecordCategory((BYTE)pState[((*pState >> 0xc) & 0xf) * 3 + 4] & 0x1f) == -1 && RallyData_GetUsableRecordCategory((BYTE)(pState[((*pState >> 0xc) & 0xf) * 3 + 4] >> 5) & 0x1f) == -1) goto fail; value = 1; break; case 4: if (RallyData_GetUsableRecordCategory((BYTE)pState[1] & 0x1f) == -1 && RallyData_GetUsableRecordCategory((BYTE)(pState[1] >> 5) & 0x1f) == -1) goto fail; value = 1; break; default: fail: value = 2; break; } RallyData_SetSelectionBits14To15(value); for (i = 0; i < 2; i++) { Car_SetDrawnFlag(i, (BYTE)Input_GetControllerSlotMapping((unsigned short)i)); if (i >= (int)(RallyDataState() & 0xff)) Car_SetDrawnFlag(i, -1); } }	CMR2Decomp/StageObjects.cpp	2106	void FUN_00472cb0(void)	Sets the ground material of the two cars from the current championship state (the knockout bracket entry selected by the state flags).
0x004752f0	FUN_004752f0	StageObject_FormatAnimatedLapTime	"Context: Formats one of the two lap time fields as ""%02d:%02d.%02d"", printing the identical placeholder while the value eases towards its target. registers and spills one extra; Body: { unsigned int current1; unsigned int current2; int time1; int time2; time1 = p[1]; time2 = p[2]; if (mode != 0) { current1 = g_unk0x0058cf74; if (current1 <= (unsigned)(time1 - 0x27)) current1 += 0x27; else current1 = time1; g_unk0x0058cf74 = current1; current2 = g_unk0x0058cf78; if (current2 <= (unsigned)(time2 - 0x27)) current2 += 0x27; else current2 = time2; g_unk0x0058cf78 = current2; if (current1 == (unsigned)time1 && current2 == (unsigned)time2) g_unk0x0058cf64 = 1; } if (index == 0) { if ((p[0] & 0x1f) == 0x1f) return CMain::m_logFileBlankLine; RallyData_GetUsableRecordCategory((BYTE)(p[0] & 0x1f)); sprintf(CFrontend::m_stringDest, g_minSecMSECFormatString, time1 / 6000, (time1 % 6000) / 100, time1 % 100); } else if (index == 1) { if ((p[0] & 0x3e0) == 0x3e0) return CMain::m_logFileBlankLine; RallyData_GetUsableRecordCategory((BYTE)((p[0] >> 5) & 0x1f)); sprintf(CFrontend::m_stringDest, g_minSecMSECFormatString, time2 / 6000, (time2 % 6000) / 100, time2 % 100); } return CFrontend::m_stringDest; }"	CMR2Decomp/StageObjects.cpp	2483	char *FUN_004752f0(int *p, int index, int mode)	"Formats one of the two lap time fields as ""%02d:%02d.%02d"", printing the identical placeholder while the value eases towards its target. registers and spills one extra"
0x00476640	FUN_00476640	StageObject_BlendCarMountTransform	Context: Blends a car's stage object transform: rotates its mount nodes by the car heading and interpolates the blended node's matrix between the reference node and the rotated mount using the body fade factor.; Body: { int fadeCurve[13] = {0, 0x51e, 0xccc, 0x1999, 0x3333, 0x6666, 0x9999, 0xcccc, 0xe666, 0xf333, 0xfae1, 0x10000, 0x10000}; Car *pCar = Car_Get(car); short angle = -pCar->heading; FixVector axis; FixMatrix rot; FixMatrix combined; FixMatrix original; FixVector position; int fade; SceneNode_SetRotation(CAR_NODE(car, 0x10), CAR_ANGLES(car)); axis.x = CAR_NODE(car, 0x10)->current.right.x; axis.y = CAR_NODE(car, 0x10)->current.right.y; axis.z = CAR_NODE(car, 0x10)->current.right.z; FromAxisAngle16(&rot, &axis, angle); position.x = CAR_NODE(car, 0x10)->current.position.x; position.y = CAR_NODE(car, 0x10)->current.position.y; position.z = CAR_NODE(car, 0x10)->current.position.z; CAR_NODE(car, 0x10)->current.position.x = 0; CAR_NODE(car, 0x10)->current.position.y = 0; CAR_NODE(car, 0x10)->current.position.z = 0; FixMatrix_Multiply(&CAR_NODE(car, 0x10)->current, &CAR_NODE(car, 0x10)->current, &rot); CAR_NODE(car, 0x10)->current.position.x = position.x; CAR_NODE(car, 0x10)->current.position.y = position.y; CAR_NODE(car, 0x10)->current.position.z = position.z; SceneNode_SetRotation(CAR_NODE(car, 0x8), CAR_ANGLES(car)); FixMatrix_Multiply(&combined, &CAR_NODE(car, 0x8)->current, &rot); combined.position.x += position.x; combined.position.z += position.z; combined.position.y += position.y; original = CAR_NODE(car, 0x0)->current; fade = FUN_00476850(car, (int)pCar); FixMatrix_Interpolate(&CAR_NODE(car, 0x4)->current, &combined, &original, 0, 0, fadeCurve[FixMulShift32(0xC0000, fade)], 1); 	CMR2Decomp/StageObjects.cpp	2670	void FUN_00476640(int car)	Blends a car's stage object transform: rotates its mount nodes by the car heading and interpolates the blended node's matrix between the reference node and the rotated mount using the body fade factor.
0x004854a0	FUN_004854a0	StageObject_IntegrateCarMotionRecord	Context: Steps one 0x3c-byte record (`index`) of the current car's stage-object list: the record's +0x0 vector is copied into +0xc, the +0x30/+0x34 velocities lose the part of g_unk0x00590b50 that lies along the record's axis vector, and then a damped spring (k = 0x20000, c = 0x3333, step = g_physicsTimeStep) integrates +0x0/+0x2. Records with the +0x38 flag set are skipped.; Body: { int car = g_partCar->index; FixVector *pAxis = (FixVector *)(g_unk0x00590c00[car] + (index & 0xff) * 0x20 + 0xc); int *pRecord = (int *)((BYTE *)g_unk0x00590c6c[car] + (index & 0xff) * 0x3c); FixVector velocity; FixVector projected; int dot; if (pRecord[0xe] != 0) return; pRecord[3] = pRecord[0]; pRecord[4] = pRecord[1]; pRecord[5] = pRecord[2]; velocity = g_unk0x00590b50; dot = FixVecDot(&velocity, pAxis); FixVecScale(&projected, pAxis, dot); velocity.x -= projected.x; velocity.y -= projected.y; velocity.z -= projected.z; pRecord[0xc] -= velocity.x; pRecord[0xd] -= velocity.z; pRecord[0xc] += FixMul(g_physicsTimeStep, -(FixMul(0x20000, pRecord[0]) + FixMul(0x3333, pRecord[0xc]))); pRecord[0xd] += FixMul(g_physicsTimeStep, -(FixMul(0x20000, pRecord[2]) + FixMul(0x3333, pRecord[0xd]))); pRecord[0] += FixMul(g_physicsTimeStep, pRecord[0xc]); pRecord[2] += FixMul(g_physicsTimeStep, pRecord[0xd]); pRecord[1] = 0x10000; }	CMR2Decomp/StageObjects.cpp	3184	void FUN_004854a0(int index)	Steps one 0x3c-byte record (`index`) of the current car's stage-object list: the record's +0x0 vector is copied into +0xc, the +0x30/+0x34 velocities lose the part of g_unk0x00590b50 that lies along the record's axis vector, and then a damped spring (k = 0x20000, c = 0x3333, step = g_physicsTimeStep) integrates +0x0/+0x2. Records with the +0x38 flag set are skipped.
0x00486500	FUN_00486500	StageObject_InterpolateOrderedMotionRecords	Context: Steps every 0x3c-byte record of the ordered cars' lists: the record's +0x18 vector becomes its +0xc vector plus the (+0x0 - +0xc) difference scaled by `scale`.; Body: { int count; int n; int offset; short *pIndex; int *p; FixVector v; pIndex = Car_GetOrder(); count = Car_GetOrderCount(); if (count - 1 >= 0) { pIndex += count - 1; do { g_partCar = (Car *)Car_Get(*pIndex); if (g_partCar->field_0xc0c == 0) { n = *(int *)g_unk0x00590b30[g_partCar->index] - 1; if (n >= 0) { offset = n * 0x3c; n++; do { p = (int *)((BYTE *)g_unk0x00590c6c[g_partCar->index] + offset); v.x = p[0] - p[3]; v.y = p[1] - p[4]; v.z = p[2] - p[5]; FixVecScale(&v, &v, scale); p[6] = p[3] + v.x; p[7] = p[4] + v.y; p[8] = p[5] + v.z; offset -= 0x3c; } while (--n); } } pIndex--; } while (--count); } }	CMR2Decomp/StageObjects.cpp	3225	void FUN_00486500(int scale)	Steps every 0x3c-byte record of the ordered cars' lists: the record's +0x18 vector becomes its +0xc vector plus the (+0x0 - +0xc) difference scaled by `scale`.
0x0048c870	FUN_0048c870	StageObject_ApplyRecursiveFrameDelta	Context: Applies a per-frame delta to one stage object (plus an optional second car index) and recurses into its children; `flag` enables the 0x5913d8 path.; Body: { int i; g_unk0x005914c8.x = pDelta[0]; g_unk0x005914c8.y = pDelta[1]; g_unk0x005914c8.z = pDelta[2]; g_unk0x005913d8 = flag; memset(g_unk0x0059146c, 0, sizeof(g_unk0x0059146c)); g_unk0x0059146c[index] = 1; if (other != -1) g_unk0x0059146c[other] = 1; i = 0; if (g_unk0x005913dc[index] > 0) { do { FUN_0048c900(g_unk0x005913f8[index][i]); i++; } while (i < g_unk0x005913dc[index]); } }	CMR2Decomp/StageObjects.cpp	3286	void FUN_0048c870(BYTE index, char other, int *pDelta, int flag)	Applies a per-frame delta to one stage object (plus an optional second car index) and recurses into its children; `flag` enables the 0x5913d8 path.
0x0048c900	FUN_0048c900	StageObject_MoveRecursiveBoxCorners	Context: Moves one stage object and its eight box corners by the current frame delta and recurses over its children (each object is only moved once).; Body: { Car *pCar; BYTE i; int j; int *p; if (g_unk0x0059146c[index] != 0) return; g_unk0x0059146c[index] = 1; pCar = Car_Get(index); pCar->position.x += g_unk0x005914c8.x; pCar->position.y += g_unk0x005914c8.y; pCar->position.z += g_unk0x005914c8.z; p = (int *)&pCar->corners[0].y; j = 8; do { p[-1] += g_unk0x005914c8.x; p[0] += g_unk0x005914c8.y; p[1] += g_unk0x005914c8.z; p += 3; } while (--j); if (g_unk0x005913d8 != 0) { if (*(int *)(g_unk0x00590ed0[index] + 0x28) != 0) { p = (int *)(g_unk0x00590ed0[index] + 0x34); j = 4; do { p[-1] += g_unk0x005914c8.x; p[0] += g_unk0x005914c8.y; p[1] += g_unk0x005914c8.z; p += 3; } while (--j); } } i = 0; if (g_unk0x005913dc[index] != 0) { do { FUN_0048c900(g_unk0x005913f8[index][i]); i++; } while (i < g_unk0x005913dc[index]); } }	CMR2Decomp/StageObjects.cpp	3312	void FUN_0048c900(BYTE index)	Moves one stage object and its eight box corners by the current frame delta and recurses over its children (each object is only moved once).
0x0048d950	FUN_0048d950	StageObject_ApplySmoothedSurfaceImpact	Context: Sliding impact of a car on a surface: decays the accumulated displacement by 0.9, adds the new weighted impact vector (0.1 * StageObject_BuildSurfaceImpactDisplacement), moves the object position by it, then refreshes the interpolated radius target.; Body: { BYTE index = *pSurface; CameraSpot *pRecord = &g_unk0x00591750[g_unk0x00591740[index]]; FixVector *pPos = &g_unk0x005916a0[index]; FixVector *pImpact = &g_unk0x00591868[index]; FixVector impact; FixVector delta; int t; Car *pCar; pCar = Car_Get(pSurface[2]); StageObject_BuildSurfaceImpactDisplacement(&impact, pSurface, pCar, pMatrix); FixVecScale(pImpact, pImpact, 0xe666); FixVecScale(&impact, &impact, 0x1999); pImpact->x += impact.x; pImpact->y += impact.y; pImpact->z += impact.z; FixMatrix_GetPosition(pPos, pMatrix); pPos->x += pImpact->x; pPos->y += pImpact->y; pPos->z += pImpact->z; delta.x = pPos->x - pRecord->position.x; delta.y = pPos->y - pRecord->position.y; delta.z = pPos->z - pRecord->position.z; t = FixDiv(FixVec_Length(&delta), pRecord->range); g_unk0x00591710[index] = FixMul(t, pRecord->field_0x44) + FixMul(0x10000 - t, pRecord->field_0x54); }	CMR2Decomp/StageObjects.cpp	3410	void FUN_0048d950(BYTE *pSurface, FixMatrix *pMatrix)	Sliding impact of a car on a surface: decays the accumulated displacement by 0.9, adds the new weighted impact vector (0.1 * StageObject_BuildSurfaceImpactDisplacement), moves the object position by it, then refreshes the interpolated radius target.
0x00492910	FUN_00492910	StageObject_FindClosestMeshVertex	Context: Finds the vertex of stage mesh 2 closest to g_unk0x00592114 within a radius that shrinks to the best distance found so far, caches its stage-space position in 0x5920fc/0x592100/0x592104 and returns its index (-1 if none). kept the delta in different registers (the pointer pair to the delta local comes from the original's FixMul argument materialisation).; Body: { int obj[2]; FixVector delta; FixVector vert; int dx; int dy; int dz; int dist; int limit; int best; int i; BYTE *pVertices; limit = 0x640000; best = -1; if (g_stageMesh2Count <= 0) return -1; StageObject_GetCurrentObjectValues(&obj[0], &obj[1]); FixMatrix_InverseRotateVector(&delta, &g_unk0x00592114, (FixMatrix *)(obj[1] + 0x98)); for (i = 0; i < g_stageMesh2Count; i++) { pVertices = (BYTE *)g_stageMesh2Copy->pVertexData; vert.x = (int)(__int64)(*(float *)(pVertices + i * 0x30) * CGraphics::m_65536); vert.y = (int)(__int64)(*(float *)(pVertices + i * 0x30 + 4) * CGraphics::m_65536); vert.z = (int)(__int64)(*(float *)(pVertices + i * 0x30 + 8) * CGraphics::m_65536); dx = delta.x - vert.x; dz = delta.z - vert.z; dy = delta.y - vert.y; if (FIX_ABS(dx) <= limit && FIX_ABS(dy) <= limit && FIX_ABS(dz) <= limit) { dist = FixMul(dx, dx) + FixMul(dy, dy) + FixMul(dz, dz); if (dist <= 0x27100000) { limit = FixSqrt(dist); best = i; } } } if (best == -1) return -1; pVertices = (BYTE *)g_stageMesh2Copy->pVertexData; g_unk0x005920fc = (int)(__int64)(*(float *)(pVertices + best * 0x30) * CGraphics::m_65536); g_unk0x00592100 = (int)(__int64)(*(float *)(pVertices + best * 0x30 + 4) * CGraphics::m_65536); g_unk0x00592104 = (int)(__int64)(*(float *)(pVertices + best * 0x30 + 8) * CGraphics::m_65536); return best; }	CMR2Decomp/StageObjects.cpp	3485	int FUN_00492910(void)	Finds the vertex of stage mesh 2 closest to g_unk0x00592114 within a radius that shrinks to the best distance found so far, caches its stage-space position in 0x5920fc/0x592100/0x592104 and returns its index (-1 if none). kept the delta in different registers (the pointer pair to the delta local comes from the original's FixMul argument materialisation).
0x0047d0e0	FUN_0047d0e0	AI_SelectCarsWithinOvertakeWindow	Context: Keeps the subset of the six cars that are still inside the race-time, squared-distance and heading windows of car `index`, copies the per-car keep flags to pOut, accumulates their number into pCount and reports the overtake side in pFlag (1 / 0xff). Returns the first byte of the 0x10-byte race-record table row of `index`.; Body: { Car *cars[6]; int active[6]; int scratch[6]; Car *pCar; int i; int duration; int z; int x; int referenceTime; int heading; for (i = 0; i < 6; i++) active[i] = 1; for (i = 0; i < 6; i++) { *pFlag = 0; cars[i] = Car_Get(i); } duration = RallyData_GetRouteAvailabilityState(); pCar = cars[index]; active[index] = 0; z = pCar->position.z; x = pCar->position.x; *pCount = 0; referenceTime = RallyData_GetActiveCarRaceRecordField0((BYTE *)pCar); for (i = 0; i < (signed char)g_unk0x0058e0b0[1]; i++) { if (active[i] != 0) { int delta = RallyData_GetActiveCarRaceRecordField0((BYTE *)cars[i]); scratch[i] = delta; delta -= referenceTime; if (delta < 0 || delta > 5) { if (delta < -100) delta += duration; if (delta <= 0 || delta > 5) active[i] = 0; } } } for (i = 0; i < (signed char)g_unk0x0058e0b0[1]; i++) { if (active[i] != 0) { int dz = cars[i]->position.z - z; int dx = cars[i]->position.x - x; int dist = FixMul(dz, dz) + FixMul(dx, dx); scratch[i] = dist; if (dist > 0x90000) active[i] = 0; } } heading = StageObject_Atan2Degrees(pCar->right.z, pCar->right.x); for (i = 0; i < (signed char)g_unk0x0058e0b0[1]; i++) { if (active[i] != 0) { int d = StageObject_Atan2Degrees(cars[i]->right.z, cars[i]->right.x); d = StageObject_WrapFixedDegreeAngle(heading - d); if (d > 0x140000 || d < -0x140000) active[i] = 0; } } for (i = 0; i < (signed char)g_unk0x0058e0b0[1]; i++) { if (active[i] != 0) { int d = StageObject_WrapFixedDegreeAngle(StageObject_Atan2Degrees(cars[i]->position.z - z, cars[i]->posit	CMR2Decomp/StageObjects.cpp	3596	unsigned int FUN_0047d0e0(int index, BYTE *pOut, int *pCount, BYTE *pFlag)	Keeps the subset of the six cars that are still inside the race-time, squared-distance and heading windows of car `index`, copies the per-car keep flags to pOut, accumulates their number into pCount and reports the overtake side in pFlag (1 / 0xff). Returns the first byte of the 0x10-byte race-record table row of `index`.
0x00466570	FUN_00466570	CarDamage_UpdateOrderedCarsOffRoadState	"Context: Updates the ""damaged / off-road"" state of every car in the given order.; Body: { short *p; Car *pCar; int i; i = 0; if ((int)param_2 > 0) { p = param_1; do { pCar = Car_Get(*p); if (pCar->field_0xc0c == 0 && *(int *)((BYTE *)pCar + 0xb68 + param_4 * 4) == 0) { if (Race_IsMultiplayerRecordMode10() != 0) { if ((char)RallyData_GetSelectionFlag27() || (char)RallyData_GetSelectionFlag26() || (unsigned int)i == (View_GetActiveCameraFlags(1) & 0xff)) FUN_00494db0(pCar, 1); } else if (StageObject_GetPairedCarValue(pCar->index, param_4) != 7) { FUN_00494db0(pCar, param_4); } } i = i + 1; p = p + 1; } while (i < (int)param_2); } StageObject_DrawListedCarLightBeams(param_1, param_2, param_4); StageObject_DrawViewPrecipitationAndObjects(param_3, param_4); if (g_unk0x0058896c != 0) Fireworks_Draw(); }"	CMR2Decomp/StageObjects.cpp	3761	void FUN_00466570(short *param_1, short param_2, int param_3, int param_4)	"Updates the ""damaged / off-road"" state of every car in the given order."
0x00466100	FUN_00466100	StageObject_UpdateProjectedDistanceFade	Context: Fades a stage object in and out from the screen distance between two projected points of the player's car.; Body: { Car *pCar; BYTE *pView; FixVector pos; FixVector dir; int screen[2]; float f2; float f4; float f1; int alpha; pCar = Car_Get(1); pView = (BYTE *)g_viewNodes[param_1]; FixMatrix_GetPosition(&pos, (FixMatrix *)((BYTE *)pCar->pNode0x71c + 0x98)); pos.y = pos.y + 0x10000; FixMatrix_ProjectWorldPointToView(screen, &pos, pView); if (screen[0] != -0x640000 || screen[1] != -0x640000) { f2 = (float)(screen[0] * CGraphics::m_oneOver65536); f4 = (float)(screen[1] * CGraphics::m_oneOver65536); FixMatrix_GetUp(&dir, (FixMatrix *)(pView + 0x98)); dir.x = dir.x + pos.x; dir.y = dir.y + pos.y; dir.z = dir.z + pos.z; FixMatrix_ProjectWorldPointToView(screen, &dir, pView); if (screen[0] != -0x640000 || screen[1] != -0x640000) { f1 = ((float)(screen[0] * CGraphics::m_oneOver65536) - f2) * g_unk0x005113e0 / (float)*(int *)g_pGraphics; f2 = ((float)(screen[1] * CGraphics::m_oneOver65536) - f4) * g_unk0x005113dc / (float)g_pGraphics->resY; f1 = (float)sqrt(f1 * f1 + f2 * f2); if (f1 <= g_unk0x00511378) return; f1 = g_netOne - (f1 - g_unk0x00511378) * g_unk0x005113d0; if (f1 >= g_netOne) { alpha = 0xff; } else { if (f1 <= g_netZero) alpha = 0; else alpha = (int)(__int64)(f1 * g_netByteScale); } if (View_GetActiveCameraMode(param_1) == 7) alpha = 0x80; if (alpha == g_unk0x00588864) return; StageTiming_SetNodeMeshAlpha(pCar->pNode0x71c, alpha, 0); StageTiming_SetNodeTreeMeshAlpha(pCar->pNode0x71c->pFirstChild, alpha, 0); StageTiming_SetNodeMeshAlpha(pCar->pNode0x720, alpha, 0); StageTiming_SetNodeT	CMR2Decomp/StageObjects.cpp	3815	void FUN_00466100(int param_1)	Fades a stage object in and out from the screen distance between two projected points of the player's car.
0x00477460	FUN_00477460	StageObject_UpdateRevCounterTextures	Body: { unsigned short *pNew = g_unk0x0058d310 + index * 0xc; unsigned short *pOld = (unsigned short *)(g_stageBlock + index * 0x18); int changed = 0; int limit; int slot; int i; limit = FixMulShift32(StageTiming_GetDashRevValue(index), 0xb0000); for (i = 0; i <= 0xa; i++) pNew[i] = ((i >= limit) - 1) & 0xff; if (g_unk0x0058d4c4[index * 2] != 0) StageObject_UpdateBodyTextureAlphaValues((Texture *)g_unk0x0058d4c4[index * 2], (int)Car_Get(index)->gear, 2, index); if (g_unk0x0058d4c0[index * 2] != 0) { slot = index + 8; pNew[0xb] = 0x6c; for (i = 0; i < 0xc; i++) { if (pNew[i] != pOld[i]) { changed = 1; i = 0xc; } } if (changed != 0) { CGraphics::BltTexture((Texture *)g_unk0x0058d4c0[index * 2], slot); CGraphics::RemapTextureAlpha((Texture *)g_unk0x0058d4c0[index * 2], 0xe0, 0xff, 0xd0, pNew[1], 0xc0, pNew[2], slot); CGraphics::RemapTextureAlpha((Texture *)g_unk0x0058d4c0[index * 2], 0xb0, pNew[3], 0xa0, pNew[4], 0x90, pNew[5], slot); CGraphics::RemapTextureAlpha((Texture *)g_unk0x0058d4c0[index * 2], 0x80, pNew[6], 0x70, pNew[7], 0x60, pNew[8], slot); CGraphics::RemapTextureAlpha((Texture *)g_unk0x0058d4c0[index * 2], 0x50, pNew[9], 0x40, pNew[10], 0x30, pNew[0xb], slot); for (i = 0; i < 0xc; i++) pOld[i] = pNew[i]; } } }	CMR2Decomp/StageObjects.cpp	3957	void FUN_00477460(int index)	No source comment.
0x00477ce0	FUN_00477ce0	StageObject_AnimateCarLightLevels	Body: { BYTE *pRecord = g_unk0x0058d6d0[car]; short values[5]; int changed = 0; int value; int i; for (i = 0; i < 5; i++) { if (0 == (pRecord[0x44] & (1 << i))) { value = *(short *)(pRecord + 0x30 + i * 2) - FixMul(0x50, g_unk0x0051bd3c); if (value < 0) value = 0; } else { value = *(short *)(pRecord + 0x30 + i * 2) + FixMul(0x80, g_unk0x0051bd3c); if (value > 0xff) value = 0xff; } *(short *)(pRecord + 0x30 + i * 2) = value; *(short *)(pRecord + 0x8 + i * 2) = value; if ((pRecord[0x45] & (1 << i)) == 0) { value = *(short *)(pRecord + 0x3a + i * 2) - FixMul(0x50, g_unk0x0051bd3c); if (value < 0) value = 0; } else { value = *(short *)(pRecord + 0x3a + i * 2) + FixMul(0x80, g_unk0x0051bd3c); if (value > 0xff) value = 0xff; } *(short *)(pRecord + 0x3a + i * 2) = (BYTE)value; *(short *)(pRecord + 0x12 + i * 2) = (BYTE)value; } if (pRecord[0x46] != 0) { value = *(short *)(pRecord + 0xa) + (*(short *)(pRecord + 0x8) / 3) * 2; if (value > 0xff) value = 0xff; *(short *)(pRecord + 0xa) = (BYTE)value; value = *(short *)(pRecord + 0x14) + (*(short *)(pRecord + 0x12) / 3) * 2; if (value > 0xff) value = 0xff; *(short *)(pRecord + 0x14) = (BYTE)value; } else { *(short *)(pRecord + 0x8) = (short)((*(short *)(pRecord + 0x8) / 3) * 2); *(short *)(pRecord + 0x12) = (short)((*(short *)(pRecord + 0x12) / 3) * 2); } for (i = 0; i < 5; i++) { if (*(short *)(pRecord + 0x12 + i * 2) != *(short *)(pRecord + 0x26 + i * 2) || *(short *)(pRecord + 0x8 + i * 2) != *(short *)(pRecord + 0x1c + i * 2)) changed = 1;	CMR2Decomp/StageObjects.cpp	4131	void FUN_00477ce0(int car)	No source comment.
0x0047d5a0	FUN_0047d5a0	StageObject_SpawnCarHeadlightGlow	Context: Spawns the headlight glow of one stage object: finds the first free record, places it at the top corner of the car's bounding box, aims it along the body's right axis and drops it onto the ground below. The instruction sequence is the original's; the residual difference is the register numbering of the vector temporaries.; Body: { FixVector dir; FixVector half; Car *pCar; short surface; int *pRec; int i; if (g_unk0x0058e4a8[car] <= 0) { pRec = (int *)g_unk0x0058e4c8; i = 0; do { if (pRec[0x15] == 0) { pCar = Car_Get(car); FixVecScale(&dir, &pCar->up, pCar->field_0x770[1]); half.x = pCar->corners[1].x - pCar->corners[0].x; half.y = pCar->corners[1].y - pCar->corners[0].y; half.z = pCar->corners[1].z - pCar->corners[0].z; FixVecScale(&half, &half, 0x8000); pRec[3] = half.x + pCar->corners[0].x + dir.x; pRec[4] = half.y + pCar->corners[0].y + dir.y; pRec[5] = half.z + pCar->corners[0].z + dir.z; FixVecScale((FixVector *)pRec, &pCar->right, 0xcccc); pRec[0] += pCar->velocity.x; pRec[1] += pCar->velocity.y; pRec[2] += pCar->velocity.z; FixVecScale((FixVector *)pRec, &pCar->right, FixVecDot((FixVector *)pRec, &pCar->right)); pRec[0x12] = 0x320000; pRec[9] = 0x10000; pRec[0x15] = 1; *(BYTE *)(pRec + 0x16) = car; pRec[0x11] = 0; *(short *)(pRec + 0x13) = -1; pRec[0x11] = Track_GetGroundHeightSurface((FixVector *)(pRec + 3), (FixVector *)(pRec + 6), (short *)(pRec + 0x13), &surface, (unsigned short *)&surface, 0); pRec[4] = pRec[0x11] + 0x8000; *(FixVector *)(pRec + 0xa) = *(FixVector *)(pRec + 3); *(FixVector *)(pRec + 0xd) = *(FixVector *)(pRec + 6); pRec[0x10] = pRec[9]; i = 100; g_unk0x0058e4a8[car] = 0x100000; } pRec += 0x17; i++; } while (i < 100); } }	CMR2Decomp/StageObjects.cpp	4252	void FUN_0047d5a0(BYTE car)	Spawns the headlight glow of one stage object: finds the first free record, places it at the top corner of the car's bounding box, aims it along the body's right axis and drops it onto the ground below. The instruction sequence is the original's; the residual difference is the register numbering of the vector temporaries.
0x0047e1e0	FUN_0047e1e0	StageObject_InterpolateHeadlightGlows	Context: Interpolates every headlight glow between its spawn record (the copy at +0x28/+0x34) and the current car state by the fraction t, normalises the direction and moves the light with it. The addresses are the original's (checked against the emitting disassembly); MSVC materialises the record pointer 4 bytes higher and compensates with -4 displacements, so every memory operand reads differently.; Body: { FixVector pos; FixVector normal; FixVector delta; FixVector ground; int *pRec; int length; int size; int i; pRec = (int *)g_unk0x0058e4d4; i = 100; do { if (pRec[0x12] != 0) { delta.x = pRec[0] - pRec[7]; delta.y = pRec[1] - pRec[8]; delta.z = pRec[2] - pRec[9]; FixVecScale(&delta, &delta, t); pos.x = delta.x + pRec[7]; pos.y = delta.y + pRec[8]; pos.z = delta.z + pRec[9]; delta.x = pRec[3] - pRec[0xa]; delta.y = pRec[4] - pRec[0xb]; delta.z = pRec[5] - pRec[0xc]; FixVecScale(&delta, &delta, t); normal.x = delta.x + pRec[0xa]; normal.y = delta.y + pRec[0xb]; normal.z = delta.z + pRec[0xc]; length = FixVecLength(&normal); if (length == 0) { normal.x = 0; normal.y = 0; normal.z = 0; } else { FixVecScaleRecip(&normal, &normal, length); } size = FixMul(pRec[6] - pRec[0xd], t) + pRec[0xd]; if (size > 0) { Glow_SetEntryByte50((BYTE *)pRec[0x11], 1); Glow_SetEntryValue3C((BYTE *)pRec[0x11], size); Glow_SetPosition((GlowLight *)pRec[0x11], &pos, &pos); ground = pos; ground.y -= 0x8000; Glow_SetLayerPlane((GlowLight *)pRec[0x11], &ground, &normal, 0); } else { Glow_SetEntryByte50((BYTE *)pRec[0x11], 0); } } else { Glow_SetEntryByte50((BYTE *)pRec[0x11], 0); } pRec += 0x17; } while (--i); }	CMR2Decomp/StageObjects.cpp	4313	void FUN_0047e1e0(int t)	Interpolates every headlight glow between its spawn record (the copy at +0x28/+0x34) and the current car state by the fraction t, normalises the direction and moves the light with it. The addresses are the original's (checked against the emitting disassembly); MSVC materialises the record pointer 4 bytes higher and compensates with -4 displacements, so every memory operand reads differently.
0x00480220	FUN_00480220	StageObject_FadeAmbientColourToBase	Context: Fades the stage ambient colour towards the base colour while the 0x5909b8 timer runs out, then applies it with one step of boost. slots and swaps the addend order; Body: { BYTE colour[4]; int length; int scale; int scale_2; length = FixSqrt(g_unk0x005909b8); scale = (g_unk0x005909c4[0] & 0xff) << 16; scale = FixMulShift32(scale, length) + (g_unk0x005909c0[0] & 0xff); if (scale > 0xff) scale = 0xff; colour[0] = scale; scale_2 = (g_unk0x005909c4[1] & 0xff) << 16; scale_2 = FixMulShift32(scale_2, length) + (g_unk0x005909c0[1] & 0xff); if (scale_2 > 0xff) scale_2 = 0xff; colour[1] = scale_2; scale_2 = (g_unk0x005909c4[2] & 0xff) << 16; scale_2 = FixMulShift32(scale_2, length) + (g_unk0x005909c0[2] & 0xff); if (scale_2 > 0xff) scale_2 = 0xff; colour[2] = scale_2; g_unk0x005909b8 -= 0x8000; if (g_unk0x005909b8 < 0) g_unk0x005909b8 = 0; Scene_SetAmbient(colour, 1); }	CMR2Decomp/StageObjects.cpp	4386	void FUN_00480220(void)	Fades the stage ambient colour towards the base colour while the 0x5909b8 timer runs out, then applies it with one step of boost. slots and swaps the addend order
0x00487b80	FUN_00487b80	Collision_DoSpheresOverlap	Context: True when two spheres (radii r1, r2) overlap. True when two spheres (radii r1, r2) overlap. The 32-bit EAX result is tested by the callers (0x48a1f0), so the helper returns int, not bool. original kept the radius sum in a register with no home slot (its FixMul operands spill into the dead r1/r2 argument slots) while MSVC6 here homes it at [ebp-4], shifting the frame by four bytes.; Body: { FixVector delta; int r; r = r1 + r2; delta.x = pA[0] - pB[0]; delta.y = pA[1] - pB[1]; delta.z = pA[2] - pB[2]; if ((delta.x < 0 ? -delta.x : delta.x) <= r && (delta.y < 0 ? -delta.y : delta.y) <= r && (delta.z < 0 ? -delta.z : delta.z) <= r) return FixVecDot(&delta, &delta) < FixMul(r, r); return 0; }	CMR2Decomp/StageObjects.cpp	4601	int FUN_00487b80(int r1, int r2, int *pA, int *pB)	True when two spheres (radii r1, r2) overlap. True when two spheres (radii r1, r2) overlap. The 32-bit EAX result is tested by the callers (0x48a1f0), so the helper returns int, not bool. original kept the radius sum in a register with no home slot (its FixMul operands spill into the dead r1/r2 argument slots) while MSVC6 here homes it at [ebp-4], shifting the frame by four bytes.
0x00488de0	FUN_00488de0	Collision_FindQuadEdgeOverlap	Context: Finds the closest overlap between two 4-corner boxes along the horizontal direction `pDir`, testing every pair of edges of their corner quads. Appends the winning contact (edge orientation 0=horizontal/2=vertical plus the corner index) to the A or B side list and returns 1; returns 0 if nothing overlaps.; Body: { BYTE *pNext; BYTE *pCur; BYTE corner; BYTE cornerVert; BYTE edge; int rayEdge; int best; int found; int dist; int diff; int i; int j; corner = 0; edge = 0; found = 0; best = -0x640000; for (i = 0; i < 4; i++) { pNext = &g_unk0x0051fadc[(i + 1) % 4]; for (j = 1; j <= 4; j++) { pCur = &g_unk0x0051fadc[j % 4]; g_collisionQuad[0] = pVertsA[g_unk0x0051fadc[i] + 4]; g_collisionQuad[1] = pVertsA[*pNext + 4]; g_collisionQuad[2] = pVertsB[g_unk0x0051fadc[j - 1] + 4]; g_collisionQuad[3] = pVertsB[*pCur + 4]; dist = Collision_RayQuad(pDir, &rayEdge, &corner); if (dist != 0x7d000000 && dist > best) { best = dist; switch (corner & 0xff) { case 0: found = 1; diff = (int)g_unk0x0051fadc[j - 1] - (int)*pCur; cornerVert = g_unk0x0051fadc[i]; if (diff < 0) diff = -diff; edge = (diff == 1) ? 0 : 2; break; case 1: found = 1; diff = (int)g_unk0x0051fadc[j - 1] - (int)*pCur; cornerVert = *pNext; if (diff < 0) diff = -diff; edge = (diff == 1) ? 0 : 2; break; case 2: cornerVert = g_unk0x0051fadc[j - 1]; found = 0; diff = (int)g_unk0x0051fadc[i] - (int)*pNext; if (diff < 0) diff = -diff; edge = (diff == 1) ? 0 : 2; break; case 3: cornerVert = *pCur; found = 0; diff = (int)g_unk0x0051fadc[i] - (int)*pNext; if (diff < 0) diff = -diff; edge = (diff == 1) ? 0 : 2; break; } } } } if (best < 0) return 0; if (found != 0) { int index = g_unk0x005915f4; g_unk0x00590ec8[index] = edge; g_unk0x005914c4[index] = cornerVert; g_unk0x005915f4++; *pDistance = best; return 1; } { int index = g_unk0x005914d4; g_unk0x	CMR2Decomp/StageObjects.cpp	4679	int FUN_00488de0(FixVector *pVertsA, FixVector *pVertsB, FixVector *pDir, int *pDistance)	Finds the closest overlap between two 4-corner boxes along the horizontal direction `pDir`, testing every pair of edges of their corner quads. Appends the winning contact (edge orientation 0=horizontal/2=vertical plus the corner index) to the A or B side list and returns 1; returns 0 if nothing overlaps.
0x004675c0	FUN_004675c0	CarDamage_BuildRelativeVelocityHull	Context: Rebuilds the deformation hull against the other car's velocity: the four source vertices come from its velocity/velocityNext, the four middle ones from the car's own bounds, and the last four are the input points clamped by the car scales.; Body: { FixVector *pOut; FixVector *pIn; int v; g_stageDeformHull[0].x = pOther->velocity.z; g_stageDeformHull[0].y = -pCar->halfExtents.y; g_stageDeformHull[0].z = pOther->velocityNext.y; g_stageDeformHull[1].x = pOther->velocity.z; g_stageDeformHull[1].y = -pCar->halfExtents.y; g_stageDeformHull[1].z = pOther->velocityNext.z; g_stageDeformHull[2].x = pOther->velocityNext.x; g_stageDeformHull[2].y = -pCar->halfExtents.y; g_stageDeformHull[2].z = pOther->velocityNext.y; g_stageDeformHull[3].x = pOther->velocityNext.x; g_stageDeformHull[3].y = -pCar->halfExtents.y; g_stageDeformHull[3].z = pOther->velocityNext.z; pOut = &g_stageDeformHull[8]; pIn = pCar->field_0x240; do { pOut[-4] = pOut[-8]; if ((int)pOut < (int)&g_stageDeformHull[10]) v = pCar->field_0x770[0]; else v = pCar->field_0x770[1]; pOut[-4].y += v; *pOut = *pIn; if (pOut->x > 0) pOut->x -= pCar->scale0x764; else pOut->x += pCar->scale0x768; if (pOut->z > 0) pOut->z -= pCar->scale0x76c; else pOut->z += pCar->scale0x76c; pOut++; pIn++; } while ((int)pOut < (int)&g_stageDeformHull[12]); }	CMR2Decomp/StageObjects.cpp	4794	void FUN_004675c0(Car *pCar, Car *pOther)	Rebuilds the deformation hull against the other car's velocity: the four source vertices come from its velocity/velocityNext, the four middle ones from the car's own bounds, and the last four are the input points clamped by the car scales.
0x00469100	FUN_00469100	CarDamage_AverageVertexDisplacement	Context: Averages (16.16) the per-object distance between every stage object's float vertex data and its fixed-point copy, skipping parts 1 and 3 when the record flag is set (their object count still feeds the divisor).; Body: { int partA; int partB; int total; int sum; int i; int j; int dx; int dy; int dz; int dist; if (g_unk0x00588970[pCar->index] == 0) return 0; partA = StageObject_GetCarPartTableValue(1, pCar->index); partB = StageObject_GetCarPartTableValue(3, pCar->index); sum = 0; total = 0; for (i = 0; i < set->count; i++) { if (i == partA) { if (StageTiming_GetCarReplayTailEntry(pCar, 1) != 0) goto skip; } else if (i == partB && StageTiming_GetCarReplayTailEntry(pCar, 3) != 0) { skip: total += set->vertexCount[i]; continue; } { for (j = 0; j < set->vertexCount[i]; j++) { dx = (int)(__int64)(((CarPartFloatVertex *)set->meshes[i]->pVertexData)[j].pos[0] * CGraphics::m_65536) - set->vertices[i][j].pos.x; dy = (int)(__int64)(((CarPartFloatVertex *)set->meshes[i]->pVertexData)[j].pos[1] * CGraphics::m_65536) - set->vertices[i][j].pos.y; dz = (int)(__int64)(((CarPartFloatVertex *)set->meshes[i]->pVertexData)[j].pos[2] * CGraphics::m_65536) - set->vertices[i][j].pos.z; dist = FIX_ABS(dx) + FIX_ABS(dy) + FIX_ABS(dz); dist = FixMul(dist, 0x50000); if (dist > 0x10000) dist = 0x10000; sum += dist; total++; } } } return FixDiv(sum, total << 16); }	CMR2Decomp/StageObjects.cpp	5016	int FUN_00469100(Car *pCar, CarPartSet *set)	Averages (16.16) the per-object distance between every stage object's float vertex data and its fixed-point copy, skipping parts 1 and 3 when the record flag is set (their object count still feeds the divisor).
0x00480af0	FUN_00480af0	StageObject_AssignMatchingCarClassSlots	Context: Stores an object in every car slot whose class matches it.; Body: { int i; for (i = 3; i >= 0; i--) { if (g_carSlotClasses[i] == (char)pObject[0x30]) { g_unk0x00590b7c[i][(char)pCar[0xb1a]] = pObject; g_unk0x00590c24[i][(char)pCar[0xb1a]] = flag; } } }	CMR2Decomp/StageObjects.cpp	5447	void FUN_00480af0(BYTE *pCar, BYTE *pObject, BYTE flag)	Stores an object in every car slot whose class matches it.
0x004866a0	FUN_004866a0	StageObject_DestroyStageKindCarNodes	Context: Destroys, in the four node tables, the nodes of every car that belong to the current stage kind.; Body: { int car; int i; SceneNode *pNode; for (car = 0; car < g_unk0x00590c64; car++) { for (i = 0; i < 4; i++) { if (*(SceneNode **)((BYTE *)g_unk0x00590d7c[i] + car * 0x1a0) != NULL) { pNode = *(SceneNode **)((BYTE *)g_unk0x00590d7c[i] + car * 0x1a0); if ((int)pNode->pParent == RallyData_GetChallengeRenderState()) SceneNode_Destroy(pNode); } } } }	CMR2Decomp/StageObjects.cpp	5579	void FUN_004866a0(void)	Destroys, in the four node tables, the nodes of every car that belong to the current stage kind.
0x004738f0	FUN_004738f0	StageObject_DrawPauseStageDataPanel	Context: Draws the stage-data panel of the pause screen: its background, the row separators and, for every item, the label and the highlight sprite. Identical instruction sequence; the original keeps the loop counter in ESI and pushes EBX/EDI inside the loop, our build spills one more register in the prologue, which shifts every stack slot by 4 (register-slot renumbering).; Body: { MenuItem *pItem; short rect[4]; short rect2[4]; int i; int texture; BYTE *pColour; rect2[0] = (short)((int)(g_pGraphics->resX * 0x64) / 0x280); rect2[1] = (short)((int)(g_pGraphics->resY * 0xd1) / 0x1e0); texture = InRaceMenu_GetUpArrowTexture(); rect2[2] = *(short *)(texture + 0x120); texture = InRaceMenu_GetUpArrowTexture(); rect2[3] = *(short *)(texture + 0x122); rect[0] = (short)((int)(g_pGraphics->resX * 0x63) / 0x280); rect[1] = (short)((int)(g_pGraphics->resY * 0xa0) / 0x1e0); rect[2] = (short)((int)(g_pGraphics->resX * 0x11a) / 0x280); rect[3] = (short)((int)(g_pGraphics->resY * 0x26) / 0x1e0); Sprite_FillRect((int)g_pGraphics + 0x150, rect, g_unk0x0051c984, 2); Font_DrawText(0, CFrontend::GetTextString(0x76), (int)(g_pGraphics->resX * 0x7a) / 0x280, (int)(g_pGraphics->resY * 0xb8) / 0x1e0, (int *)g_barTextColour, 0x11); pItem = pMenu->items; for (i = 0; i < pMenu->itemCount; i++, pItem++) { rect2[1] = (short)((int)(g_pGraphics->resY * i * 0x24) / 0x1e0 + (int)(g_pGraphics->resY * 0xd1) / 0x1e0); if (pMenu->cursor == i) { pColour = g_barTextColour; texture = InRaceMenu_GetUpArrowTexture(); } else { pColour = g_unk0x0051c994; texture = InRaceMenu_GetDownArrowTexture(); } Font_DrawText(0, CFrontend::GetTextString(pItem->id), (int)(g_pGraphics->resX * 0x78) / 0x280, (int)(g_pGraphics->resY * i * 0x24) / 0x1e0 + (int)(g_pGraphics->resY * 0xdd) / 0x1e0, (int *)pColour, 0x11); Sprite_Queue((SpriteRect *)(texture + 0x11c), (SpriteRect *)rect2, (Texture *)texture, 2, 0, NUL	CMR2Decomp/StageObjects.cpp	5658	void FUN_004738f0(Menu *pMenu)	Draws the stage-data panel of the pause screen: its background, the row separators and, for every item, the label and the highlight sprite. Identical instruction sequence; the original keeps the loop counter in ESI and pushes EBX/EDI inside the loop, our build spills one more register in the prologue, which shifts every stack slot by 4 (register-slot renumbering).
0x004744f0	FUN_004744f0	Knockout_DrawCurrentRoundBracket	"Context: Draws the arcade knockout bracket of the current round: the title, then for every match its number, both driver panels (dimmed loser, highlighted player) and ""vs."" on the match being raced; while the bracket view is up (0x58ca8c) the player's panel instead zooms towards the next round's slot.; Body: { BYTE *pBox2; BYTE *pName1; BYTE *pBox1; BYTE *pName2; BYTE *pText; short rect[4]; int vs; KnockoutTable *pTable; int current; unsigned int round; KnockoutMatch *pMatch; int fading; KnockoutMatch *pMatches; int y0; int count; int highlight1; int bracket; int highlight2; int x0; int i; int x2; int y2; int y; int x; sprintf(CFrontend::m_stringDest, CFrontend::GetModeSpecificCountryText(RallyData_GetDriverRecordSelectionValue(0))); CGenericFileLoader::StrLowerPolish(CFrontend::m_stringDest); Font_DrawText(0, CFrontend::m_stringDest, KO_X(0x1e), Font_GetLineHeight(0) + KO_Y(0x39) + KO_Y(5), (int *)g_barTextColour, 0x11); pTable = (KnockoutTable *)RallyData_GetChampionshipState(); round = (pTable->state >> 3) & 7; bracket = Graphics_IsRegisteredTimerRunning(g_unk0x0058ca8c); if (Graphics_IsRegisteredTimerRunning(&g_unk0x0058cc70) || (!Graphics_IsRegisteredTimerRunning(g_unk0x0058ca8c) && g_unk0x0058cf7c == 6)) fading = 1; else fading = 0; switch (round) { case 1: count = 8; x0 = KO_X(0x56); y0 = KO_Y(0x8e); pMatches = pTable->round1; break; case 2: count = 4; x0 = KO_X(0x93); y0 = KO_Y(0x8e); pMatches = pTable->quarters; break; case 3: count = 2; x0 = KO_X(0x93); y0 = KO_Y(0xcf); pMatches = pTable->semis; break; case 4: count = 1; x0 = KO_X(0x115); y0 = KO_Y(0xcf); pMatches = &pTable->final; break; } for (i = 0; i < count; i++) { current = 0; highlight2 = 0; highlight1 = 0; vs = 0; y = 0; x = 0; if (bracket) { switch (round) { case 1: x2 = KO_X(0x93); y2 = KO_Y(0x8e); break; case"	CMR2Decomp/StageObjects.cpp	5730	void FUN_004744f0(void)	"Draws the arcade knockout bracket of the current round: the title, then for every match its number, both driver panels (dimmed loser, highlighted player) and ""vs."" on the match being raced; while the bracket view is up (0x58ca8c) the player's panel instead zooms towards the next round's slot."
0x00464960	FUN_00464960	StageObject_PositionRearViewLightNodes	Context: Places the two rear view nodes of a car from its brightness level.; Body: { unsigned int car; Car *pCar; int value; int level; FixVector pos; FixVector offset; car = param_1; pCar = Car_Get(car); level = StageObject_GetSceneLightBrightness(); if (level == 0x10000) pCar->field_0xb58 = 0; else pCar->field_0xb58 = 1; value = FixMul(0x4c0000, level); StageObject_GetScaledLaneShortValues(car, (int *)&param_1, (int *)&param_1, 4); if (param_1 == 0) value = 0x3e80000; Graphics_SetGeometryStateValue(param_1 != 0); param_1 = 0x10000 - param_1; if ((int)param_1 > 0x10000) { param_1 = 0x10000; } else { if ((int)param_1 < 0) param_1 = 0; } param_1 = FixMul((int)param_1, 0x190000); level = value + param_1; if (level != g_unk0x00547ff4) { Scene_SetLightAttenuation(g_unk0x00547fec, level); Scene_SetLightAttenuation(g_unk0x00547ff0, level); g_unk0x00547ff4 = level; } FixMatrix_GetPosition(&pos, (FixMatrix *)((BYTE *)pCar->pNode0x71c + 0x98)); FixMatrix_RotateVector(&offset, &g_unk0x00547fe0, (FixMatrix *)((BYTE *)pCar->pNode0x71c + 0x98)); offset.x += pos.x; offset.y += pos.y; offset.z += pos.z; SceneNode_SetPosition(g_unk0x00547fec, &offset); FixMatrix_RotateVector(&offset, &g_unk0x00547fa0, (FixMatrix *)((BYTE *)pCar->pNode0x71c + 0x98)); offset.x += pos.x; offset.y += pos.y; offset.z += pos.z; SceneNode_SetPosition(g_unk0x00547ff0, &offset); }	CMR2Decomp/StageObjects.cpp	6038	void FUN_00464960(unsigned int param_1)	Places the two rear view nodes of a car from its brightness level.
0x00480b40	FUN_00480b40	StageObject_ResetAttachedCarNodes	Context: Puts the car's (up to four) attached nodes back to their creation transform and forgets them.; Body: { SceneNode *pNode; int offset; int i; srand(400); g_partCar = (Car *)pCar; offset = (char)pCar[0xb1a] * 0x1a0; for (i = 3; i >= 0; i--) { pNode = *(SceneNode **)((BYTE *)g_unk0x00590d7c[i] + offset); if (pNode != NULL) { pNode->current = pNode->local; *(SceneNode **)((BYTE *)g_unk0x00590d7c[i] + offset) = NULL; } } }	CMR2Decomp/StageObjects.cpp	6090	void FUN_00480b40(BYTE *pCar)	Puts the car's (up to four) attached nodes back to their creation transform and forgets them.
0x0048db00	FUN_0048db00	StageObject_StepVectorToTarget	Context: Steps one stage object's current vector toward its target by `step`, marking it arrived (and snapping to the target) once it is closer than that.; Body: { BYTE index; FixVector delta; index = *p; if (g_unk0x005916f0[index] == 0) { delta.x = g_unk0x005916a0[index].x - g_unk0x00591898[index].x; delta.y = g_unk0x005916a0[index].y - g_unk0x00591898[index].y; delta.z = g_unk0x005916a0[index].z - g_unk0x00591898[index].z; if ((int)FixVec_Length(&delta) < step) { g_unk0x005916f0[index] = 1; } else { FixVec_Normalize(&delta, &delta); FixVecScale(&delta, &delta, step); g_unk0x00591898[index].x += delta.x; g_unk0x00591898[index].y += delta.y; g_unk0x00591898[index].z += delta.z; } if (g_unk0x005916f0[index] == 0) return; } g_unk0x00591898[index] = g_unk0x005916a0[index]; }	CMR2Decomp/StageObjects.cpp	6117	void FUN_0048db00(BYTE *p, int step)	Steps one stage object's current vector toward its target by `step`, marking it arrived (and snapping to the target) once it is closer than that.
0x00461830	FUN_00461830	StageObject_BlendTimeOfDayRecord	Context: Blends the stage object record for one time of day into the primary (slot 0) or secondary (slot 1) global record: the time picks the two adjacent columns of the loaded .hor table, the stage setting pair picks the record rows and their fixed factor, and the two column results are interpolated by how far the time lies into its band. NULL when a record is missing or invalid.; Body: { BYTE buffer0[0x50]; BYTE buffer1[0x50]; int *pWeatherPair; int index; int lower; int i; int prev; int prevSeconds; int length; int position; int factor; int rowFrom; int rowTo; int rowFactor; BYTE *pFrom0; BYTE *pFrom1; BYTE *pTo0; BYTE *pTo1; BYTE *dest; pWeatherPair = RallyData_GetDriverSettingPair(RallyDataStageIndex()); if (slot == 0) index = pWeatherPair[0]; else index = pWeatherPair[1]; lower = -1; for (i = 0; i < 12; i++) { if (g_stageObjectTimeSteps[i] >= timeOfDay) { lower = i; break; } } if (lower == -1) return NULL; prev = lower - 1; if (prev < 0) { prev += 12; prevSeconds = 0; } else { prevSeconds = (g_stageObjectTimeSteps[prev] / 100 * 60 + g_stageObjectTimeSteps[prev] % 100) << 16; } length = ((g_stageObjectTimeSteps[lower] / 100 * 60 + g_stageObjectTimeSteps[lower] % 100) << 16) - prevSeconds; if (timeOfDay % 100 >= 60) return NULL; position = ((timeOfDay / 100 * 60 + timeOfDay % 100) << 16) - prevSeconds; factor = FixDiv(position, length); if (factor > 0x10000) factor = 0x10000; else if (factor < 0) factor = 0; rowFrom = g_stageObjectWeatherRows[index][0]; rowTo = g_stageObjectWeatherRows[index][1]; rowFactor = g_stageObjectWeatherFactors[index]; pFrom0 = records[rowFrom * 12 + prev]; pTo0 = records[rowTo * 12 + prev]; pFrom1 = records[rowFrom * 12 + lower]; pTo1 = records[rowTo * 12 + lower]; if (pFrom0 == NULL || pTo0 == NULL || pFrom1 == NULL || pTo1 == NULL) return NULL; dest = g_stageObjectPrimary; if (slot != 0) dest = g_stageObjectSecondary; FUN_00461	CMR2Decomp/StageObjects.cpp	6350	BYTE *FUN_00461830(unsigned short timeOfDay, int slot, BYTE **records)	Blends the stage object record for one time of day into the primary (slot 0) or secondary (slot 1) global record: the time picks the two adjacent columns of the loaded .hor table, the stage setting pair picks the record rows and their fixed factor, and the two column results are interpolated by how far the time lies into its band. NULL when a record is missing or invalid.
0x00462aa0	FUN_00462aa0	StageObject_AverageWheelGroundLighting	Context: Averages the ground lighting over a car's four wheel contact points and stores the resulting colour and light level.; Body: { Car *pCar; short *pIndex; int vertex; int i; int sum; int count; unsigned short idx[3]; unsigned short d; unsigned short flags; int lighting[9]; int h; BYTE light[4]; DWORD ambient[1]; int rgb[3]; int avg; int total; int v; pCar = Car_Get(param_1); i = 0; sum = 0; count = 0; pIndex = &pCar->cornerTriangle[0]; vertex = (int)pCar + 0x270; do { if (*pIndex >= 0) { StageTiming_ReadStageFaceRecord(*pIndex, (short *)&idx[0], (short *)&idx[1], (short *)&idx[2], (short *)&d, &flags); StageTiming_CopyTriangleVertices(lighting, idx, (int)&d); h = Graphics_GetTriangleHeight(idx, (FixVector *)lighting, (FixVector *)vertex); if (h != -0x3e70000) { sum = sum + h; count = count + 1; Scene_GetLightColour((DWORD *)light, h); ((BYTE *)g_unk0x00543f28)[(i + pCar->index * 4) * 4] = light[0]; ((BYTE *)g_unk0x00543f28)[(i + pCar->index * 4) * 4 + 1] = light[1]; ((BYTE *)g_unk0x00543f28)[(i + pCar->index * 4) * 4 + 2] = light[2]; } } i = i + 1; pIndex = pIndex + 1; vertex = vertex + 0xc; } while (i < 4); if (count > 0) { avg = FixDiv(sum, count << 16); if (avg > 0x10000) avg = 0x10000; else if (avg < 0) avg = 0; Scene_GetLightColour((DWORD *)light, avg); rgb[0] = (*(int *)(light + 0) & 0xff) << 16; rgb[1] = (*(int *)(light + 1) & 0xff) << 16; rgb[2] = (*(int *)(light + 2) & 0xff) << 16; Scene_GetAmbientColour(ambient); rgb[0] = rgb[0] - (*(int *)((BYTE *)ambient + 0) & 0xff) * 0x10000; rgb[1] = rgb[1] - (*(int *)((BYTE *)ambient + 1) & 0xff) * 0x10000; rgb[2] = rgb[2] - (*(int *)((BYTE *)ambient 	CMR2Decomp/StageObjects.cpp	6498	void FUN_00462aa0(unsigned int param_1, int param_2)	Averages the ground lighting over a car's four wheel contact points and stores the resulting colour and light level.
0x00461c30	FUN_00461c30	StageObject_RebuildViewWeatherLighting	Context: Rebuilds every lighting colour of the stage from the current weather blend factor and pushes them to the stage meshes: height ramp (low/high/reference), ground, sky, light and ambient colours plus the sun light vector. Called once per view index by the stage renderer. The table g_stageLighting holds two complete parameter sets - primary in [0x00..0x2c] and secondary (the other weather) in [0x2d..0x59], every secondary entry exactly 0x2d dwords above its primary counterpart - followed by [0x5a] the blend factor, [0x5b] the blended intensity, [0x5c] the {current, target} weather words and [0x5d] the weather-changed flag. buffers (and three of the scratch vectors) different stack slots than the original - the slot assignment depends on the whole local set and could not be reproduced - so every memory operand is displaced.; Body: { BYTE lowColour[4] = {0, 0, 0, 0xff}; BYTE highColour[4] = {0, 0, 0, 0xff}; BYTE rampColour[4] = {0, 0, 0, 0xff}; BYTE referenceColour[4] = {0, 0, 0, 0xff}; BYTE groundColour[4] = {0, 0, 0, 0xff}; BYTE groundRefColour[4] = {0, 0, 0, 0xff}; BYTE objectColour[4] = {0, 0, 0, 0xff}; BYTE ambientColour[4] = {0, 0, 0, 0xff}; BYTE objectRefColour[4] = {0xff, 0xff, 0xff, 0xff}; BYTE lightColour[4] = {0xff, 0xff, 0xff, 0xff}; BYTE skyColour[4] = {0xff, 0xff, 0xff, 0xff}; BYTE heightColour[4] = {0xff, 0xff, 0xff, 0xff}; FixVector v[3]; FixVector colour; FixVector delta; FixVector ambientMix; int blend; int value; int flag; int *pObject; int *pView; pObject = (int *)((BYTE *)g_unk0x00543eb8 + index * 0x2c); pView = (int *)((BYTE *)g_unk0x00547ac8 + index * 0x178); if ((pObject[7] != g_stageLighting[0x5a] && g_unk0x00543d88 != g_unk0x00543d8c) || *((WORD *)&g_stageLighting[0x5c] + 1) != *(WORD *)&g_stageLighting[0x5c] || pObject[10] != 0) { g_stageLighting[0x5a] = pObject[7]; pObject[10] = 0; if (g_stageLighting[0x5a] > 0x10000) g_stageLighting[0x5a] = 0x10000; flag = 1; if (*(WORD *)&g_stageLighting[0x5c] == 0xffff || pView[0x15] <= 0xcccc || pView[0] != 1) flag = 0; g_stageLighting[0x5b] = FixMul(g_stageLighting[0x59] - g_stageLighting[0x2c], g_stageLighting[0x5a]) + g_stageLighting[0x2c]; v[2].x = g_stageLighting[0x2d] - g_stageLighting[0x00]; v[2].y = g_stageLighting[0x2e] - g_stageLighting[0x01]; v[2].z = g_stageLighting[0x2f] - g_stageLighting[0x02]; FixVecScale(&v[2], &v[2], g_st	CMR2Decomp/StageObjects.cpp	6626	void FUN_00461c30(int index)	Rebuilds every lighting colour of the stage from the current weather blend factor and pushes them to the stage meshes: height ramp (low/high/reference), ground, sky, light and ambient colours plus the sun light vector. Called once per view index by the stage renderer. The table g_stageLighting holds two complete parameter sets - primary in [0x00..0x2c] and secondary (the other weather) in [0x2d..0x59], every secondary entry exactly 0x2d dwords above its primary counterpart - followed by [0x5a] the blend factor, [0x5b] the blended intensity, [0x5c] the {current, target} weather words and [0x5d] the weather-changed flag. buffers (and three of the scratch vectors) different stack slots than the original - the slot assignment depends on the whole local set and could not be reproduced - so every memory operand is displaced.
0x0046ef50	FUN_0046ef50	StageObject_BuildCloudTexturePath	Context: Builds the path of the stage's cloud texture in CFrontend::m_stringDest from the heavier of the two weather settings. zero-extended into 32-bit ones (bl/edx) as in the original; Body: { int *pPair; int level; char *suffix; sprintf(CFrontend::m_stringDest, g_strCloudsDir, CInstallInfo::GetTracksDir()); if (CGameInfo::GetGraphicsOptionBits27To28() == 0) suffix = g_strPc; else suffix = g_strPcLow; strcat(CFrontend::m_stringDest, suffix); pPair = RallyData_GetDriverSettingPair(RallyDataStageIndex()); level = 0; if (g_cloudLevels[pPair[0]] > 0) level = g_cloudLevels[pPair[0]]; if (g_cloudLevels[pPair[1]] > level) level = g_cloudLevels[pPair[1]]; switch (level) { case 2: strcat(CFrontend::m_stringDest, g_strCloudHeavy); break; case 1: strcat(CFrontend::m_stringDest, g_strCloudMed); break; case 0: strcat(CFrontend::m_stringDest, g_strCloudLight); break; } }	CMR2Decomp/StageObjects.cpp	7741	void FUN_0046ef50(void)	Builds the path of the stage's cloud texture in CFrontend::m_stringDest from the heavier of the two weather settings. zero-extended into 32-bit ones (bl/edx) as in the original
0x0046f330	FUN_0046f330	StageObject_PositionSplitViewNodes	Context: Places the four view nodes of a split screen from the current view position.; Body: { int car; int node; FixVector pos; FixVector vecB; FixVector vecC; FixVector offset; car = param_1; node = View_GetActiveCameraMode(car); if (node == 3) node = (int)Car_Get(car)->pNode0x720; else node = (int)g_viewNodes[car]; FixMatrix_GetPosition(&pos, (FixMatrix *)(node + 0x98)); vecC.x = pos.x; vecC.z = pos.z; vecB.x = pos.x; vecB.z = pos.z; pos.y = pos.y - 0xf0000; vecC.y = pos.y; vecB.y = pos.y; StageObject_GetStageLightValues(&offset.x, &offset.y, &offset.z); pos.y = pos.y + offset.x; vecC.y = vecC.y + offset.y; vecB.y = vecB.y + offset.z; if ((char)RallyDataCountryIndex() == 3 && (char)RallyDataStageIndex() == 7) vecB.y = vecB.y - 0x40000; if (g_unk0x00589438 != 0) SceneNode_SetPosition((SceneNode *)g_unk0x00589438, &pos); if (g_unk0x0058943c != 0) SceneNode_SetPosition((SceneNode *)g_unk0x0058943c, &vecC); if (g_unk0x00589440 != 0) SceneNode_SetPosition((SceneNode *)g_unk0x00589440, &vecB); if (g_unk0x00589444 != 0) { vecB.y = vecB.y - 0x140000; SceneNode_SetPosition((SceneNode *)g_unk0x00589444, &vecB); } StageObject_GetStageLightState(&param_1); offset.x = 0; offset.y = param_1; offset.z = 0; FixMatrix_SetUp(&offset, (FixMatrix *)((BYTE *)g_unk0x00589438 + 0x98)); }	CMR2Decomp/StageObjects.cpp	7790	void FUN_0046f330(int param_1)	Places the four view nodes of a split screen from the current view position.
0x00465530	FUN_00465530	CarSkid_ClearWheelTrails	Context: Clears every wheel's skid marks and trail state.; Body: { int car; int point; int wheel; for (car = 0; car < 8; car++) { for (point = 0; point < 200; point++) { for (wheel = 0; wheel < 4; wheel++) { g_trailPointUsed[car][wheel][point] = 0; g_trailPoints[car][wheel][point].age = 0; } } } memset(g_unk0x00549ba0, 0, sizeof(g_unk0x00549ba0)); memset(g_trailState, 0, sizeof(g_trailState)); memset(g_trailTimer, 0, sizeof(g_trailTimer)); memset(g_trailPrevState, 0, sizeof(g_trailPrevState)); memset(g_unk0x00549b20, 0, sizeof(g_unk0x00549b20)); memset(g_unk0x00543708, 0, sizeof(g_unk0x00543708)); for (wheel = 0; wheel < 8 * 4; wheel++) ((int *)g_trailReset)[wheel] = 1; for (car = 0; car < 8; car++) { int *p = (int *)g_trailDelta[car] + 1; for (wheel = 0; wheel < 4; wheel++) { p[-1] = 0; p[0] = 0; p[1] = 0; p += 3; } } }	CMR2Decomp/StageObjects.cpp	7902	void FUN_00465530(void)	Clears every wheel's skid marks and trail state.
0x0046bdc0	FUN_0046bdc0	Replay_EncodeControlPacket	Context: Encodes a car's control record into a 4-byte replay packet.; Body: { int hb; int flag; BYTE v; BYTE byte3; hb = (handbrake != 0 && active != 0) ? 1 : 0; v = pOut[3]; v = (v & 0x7f) | (hb << 7); pOut[3] = v; flag = (lightA != 0 && active != 0) ? 1 : 0; pOut[0] = ((pOut[0] ^ flag) & 1) ^ pOut[0]; flag = (lightB != 0 && active != 0) ? 1 : 0; pOut[0] = (flag << 1) | (pOut[0] & 0xfd); if (pIn[0] != 0) { v |= 0x40; pOut[3] = v; byte3 = pIn[0]; } else { v &= 0xbf; pOut[3] = v; byte3 = pIn[1]; } pOut[3] = ((byte3 ^ v) & 0x3f) ^ v; pOut[0] = (pIn[2] << 2) | (pOut[0] & 3); pOut[1] = (pIn[3] << 2) | (pOut[1] & 3); pOut[2] = (pIn[8] << 7) | (pOut[2] & 0x7f); pOut[1] = (((pIn[4] + 1) ^ pOut[1]) & 3) ^ pOut[1]; v = ((pIn[0xc] & 1) << 6) | (pOut[2] & 0xbf); pOut[2] = (((v + 1) ^ v) & 0x3f) ^ v; }	CMR2Decomp/StageObjects.cpp	8130	void FUN_0046bdc0(BYTE *pIn, BYTE *pOut, int active, int handbrake, int lightA, int lightB)	Encodes a car's control record into a 4-byte replay packet.
0x0046e780	FUN_0046e780	StageObject_StampPendingEventDraws	Context: Stamps the pending event draws into one quadrant of the event texture and clears the pending list. The unused argument is required by the original stdcall ret 4.; Body: { RECT rect; short *pPos; short i; int j; int k; int x, y; int n; int idx; BYTE c; BYTE colour[4]; if (g_eventCount <= 0) return; if (g_unk0x00589318 <= 0) return; colour[0] = 0x2f; colour[1] = 0x27; colour[2] = 0x14; colour[3] = 0xc0; g_unk0x00589334 = g_unk0x00589334 + 1; if (g_unk0x00589334 > 3) g_unk0x00589334 = 0; switch (g_unk0x00589334) { case 0: rect.left = 0; rect.top = 0; rect.right = g_eventTexture->width / 2 - 1; rect.bottom = g_eventTexture->height / 2 - 1; break; case 1: rect.left = g_eventTexture->width / 2 - 1; rect.top = 0; rect.right = g_eventTexture->width - 1; rect.bottom = g_eventTexture->height / 2 - 1; break; case 2: rect.left = 0; rect.top = g_eventTexture->height / 2 - 1; rect.right = g_eventTexture->width / 2 - 1; rect.bottom = g_eventTexture->height - 1; break; default: rect.left = g_eventTexture->width / 2 - 1; rect.top = g_eventTexture->height / 2 - 1; rect.right = g_eventTexture->width - 1; rect.bottom = g_eventTexture->height - 1; break; } CGraphics::LockTexture(g_eventTexture, &rect); i = 0; if (g_unk0x00589318 > 0) { do { j = 0; pPos = (short *)g_eventDraws[i].pEvent; x = (BYTE)g_eventDraws[i].x + pPos[0]; y = (BYTE)g_eventDraws[i].y + pPos[1]; if (CGameInfo::GetPreviewMode() == 0) { x = x * 4; y = y * 4; } idx = rand() % 4; n = CGameInfo::GetPreviewMode() ? 4 : 0x10; if (n >= 1) { do { k = 0; do { if (!(CGameInfo::GetPreviewMode() == 0)) c = g_unk0x0051c240[(j + idx * 4) * 4 + k]; else c = g_unk0x0051c280[(idx * 0x10 + j) * 0x10 + k]; if (c !	CMR2Decomp/StageObjects.cpp	8179	void FUN_0046e780(int unused)	Stamps the pending event draws into one quadrant of the event texture and clears the pending list. The unused argument is required by the original stdcall ret 4.
0x0046ec40	FUN_0046ec40	StageObject_QueueTimedEventDraw	Context: Queues a draw of event `index` at (x, y) when it ticks and is on the area; pauses it once it has been drawn `range` times.; Body: { EventRec *p = &g_eventRecords[index]; int over; if (index < g_eventCount && g_eventRecords[index].active != 0 && Events_Tick(index) && x >= 0 && y >= 0 && x < p->a * 4 - 4 && y < p->b && g_unk0x00589318 < 0x40 && p != NULL) { g_eventDraws[g_unk0x00589318].pEvent = p; g_eventDraws[g_unk0x00589318].x = (char)x; over = y - p->b + 4; g_eventDraws[g_unk0x00589318].y = (char)y; if (over > 0) g_eventDraws[g_unk0x00589318].rows = 4 - (char)over; else g_eventDraws[g_unk0x00589318].rows = 4; if ((unsigned short)g_eventRecords[index].field_0x16 >= (unsigned short)g_eventRecords[index].range) { g_eventRecords[index].paused = 1; g_unk0x00589318++; return; } g_unk0x00589318++; g_eventRecords[index].field_0x16++; } }	CMR2Decomp/StageObjects.cpp	8276	void FUN_0046ec40(int index, int x, int y)	Queues a draw of event `index` at (x, y) when it ticks and is on the area; pauses it once it has been drawn `range` times.
0x00471950	FUN_00471950	StageObject_InterpolateAllObjectMatrices	Context: Interpolates every stage object's matrix between its two keys and flags the ones that moved.; Body: { int i; BYTE *p; FixMatrix old; FixMatrix *pCurrent; for (i = 0; i < g_movingObjects.count; i++) { p = (BYTE *)&g_movingObjects.entries[i]; pCurrent = (FixMatrix *)(p + 0x88); old = *pCurrent; FixMatrix_Interpolate(pCurrent, (FixMatrix *)(p + 0x48), (FixMatrix *)(p + 8), t, t, t, 1); if (FIXVEC_EQ(old.right, pCurrent->right) && FIXVEC_EQ(old.up, pCurrent->up) && FIXVEC_EQ(old.forward, pCurrent->forward) && FIXVEC_EQ(old.position, pCurrent->position)) *(int *)(p + 0x124) = 0; else *(int *)(p + 0x124) = 1; } }	CMR2Decomp/StageObjects.cpp	8347	void FUN_00471950(int t)	Interpolates every stage object's matrix between its two keys and flags the ones that moved.
0x004657d0	FUN_004657d0	StageObject_RebuildCarExhaustPoints	Context: Rebuilds a car's four exhaust points halfway between its body path points.; Body: { int off; int *pOut; int *pA; int *pB; FixVector d; if (car < 8 && StageObject_GetMotionRecord(car) != NULL) { pOut = &g_unk0x00549c20[car][0].y; for (off = 0x1c8; off < 0x1f8; off += 0xc) { pA = (int *)(StageObject_GetMotionRecord(car) - 0x30 + off); pB = (int *)(StageObject_GetMotionRecord(car) + off); d.x = pA[0] - pB[0]; d.y = pA[1] - pB[1]; d.z = pA[2] - pB[2]; FixVecScale(&d, &d, 0x8000); d.x += pB[0]; d.y += pB[1]; d.z += pB[2]; *(FixVector *)(pOut - 1) = d; pOut += 3; pOut[-3] += 0xccc; } } }	CMR2Decomp/StageObjects.cpp	8477	void FUN_004657d0(int car)	Rebuilds a car's four exhaust points halfway between its body path points.
0x0046cbe0	FUN_0046cbe0	Replay_CanExtendControlPacketRun	Body: { ReplayPacket *packet = (ReplayPacket *)pPacket; ReplayPacket current; if (packet->count == 0) return 1; if (packet->count >= 0x3f) return 0; Replay_EncodeCarControls((BYTE *)&current, car); if (packet->b0hi == current.b0hi && packet->b1hi == current.b1hi && packet->b3lo == current.b3lo && packet->b1lo == current.b1lo && packet->b2hi == current.b2hi && packet->b0lo == current.b0lo && packet->b3hi == current.b3hi) return 1; return 0; }	CMR2Decomp/StageObjects.cpp	8566	int FUN_0046cbe0(BYTE *pPacket, BYTE car)	No source comment.
0x00461710	FUN_00461710	StageObject_InterpolateFrameRecord	Context: Interpolates a stage object record between two frames.; Body: { int i; for (i = 0x1c; i < 0x48; i += 4) { out[i] = (BYTE)StageObject_BlendClampedByteValues(to[i], from[i], t); out[i + 1] = (BYTE)StageObject_BlendClampedByteValues(to[i + 1], from[i + 1], t); out[i + 2] = (BYTE)StageObject_BlendClampedByteValues(to[i + 2], from[i + 2], t); out[i + 3] = (BYTE)StageObject_BlendClampedByteValues(to[i + 3], from[i + 3], t); } for (i = 0; i < 7; i++) ((int *)out)[i] = ((int *)from)[i] + FixMul(((int *)to)[i] - ((int *)from)[i], t); for (i = 0x48; i < 0x4e; i++) out[i] = (BYTE)StageObject_BlendClampedByteValues(to[i], from[i], t); }	CMR2Decomp/StageObjects.cpp	8586	void FUN_00461710(BYTE *out, BYTE *from, BYTE *to, int t)	Interpolates a stage object record between two frames.
0x00477340	FUN_00477340	StageObject_FindPlayerRevTextures	Context: Finds the rev counter and digit textures for a player.; Body: { char base[260]; unsigned int i; Texture *texture; for (i = 0; i < CGraphics::m_textureCount; i++) { texture = CGraphics::m_pTextureManager->textureBuffer[i]; _splitpath(texture->name, CFrontend::m_stringDest, CFrontend::m_stringDest, base, CFrontend::m_stringDest); sprintf(CFrontend::m_stringDest, (char *)CGenericFileLoader::StrUpperPolish((BYTE *)base)); if (strcmp(CFrontend::m_stringDest, CGraphics::m_strSuffixREVCT) == 0) { *(Texture **)(g_stageBlock + 0x220 + player * 8) = texture; Frontend_SetObjectField118((Unk0x004a3e20 *)texture, 2); } if (strcmp(CFrontend::m_stringDest, CGraphics::m_strSuffixDIGIT) == 0) *(Texture **)(g_stageBlock + 0x224 + player * 8) = texture; } }	CMR2Decomp/StageObjects.cpp	8626	void FUN_00477340(int player)	Finds the rev counter and digit textures for a player.
0x0046c5a0	FUN_0046c5a0	Replay_AllocateStreamBuffer	Context: Allocates and registers a replay buffer.; Body: { ReplayStream *p; int recordSize; int extraSize; BYTE slot; if (*(BYTE *)&g_unk0x00588ec8 == 0) { CGame::RegisterCallback(Replay_FreeBuffers, NULL); *(BYTE *)&g_unk0x00588ec8 = 1; } if (g_unk0x00588d3c != 8) { if (type == 0) recordSize = frames * 0x114c; else recordSize = frames * 0x5c; if (type == 2) extraSize = samples * frames * 0x10; else extraSize = samples * frames * 4; p = (ReplayStream *)CFileBuffer::AllocateLockedBuffer(extraSize + frames * 2 + 0x110 + recordSize); if (p != NULL) { p->type = type; p->laneCapacity = frames; p->samplesPerLane = samples; Replay_SetupPointers(p, 0); p->playing = 0; p->recording = 0; p->field_0x14 = 0; p->field_0x18 = 0; p->laneCount = 0; for (slot = 0; slot < 8; slot++) { if (g_unk0x00588e80[slot] == NULL) { g_unk0x00588e80[slot] = (BYTE *)p; break; } } g_unk0x00588d3c++; return (BYTE *)p; } } return NULL; }	CMR2Decomp/StageObjects.cpp	8659	BYTE *FUN_0046c5a0(short frames, short samples, int type)	Allocates and registers a replay buffer.
0x0046d2d0	FUN_0046d2d0	Replay_LoadValidatedBuffer	Context: Loads a replay buffer and validates its recorded dimensions.; Body: { DWORD size; BYTE *buffer; int frames; int samples; int count; if (*(BYTE *)&g_unk0x00588ec8 == 0) { CGame::RegisterCallback(Replay_FreeBuffers, NULL); *(BYTE *)&g_unk0x00588ec8 = 1; } buffer = (BYTE *)CFileBuffer::GetGenericFileBuffer(path, 1); if (buffer == NULL) { buffer = (BYTE *)CGenericFileLoader::FindFile((GenericFile *)StageTiming_GetStageFile3(), path, NULL, &size, 0); g_unk0x00588d18[g_unk0x00588d14] = 1; } else { size = CGenericFileLoader::GetGenericFileSize(); g_unk0x00588d18[g_unk0x00588d14] = 0; } if (buffer == NULL) return NULL; frames = *(short *)(buffer + 0xfc); samples = *(short *)(buffer + 0xfe); count = frames * samples; if (size != frames * 0x114c + frames * 2 + count * 4 + 0x110 && size != frames * 0x5c + frames * 2 + count * 4 + 0x110 && size != frames * 0x114c + frames * 2 + count * 16 + 0x110 && size != frames * 0x5c + frames * 2 + count * 16 + 0x110) { CFileBuffer::FreeGenericFileBuffer(buffer); return NULL; } Replay_SetupPointers((ReplayStream *)buffer, 1); g_unk0x00588ea0[g_unk0x00588d14] = buffer; g_unk0x00588d14++; return buffer; }	CMR2Decomp/StageObjects.cpp	8706	BYTE *FUN_0046d2d0(char *path)	Loads a replay buffer and validates its recorded dimensions.
0x00486fc0	FUN_00486fc0	CarPart_BuildScaledWheelOrientation	Context: Builds a wheel/damper orientation matrix from two scale factors.; Body: { FixVector u, t; int i; FixVecScale(&t, (FixVector *)&pMatrix[4], pMatrix[0]); FixVecScale(&u, (FixVector *)&pMatrix[7], pMatrix[1]); pMatrix[0xc] = t.x - u.x; pMatrix[0xd] = t.y - u.y; pMatrix[0xe] = t.z - u.z; pMatrix[0xf] = u.x + t.x; pMatrix[0x10] = u.y + t.y; pMatrix[0x11] = u.z + t.z; FixVecScale(&t, &t, -0x10000); pMatrix[0x12] = t.x - u.x; pMatrix[0x13] = t.y - u.y; pMatrix[0x14] = t.z - u.z; pMatrix[0x15] = u.x + t.x; pMatrix[0x16] = u.y + t.y; pMatrix[0x17] = u.z + t.z; for (i = 0; i < 4; i++) { pMatrix[0xc + i * 3] += pOffset[0]; pMatrix[0xd + i * 3] += pOffset[1]; pMatrix[0xe + i * 3] += pOffset[2]; pMatrix[0xd + i * 3] = pMatrix[2]; } }	CMR2Decomp/StageObjects.cpp	8896	void FUN_00486fc0(int *pMatrix, int *pOffset)	Builds a wheel/damper orientation matrix from two scale factors.
0x0047f510	FUN_0047f510	Firework_InterpolateRocketColours	Context: Blends two colours according to a fade timer and writes the result.; Body: { int t = p->burstTime; FixVector c; int v, r, g, b; if (t > 0xa0000) { if (p->blinking != 0) { v = t - p->blinkTime; if (v > 0x50000) { *(DWORD *)pOut = *(DWORD *)pFrom; return; } if (v < -0x50000) { *(DWORD *)pOut = *(DWORD *)pTo; return; } v = FixMul(v, 0x1999) + 0x8000; c.x = (pFrom[0] << 16) - (pTo[0] << 16); c.y = (pFrom[1] << 16) - (pTo[1] << 16); c.z = (pFrom[2] << 16) - (pTo[2] << 16); FixVecScale(&c, &c, v); c.x += pTo[0] << 16; c.y += pTo[1] << 16; c.z += pTo[2] << 16; r = c.x; g = c.y; b = c.z; if (r > 0xff0000) r = 0xff0000; if (g > 0xff0000) g = 0xff0000; if (b > 0xff0000) b = 0xff0000; pOut[0] = (BYTE)(r >> 16); pOut[1] = (BYTE)(g >> 16); pOut[2] = (BYTE)(b >> 16); pOut[3] = 0xff; return; } *(DWORD *)pOut = *(DWORD *)pFrom; return; } v = FixMul(t, 0x1999); if (v > 0x10000) v = 0x10000; else if (v < 0) v = 0; if (p->blinking != 0) { c.x = pTo[0] << 16; c.y = pTo[1] << 16; c.z = pTo[2] << 16; } else { c.x = pFrom[0] << 16; c.y = pFrom[1] << 16; c.z = pFrom[2] << 16; } pOut[0] = (BYTE)(FixMul(c.x, v) >> 16); pOut[1] = (BYTE)(FixMul(c.y, v) >> 16); pOut[2] = (BYTE)(FixMul(c.z, v) >> 16); pOut[3] = 0xff; }	CMR2Decomp/StageObjects.cpp	8969	void FUN_0047f510(FireworkRocket *p, BYTE *pOut, BYTE *pFrom, BYTE *pTo)	Blends two colours according to a fade timer and writes the result.
0x0046b790	FUN_0046b790	StageObject_SetCarVisibilityBits	Context: Sets per-car visibility bits used by the stage object renderer.; Body: { BYTE bit = 1 << car; switch (type) { case 0: g_unk0x00588ba4[8] |= bit; g_unk0x00588ba4[9] |= bit; g_unk0x00588ba4[10] |= bit; g_unk0x00588ba4[11] |= bit; case 3: g_unk0x00588ba4[12] |= bit; g_unk0x00588ba4[13] |= bit; g_unk0x00588ba4[14] |= bit; break; case 1: g_unk0x00588ba4[8] |= bit; g_unk0x00588ba4[9] |= bit; g_unk0x00588ba4[10] |= bit; g_unk0x00588ba4[13] |= bit; g_unk0x00588ba4[14] |= bit; break; case 2: g_unk0x00588ba4[8] |= bit; g_unk0x00588ba4[9] |= bit; g_unk0x00588ba4[10] |= bit; return; case 4: g_unk0x00588ba4[12] |= bit; return; case 5: g_unk0x00588ba4[8] |= bit; break; case 8: g_unk0x00588ba4[8] |= bit; g_unk0x00588ba4[11] |= bit; return; default: return; } g_unk0x00588ba4[index] |= bit; }	CMR2Decomp/StageObjects.cpp	9036	void FUN_0046b790(int type, int car, int index)	Sets per-car visibility bits used by the stage object renderer.
0x0046b8f0	FUN_0046b8f0	StageObject_ResetCarNodeViewFlags	Context: Resets the per-view flags of a car's body, wheel and extra nodes.; Body: { int node; *(int *)(g_unk0x00588ba4 + 8) = 0; *(short *)(g_unk0x00588ba4 + 12) = 0; g_unk0x00588ba4[14] = 0; g_unk0x00588ba4[pCar->index] = 0; FUN_0046b790(g_unk0x00588cd4[pCar->index * 2], 0, pCar->index); FUN_0046b790(g_unk0x00588cd4[pCar->index * 2 + 1], 1, pCar->index); pCar->pNode0x71c->field_0x17c = 0xff; SceneNode_SetViewMaskTree(pCar->pWheelNodes[0], g_unk0x00588ba4[9]); SceneNode_SetViewMaskTree(pCar->pWheelNodes[1], g_unk0x00588ba4[9]); SceneNode_SetViewMaskTree(pCar->pWheelNodes[2], g_unk0x00588ba4[9]); SceneNode_SetViewMaskTree(pCar->pWheelNodes[3], g_unk0x00588ba4[9]); SceneNode_SetViewMaskTree(pCar->pNode0x720, g_unk0x00588ba4[10]); node = (int)SceneNode_FindByType(pCar->pNode0x720, 6); if (node != 0) *(BYTE *)(node + 0x17c) = g_unk0x00588ba4[13]; node = (int)SceneNode_FindByType(pCar->pNode0x720, 0xe); if (node != 0) *(BYTE *)(node + 0x17c) = g_unk0x00588ba4[14]; if (pCar->pNode0x724 != NULL) { SceneNode_SetViewMaskTree(pCar->pNode0x724, g_unk0x00588ba4[12]); node = (int)SceneNode_FindByType(pCar->pNode0x724, 6); if (node != 0) *(BYTE *)(node + 0x17c) = g_unk0x00588ba4[13]; node = (int)SceneNode_FindByType(pCar->pNode0x724, 0xe); if (node != 0) *(BYTE *)(node + 0x17c) = g_unk0x00588ba4[14]; } if (pCar->pExtraNodes[0] != NULL) SceneNode_SetViewMaskTree(pCar->pExtraNodes[0], g_unk0x00588ba4[12]); if (pCar->pExtraNodes[1] != NULL) SceneNode_SetViewMaskTree(pCar->pExtraNodes[1], g_unk0x00588ba4[12]); if (pCar->pExtraNodes[2] != NULL) SceneNode_SetViewMaskTree(pCar	CMR2Decomp/StageObjects.cpp	9086	void FUN_0046b8f0(Car *pCar)	Resets the per-view flags of a car's body, wheel and extra nodes.
0x0046bb40	FUN_0046bb40	StageObject_RebuildOrderedWheelVisibility	Context: Rebuilds the per-wheel visibility values of the cars in race order.; Body: { int flags[2]; short *pOrder; Car *pCar; int i; int v; int count; unsigned int swap; i = 0; do { switch (View_GetActiveCameraMode(i)) { case 1: flags[i] = 6; break; case 2: flags[i] = 5; break; case 3: flags[i] = 8; break; case 4: case 5: case 6: case 7: case 8: case 9: case 10: flags[i] = 1; break; default: flags[i] = 0; } i++; } while (i < 2); count = Car_GetOrderCount() - 1; if (-1 < (short)count) { pOrder = Car_GetOrder() + (short)count; count = (short)count + 1; do { pCar = Car_Get(*pOrder); swap = (*(unsigned int *)(*(int *)(*(int *)&pCar->pNode0x720 + 0xc) + 0x30) >> 0x12) & 1; i = 0; do { if ((View_GetActiveCameraFlags(i) & 0xff) == (unsigned int)pCar->index) { v = flags[i]; if (v == 1) { if (g_unk0x00588bb4[pCar->index] == 0) { if (swap != 0) v = 2; } else if (swap == 0) { v = 3; } else { v = 4; } } } else { if ((BYTE)RallyDataState() <= 1 || StageObject_UsesExtendedMode() != 0) { if (g_unk0x00588bb4[pCar->index] == 0) { if (swap == 0) v = 1; else v = 2; } else if (swap == 0) { v = 3; } else { v = 4; } } else { v = 7; } } StageObject_SetPairedCarValue(pCar->index, v, i); i++; } while (i < 2); pOrder--; count--; } while (count != 0); } if ((char)CGameInfo::GetGameModeOptionBit19() != 0) { for (i = 0; i < 7; i++) { if ((char)NetPlayers_IsPlayerPresent(i) == 0 && (char)NetPlayers_GetPlayerFlag23(i) != 0) { StageObject_SetPairedCarValue(NetPlayers_GetPlayerField8(i), 7, 0); StageObject_SetPairedCarValue(NetPlayers_GetPlayerField8(i), 7, 1); } } } }	CMR2Decomp/StageObjects.cpp	9141	void FUN_0046bb40(void)	Rebuilds the per-wheel visibility values of the cars in race order.
0x00476a40	FUN_00476a40	StageObject_ApplyCarFadeRoll	Context: Applies the fade-driven roll (about the node's current up axis) to the two scene nodes of car `index`'s stage object and advances its fade state machine.; Body: { int off = index * 0x1c; SceneNode *pNode; FixVector axis; FixVector position; pNode = *(SceneNode **)(g_unk0x0058d530 + off + 0xc); if (pNode != NULL) { SceneNode_SetRotation(pNode, *(FixAngles **)(g_unk0x0058d4f0 + off)); pNode = *(SceneNode **)(g_unk0x0058d530 + off + 0xc); axis = pNode->current.up; short angle = g_unk0x0058d4e0[index * 6]; if (g_unk0x0058d2f0[index] != 0) angle = -angle; FixMatrix_FromAxisAngle(&g_unk0x0058d260, &axis, angle); pNode = *(SceneNode **)(g_unk0x0058d530 + off + 0xc); position = pNode->current.position; pNode->current.position.x = 0; pNode->current.position.y = 0; pNode->current.position.z = 0; FixMatrix_Multiply(&pNode->current, &pNode->current, &g_unk0x0058d260); pNode = *(SceneNode **)(g_unk0x0058d530 + off + 0xc); pNode->current.position = position; } pNode = *(SceneNode **)(g_unk0x0058d530 + off + 0x10); if (pNode != NULL) { SceneNode_SetRotation(pNode, *(FixAngles **)(g_unk0x0058d4f0 + off + 0x14)); short *pNum = *(short **)(g_unk0x0058d4f0 + off + 0x18); pNode = *(SceneNode **)(g_unk0x0058d530 + off + 0x10); axis = pNode->current.up; short *pDen = *(short **)(g_unk0x0058d4f0 + off + 4); int angle; if (g_unk0x0058d2f0[index] != 0) angle = -(*pNum * g_unk0x0058d4e0[index * 6] / *pDen); else angle = *pNum * g_unk0x0058d4e0[index * 6] / *pDen; FixMatrix_FromAxisAngle(&g_unk0x0058d260, &axis, angle); pNode = *(SceneNode **)(g_unk0x0058d530 + off + 0x10); position = pNode->current.position; pNode->current.position.x = 0; pNode->current.posit	CMR2Decomp/StageObjects.cpp	9237	void FUN_00476a40(int index)	Applies the fade-driven roll (about the node's current up axis) to the two scene nodes of car `index`'s stage object and advances its fade state machine.
0x0048df50	FUN_0048df50	CarPhysics_UpdateWheelSlipAndVelocityDamping	Context: Updates per-wheel slip tables and damps the car's velocity.; Body: { int i; int off; int v; g_collisionCar = param_1; i = 0; off = 0xbbc; do { int a, b, d, u; v = g_collisionCar->speed; if (v > 0x10000) v = 0x10000; v = FixMul(v, 0x6666); a = *(int *)((BYTE *)g_collisionCar + i + 0x270); b = *(int *)((BYTE *)g_collisionCar + i + 0x278); if ((a < 0 ? -a : a) - (b < 0 ? -b : b) < 0) d = (b < 0 ? -b : b) - (a < 0 ? -a : a); else d = (a < 0 ? -a : a) - (b < 0 ? -b : b); u = FixMul((d % 0x401) << 6, v); if (*(int *)((BYTE *)g_collisionCar + off) == 0 || u >= *(int *)((BYTE *)g_collisionCar + off - 0x2c0)) { *(int *)((BYTE *)g_collisionCar + off - 0x2c0) = u; *(int *)((BYTE *)g_collisionCar + off) = 1; *(int *)((BYTE *)g_collisionCar + i + 0x564) = 0; *(int *)((BYTE *)g_collisionCar + i + 0x568) = 0x10000; *(int *)((BYTE *)g_collisionCar + i + 0x56c) = 0; } off += 4; i += 0xc; } while (off < 0xbcc); FixVecScale(&g_collisionCar->velocity, &g_collisionCar->velocity, 0xf851); }	CMR2Decomp/StageObjects.cpp	9337	void FUN_0048df50(Car *param_1)	Updates per-wheel slip tables and damps the car's velocity.
0x00487140	FUN_00487140	Collision_BuildOrientedBoxWorldCorners	Context: Builds the eight world corners of an oriented box: the half extents go through the columns of the rotation, the four corners of the positive half are combined from the three products and the other four are their negations; the centre is added last.; Body: { int i; int hx; int hy; int hz; int a; int b; int c; hx = pHalf->x; hy = pHalf->y; hz = pHalf->z; a = FixMul(pRot->right.x, hx); b = FixMul(pRot->up.x, hy); c = FixMul(pRot->forward.x, hz); pCorners[4].x = c + b + a; pCorners[5].x = (b - c) + a; pCorners[7].x = (b - c) - a; pCorners[6].x = (c - a) + b; a = FixMul(pRot->right.y, hx); b = FixMul(pRot->up.y, hy); c = FixMul(pRot->forward.y, hz); pCorners[4].y = c + b + a; pCorners[5].y = (b - c) + a; pCorners[7].y = (b - c) - a; pCorners[6].y = (c - a) + b; a = FixMul(pRot->right.z, hx); b = FixMul(pRot->up.z, hy); c = FixMul(pRot->forward.z, hz); pCorners[4].z = c + b + a; pCorners[5].z = (b - c) + a; pCorners[7].z = (b - c) - a; pCorners[6].z = (c - a) + b; pCorners[1].x = -pCorners[6].x; pCorners[1].y = -pCorners[6].y; pCorners[1].z = -pCorners[6].z; pCorners[2].x = -pCorners[5].x; pCorners[2].y = -pCorners[5].y; pCorners[2].z = -pCorners[5].z; pCorners[3].x = -pCorners[4].x; pCorners[3].y = -pCorners[4].y; pCorners[3].z = -pCorners[4].z; pCorners[0].x = -pCorners[7].x; pCorners[0].y = -pCorners[7].y; pCorners[0].z = -pCorners[7].z; pCorners[0].x += pCenter->x; pCorners[0].y += pCenter->y; pCorners[0].z += pCenter->z; { FixVector *p = &pCorners[1]; p->x += pCenter->x; p->y += pCenter->y; p->z += pCenter->z; p++; p->x += pCenter->x; p->y += pCenter->y; p->z += pCenter->z; p++; p->x += pCenter->x; p->y += pCenter->y; p->z += pCenter->z; p++; p->x += pCenter->x; p->y += pCenter->y; p->z += pCenter->z; p++; p->x += pCenter->x; p	CMR2Decomp/StageObjects.cpp	9380	void FUN_00487140(FixVector *pCorners, FixVector *pCenter, FixMatrix *pRot, FixVector *pHalf)	Builds the eight world corners of an oriented box: the half extents go through the columns of the rotation, the four corners of the positive half are combined from the three products and the other four are their negations; the centre is added last.
0x0046ed80	FUN_0046ed80	CarSkid_SpawnWheelDustPuff	Context: Spawns a dust/smoke puff at a randomised position relative to a wheel.; Body: { short s; int x1, x2, a, b, c; s = (short)(rand() % (param_8 / 2)); rand(); param_4 = (s * param_4) / (param_8 / 2); if (s <= 0x400) { unsigned int idx = (int)s & 0xfff; int conv = (int)(__int64)((double)param_5 * CGraphics::m_65536); int v = FixMul(conv, g_sinTable[idx]); if (v < 0) v = -v; param_5 = v >> 0x10; } a = rand() % (param_5 + 1); x2 = a * param_7 + param_3; b = (rand() % 0x11 - 8) / (rand() % 3 + 1); x1 = (param_4 - 0x10) * param_6 + param_2 + b; c = (rand() % 0x11 - 8) / (rand() % 3 + 1); FUN_0046ec40(param_1, x1, x2 + c); }	CMR2Decomp/StageObjects.cpp	9470	void FUN_0046ed80(int param_1, int param_2, int param_3, int param_4, int param_5, int param_6, int param_7, int param_8)	Spawns a dust/smoke puff at a randomised position relative to a wheel.
0x0046ea80	FUN_0046ea80	CarSkid_EmitSlippingWheelEffects	Context: Emits skid/dust effects for the wheels that are slipping.; Body: { int i; i = 2; if (param_1 == 2 || param_1 == 3) { EventRec *p; if (g_eventCount > 2) { p = &g_eventRecords[2]; do { int r1 = rand(); short s = p->a; int r2 = rand(); FUN_0046ec40(i, (r1 * s) / 0x7fff, (r2 * p->b) / 0x7fff); i++; p++; } while (i < g_eventCount); } } else { int e = (param_1 != 0) ? 1 : 0; int va = g_eventRecords[e].a; int vb = g_eventRecords[e].b; int vd = va / 5; int vf = va - vd; int vg = vb - 8; int x, y; if (param_2 < 0x8000) param_2 = 0; else if (param_2 >= 0x18001) param_2 = 0x18000; x = (param_2 * (vf - vd)) / 0xb333; y = (param_2 * vg) / 0xb333; if (x > 0x20) { if (param_1 == 0) { if (g_unk0x00589331 != 0) FUN_0046ed80(0, vd, vb - 1, x, y, 1, -1, 0x4fa); else FUN_0046ed80(0, vf - 1, 1, x, y, -1, 1, 0x4fa); } else if (g_unk0x00589331 != 0) { FUN_0046ed80(1, vd, 1, x, y, 1, 1, 0x4fa); } else { FUN_0046ed80(1, vf - 1, vb - 1, x, y, -1, -1, 0x4fa); } } } g_unk0x00589320[param_1] = g_unk0x00589320[param_1] + 1; }	CMR2Decomp/StageObjects.cpp	9498	void FUN_0046ea80(int param_1, int param_2)	Emits skid/dust effects for the wheels that are slipping.
0x0047ca30	FUN_0047ca30	StageObject_ProjectRotationTableRows	Context: Projects a stage object's rotation table into its output rows.; Body: { char *pRow; int **ppData; int *pDst; int row; if (*(int *)(param_1 + 8) > 1) { pRow = (char *)(param_1 + 0xc); ppData = (int **)(param_1 + 0x14); pDst = (int *)g_unk0x0058e0b8; row = 0xc; do { int j = 1; int *pData = *ppData; if (pRow[1] > 0) { do { int *pTable; int sum; unsigned int cols; sum = 0; pTable = pDst; cols = *pRow + 1; if (cols > 0) { do { if (*pData != 0) sum += FixMul(*pTable, *pData); pData++; pTable++; cols--; } while (cols != 0); } if (*(int *)(param_1 + 8) - 1 < (int)(pRow + (-0xb - param_1))) { ((int *)g_unk0x0058e0b8)[row + j] = sum; } else { int idx = FixDiv(sum, 0x10000000); if (idx < 0) { if (-idx >= 0x40) ((int *)g_unk0x0058e0b8)[row + j] = 0xffff0000; else ((int *)g_unk0x0058e0b8)[row + j] = -g_unk0x0058e4a0[-idx]; } else if (idx < 0x40) { ((int *)g_unk0x0058e0b8)[row + j] = g_unk0x0058e4a0[idx]; } else { ((int *)g_unk0x0058e0b8)[row + j] = 0x10000; } } j++; } while (j <= pRow[1]); } row += 0xc; ppData++; pRow++; pDst += 0xc; } while ((int)(pRow + (-0xb - param_1)) < *(int *)(param_1 + 8)); } }	CMR2Decomp/StageObjects.cpp	9583	void FUN_0047ca30(int param_1)	Projects a stage object's rotation table into its output rows.
0x00476850	FUN_00476850	StageObject_UpdateCarBodyFade	Context: Fades a car's stage object in and out as its body state changes.; Body: { Car *pCar = (Car *)param_2; int result = 0; if (g_unk0x0058d360[param_1] == 1 && ((unsigned int)g_unk0x0058d2d0[param_1] != (int)pCar->field_0xb20 || pCar->handbrake != 0)) { g_unk0x0058d2d0[param_1] = pCar->field_0xb20; g_unk0x0058d360[param_1] = 2; g_unk0x0058d478[param_1] = 0; } if (g_unk0x0058d360[param_1] == 2) { int local_c = (int)(__int64)((double)(BYTE)g_unk0x0058d478[param_1] * CGraphics::m_65536); BYTE c; result = FixDiv(local_c, 0x70000); g_unk0x0058d2d0[param_1] = pCar->field_0xb20; c = g_unk0x0058d478[param_1]; g_unk0x0058d478[param_1] = c + 1; if ((BYTE)(c + 1) > 7) { g_unk0x0058d360[param_1] = 3; g_unk0x0058d478[param_1] = 0; } } if (g_unk0x0058d360[param_1] == 3) { result = 0x10000; g_unk0x0058d478[param_1] = g_unk0x0058d478[param_1] + 1; if ((unsigned int)g_unk0x0058d2d0[param_1] != (int)pCar->field_0xb20 || pCar->handbrake != 0) { g_unk0x0058d478[param_1] = 0; g_unk0x0058d2d0[param_1] = pCar->field_0xb20; } if ((BYTE)g_unk0x0058d478[param_1] > 3) { g_unk0x0058d360[param_1] = 4; g_unk0x0058d478[param_1] = 0; } } if (g_unk0x0058d360[param_1] == 4) { int local_c = (int)(__int64)((double)(BYTE)g_unk0x0058d478[param_1] * CGraphics::m_65536); result = 0x10000 - FixDiv(local_c, 0x70000); if ((unsigned int)g_unk0x0058d2d0[param_1] == (int)pCar->field_0xb20 && pCar->handbrake == 0) { BYTE c = g_unk0x0058d478[param_1]; g_unk0x0058d478[param_1] = c + 1; if ((BYTE)(c + 1) > 7) { g_unk0x0058d360[param_1] = 1; g_unk0x0058d478[param_1] = 0; return 0; } } else { BYTE c = 	CMR2Decomp/StageObjects.cpp	9731	int FUN_00476850(int param_1, int param_2)	Fades a car's stage object in and out as its body state changes.
0x004926f0	FUN_004926f0	StageObject_YawMainAndSunNodes	Context: Yaws the stage's main object to `angle` (16.16 degrees; -999 keeps it square) and the sun objects to `sunAngle`, by rewriting the right and forward axes of their matrices. FixMatrix_SetRight pushes before the fsin there, which throws the diff alignment off.; Body: { int pObject; int pSun; int pSun2; FixVector right; FixVector forward; double radians; StageObject_GetCurrentObjectPointer(&pObject); if (angle == -999 << 16) { right.x = 0x10000; forward.z = 0x10000; right.y = 0; right.z = 0; forward.x = 0; forward.y = 0; FixMatrix_SetRight(&right, (FixMatrix *)(pObject + 0x98)); } else { right.y = 0; forward.y = 0; radians = angle * g_oneOver180 * g_pi * CGraphics::m_oneOver65536; forward.z = right.x = (int)(__int64)(cos(radians) * CGraphics::m_65536); right.z = (int)(__int64)(sin(radians) * CGraphics::m_65536); forward.x = -right.z; FixMatrix_SetRight(&right, (FixMatrix *)(pObject + 0x98)); } FixMatrix_SetForward(&forward, (FixMatrix *)(pObject + 0x98)); StageObject_GetCurrentObjectValues(&pSun, &pSun2); right.y = 0; forward.y = 0; radians = sunAngle * g_oneOver180 * g_pi * CGraphics::m_oneOver65536; forward.z = right.x = (int)(__int64)(cos(radians) * CGraphics::m_65536); right.z = (int)(__int64)(sin(radians) * CGraphics::m_65536); forward.x = -right.z; FixMatrix_SetRight(&right, (FixMatrix *)(pSun + 0x98)); FixMatrix_SetForward(&forward, (FixMatrix *)(pSun + 0x98)); if (pSun2 != 0) { FixMatrix_SetRight(&right, (FixMatrix *)(pSun2 + 0x98)); FixMatrix_SetForward(&forward, (FixMatrix *)(pSun2 + 0x98)); } }	CMR2Decomp/StageObjects.cpp	9901	void FUN_004926f0(int angle, int unused, int sunAngle)	Yaws the stage's main object to `angle` (16.16 degrees; -999 keeps it square) and the sun objects to `sunAngle`, by rewriting the right and forward axes of their matrices. FixMatrix_SetRight pushes before the fsin there, which throws the diff alignment off.
0x00492bd0	FUN_00492bd0	StageObject_OrientLightNodesToView	Context: Turns the two stage light nodes to face the view: their right, forward and up axes become the view's right, up and -forward, scaled to 0xbc6.; Body: { FixMatrix *pView; FixVector axis; if (g_stageLightNode != NULL) { pView = &g_viewNodes[view]->current; FixMatrix_GetRight(&axis, pView); FixVecScale(&axis, &axis, 0xbc6); FixMatrix_SetRight(&axis, &g_stageLightNode->current); FixMatrix_GetUp(&axis, pView); FixVecScale(&axis, &axis, 0xbc6); FixMatrix_SetForward(&axis, &g_stageLightNode->current); FixMatrix_GetForward(&axis, pView); FixVecScale(&axis, &axis, -0xbc6); FixMatrix_SetUp(&axis, &g_stageLightNode->current); } if (g_stageLightRoot != NULL) { pView = &g_viewNodes[view]->current; FixMatrix_GetRight(&axis, pView); FixVecScale(&axis, &axis, 0xbc6); FixMatrix_SetRight(&axis, &g_stageLightRoot->current); FixMatrix_GetUp(&axis, pView); FixVecScale(&axis, &axis, 0xbc6); FixMatrix_SetForward(&axis, &g_stageLightRoot->current); FixMatrix_GetForward(&axis, pView); FixVecScale(&axis, &axis, -0xbc6); FixMatrix_SetUp(&axis, &g_stageLightRoot->current); } }	CMR2Decomp/StageObjects.cpp	9950	void FUN_00492bd0(int view)	Turns the two stage light nodes to face the view: their right, forward and up axes become the view's right, up and -forward, scaled to 0xbc6.
0x00486c30	FUN_00486c30	StageObject_QueueViewLensFlare	Context: Positions a lens flare of the given view node on screen: its brightness follows the sun visibility and the camera's pitch, its colour is scaled by the same factor and the sprite is queued on layer 2. temporaries in the unused parameter homes instead of the original's slots. Rebuilds the box axes of a stage object from the car/ground vectors and accumulates the extent of the eight corner points of the object. allocation only; logic, constants and block layout match); Body: { FixVector *p; FixVector d; int len; int dot1; int dot2; int m; int i; if (pObj[10] != 0) return; pObj[3] = 0; pObj[2] = 0; pObj[1] = 0; pObj[0] = 0; m = param2[1]; if (m < 0) m = -m; if (m > 0xfd70) { ((FixVector *)(pObj + 4))->x = param2[3]; ((FixVector *)(pObj + 4))->y = param2[4]; ((FixVector *)(pObj + 4))->z = param2[5]; pObj[5] = 0; len = FixVecLength((FixVector *)(pObj + 4)); if (len == 0) { pObj[4] = 0; pObj[5] = 0; pObj[6] = 0; } else { FixVecScaleRecip((FixVector *)(pObj + 4), (FixVector *)(pObj + 4), len); } } else { ((FixVector *)(pObj + 4))->x = param2[0]; ((FixVector *)(pObj + 4))->y = param2[1]; ((FixVector *)(pObj + 4))->z = param2[2]; pObj[5] = 0; len = FixVecLength((FixVector *)(pObj + 4)); if (len == 0) { pObj[4] = 0; pObj[5] = 0; pObj[6] = 0; } else { FixVecScaleRecip((FixVector *)(pObj + 4), (FixVector *)(pObj + 4), len); } } pObj[8] = 0; pObj[7] = pObj[6]; pObj[9] = -pObj[4]; p = pVerts; i = 8; do { d.x = p->x - param3[0]; d.y = p->y - param3[1]; d.z = p->z - param3[2]; dot1 = FixVecDot(&d, (FixVector *)(pObj + 4)); dot2 = FixVecDot(&d, (FixVector *)(pObj + 7)); if (dot1 > 0 && dot1 > pObj[0]) pObj[0] = dot1; if (dot2 > 0 && dot2 > pObj[1]) pObj[1] = dot2; if (d.y > pObj[2]) pObj[2] = d.y; if (d.y < pObj[3]) pObj[3] = d.y; p++; } while (--i); pObj[2] += param3[1]; pObj[3] += param3[1]; pObj[0x24] = (int)pVerts; pObj[0x25] = (int)param3; pObj[10] = 1; FUN_00486fc0(pObj, param3); }	CMR2Decomp/StageObjects.cpp	10166	void FUN_00486c30(int *pObj, int *param2, int *param3, FixVector *pVerts)	Positions a lens flare of the given view node on screen: its brightness follows the sun visibility and the camera's pitch, its colour is scaled by the same factor and the sprite is queued on layer 2. temporaries in the unused parameter homes instead of the original's slots. Rebuilds the box axes of a stage object from the car/ground vectors and accumulates the extent of the eight corner points of the object. allocation only; logic, constants and block layout match)
0x0046c8e0	FUN_0046c8e0	Replay_AdvanceLiveRecordingStreams	Context: Steps every live replay object: advances the frame counter of the current record and appends the next one, rebuilding the lookup row when the current frame is exhausted.; Body: { void ***pp; ReplayStream *p; short *pIndex; BYTE *pFrame; BYTE *pInfo; ReplayInputLane *pInput; ReplayStateLane *pState; ReplayEvent *pEvent; int flag; int valid; BYTE value; for (pp = g_unk0x00588d40; (int)pp < (int)(g_unk0x00588d40 + 16); pp++) { if (*pp == NULL) continue; p = (ReplayStream *)**pp; if (p == NULL || p->recording == 0 || p->type == 2) continue; if (Car_Get(p->car)->field_0xb43 <= 0u) continue; valid = 0; flag = 0; if (p->recordStarted != 0) valid = 1; else flag = 1; pIndex = &p->pLaneSamples[p->laneCount]; if (valid != 0 && p->recordStarted != 0) { pFrame = p->pFrames + (p->samplesPerLane * p->laneCount + *pIndex) * 4; if (FUN_0046cbe0(pFrame, p->car) == 0) { (*pIndex)++; if (*pIndex == p->samplesPerLane) { p->recordStarted = 0; (*pIndex)++; p->laneCount++; if (p->laneCount == p->laneCapacity) Replay_StopRecording((BYTE *)p); goto done; } pFrame = p->pFrames + (p->samplesPerLane * p->laneCount + *pIndex) * 4; pFrame[2] &= 0xc0; } Replay_EncodeCarControls(pFrame, p->car); pInfo = StageUI_GetRaceResultTable(); if (CGameInfo::GetGameModeOptionBit19()) value = **(char **)(pInfo + 4); else value = (*(char **)(pInfo + 4))[p->car * 8]; if (p->type == 0) { pInput = (ReplayInputLane *)(p->pInputs + p->laneCount * 0x114c); if (value != pInput->events[pInput->eventCount - 1].value) { pEvent = &pInput->events[pInput->eventCount]; pEvent->value = value; pEvent->frame = *pIndex; pEvent->count = pFrame[2] & 0x3f; pInput->eventCount++; if (pEvent->count == 0) { pEvent->fra	CMR2Decomp/StageObjects.cpp	10347	void FUN_0046c8e0(void)	Steps every live replay object: advances the frame counter of the current record and appends the next one, rebuilding the lookup row when the current frame is exhausted.
0x00462d80	FUN_00462d80	StageObject_DrawProjectedViewIcon	Context: Draws the stage icon of one view node: projects its world position to the screen, blends the object ramp into the stage colour and queues the sprite.; Body: { SpriteRect uv; SpriteRect dst; SpriteRect icon; FixVector vR; FixVector vP; FixVector vOut; BYTE colour[4]; int view; int ramp; int value; int diff; int scale; int base; icon.w = 0x10; icon.h = 0x10; icon.x = 0; icon.y = 0; if (g_unk0x00547ad0 == 0) return; uv.x = *(short *)(g_unk0x00547ad0 + 0x11c); uv.y = *(short *)(g_unk0x00547ad0 + 0x11e); uv.w = *(short *)(g_unk0x00547ad0 + 0x120); uv.h = *(short *)(g_unk0x00547ad0 + 0x122); view = (int)g_viewNodes[param_2]; StageObject_GetRotatedStageLightVector(&vR); StageObject_GetCurrentObjectPosition(&vP); vR.x += vP.x; vR.y += vP.y; vR.z += vP.z; FixMatrix_ProjectWorldPointToView((int *)&vOut, &vR, (BYTE *)view); vOut.x >>= 16; vOut.y >>= 16; icon.x = (short)(vOut.x - icon.w / 2); icon.y = (short)(vOut.y - icon.h / 2); StageObject_UpdateSunVisibility((short *)&icon); ramp = FixMul(-0x20000, g_unk0x00547abc) + 0x20000; if (ramp < 0) ramp = 0; else if (ramp > 0x10000) ramp = 0x10000; value = FixMul((int)g_sunVisibility << 16, 0x28f); base = param_2 * 0x178; diff = value - *(int *)((BYTE *)g_unk0x00547ac8 + base + 0x68); if ((diff < 0 ? -diff : diff) <= FixMul(0x4ccc, g_unk0x0051bd3c)) { *(int *)((BYTE *)g_unk0x00547ac8 + base + 0x68) = value; } else { if (diff > 0) *(int *)((BYTE *)g_unk0x00547ac8 + base + 0x68) += FixMul(0x4ccc, g_unk0x0051bd3c); else *(int *)((BYTE *)g_unk0x00547ac8 + base + 0x68) -= FixMul(0x4ccc, g_unk0x0051bd3c); } ramp += *(int *)((BYTE *)g_unk0x00547ac8 + base + 0x68); if (ramp > 0x10000) ramp = 0x10000; sca	CMR2Decomp/StageObjects.cpp	10447	void FUN_00462d80(int param_1, int param_2)	Draws the stage icon of one view node: projects its world position to the screen, blends the object ramp into the stage colour and queues the sprite.
0x0046fe70	FUN_0046fe70	StageObject_QueueOrEvictMovingObject	Context: Queues a moving stage object: appends it to the free table, or (when the table is full) evicts the entry whose objects are farthest from the cars.; Body: { StageObjectEntry0x128 *entry; FixVector pos; FixVector delta; Car *pCar; int d; int v; int best; BYTE bestCount; BYTE bestIx; int j; int c; if (RallyData_IsElementFlagSet((BYTE **)&param_1, param_3) != 0) { RallyData_SetElementFlagBit((BYTE **)&param_1, param_3, 0); pCar = Car_Get(param_3); if (pCar->field_0xc0c == 0 && (char)RallyDataState() == 1) { *(int *)(*param_1 + 4) += -0x3e80000; *(BYTE *)(*param_1 + 0x14) = 0; } } pCar = Car_Get(param_3); if (pCar->field_0xc0c != 0) return; if (g_movingObjects.count < 0x28) { g_movingObjects.entries[g_movingObjects.count].field_0x0 = (int)param_1; *(int *)((BYTE *)&g_movingObjects.entries[g_movingObjects.count] + 0x118) = param_2; StageObject_InitMovingObject((int *)&g_movingObjects.entries[g_movingObjects.count], param_3); g_movingObjects.count++; return; } c = 0; if (g_movingObjects.count > 0) { entry = &g_movingObjects.entries[0]; do { RallyData_CopyRaisedElementVector((int *)&pos, (void **)entry); for (j = 0; j < Car_GetOrderCount(); j++) { delta.x = Car_Get(j)->position.x - pos.x; delta.y = Car_Get(j)->position.y - pos.y; delta.z = Car_Get(j)->position.z - pos.z; d = (FIX_ABS(delta.x) > FIX_ABS(delta.z)) ? FIX_ABS(delta.x) : FIX_ABS(delta.z); if (d > 0x28f) { FixVecScaleRecip(&delta, &delta, d); delta.y = 0; v = FixVecLength(&delta); g_movingObjects.carDistance[j + c * 8] = v; g_movingObjects.carDistance[j + c * 8] = FixMul(v, d); } else { g_movingObjects.carDistance[j + c * 8] = 0; } } g_farVotes[c] = 0; c++; entry++; } while	CMR2Decomp/StageObjects.cpp	10527	void FUN_0046fe70(int *param_1, int param_2, int param_3)	Queues a moving stage object: appends it to the free table, or (when the table is full) evicts the entry whose objects are farthest from the cars.
0x0046afe0	FUN_0046afe0	CarDamage_BuildPartVertexBuffer	Context: Builds the vertex buffer of one stage object for one car: converts the float source vertices to 16.16 fixed point and packs the normal bytes.; Body: { int i; int j; int total; int t; int len; BYTE rgb[3]; FixVector v; CarPartVertex *pDst; FixVector *pPos; FixVector p; g_unk0x00588b9c[param_1] = (int)CFileBuffer::AllocateLockedBuffer(set->count << 2); total = set->count * 4; g_unk0x00588ba0[param_1] = (int)CFileBuffer::AllocateLockedBuffer(set->count); for (i = 0; i < set->count; i++) { ((CarPartVertex **)g_unk0x00588b9c[param_1])[i] = (CarPartVertex *)CFileBuffer::AllocateLockedBuffer(set->vertexCount[i] << 5); total += set->vertexCount[i] << 5; ((BYTE *)g_unk0x00588ba0[param_1])[i] = (BYTE)set->nodes[i]->key; for (j = 0; j < set->vertexCount[i]; j++) { pDst = &((CarPartVertex **)g_unk0x00588b9c[param_1])[i][j]; pPos = &pDst->pos; pDst->pos.x = (int)(__int64)(((CarPartFloatVertex *)set->meshes[i]->pVertexData)[j].pos[0] * CGraphics::m_65536); pDst->pos.y = (int)(__int64)(((CarPartFloatVertex *)set->meshes[i]->pVertexData)[j].pos[1] * CGraphics::m_65536); pDst->pos.z = (int)(__int64)(((CarPartFloatVertex *)set->meshes[i]->pVertexData)[j].pos[2] * CGraphics::m_65536); pDst->normal.x = (int)(__int64)(((CarPartFloatVertex *)set->meshes[i]->pVertexData)[j].normal[0] * CGraphics::m_65536); pDst->normal.y = (int)(__int64)(((CarPartFloatVertex *)set->meshes[i]->pVertexData)[j].normal[1] * CGraphics::m_65536); pDst->normal.z = (int)(__int64)(((CarPartFloatVertex *)set->meshes[i]->pVertexData)[j].normal[2] * CGraphics::m_65536); p = *pPos; if (p.x >= 0) pDst->rawNormal[0] = 0x81; else pDst->rawNormal[0] = 0x7f; if (p.y >= 0) pDst->	CMR2Decomp/StageObjects.cpp	10617	void FUN_0046afe0(int param_1, int param_2, CarPartSet *set)	Builds the vertex buffer of one stage object for one car: converts the float source vertices to 16.16 fixed point and packs the normal bytes.
0x0047b970	FUN_0047b970	View_UpdateDriverCameraCycle	Context: Applies the driver-camera cycle: while the cycle key is held it picks the target driver (either from the current knockout round or by advancing the active one) and hands the resulting view mode to the rally data layer.; Body: { unsigned int uVar4; unsigned int uVar5; BYTE *p; p = StageUI_GetRaceResultTable(); if (**(char **)(p + 4) == 10) { if (Race_IsMultiplayerRecordMode10() == 0) { uVar4 = View_FindFreeModeSlot(0); } else { if (CGameInfo::GetConfiguredGameMode() == 2) uVar4 = param_1; else uVar4 = View_FindFreeModeSlot(1); } } else { uVar4 = View_FindFreeModeSlot(*(BYTE *)((BYTE *)g_unk0x0058e0a0 + 0xb1a)); } p = StageUI_GetRaceResultTable(); if ((**(char **)(p + 4) == 8) || (p = StageUI_GetRaceResultTable(), **(char **)(p + 4) == 7)) { uVar5 = StageUI_GetRaceResultValue(); switch (uVar5) { case 0: case 1: g_unk0x0058e0a4 = param_1; break; case 2: RallyData_GetRoundDrivers(&g_unk0x0058df98, &g_unk0x0058df9c); if (RallyData_GetUsableRecordCategory(g_unk0x0058df98 & 0xff) != -1) g_unk0x0058e0a4 = g_unk0x0058df9c; else g_unk0x0058e0a4 = g_unk0x0058df98; break; case 3: if (param_1 == 0) RallyData_GetRoundDrivers(&g_unk0x0058e0a4, &g_unk0x0058df9c); else RallyData_GetRoundDrivers(&g_unk0x0058df98, &g_unk0x0058e0a4); break; case 4: g_unk0x0058e0a4 = (StageUI_GetRaceEndEventCount() & 0xff) + param_1; break; } { BYTE bVar2 = CGameInfo::GetConfiguredPlayerCount(); if ((int)g_unk0x0058e0a4 < (int)(unsigned int)bVar2 && (uVar4 == 1 || uVar4 == 2 || uVar4 == 3 || uVar4 == 5 || uVar4 == 4)) { RallyData_SetDriverCarSelection((BYTE)g_unk0x0058e0a4, uVar4); } } } }	CMR2Decomp/StageObjects.cpp	10722	void FUN_0047b970(unsigned int param_1)	Applies the driver-camera cycle: while the cycle key is held it picks the target driver (either from the current knockout round or by advancing the active one) and hands the resulting view mode to the rally data layer.
0x004873f0	FUN_004873f0	Collision_BuildObjectPointBounds	Context: Builds the bounding box of an object's collision points (8 triples): the object's 2D direction is normalised from its accumulated translation and every point is projected onto it, tracking the box bounds.; Body: { short *pOut = *(short **)(param_3 + 4); FixVector dir; FixVector perp; FixVector pt; int maxLeft = 0; int maxRight = 0; int absY = param_1[1]; int right; int left; int len; int *p; int n; pOut[3] = 0; pOut[2] = 0; if (absY < 0) absY = -absY; if (absY > 0xfd70) { dir = *(FixVector *)&param_1[3]; dir.y = 0; len = FixVecLength(&dir); if (len == 0) { dir.x = 0; dir.y = 0; dir.z = 0; } else { FixVecScaleRecip(&dir, &dir, len); } } else { dir = *(FixVector *)param_1; dir.y = 0; len = FixVecLength(&dir); if (len == 0) { dir.x = 0; dir.y = 0; dir.z = 0; } else { FixVecScaleRecip(&dir, &dir, len); } } perp.x = dir.z; perp.y = 0; perp.z = -dir.x; p = (int *)(param_2 + 8); n = 8; do { pt = *(FixVector *)(p - 2); right = FixVecDot(&pt, &dir); left = FixVecDot(&pt, &perp); if (right > 0 && right > maxRight) maxRight = right; if (left > 0 && left > maxLeft) maxLeft = left; if (pt.y > pOut[2] * 0x200) pOut[2] = (short)(pt.y >> 9); if (pt.y < pOut[3] * 0x200) pOut[3] = (short)(pt.y >> 9); p += 3; } while (--n != 0); pOut[0] = (short)(dir.x >> 9); pOut[1] = (short)(dir.z >> 9); pOut[4] = (short)(maxRight >> 9); pOut[5] = (short)(maxLeft >> 9); }	CMR2Decomp/StageObjects.cpp	10782	void FUN_004873f0(int *param_1, int param_2, int param_3)	Builds the bounding box of an object's collision points (8 triples): the object's 2D direction is normalised from its accumulated translation and every point is projected onto it, tracking the box bounds.
0x0047c5e0	FUN_0047c5e0	AI_SelectWallCollisionResponse	Context: Chooses the wall-collision response of a car part from its lateral/forward offsets and the wall distances stored in the reference record; returns the facing side (1..4) or a slanted-response code (5/6), 0 when clear.; Body: { int mode; int off; int limit; int blocked; int local10; unsigned int isStackC; short iVar4; int iVar7; int iVar8; int iVar5; unsigned int u; mode = 0; if (*(int *)(param_1 + 0x5c) < -0xa0000) mode = 1; if (0xa0000 < *(int *)(param_1 + 0x5c)) mode = 2; iVar7 = *(int *)(param_1 + 0x34); if (iVar7 < 0) { iVar4 = *(int *)(param_1 + 0x54) * 0x10; local10 = (int)(__int64)((double)(int)*(signed char *)(g_unk0x0058e4a4 + iVar4 + 0xd) * g_minus65536); iVar8 = iVar7 - local10; { char cVar1 = *(signed char *)(g_unk0x0058e4a4 + iVar4 + 0xe); local10 = (int)(__int64)((double)(int)cVar1 * g_minus65536); iVar5 = 0; if ((iVar7 - local10 < 0x40000) && (cVar1 < 0x11)) iVar5 = iVar7 - local10; } if ((0 < iVar8) && (iVar8 < 0x40000)) iVar5 = iVar8; if (0 < iVar5) { if (0x5a0000 < *(int *)(param_1 + 0x38)) return 1; if (*(int *)(param_1 + 0x38) - FixMul(0xf0000, -iVar5) + 0x3c0000 < 0) return 2; } if (iVar8 < 0) { iVar7 = *(int *)(param_1 + 0x38); if (iVar7 < 1) { if (iVar7 < -0x6e0000) return 2; return ((iVar7 < -0x45ffff) - 1 & 0xfffffffe) + 6; } if (0x6e0000 < iVar7) return 1; return ((0x45ffff < iVar7) - 1 & 0xfffffffe) + 5; } local10 = (int)(__int64)((double)(int)*(signed char *)(g_unk0x0058e4a4 + iVar4 + 0xc) * g_minus65536); local10 = *(int *)(param_1 + 0x34) - local10; if ((local10 < 0) && (mode != 2)) { if (0x3c0000 < *(int *)(param_1 + 0x38)) return 1; if (*(int *)(param_1 + 0x38) < -0x2d0000) return 2; if (*(int *)(param_1 + 0x38) - FixMul(0x50000, -local10) < 0) return 3; } } else {	CMR2Decomp/StageObjects.cpp	10860	unsigned int FUN_0047c5e0(int param_1)	Chooses the wall-collision response of a car part from its lateral/forward offsets and the wall distances stored in the reference record; returns the facing side (1..4) or a slanted-response code (5/6), 0 when clear.
0x0047cd10	FUN_0047cd10	AI_FindClosestCarInAngleWindow	Context: Picks the closest car ahead of the reference angle among the active cars, rejecting those out of range or outside the angular window, and writes the chosen one's relative state code to *param_2.; Body: { Car *cars[6]; int flags[6]; int maxAng[6]; int angles[6]; int i, n; int wrap, base, refX, refZ; int outA[3], outB[3]; int outIdx; int iVar7, iVar8, iVar9, iVar10; unsigned int uVar2, length; *param_2 = 0; for (i = 0; i < 6; i++) { flags[i] = 0; cars[i] = Car_Get(i); } wrap = RallyData_GetRouteAvailabilityState(); refX = *(int *)((BYTE *)cars[param_1] + 0x2d8); refZ = *(int *)((BYTE *)cars[param_1] + 0x2d0); base = param_4[4]; n = (int)(signed char)g_unk0x0058e0b0[0]; if (0 < n) { for (i = 0; i < n; i++) { if ((i != param_1) && (*(int *)((BYTE *)cars[i] + 0x778) < 0xc800)) flags[i] = 1; } } if (0 < n) { for (i = 0; i < n; i++) { if (flags[i] != 0) { iVar8 = StageObject_Atan2Degrees(*(int *)((BYTE *)cars[i] + 0x368), *(int *)((BYTE *)cars[i] + 0x360)); iVar8 = StageObject_WrapFixedDegreeAngle(base - iVar8); if ((iVar8 < -0x5a0000) || (0x5a0000 < iVar8)) maxAng[i] = 10; else maxAng[i] = 5; } } } if (0 < n) { for (i = 0; i < n; i++) { if (flags[i] != 0) { iVar8 = RallyData_GetActiveCarRaceRecordField0((BYTE *)cars[i]); angles[i] = iVar8; iVar8 = iVar8 - param_3; if (iVar8 < -100) iVar8 = iVar8 + wrap; if ((iVar8 < 0) || (maxAng[i] < iVar8)) flags[i] = 0; } } } outIdx = 0; if (0 < (signed char)g_unk0x0058e0b0[0]) { do { if (flags[outIdx] != 0) { int dx = *(int *)((BYTE *)cars[outIdx] + 0x2d8) - refX; int dz = *(int *)((BYTE *)cars[outIdx] + 0x2d0) - refZ; uVar2 = (unsigned int)FixSqrt(FixMul(dx, dx) + FixMul(dz, dz)); length = uVar2; iVar7 = StageObject_Atan2Degrees(dx, dz); iVa	CMR2Decomp/StageObjects.cpp	10981	int FUN_0047cd10(int param_1, int *param_2, int param_3, int *param_4)	Picks the closest car ahead of the reference angle among the active cars, rejecting those out of range or outside the angular window, and writes the chosen one's relative state code to *param_2.
0x0046a500	FUN_0046a500	CarDamage_UpdateSuspensionImpactContacts	Context: Car impact update: checks the four axle travel limits, samples the current suspension extremes per object type and, when one of this car's objects is hit above 0x4ccc units/sec, builds the contact frame (forward / lateral / up) around the hit point, spawns the debris, adds the impact damage to the object record and refreshes the impact sound / force-feedback state. dano y sonido); difiere el reparto de registros del bloque de normalizacion; Body: { CarPartSet *pParts; unsigned int i; int iBig; int iFlagC; int idx; int dot; int speed; BOOL bVar5; BOOL bVar14; unsigned int uVar15; unsigned int uVar16; FixVector axes[3]; FixVector vHit; iFlagC = 0; pParts = (CarPartSet *)StageTiming_GetCarReplayRecord(pCar->index); bVar5 = FALSE; bVar14 = TRUE; i = 0; do { int limit; limit = pCar->wheel0x988[i]; if (limit < 0x51e) limit = 0x51e; if (pCar->wheel0x9d8[i] >= -limit) { bVar14 = FALSE; i = 4; } i++; } while (i < 4); iBig = 0; if (bVar14) { int *p; int n; bVar5 = TRUE; iBig = 0; p = pCar->field_0x9c8; n = 4; do { int v; v = *p; if (v < 0) v = -v; if (0xd91 < v) iBig = 1; p++; n--; } while (n != 0); } if (pCar->field_0xb74 != 0 && iBig != 0) { bVar5 = FALSE; idx = 0; do { if (StageObject_IsEligibleType((short)(unsigned short)pCar->wheelSurface[idx], 0, (int)pCar->field_0xb29) != 0) { bVar5 = TRUE; idx = 4; } idx++; } while (idx < 4); if (bVar5 && 0x4ccc < pCar->speed) { iFlagC = 1; FixVecScale(&axes[0], &pCar->velocity, -0x10000); dot = FixVecDot(&axes[0], &pCar->groundNormal); FixVecScale(&axes[2], &pCar->groundNormal, dot); axes[0].x -= axes[2].x; axes[0].y -= axes[2].y; axes[0].z -= axes[2].z; StageObj_NormalizeInto(&axes[0], &axes[0]); FixVecCross(&axes[2], &axes[0], &pCar->groundNormal); StageObj_NormalizeInto(&axes[2], &axes[2]); FixVecCross(&axes[1], &axes[2], &axes[0]); StageObj_NormalizeInto(&axes[1], &axes[1]); FixVecScale(&axes[1], &axes[1], 0x8000); vHit.x = pCar->corners[0].x - pCar->corners[3].x; vHit.y = pCar->co	CMR2Decomp/StageObjects.cpp	11272	void FUN_0046a500(Car *pCar)	Car impact update: checks the four axle travel limits, samples the current suspension extremes per object type and, when one of this car's objects is hit above 0x4ccc units/sec, builds the contact frame (forward / lateral / up) around the hit point, spawns the debris, adds the impact damage to the object record and refreshes the impact sound / force-feedback state. dano y sonido); difiere el reparto de registros del bloque de normalizacion
0x0046acb0	FUN_0046acb0	CarDamage_RebuildPartBounds	Context: Rebuilds the per-part bounding box of a stage object record for one car: converts the packed integer vertices of every part to floats, tracks the per-part min/max in 16.16 units, expands the record's global x/z bounds and stores each part centre and its half extents.; Body: { CarPartSet *set = (CarPartSet *)param_3; int i; int j; int match; int key; int maxX; int maxY; int maxZ; int minX; int minY; int minZ; int fx; int fy; int fz; FixVector pos; FixVector normal; FixVector extents; if (g_unk0x00588970[param_1] == 0) return; if (g_unk0x00588b9c[param_1] == 0) FUN_0046afe0(param_1, param_2, (CarPartSet *)param_3); for (i = 0; i < set->count; i++) { key = set->nodes[i]->key & 0xff; match = -1; for (j = 0; j <= set->count; j++) { if (((BYTE *)g_unk0x00588ba0[param_1])[j] == key) { match = j; j = set->count; } } if (match >= 0) { set->vertices[i] = ((CarPartVertex **)g_unk0x00588b9c[param_1])[match]; maxX = maxY = maxZ = -0x640000; minX = minY = minZ = 0x640000; for (j = 0; j < set->vertexCount[i]; j++) { pos = set->vertices[i][j].pos; ((CarPartFloatVertex *)set->meshes[i]->pVertexData)[j].pos[0] = pos.x * CGraphics::m_oneOver65536; ((CarPartFloatVertex *)set->meshes[i]->pVertexData)[j].pos[1] = pos.y * CGraphics::m_oneOver65536; ((CarPartFloatVertex *)set->meshes[i]->pVertexData)[j].pos[2] = pos.z * CGraphics::m_oneOver65536; normal = set->vertices[i][j].normal; ((CarPartFloatVertex *)set->meshes[i]->pVertexData)[j].normal[0] = normal.x * CGraphics::m_oneOver65536; ((CarPartFloatVertex *)set->meshes[i]->pVertexData)[j].normal[1] = normal.y * CGraphics::m_oneOver65536; ((CarPartFloatVertex *)set->meshes[i]->pVertexData)[j].normal[2] = normal.z * CGraphics::m_oneOver65536; fx = (int)(__int64)(((CarPartFloatVertex *)set->meshes[i]->pVertexData)[j].pos	CMR2Decomp/StageObjects.cpp	11393	void FUN_0046acb0(int param_1, int param_2, int param_3)	Rebuilds the per-part bounding box of a stage object record for one car: converts the packed integer vertices of every part to floats, tracks the per-part min/max in 16.16 units, expands the record's global x/z bounds and stores each part centre and its half extents.
0x0046d8d0	FUN_0046d8d0	Replay_EncodeCarPoseSample	Context: Rebuilds the per-frame light/colour record of a car from its render matrix: the car position relative to the sector it stands in is packed as a signed 16.16 angle pair into param_2[1], the sector index into param_2[2], the two basis vectors (right/forward) are converted with the atan2/acos tables into the two colour bytes of param_2[2] / param_2[3], and the light intensity and entity/flag bits are gathered into param_2[3].; Body: { FixVector basis[2]; FixVector size; FixVector pos; FixVector *pBasis; Sector *pSector; float fX; float fZ; float heading; int i; int angle; int pitch; int level; int flag; float elevation; FixMatrix_GetPosition(&pos, pCar->pWorld); pSample->y = pos.y; pSample->sector = pCar->sector; pSector = g_sectors[pCar->sector]; pos.x -= pSector->x; pos.y -= pSector->y; pos.z -= pSector->z; fX = (float)(((double)pos.x * CGraphics::m_oneOver65536) * CGraphics::m_oneOver128); fZ = (float)(((double)pos.z * CGraphics::m_oneOver65536) * CGraphics::m_oneOver128); if (fX >= g_netOne) pSample->x = 0x7ffd; else if (fX <= g_netMinusOne) pSample->x = -0x7ffd; else pSample->x = (int)(__int64)(fX * g_netSignedShortScale); if (fZ >= g_netOne) pSample->z = 0x7ffd; else if (fZ <= g_netMinusOne) pSample->z = -0x7ffd; else pSample->z = (int)(__int64)(fZ * g_netSignedShortScale); FixMatrix_GetRight(&basis[0], pCar->pWorld); FixMatrix_GetForward(&basis[1], pCar->pWorld); for (i = 0; i < 2; i++) { pBasis = &basis[i]; size.x = pBasis->x < 0 ? -pBasis->x : pBasis->x; size.y = pBasis->y < 0 ? -pBasis->y : pBasis->y; size.z = pBasis->z < 0 ? -pBasis->z : pBasis->z; if (size.x == 0) angle = 0; else angle = FixAtan2(size.z, size.x) * 0x1680; pitch = (0x400 - Replay_Acos(size.y)) * 0x1680; if (pBasis->x >= 0 && pBasis->z <= 0) angle = 0x1680000 - angle; else if (pBasis->x <= 0 && pBasis->z >= 0) angle = 0xb40000 - angle; else if (pBasis->x <= 0 && pBasis->z <= 0) angle += 0xb40000; if (pBasis->y <= 0) pitch = 0xb	CMR2Decomp/StageObjects.cpp	11526	void FUN_0046d8d0(Car *pCar, ReplaySample *pSample)	Rebuilds the per-frame light/colour record of a car from its render matrix: the car position relative to the sector it stands in is packed as a signed 16.16 angle pair into param_2[1], the sector index into param_2[2], the two basis vectors (right/forward) are converted with the atan2/acos tables into the two colour bytes of param_2[2] / param_2[3], and the light intensity and entity/flag bits are gathered into param_2[3].
0x0046de20	FUN_0046de20	Replay_DecodeCarPoseSample	Body: { FixVector axes[3]; FixVector pos; float pitch[2]; float heading[2]; short yaw[2]; short tilt[2]; float offX; float offZ; Sector *pSector; int i; short a; short b; FixVector *pAxis; DWORD angles; offX = ((float)(short)(((DWORD *)pSample)[1] & 0xffff) * g_unk0x0051137c) * g_unk0x00511368; offZ = ((float)(short)(((DWORD *)pSample)[1] >> 16) * g_unk0x0051137c) * g_unk0x00511368; pos.x = FloatToFix(offX); pos.y = 0; pos.z = FloatToFix(offZ); pSector = g_sectors[(short)pSample->sector]; pos.x += pSector->x; pos.z += pSector->z; pos.y = pSample->y; FixMatrix_SetPosition(&pos, pMatrix); angles = ((DWORD *)pSample)[2]; heading[0] = (float)(WORD)((BYTE *)&angles)[2]; pitch[0] = (float)(((WORD *)&angles)[1] >> 8); heading[1] = (float)((BYTE *)pSample)[0xc]; pitch[1] = (float)(WORD)((BYTE *)pSample)[0xd]; for (i = 0; i < 2; i++) { float vh = (heading[i] *= g_unk0x0051135c); float vp = (pitch[i] *= g_unk0x00511358); yaw[i] = (short)(__int64)((double)FloatToFix(vh) * g_unk0x00511300); tilt[i] = (short)(__int64)((double)FloatToFix(vp) * g_unk0x00511300); a = yaw[i]; b = tilt[i]; axes[i * 2].x = FixMul(g_sinTable[(unsigned short)b & 0xfff], g_sinTable[((unsigned short)a + 0x400) & 0xfff]); axes[i * 2].y = g_sinTable[((unsigned short)b + 0x400) & 0xfff]; axes[i * 2].z = FixMul(g_sinTable[(unsigned short)b & 0xfff], g_sinTable[(unsigned short)a & 0xfff]); StageObj_NormalizeInto(&axes[i * 2], &axes[i * 2]); } FixVecCross(&axes[1], &axes[2], &axes[0]); StageObj_NormalizeInto(&axes[1], &axes[1]	CMR2Decomp/StageObjects.cpp	11643	void FUN_0046de20(unsigned int *pFlag24, unsigned int *pFlag27, unsigned int *pSteering, int *pLevel, FixMatrix *pMatrix, int *pBits21, unsigned int *pFlag26, ReplaySample *pSample)	No source comment.
0x00463fe0	FUN_00463fe0	StageObject_RebuildCarLightMeshes	Context: Rebuilds the two light meshes of a car. First a glow light is created for every collision point of the car (the (object, vertex) slot is stored into the point afterwards), then for every object vertex each collision point keeps the object/vertex index of the closest vertex. del vertice mas cercano); difiere el codegen de los productos escalares 16.16; Body: { #define LCAR (*(char *)(param_1 + 0xb1a)) int minDot[20]; int *pRec; FixVector scale; FixAngles angles; FixVector position; int i; int n; CarLightPoint *pPoint; n = 0; angles.z = 0xff1d; scale.x = 0; scale.y = 0; scale.z = 0; angles.x = 0; angles.y = 0; angles.pad = 0; if (LCAR == 0) { g_unk0x00547fe0.x = 0x1e0000; g_unk0x00547fe0.y = 0; g_unk0x00547fe0.z = 0; g_unk0x00547fa0.x = 0xf0000; g_unk0x00547fa0.y = 0; g_unk0x00547fa0.z = 0; position.x = 0; position.y = 0; position.z = 0; g_unk0x00547fec = Scene_CreateLight(0, 0x140000, 0x140000, 0x140000, &position, &angles, (SceneNode *)RallyData_GetChallengeRenderState()); g_unk0x00547ff0 = Scene_CreateLight(0, 0x140000, 0x140000, 0x140000, &position, &angles, (SceneNode *)RallyData_GetChallengeRenderState()); } { int *pSet = (int *)FUN_00457e10((BYTE *)param_1, 0); int side = 0; int *pMin; int off; char projected; SceneNode *node; g_carLightSets[LCAR] = pSet; g_carLightPoints[LCAR] = (CarLightPoint *)(pSet + 1); if (0 < *g_carLightSets[LCAR]) { pMin = minDot; off = 0; do { pPoint = (CarLightPoint *)((BYTE *)g_carLightPoints[LCAR] + off); if (StageObject_GetCarStateSlot((BYTE *)param_1) == 0 || pPoint->part == -1) { node = *(SceneNode **)(param_1 + 0x720); } else { node = (SceneNode *)StageObject_GetCarPartNode((BYTE *)param_1, (int)pPoint->part); if (node == NULL) node = *(SceneNode **)(param_1 + 0x720); } Frontend_SetObjectField118((Unk0x004a3e20 *)g_carLightTexA[pPoint->slot], 1); Frontend_SetObjectField118((Unk0x004a3e20 *)g	CMR2Decomp/StageObjects.cpp	11724	void FUN_00463fe0(int param_1)	Rebuilds the two light meshes of a car. First a glow light is created for every collision point of the car (the (object, vertex) slot is stored into the point afterwards), then for every object vertex each collision point keeps the object/vertex index of the closest vertex. del vertice mas cercano); difiere el codegen de los productos escalares 16.16
0x004643f0	FUN_004643f0	StageObject_UpdateCarLightFlagsAndGlows	Context: Drives the two light flag bytes of a car (brake/reverse/hazard/head) and updates the glow light of every collision point: it enables/fades it from the per-lane tuning table, colours it by the point type and hangs it on the car body, or disables every glow when the car is not racing. el codegen de la tabla de ajuste por carril y de las llamadas a StageObject_ModifyDamageRecordFlagBytes difiere; Body: { Car *pCar = (Car *)param_1; #define LIGHT_CAR (pCar->index) #define LIGHT_COUNT(c) (*g_carLightSets[c]) #define LIGHT_POINTS(c) g_carLightPoints[c] int lights[11]; FixVector planePos; FixVector colour; FixVector pos; int out[3]; int *pRec; CarLightPoint *pPoint; BYTE *glow; int vA; int vB; int old; int n; int off; int intensity; int idx; int vx; int vy; int vz; int oi; int ii; int *pVertex; pRec = StageTiming_GetCarReplayRecord(LIGHT_CAR); if (pCar->field_0xb70 != 0) { StageObject_ModifyDamageRecordFlagBytes(LIGHT_CAR, 0, 0, 2); StageObject_ModifyDamageRecordFlagBytes(LIGHT_CAR, 0, 0, 8); for (n = 0; n < LIGHT_COUNT(LIGHT_CAR); n++) Glow_SetEntryByte50((BYTE *)g_unk0x00547d00[n + LIGHT_CAR * 0x14], 0); return; } StageTiming_ReadCarReplayTailValues(&vA, &vB, (Car *)param_1); if (pCar->field_0xb54 != 0) StageObject_ModifyDamageRecordFlagBytes(LIGHT_CAR, vA == 0, vB == 0, 2); else StageObject_ModifyDamageRecordFlagBytes(LIGHT_CAR, 0, 0, 2); if (pCar->field_0xb5c != 0) StageObject_ModifyDamageRecordFlagBytes(LIGHT_CAR, vA == 0, vB == 0, 8); else StageObject_ModifyDamageRecordFlagBytes(LIGHT_CAR, 0, 0, 8); if (pCar->field_0xb58 != 0) { StageObject_ModifyDamageRecordFlagBytes(LIGHT_CAR, vA == 0, vB == 0, 1); StageObject_ModifyDamageRecordFlagBytes(LIGHT_CAR, 1, 1, 0x10); } else { StageObject_ModifyDamageRecordFlagBytes(LIGHT_CAR, 0, 0, 1); StageObject_ModifyDamageRecordFlagBytes(LIGHT_CAR, 0, 0, 0x10); } if (pRec[0xa7] > 0x4ccc) { old = g_unk0x00547ce0[LIGHT_CAR]; g_unk0x00547ce0	CMR2Decomp/StageObjects.cpp	11869	void FUN_004643f0(int param_1)	Drives the two light flag bytes of a car (brake/reverse/hazard/head) and updates the glow light of every collision point: it enables/fades it from the per-lane tuning table, colours it by the point type and hangs it on the car body, or disables every glow when the car is not racing. el codegen de la tabla de ajuste por carril y de las llamadas a StageObject_ModifyDamageRecordFlagBytes difiere
0x0046d610	FUN_0046d610	Replay_InterpolatePoseStream	Context: Advances a type 2 replay stream: on every third frame it moves to the next sample (snapping the pose pair and fetching the next one), then interpolates the car's matrix, heading, steering and velocity between the two samples. dead parameter slot for the FixMul operands.; Body: { Car *pCar; int t; int value; if (p == NULL) return; pCar = Car_Get(p->car); if (p->playing == 0 || p->type != 2 || pCar->field_0xb43 <= 0u) return; if (p->step >= 3) { p->pose.from = p->pose.to; p->headingFrom = p->headingTo; p->steerFrom = p->steerTo; p->eventPrev = p->event; p->flagPrev = p->flag; if (p->event > 0) Race_PlayScrapeAndShakeCar(pCar->index, p->event, pCar->index); p->frame++; if (p->frame < p->pLaneSamples[p->lane]) FUN_0046de20(&p->field_0xec, &p->flag, (unsigned int *)&p->steerTo, &p->headingTo, &p->pose.to, &p->event, &p->field_0xe8, (ReplaySample *)p->pSamples + p->samplesPerLane * p->lane + p->frame); else Replay_ResetBufferIfActive((int *)p); Replay_ComputePoseVelocityCorrection(&p->pose, pCar); p->step = 0; if (p->flagPrev != 0) pCar->field_0xbf8 = 1; } if (p->flag != 0) t = 0; else t = FixDiv(p->step << 16, 0x30000); FixMatrix_Interpolate(pCar->pWorld, &p->pose.from, &p->pose.to, t, t, t, 1); value = FixMul(FixMul(p->headingTo - p->headingFrom, t) + p->headingFrom, pCar->field_0xb16 * 0x1680); pCar->field_0x7a4 = 0; pCar->heading = (unsigned short)(__int64)((double)value * g_unk0x00511300); pCar->steerFollowRate = FixMul(pCar->field_0x788, FixMul(p->steerTo - p->steerFrom, t) + p->steerFrom); pCar->velocityNext = pCar->velocity; pCar->velocity.x += p->pose.velocity.x; pCar->velocity.y += p->pose.velocity.y; pCar->velocity.z += p->pose.velocity.z; *(unsigned int *)&pCar->field_0xb54 = p->field_0xec; p->step++; }	CMR2Decomp/StageObjects.cpp	12406	void FUN_0046d610(ReplayStream *p)	Advances a type 2 replay stream: on every third frame it moves to the next sample (snapping the pose pair and fetching the next one), then interpolates the car's matrix, heading, steering and velocity between the two samples. dead parameter slot for the FixMul operands.
0x0047aa70	FUN_0047aa70	SurfaceSound_UpdateNearestLocalCarEngines	Context: Picks the nearest stage cars to the player's view (up to two) and starts or updates their engine sounds, then adjusts pan and volume from the distance.; Body: { int carIds[8]; int distances[8]; int used[16]; FixMatrix rot; FixVector pos; FixVector viewPos; FixVector delta; int i; int count; int slots; int limit; int *pHandle; unsigned int chosen; int bestDist; int dist; int scale; int pitch; count = (int)Car_GetOrderCount(); count -= (int)RallyDataState(); if (count == 0) return; slots = (count < 2) ? count : 2; if (0 < count) { for (i = 0; i < count; i++) used[i] = 1; for (i = 0; i < count; i++) { Car *pCar = Car_Get((int)(RallyDataState() & 0xff) + i); FixMatrix_CopyRotationFrom(&rot, pCar->pWorld); FixMatrix_GetPosition(&pos, &rot); FixMatrix_GetPosition(&viewPos, (FixMatrix *)(g_unk0x00538d2c + 4)); delta.x = pos.x - viewPos.x; delta.y = pos.y - viewPos.y; delta.z = pos.z - viewPos.z; distances[i] = (int)FixVec_Length(&delta); } } if (slots <= 0) return; pHandle = g_unk0x0058ddc8Pair; limit = slots; do { chosen = 0; bestDist = 0x42400000; if (0 < count) { for (i = 0; i < count; i++) { if (distances[i] < bestDist && used[i] != 0) { bestDist = distances[i]; chosen = (unsigned int)(i + 1); } } } used[chosen - 1] = 0; dist = NetRace_GetListenerDistanceAttenuation(chosen, 0); { Car *pCar = Car_Get(chosen); int car798 = pCar->field_0x798; scale = FixMul(pCar->field_0x7ac, car798); pitch = FixMulShift32(scale, 0x19640000); if (pitch < 2000) pitch = 2000; else if (pitch > 0x1964) pitch = 0x1964; } if (Sound_IsPlaying((unsigned int)*pHandle) == 0) { int volScale = FixMul(g_unk0x0058dda8, FixMul(dist, g_unk0x0051f27c)); int dist2 = NetRa	CMR2Decomp/StageObjects.cpp	12470	void FUN_0047aa70(void)	Picks the nearest stage cars to the player's view (up to two) and starts or updates their engine sounds, then adjusts pan and volume from the distance.
0x0047ad20	FUN_0047ad20	SurfaceSound_UpdateNearestNetworkCarEngines	Context: Same as FUN_0047aa70 for the network race: gathers the active player cars by their network index instead of the local order list.; Body: { int carIds[8]; int distances[8]; int used[16]; FixMatrix rot; FixVector pos; FixVector viewPos; FixVector delta; int i; int n; int count; int slots; int limit; int *pHandle; unsigned int chosen; int bestDist; int dist; int scale; int pitch; count = 0; for (i = 0; i < 7; i++) { if (NetPlayers_IsPlayerPresent(i) != 0) carIds[count++] = NetPlayers_GetPlayerField8(i); } if (count == 0) return; slots = (count < 2) ? count : 2; for (i = 0; i < 8; i++) used[i] = 0; for (i = 0; i < count; i++) used[i] = 1; for (i = 0; i < count; i++) { Car *pCar = Car_Get(carIds[i]); FixMatrix_CopyRotationFrom(&rot, pCar->pWorld); FixMatrix_GetPosition(&pos, &rot); FixMatrix_GetPosition(&viewPos, (FixMatrix *)(g_unk0x00538d2c + 4)); delta.x = pos.x - viewPos.x; delta.y = pos.y - viewPos.y; delta.z = pos.z - viewPos.z; distances[i] = (int)FixVec_Length(&delta); } if (slots < 1) return; pHandle = g_unk0x0058ddc8Pair; limit = slots; do { chosen = 0; bestDist = 0x42400000; for (i = 0; i < count; i++) { if (i == 0) { bestDist = distances[0]; chosen = (unsigned int)carIds[0]; } if (distances[i] < bestDist && used[i] != 0) { chosen = (unsigned int)carIds[i]; bestDist = distances[i]; } } used[chosen] = 0; dist = NetRace_GetListenerDistanceAttenuation(chosen, 0); { Car *pCar = Car_Get(chosen); int car798 = pCar->field_0x798; scale = FixMul(car798, pCar->field_0x7ac); pitch = FixMulShift32(scale, 0x19640000); if (pitch < 2000) pitch = 2000; else if (pitch > 0x1964) pitch = 0x1964; } if (Sound_IsPlaying((unsi	CMR2Decomp/StageObjects.cpp	12562	void FUN_0047ad20(void)	Same as FUN_0047aa70 for the network race: gathers the active player cars by their network index instead of the local order list.
0x0047b0e0	FUN_0047b0e0	StageObject_UpdatePlayerControlIndicators	Context: Refreshes the on-screen control indicators of the active car (steer, throttle, brake, handbrake) from the input device driving a player: analogue axes scale the indicators, digital buttons light them full.; Body: { DeviceInfo *pDev; DeviceInfo *pSrc; BYTE *p; int axisSteer; int axisThrottle; int axisBrake; int idx; int raw; int half; char c; if (CGameInfo::IsInRaceMenuOpen()) return; if (CGameInfo::GetGameModeOptionBit19()) { if (player > 0) return; } else if (player >= (int)(RallyDataState() & 0xff)) { return; } StageObject_ReadCarControllerMapping(player); pDev = CInput::GetAvailableDeviceRecord(device); if (pDev->field_0x0 != 1) { pSrc = CInput::GetAvailableDeviceRecord(player); pDev->field_0x4 |= pSrc->field_0x4; pDev->field_0x8 |= pSrc->field_0x8; pDev->field_0xc |= pSrc->field_0xc; } p = StageUI_GetRaceResultTable(); if (*(char *)(*(int *)(p + 4) + player * 8) != '\n' || GameMenu_IsPauseHeaderActive() != 0) { p = StageUI_GetRaceResultTable(); if (*(char *)(*(int *)(p + 4) + player * 8) == '\n') { idx = Race_IsMultiplayerRecordMode10() ? -1 : 0; if (View_GetActiveCameraMode((BYTE)idx) != 10 && View_GetActiveCameraMode((BYTE)idx) != 7) { if ((pDev->field_0x8 & g_carButtonMasks[7]) != 0) FUN_0047b970(player); } } else { if (View_GetActiveCameraMode((BYTE)player) != 10 && View_GetActiveCameraMode((BYTE)player) != 7) { if ((pDev->field_0x8 & g_carButtonMasks[7]) != 0) FUN_0047b970(player); } } } if (Race_GetPlayerRecordField4((BYTE)player) == 0) { if ((pDev->field_0x8 & g_carButtonMasks[7]) == 0 && View_GetActiveCameraMode((BYTE)player) != 8) StageObject_CycleDriverCameraSelection(pDev->field_0x4, player); if (pDev->field_0x0 == 3 || pDev->field_0x0 == 2) { axisSteer = g_unk0x0058e0a	CMR2Decomp/StageObjects.cpp	12661	void FUN_0047b0e0(int player, int device)	Refreshes the on-screen control indicators of the active car (steer, throttle, brake, handbrake) from the input device driving a player: analogue axes scale the indicators, digital buttons light them full.
0x0047d850	FUN_0047d850	StageObject_TestHeadlightGlowsAgainstCarBox	Context: Tests every active headlight glow record of the other cars against the oriented bounding box of this car (extents along the two box axes and the world y range), and for the ones found inside it builds the impact direction from the glow position, accumulates the impulse in the deformation vector and torque of the car and applies the mode 2 collision deformation.; Body: { FixVector delta; FixVector dir; FixVector localDelta; FixVector localDir; FixVector cross; FixVector *pAnchor; int *pRec; int i; int dot1; int dot2; pRec = (int *)g_unk0x0058e4c8; i = 100; do { if (pRec[0x15] != 0 && *(BYTE *)(pRec + 0x16) != pCar->index) { pAnchor = (FixVector *)param_2[0x25]; delta.x = *(int *)(pRec + 3) - pAnchor->x; delta.y = *(int *)(pRec + 4) - pAnchor->y; delta.z = *(int *)(pRec + 5) - pAnchor->z; if (FIX_ABS(delta.x) < 0x640000) { if (FIX_ABS(delta.y) < 0x640000) { if (FIX_ABS(delta.z) < 0x640000 && *(int *)(pRec + 4) >= param_2[3] && *(int *)(pRec + 4) <= param_2[2]) { dot1 = FixVecDot((FixVector *)(param_2 + 4), &delta); dot2 = FixVecDot((FixVector *)(param_2 + 7), &delta); if (FIX_ABS(dot1) <= param_2[0] && FIX_ABS(dot2) <= param_2[1]) { FixVecScale(&dir, (FixVector *)pRec, 0x20000); FIX_NORMALIZE_INTO(dir, dir); delta.y -= 0x38000; pCar->velocity.y += 0x4000; FixMatrix_InverseRotateVector(&localDelta, &delta, pCar->pWorld); FixMatrix_InverseRotateVector(&localDir, &dir, pCar->pWorld); FixVecCross(&cross, &localDir, &localDelta); pCar->field_0x5c4.x += dir.x; pCar->field_0x5c4.y += dir.y; pCar->field_0x5c4.z += dir.z; pCar->field_0x5d0.x += cross.x; pCar->field_0x5d0.y += cross.y; pCar->field_0x5d0.z += cross.z; pCar->field_0xc00 = 1; pCar->field_0x96c = 0x10000; FIX_NORMALIZE_INTO(dir, dir); FUN_00466ef0(pCar, pRec + 3, &dir, 0, 2, 0); pRec[0x15] = 0; pRec[0x12] = 0; } } } } } pRec += 0x17; i--; } while (i != 0); }	CMR2Decomp/StageObjects.cpp	12805	void FUN_0047d850(Car *pCar, int *param_2)	Tests every active headlight glow record of the other cars against the oriented bounding box of this car (extents along the two box axes and the world y range), and for the ones found inside it builds the impact direction from the glow position, accumulates the impulse in the deformation vector and torque of the car and applies the mode 2 collision deformation.
0x00484e00	FUN_00484e00	CarDamage_StepClimbingCarRecords	Context: Stops the stage-object records of every climbing car: cars resting on a very steep ground normal get the ground-aligned step, the rest the free step.; Body: { FixVector impulse; short *pIndex; int n; FUN_00460a30(&impulse); n = param_2 - 1; if (n < 0) return; pIndex = (short *)(param_1 + n * 2); n++; do { int idx = *pIndex; int m; g_partCar = (Car *)Car_Get(idx); g_partSet = (CarPartSet *)StageTiming_GetCarReplayRecord(idx); if (g_partCar->field_0xc0c == 0) { if (g_partCar->field_0xb64 == 0 && g_partCar->field_0xc00 != 0 && FixVecDot(&g_partCar->groundNormal, &g_partCar->up) < -0xcccc && (g_partCar->cornerFlags[5] == 0 || g_partCar->cornerFlags[4] == 0 || g_partCar->cornerFlags[7] == 0 || g_partCar->cornerFlags[6] == 0)) { m = *(int *)g_unk0x00590b30[g_partCar->index] - 1; for (; m >= 0; m--) FUN_00484f40(m); } else { StageObject_ApplyRandomizedBodyImpulse(&impulse); m = *(int *)g_unk0x00590b30[g_partCar->index] - 1; for (; m >= 0; m--) FUN_004854a0(m); } } pIndex--; } while (--n); }	CMR2Decomp/StageObjects.cpp	12864	void FUN_00484e00(int param_1, short param_2)	Stops the stage-object records of every climbing car: cars resting on a very steep ground normal get the ground-aligned step, the rest the free step.
0x00488640	FUN_00488640	Collision_TestOrientedBoxCornerOverlap	Context: Overlap test between two oriented 2D collision boxes: the four corners of each box are checked against the other box's half extents in that box's own frame, and the deepest push distance found along the direction from `pOffset` to box B is handed to the collision resolver. When no corner overlaps, the box edge (quad) test is tried as a fallback. Returns 1 when a contact was resolved.; Body: { FixVector dir; FixVector negDir; FixVector delta; FixVector corner; FixVector *posA; FixVector *posB; int projAxis0; int projAxis1; int projCorner0; int projCorner1; int t0; int t1; int best; int maxDist; int hit; int passHit; int hit0; int hit1; int length; int index; int i; if (pBoxA->top < pBoxB->bottom || pBoxB->top < pBoxA->bottom) return 0; g_unk0x005914d4 = 0; g_unk0x005915f4 = 0; g_collisionPush.x = 0; g_collisionPush.y = 0; g_collisionPush.z = 0; g_unk0x005914b8.x = 0; g_unk0x005914b8.y = 0; g_unk0x005914b8.z = 0; posA = (FixVector *)pBoxA->pVertex; posB = (FixVector *)pBoxB->pVertex; delta.x = posB->x - pOffset->x; delta.y = posB->y - pOffset->y; delta.z = posB->z - pOffset->z; delta.y = 0; FIX_NORMALIZE_INTO(dir, delta); projAxis0 = FixVecDot(&dir, &pBoxA->axisA); projAxis1 = FixVecDot(&dir, &pBoxA->axisB); hit = 0; passHit = 0; maxDist = 0; for (i = 0; i < 4; i++) { delta.x = pBoxB->points[i].x - ((FixVector *)pBoxA->pVertex)->x; delta.y = pBoxB->points[i].y - ((FixVector *)pBoxA->pVertex)->y; delta.z = pBoxB->points[i].z - ((FixVector *)pBoxA->pVertex)->z; delta.y = 0; projCorner0 = FixVecDot(&delta, &pBoxA->axisA); projCorner1 = FixVecDot(&delta, &pBoxA->axisB); if (FIX_ABS(projCorner0) > pBoxA->halfWidth || FIX_ABS(projCorner1) > pBoxA->halfLength) continue; hit0 = 0; hit1 = 0; t0 = 0; t1 = 0; best = 0x7d000000; if (projAxis0 > 0x41) { t0 = FixDiv(pBoxA->halfWidth - projCorner0, projAxis0); hit0 = 1; } else if (projAxis0 < -0x41) { t0 = FixDiv(FIX_ABS(pBoxA->	CMR2Decomp/StageObjects.cpp	13164	int FUN_00488640(CollisionBox *pBoxA, CollisionBox *pBoxB, FixVector *pOffset, int scale)	Overlap test between two oriented 2D collision boxes: the four corners of each box are checked against the other box's half extents in that box's own frame, and the deepest push distance found along the direction from `pOffset` to box B is handed to the collision resolver. When no corner overlaps, the box edge (quad) test is tried as a fallback. Returns 1 when a contact was resolved.
0x0048e730	FUN_0048e730	Collision_ResolveSectorFaceContact	Context: Resolves the car's contact with the face tracked in g_collisionFace: picks the contact axis, slides the car (position, eight corners and the face's four vertices) out of the surface and latches the impact direction and point from the surface descriptor in g_unk0x0059190c.; Body: { int xRatio; int yRatio; int axis; int bestRatio; int haveX; int haveY; int len; int dot0; int dot1; int dot; int impulse; int i; BYTE surface; unsigned short angle; xRatio = 0; yRatio = 0; axis = -1; FUN_00486c30(((int *)g_collisionFace), &g_collisionCar->right.x, &g_collisionCar->position.x, &g_collisionCar->corners[0]); g_unk0x00591968.x = param_1[0] - g_collisionCar->position.x; g_unk0x00591968.y = param_1[1] - g_collisionCar->position.y; g_unk0x00591968.z = param_1[2] - g_collisionCar->position.z; g_unk0x00591968.y = 0; dot0 = FixVecDot((FixVector *)(((int *)g_collisionFace) + 4), &g_unk0x00591968); dot1 = FixVecDot((FixVector *)(((int *)g_collisionFace) + 7), &g_unk0x00591968); if (((int *)g_collisionFace)[0] < FIX_ABS(dot0)) return 0; if (((int *)g_collisionFace)[1] < FIX_ABS(dot1)) return 0; g_unk0x00591950.x = param_1[0] - g_collisionCar->positionPrev.x; g_unk0x00591950.y = param_1[1] - g_collisionCar->positionPrev.y; g_unk0x00591950.z = param_1[2] - g_collisionCar->positionPrev.z; g_unk0x00591950.y = 0; len = FixVecLength(&g_unk0x00591950); if (len <= 0) return 0; FixVecScaleRecip(&g_unk0x00591920, &g_unk0x00591950, len); dot0 = FixVecDot(&g_unk0x00591920, (FixVector *)(((int *)g_collisionFace) + 4)); dot1 = FixVecDot(&g_unk0x00591920, (FixVector *)(((int *)g_collisionFace) + 7)); haveX = 0; haveY = 0; bestRatio = 0x7d000000; if (dot0 > 0x41) { xRatio = FixDiv(((int *)g_collisionFace)[0] - dot0, dot0); haveX = 1; } else if (dot0 < -0x40) { xRatio = FixDiv(FIX_ABS((	CMR2Decomp/StageObjects.cpp	13325	int FUN_0048e730(int *param_1, int *param_2, int param_3, char param_4)	Resolves the car's contact with the face tracked in g_collisionFace: picks the contact axis, slides the car (position, eight corners and the face's four vertices) out of the surface and latches the impact direction and point from the surface descriptor in g_unk0x0059190c.
0x0048cae0	FUN_0048cae0	View_PlaceTracksideCameraAtSpot	Context: Places a trackside camera on spot `spot` for a view record.; Body: { CameraSpot *pSpot; BYTE index; short heading; FixVector position; FixVector d; int near_; pSpot = &g_unk0x00591750[spot]; index = pRecord[0]; g_unk0x00591740[index] = spot; heading = pSpot->heading; if (heading > 0x3f4 && heading < 0x40b) { StageObject_SelectAndCopyCarNodePayload(pRecord, (int *)pRef, *((BYTE *)Car_Get(pRecord[2]) + 0xb1a), 1); } else if (heading < -0x3f4 && heading > -0x40b) { StageObject_SelectAndCopyCarNodePayload(pRecord, (int *)pRef, *((BYTE *)Car_Get(pRecord[2]) + 0xb1a), 2); } else { FixMatrix_GetPosition(&position, pRef); g_unk0x00591754[index] = 0; g_unk0x00591720[index] = 0; d.x = position.x - pSpot->position.x; d.y = position.y - pSpot->position.y; d.z = position.z - pSpot->position.z; if ((int)FixVec_Length(&d) < pSpot->range || (FixVecDot(&d, &pSpot->forward) < 0 && pSpot->range > 0)) near_ = 1; else near_ = 0; g_unk0x005916d0[index] = near_; g_unk0x005916f0[index] = near_; FUN_0048ce80(pRecord, pRef); g_unk0x00591730[index] = 0; } }	CMR2Decomp/StageObjects.cpp	13524	void FUN_0048cae0(BYTE *pRecord, FixMatrix *pRef, int spot)	Places a trackside camera on spot `spot` for a view record.
0x0048cc30	FUN_0048cc30	View_UpdateTracksideZoomAndShake	Context: Per-frame update of a trackside camera: eases its zoom and shake settings towards the spot's near/far values once the car is in range.; Body: { CameraSpot *pSpot; BYTE *pCar; BYTE index; short heading; FixVector position; FixVector d; int distance; int zoom; int shake; index = pRecord[0]; heading = g_unk0x00591750[g_unk0x00591740[index]].heading; pSpot = SPOT(index); if (heading > 0x3f4 && heading < 0x40b) { pCar = (BYTE *)Car_Get(pRecord[2]); StageObject_InterpolateReferenceMatrix(pRecord, (int *)pRef, (*(int *)(pCar + 0xc04) == 0 && *(int *)(pCar + 0xb60) == 0) ? 0 : 1); return; } if (heading < -0x3f4 && heading > -0x40b) { pCar = (BYTE *)Car_Get(pRecord[2]); StageObject_InterpolateReferenceMatrix(pRecord, (int *)pRef, (*(int *)(pCar + 0xc04) == 0 && *(int *)(pCar + 0xb60) == 0) ? 0 : 1); return; } FixMatrix_GetPosition(&position, pRef); d.x = pSpot->position.x - position.x; d.y = pSpot->position.y - position.y; d.z = pSpot->position.z - position.z; distance = FixVec_Length(&d); if (g_unk0x005916d0[index] != 0) { if (distance < g_unk0x005916e0[index]) { zoom = pSpot->field_0x4c; shake = pSpot->field_0x64; } else { zoom = pSpot->field_0x50; shake = pSpot->field_0x68; } g_unk0x00591754[index] = FixMul(zoom, 0x3333) + FixMul(g_unk0x00591754[index], 0xcccc); g_unk0x00591720[index] = FixMul(shake, 0x3333) + FixMul(g_unk0x00591720[index], 0xcccc); g_unk0x00591700[index] = FixMul(pSpot->field_0x60, 0x1999) + FixMul(g_unk0x00591700[index], 0xe666); FUN_0048d950(pRecord, pRef); FUN_0048db00(pRecord, g_unk0x00591754[index]); StageObject_ApproachCarLevelTarget(pRecord, g_unk0x00591720[index]); StageObject_AddClampedCarLevel	CMR2Decomp/StageObjects.cpp	13563	void FUN_0048cc30(BYTE *pRecord, FixMatrix *pRef)	Per-frame update of a trackside camera: eases its zoom and shake settings towards the spot's near/far values once the car is in range.
0x0048ce80	FUN_0048ce80	View_RestartTracksideCameraDolly	Context: Restarts a trackside camera: back to the start of its dolly track (or to the car when the car is already in range).; Body: { CameraSpot *pSpot; BYTE index; short heading; FixVector position; FixVector d; index = pRecord[0]; heading = g_unk0x00591750[g_unk0x00591740[index]].heading; pSpot = SPOT(index); if (heading > 0x3f4 && heading < 0x40b) { FUN_00486910(pRecord, (int *)pRef); return; } if (heading < -0x3f4 && heading > -0x40b) { FUN_00486910(pRecord, (int *)pRef); return; } g_unk0x00591730[index] = 0; if (g_unk0x005916d0[index] != 0) { StageObject_BuildSurfaceImpactDisplacement(&g_unk0x00591868[index], pRecord, Car_Get(pRecord[2]), pRef); FUN_0048d950(pRecord, pRef); if (g_unk0x00591754[index] > 0) g_unk0x00591730[index] = 0x10000; g_unk0x005916f0[index] = 1; } else { FixMatrix_GetPosition(&position, pRef); d.x = position.x - pSpot->position.x; d.y = position.y - pSpot->position.y; d.z = position.z - pSpot->position.z; if ((int)FixVec_Length(&d) < pSpot->range || (FixVecDot(&d, &pSpot->forward) < 0 && pSpot->range > 0)) { FUN_0048d950(pRecord, pRef); } else { FixVecScale(&g_unk0x005916a0[index], &pSpot->forward, pSpot->range); g_unk0x005916a0[index].x += pSpot->position.x; g_unk0x005916a0[index].y += pSpot->position.y; g_unk0x005916a0[index].z += pSpot->position.z; g_unk0x00591710[index] = pSpot->field_0x54; } g_unk0x00591868[index].x = 0; g_unk0x00591868[index].y = 0; g_unk0x00591868[index].z = 0; } g_unk0x00591700[index] = 0; g_unk0x00591898[index] = g_unk0x005916a0[index]; g_unk0x00591690[index] = g_unk0x00591710[index]; FUN_0048d0f0(pRecord, pRef); }	CMR2Decomp/StageObjects.cpp	13619	void FUN_0048ce80(BYTE *pRecord, FixMatrix *pRef)	Restarts a trackside camera: back to the start of its dolly track (or to the car when the car is already in range).
0x0048d0f0	FUN_0048d0f0	View_BuildTracksideCameraMatrix	Context: Builds a trackside camera's matrix: its position (moved along the dolly track and shaken while the car is close), looking along the spot's basis or at the car, turned by the spot's heading, with the spot's zoom.; Body: { CameraRecord *pCameraRecord = (CameraRecord *)pRecord; FixMatrix turn; FixVector right; FixVector up; FixVector offset; FixVector toCar; FixVector carPos; FixVector shake; FixVector camera; CameraSpot *pSpot; unsigned int index; short heading; int amplitude; int zoom; index = pCameraRecord->index; heading = g_unk0x00591750[g_unk0x00591740[index]].heading; pSpot = SPOT(index); if (heading > 0x3f4 && heading < 0x40b) { StageObject_SetPositionFromSplitVector(pRecord, pRef); return; } if (heading < -0x3f4 && heading > -0x40b) { StageObject_SetPositionFromSplitVector(pRecord, pRef); return; } FixMatrix_GetPosition(&carPos, pRef); camera = *&pSpot->position; if (pSpot->field_0x60 > 0) { right.x = pSpot->trackEnd.x - pSpot->position.x; right.y = pSpot->trackEnd.y - pSpot->position.y; right.z = pSpot->trackEnd.z - pSpot->position.z; FixVecScale(&up, &right, g_unk0x00591730[index]); FixVecScale(&up, &up, 0x20000); camera.x += up.x; camera.y += up.y; camera.z += up.z; } if (g_unk0x005916e0[index] < pSpot->field_0x58) { amplitude = FixMul(pSpot->field_0x5c, 0x10000 - FixDiv(g_unk0x005916e0[index], pSpot->field_0x58)); amplitude = FixMul(amplitude, *(int *)((BYTE *)Car_Get(pCameraRecord->car) + 0x778) / 2); shake.x = -0x8000 - (int)(__int64)((float)rand() * g_oneOverRandMax * g_minus65536); shake.y = -0x8000 - (int)(__int64)((float)rand() * g_oneOverRandMax * g_minus65536); shake.z = -0x8000 - (int)(__int64)((float)rand() * g_oneOverRandMax * g_minus65536); FIX_NORMALIZE_INTO(shake, sh	CMR2Decomp/StageObjects.cpp	13674	void FUN_0048d0f0(BYTE *pRecord, FixMatrix *pRef)	Builds a trackside camera's matrix: its position (moved along the dolly track and shaken while the car is close), looking along the spot's basis or at the car, turned by the spot's heading, with the spot's zoom.
0x004760a0	FUN_004760a0	StageObject_LoadAndAttachCarInterior	Context: Loads the interior (cockpit) model of a player's car and hooks its nodes (steering wheel, dash, driver) into the car's scene graph.; Body: { Car *pCar; int ok; int *pRow; int *pOffset; ok = 1; if (CGameInfo::GetGameModeOptionBit19() && car > 0) return; pCar = Car_Get(car); if ((short)car < Car_GetOrderCount() && pCar->pNode0x720 != NULL) { g_stageBlock_58d340[car] = (int)SceneNode_FindByType(pCar->pNode0x720, 9); g_stageBlock_58d47c[car] = (int)SceneNode_FindByType(pCar->pNode0x720, 5); } else { ok = 0; } if (car >= 2) return; pRow = CAR_NODE_ROW(car); if (pRow[3] != 0) return; if ((char)RallyData_GetFlag24() || ok == 0) return; if (CGameInfo::GetPreviewMode() == 0) sprintf(CFrontend::m_stringDest, g_strCarModelA5C3d, Car_GetDirectoryPath(RallyData_GetDriverRecordSelectionValue(StageUI_GetRaceEndEventCount() + car))); else sprintf(CFrontend::m_stringDest, g_strCarModelC5C3d, Car_GetDirectoryPath(RallyData_GetDriverRecordSelectionValue(StageUI_GetRaceEndEventCount() + car))); g_unk0x0058d6a0[car] = CFileBuffer::GetGenericFileBuffer(CFrontend::m_stringDest, FALSE); if (CGameInfo::GetPreviewMode() == 0) sprintf(CFrontend::m_stringDest, g_strCarModelA5Bfl, Car_GetDirectoryPath(RallyData_GetDriverRecordSelectionValue(StageUI_GetRaceEndEventCount() + car))); else sprintf(CFrontend::m_stringDest, g_strCarModelC5Bfl, Car_GetDirectoryPath(RallyData_GetDriverRecordSelectionValue(StageUI_GetRaceEndEventCount() + car))); CGenericFileLoader::LoadIntoFileRecord((GenericFile *)g_unk0x0058d3b8, CFrontend::m_stringDest); StageObject_CacheCarClassAndTimingPointers(car); if (g_unk0x0058d6a0[car] == NULL) return; g_unk0x0058d49c[ca	CMR2Decomp/StageObjects.cpp	13803	void FUN_004760a0(int record, BYTE car)	Loads the interior (cockpit) model of a player's car and hooks its nodes (steering wheel, dash, driver) into the car's scene graph.
0x0047bdd0	FUN_0047bdd0	AI_UpdateRouteDrivingControls	Context: Works out the controls of a CPU car from the route data: the route segment's steering hint, the obstacle state (FUN_0047c5e0), the overtaking logic and the driver's errors. `preview` != 0 only updates the AI state.; Body: { int modes[3]; int controls[5]; int *pRoute; int table; int node; int variant; int ahead; int behind; int force; controls[0] = 0; controls[1] = 0; controls[2] = 0; pRoute = g_unk0x0058e37c[car]; controls[3] = 0; AI_CHAR(0xa4) = 0; modes[0] = 0; *((BYTE *)g_unk0x0058e178 + 0xab + car) = 0; modes[1] = 0; controls[4] = 0; table = *pRoute; if (table == 0) return; node = RallyData_GetActiveCarRaceRecordField0((BYTE *)pCar); AI_INT(0x54) = node; StageObject_LookupKeyedValuePair(car, table, node, &variant, &modes[2]); *(unsigned int *)g_unk0x0058e394[table] |= 0xfffffffc; FUN_00498620(pCar, *(unsigned int *)g_unk0x0058e394[table], g_unk0x0058e178, variant); ahead = -AI_INT(0x34) - (int)(__int64)((double)*(signed char *)(g_unk0x0058e4a4 + node * 0x10 + 0xa) * g_minus65536); behind = AI_INT(0x34) - (int)(__int64)((double)*(signed char *)(g_unk0x0058e4a4 + node * 0x10 + 0xe) * g_minus65536); if (ahead < behind) g_unk0x0058e230[car] = ahead; else g_unk0x0058e230[car] = behind; AI_CHAR(0xa4) = (char)FUN_0047c5e0((int)g_unk0x0058e178); if ((char)RallyData_GetSelectionBits10To11() == 2 && (char)RallyData_GetSelectionBits12To13() == 1 && (unsigned int)node > 0xdd && (unsigned int)node < 0xe4) AI_CHAR(0xa4) = 0; FUN_0047cd10(car, modes, node, g_unk0x0058e178); if (CGameInfo::IsActiveCheatEnabled(3)) *((BYTE *)g_unk0x0058e178 + 0xab + car) = (BYTE)FUN_0047d0e0(car, (BYTE *)g_unk0x0058e178 + 0xa5, &modes[1], (BYTE *)g_unk0x0058e178 + 0xb1 + car); if (CGameInfo::IsActiveCheatEnabled(0)) StageO	CMR2Decomp/StageObjects.cpp	13903	void FUN_0047bdd0(Car *pCar, int car, int preview)	Works out the controls of a CPU car from the route data: the route segment's steering hint, the obstacle state (FUN_0047c5e0), the overtaking logic and the driver's errors. `preview` != 0 only updates the AI state.
0x0047b000	FUN_0047b000	CarInput_UpdateRaceOrderSlot	Context: Per-frame input of the car in race order slot `slot`: player cars read their device, CPU cars are driven by the AI; the automatic gearbox is engaged.; Body: { char device; g_unk0x0058e0a0 = Car_Get(Car_GetOrder()[slot]); g_unk0x0058e0a0->field_0x1dc = 0; g_unk0x0058e0a0->handbrake = 0; *((BYTE *)g_unk0x0058e0a0 + 0x1d4) = 0; g_unk0x0058e0a0->flag0x1d0[3] = 0; g_unk0x0058e0a0->flag0x1d0[2] = 0; g_unk0x0058e0a0->flag0x1d0[1] = 0; g_unk0x0058e0a0->flag0x1d0[0] = 0; if ((char)RallyData_GetFlag22()) CGameInfo::GetConfiguredGameMode(); device = (char)Car_GetDrawnFlag(g_unk0x0058e0a0->index); if (device != -1) FUN_0047b0e0(slot, device); else StageObject_DriveCPUOrderSlot(slot); if (g_unk0x0058e0a0->field_0xb9c == 0) { if (g_unk0x0058e0a0->field_0xb48 != 1) Car_ResetWheelLoadsAfterShift(g_unk0x0058e0a0); g_unk0x0058e0a0->field_0xb9c = 1; return; } g_unk0x0058e0a0->field_0xb9c = 1; }	CMR2Decomp/StageObjects.cpp	14057	void FUN_0047b000(int slot)	Per-frame input of the car in race order slot `slot`: player cars read their device, CPU cars are driven by the AI; the automatic gearbox is engaged.
0x0047b640	FUN_0047b640	CarInput_UpdateWaitingStartSlot	Context: Per-frame input of a car waiting at the start line: players keep their device, CPU cars blip the throttle at random intervals.; Body: { char device; char count; Car_GetOrderCount(); g_unk0x0058e0a0 = Car_Get(Car_GetOrder()[slot]); g_unk0x0058e0a0->field_0x1e0 = 0; g_unk0x0058e0a0->field_0x1dc = 0; g_unk0x0058e0a0->handbrake = 0; *((BYTE *)g_unk0x0058e0a0 + 0x1d4) = 0; g_unk0x0058e0a0->flag0x1d0[3] = 0; g_unk0x0058e0a0->flag0x1d0[2] = 0; g_unk0x0058e0a0->flag0x1d0[1] = 0; g_unk0x0058e0a0->flag0x1d0[0] = 0; device = (char)Car_GetDrawnFlag(g_unk0x0058e0a0->index); if (device != -1) { FUN_0047b0e0(slot, device); } else { count = *((char *)g_unk0x0058e0a0 + 0xb47); if (count < 0) { *((char *)g_unk0x0058e0a0 + 0xb47) = count + 1; if (*((char *)g_unk0x0058e0a0 + 0xb47) == 0) goto reroll; } else if (count < 1) { reroll: *((char *)g_unk0x0058e0a0 + 0xb47) = (char)(rand() % 10) + 5; } else { *((char *)g_unk0x0058e0a0 + 0xb47) = count - 1; if (*((char *)g_unk0x0058e0a0 + 0xb47) == 0) *((char *)g_unk0x0058e0a0 + 0xb47) = -5 - (char)(rand() % 10); } if (*((char *)g_unk0x0058e0a0 + 0xb47) <= 0) g_unk0x0058e0a0->flag0x1d0[2] = 0; else g_unk0x0058e0a0->flag0x1d0[2] = 0x3f; } g_unk0x0058e0a0->handbrake = 1; g_unk0x0058e0a0->field_0x1dc = 0; g_unk0x0058e0a0->field_0xb9c = 0; }	CMR2Decomp/StageObjects.cpp	14088	void FUN_0047b640(int slot)	Per-frame input of a car waiting at the start line: players keep their device, CPU cars blip the throttle at random intervals.
0x0047c2f0	FUN_0047c2f0	AI_LoadStageRouteTables	Context: Loads the stage's AI route data: the three difficulty files, the one for the current difficulty copied into the stage buffer, and the pointer tables into it (routes, 0x88-byte tables, 0x14-, 0x10- and 0x20-byte records). Returns the end of the data.; Body: { BYTE *files[3]; DWORD sizes[3]; DWORD size; BYTE *pData; BYTE *pEnd; BYTE level; BYTE *p; BYTE *pEntry; int i; int k; pData = (BYTE *)StageTiming_GetStageArchiveState(); size = 0; sprintf(CFrontend::m_stringDest, g_strAi0Format, GameMenu_GetChampionshipTransitionState()); files[0] = (BYTE *)CGenericFileLoader::FindFile((GenericFile *)StageTiming_GetStageFile3(), CFrontend::m_stringDest, 0, &size, 0); sizes[0] = size; size = 0; sprintf(CFrontend::m_stringDest, g_strAi1Format, GameMenu_GetChampionshipTransitionState()); files[1] = (BYTE *)CGenericFileLoader::FindFile((GenericFile *)StageTiming_GetStageFile3(), CFrontend::m_stringDest, 0, &size, 0); sizes[1] = size; size = 0; sprintf(CFrontend::m_stringDest, g_strAi2Format, GameMenu_GetChampionshipTransitionState()); files[2] = (BYTE *)CGenericFileLoader::FindFile((GenericFile *)StageTiming_GetStageFile3(), CFrontend::m_stringDest, 0, &size, 0); sizes[2] = size; if ((char)RallyData_GetFlag24() == 0) return pData; level = CGameInfo::GetConfiguredDifficulty(); if (pData == NULL) { for (i = 0; i < 3; i++) { if (files[i] != NULL) { pData = files[i]; break; } } if (i == 3) pData = pEnd; } if (pData != files[level]) memcpy(pData, files[level], sizes[level]); pEnd = pData + sizes[level]; if (pData == NULL) return pEnd; g_unk0x0058e378 = pData; p = pData; for (i = 0; i < 6; i++) { g_unk0x0058e37c[i] = (int *)p; p += 4; } *((char *)g_unk0x0058e394 + 0x109) = *p; p += 4; for (i = 1; i <= *((char *)g_unk0x0058e394 + 0x109); i++) { g_unk0	CMR2Decomp/StageObjects.cpp	14152	BYTE *FUN_0047c2f0(void)	Loads the stage's AI route data: the three difficulty files, the one for the current difficulty copied into the stage buffer, and the pointer tables into it (routes, 0x88-byte tables, 0x14-, 0x10- and 0x20-byte records). Returns the end of the data.
0x0046cfa0	FUN_0046cfa0	Replay_PlayStreamFrame	Context: Plays back one frame of a replay stream: at the start of a section it restores the recorded car state, then feeds the recorded controls and picks up the camera event of the current frame. Ends the replay after the last section.; Body: { ReplayStream *p; Car *pCar; ReplayEvent *pEvents; ReplayEvent *pEvent; ReplayEvent *pEvent2; int count; int k; char found; p = (ReplayStream *)pState; if (p == NULL) return; pCar = Car_Get(p->car); if (p->playing == 0 || p->type == 2 || pCar->field_0xb43 <= 0u) return; if (p->playStarted != 0) { if (p->frame < 0) { if (p->type == 0) Replay_InitObjectListCarState((int)(p->pInputs + p->lane * 0x114c), p->car); else Replay_RestoreCarTorqueAndRecordState((int *)(p->lane * 0x5c + p->pStates), p->car); if (p->frame != -1) { for (k = 0; k < 4; k++) pCar->wheelLoad[k] = 0; } p->frame++; } if (p->frame < 0) return; if (p->pLaneSamples[p->lane] != 0) { if (Replay_DecodeCarControls(pState, p->pFrames + (p->samplesPerLane * p->lane + p->frame) * 4, p->car, &p->field_0x21)) p->frame++; found = -1; if (p->type == 0) { count = ((ReplayInputLane *)p->pInputs)[p->lane].eventCount; pEvents = ((ReplayInputLane *)p->pInputs)[p->lane].events; for (k = 0; k < count; k++) { pEvent = &pEvents[k]; if (p->frame < pEvent->frame || (p->frame == pEvent->frame && (short)p->field_0x21 < pEvent->count)) { found = (char)k; k = count; } } } else { count = ((ReplayStateLane *)p->pStates)[p->lane].eventCount; pEvents = ((ReplayStateLane *)p->pStates)[p->lane].events; for (k = 0; k < count; k++) { pEvent2 = &pEvents[k]; if (p->frame < pEvent2->frame || (p->frame == pEvent2->frame && (short)p->field_0x21 < pEvent2->count)) { found = (char)k; k = count; } } } if (found == -1) { if (p->type == 0) found = ((Replay	CMR2Decomp/StageObjects.cpp	14261	void FUN_0046cfa0(int *pState)	Plays back one frame of a replay stream: at the start of a section it restores the recorded car state, then feeds the recorded controls and picks up the camera event of the current frame. Ends the replay after the last section.
0x00466030	FUN_00466030	Replay_RestartGhostCar	Context: Restarts the replay of the ghost car, keeping its controller index.; Body: { unsigned int index; index = (BYTE)g_unk0x0058875c->index; Replay_SelectAndInitializeLane((ReplayStream *)g_unk0x00588758, a, b, index); g_unk0x0058875c->index = index; g_unk0x0058875c->field_0xc0c = 1; }	CMR2Decomp/StageObjects.cpp	14379	void FUN_00466030(int a, int b)	Restarts the replay of the ghost car, keeping its controller index.
0x00469c30	FUN_00469c30	CarDamage_PickRandomTriangleEdgePoint	Context: Picks a random point on a random edge of a random triangle of mesh `index` of a car's damage parts (vertices are floats, 0x30 bytes apart). Returns 0 when the part has no mesh.; Body: { BYTE *pTri; float *pA; float *pB; BYTE *pVerts; int t; int edge; FixVector a; FixVector d; if (pParts[index] == 0) { pOut->x = 0; pOut->y = 0; pOut->z = 0; return 0; } pTri = (BYTE *)(rand() % *(int *)(pParts[index] + 0x28)); edge = rand() % 3; t = (int)(__int64)((float)rand() * g_oneOverRandMax * CGraphics::m_65536); pTri = *(BYTE **)(pParts[index] + 0x24) + (int)pTri * 0x4c; switch (edge) { case 0: pVerts = *(BYTE **)(pParts[index] + 0xc); pA = (float *)(pVerts + *(unsigned short *)(pTri + 0x40) * 0x30); pB = (float *)(pVerts + *(unsigned short *)(pTri + 0x42) * 0x30); break; case 1: pVerts = *(BYTE **)(pParts[index] + 0xc); pA = (float *)(pVerts + *(unsigned short *)(pTri + 0x42) * 0x30); pB = (float *)(pVerts + *(unsigned short *)(pTri + 0x44) * 0x30); break; default: pVerts = *(BYTE **)(pParts[index] + 0xc); pA = (float *)(pVerts + *(unsigned short *)(pTri + 0x44) * 0x30); pB = (float *)(pVerts + *(unsigned short *)(pTri + 0x40) * 0x30); break; } a.x = (int)(__int64)(pA[0] * CGraphics::m_65536); a.y = (int)(__int64)(pA[1] * CGraphics::m_65536); a.z = (int)(__int64)(pA[2] * CGraphics::m_65536); d.x = (int)(__int64)(pB[0] * CGraphics::m_65536) - a.x; d.y = (int)(__int64)(pB[1] * CGraphics::m_65536) - a.y; d.z = (int)(__int64)(pB[2] * CGraphics::m_65536) - a.z; FixVecScale(&d, &d, t); pOut->x = d.x + a.x; pOut->y = d.y + a.y; pOut->z = d.z + a.z; return 1; }	CMR2Decomp/StageObjects.cpp	14413	int FUN_00469c30(FixVector *pOut, int *pParts, int index)	Picks a random point on a random edge of a random triangle of mesh `index` of a car's damage parts (vertices are floats, 0x30 bytes apart). Returns 0 when the part has no mesh.
0x00460390	FUN_00460390	StageWeather_DrawViewPrecipitation	Context: Draws the precipitation of one view. Rain: each drop is a streak quad along the wind (+0x20) widened across the view, plus a splash billboard for the drops that hit the ground, then the car throws spray. Snow: each flake is a billboard swaying along +0x38 with the sine of its phase.; Body: { BYTE *pView; FixVector *pPos; int count; int i; int fade; int amount; BYTE alpha; FixVector saved; FixVector forward; FixVector side; FixVector trail; FixVector offset; float sideF[3]; float trailF[3]; StageDeformNode *pNode; alpha = 0x1e; pView = (BYTE *)g_unk0x00547ac8 + index * 0x178; pPos = (FixVector *)(pView + 8); count = *(int *)(pView + 0x58) >> 16; saved = *pPos; if (*(int *)pView == 1) { fade = *(int *)(pView + 0x64); if (fade == 0x10000) { g_unk0x00543ed0.a = 0xaa; g_unk0x00547908.a = 0xaa; } else if (fade == 0) { alpha = 0; g_unk0x00543ed0.a = 0; g_unk0x00547908.a = 0; } else { alpha = (BYTE)(FixMul(0x1e0000, fade) >> 16); g_unk0x00543ed0.a = (BYTE)(FixMul(*(int *)(pView + 0x64), 0xaa0000) >> 16); g_unk0x00547908.a = (BYTE)(FixMul(*(int *)(pView + 0x64), 0xaa0000) >> 16); } *(DWORD *)(g_unk0x00543da0Block + 0x50) = *(DWORD *)(g_unk0x00543da0Block + 0x80) = (alpha << 24) | 0x969696; FixMatrix_GetForward(&forward, &g_viewNodes[view]->current); FixVecCross(&side, &forward, (FixVector *)(pView + 0x20)); FIX_NORMALIZE_INTO(side, side); amount = FixMul(*(int *)(pView + 0x58), g_unk0x00543da0); if (amount > 0x10000) amount = 0x10000; FixVecScale(&side, &side, FixMul(0xccc, FixMul(0xcccd, amount) + 0x13333)); sideF[0] = (float)(side.x * CGraphics::m_oneOver65536); sideF[1] = (float)(side.y * CGraphics::m_oneOver65536); sideF[2] = (float)(side.z * CGraphics::m_oneOver65536); FixVecScale(&trail, (FixVector *)(pView + 0x20), 0x20000); trailF[0] = (float)(trail.x * CGraphic	CMR2Decomp/StageObjects.cpp	14493	void FUN_00460390(int index, int view)	Draws the precipitation of one view. Rain: each drop is a streak quad along the wind (+0x20) widened across the view, plus a splash billboard for the drops that hit the ground, then the car throws spray. Snow: each flake is a billboard swaying along +0x38 with the sine of its phase.
0x00460ca0	FUN_00460ca0	CarDamage_EmitBodySparkBillboards	Context: Sparks and glints thrown off a car's body: `amount` (per second) of random points on its damage parts get a billboard of the spark texture.; Body: { int *pParts; int count; int result; int n; int part; FixVector point; FixVector rotated; FixVector origin; pParts = StageTiming_GetCarReplayRecord(pCar->index); count = FixMul(0x1e0000, FixMul(g_unk0x0051bd3c, amount)) >> 16; result = count; if (count > 0) { result = rand(); n = result % count; result /= count; for (; n > 0; n--) { part = rand() % pParts[0x117]; result = FUN_00469c30(&point, pParts, part); if (result != 0) { result = point.y; if (point.y > 0) { FixMatrix_RotateVector(&rotated, &point, (FixMatrix *)(pParts[0xf + part] + 0xd8)); FixMatrix_GetPosition(&origin, (FixMatrix *)(pParts[0xf + part] + 0xd8)); rotated.x += origin.x; rotated.y += origin.y; rotated.z += origin.z; g_unk0x00547908.pos = rotated; Billboard_Add(&g_unk0x00547908, (unsigned short *)g_unk0x005477f0); } } } } return result; }	CMR2Decomp/StageObjects.cpp	14615	int FUN_00460ca0(int amount, Car *pCar)	Sparks and glints thrown off a car's body: `amount` (per second) of random points on its damage parts get a billboard of the spark texture.
0x00487f60	FUN_00487f60	Collision_ResolveCarTurnedObjectContact	Context: Resolves a contact between a car's box and a turned stage object's box (0x5915f8): the push-out direction is the sum of the contact edge normals, the contact point the mean of the contact corners (in car space). Unless the object is pushable, a one-sided contact also moves the object. Returns whether the boxes overlapped.; Body: { FixVector sum; FixVector point; FixVector dir; int count; int solid; int hit; int i; int d; int k; FixVector *pEdge; int dx; int dy; int dz; count = 0; if ((*(unsigned int *)(*pEntry + 0x10) & 0x2001000) != 0) { solid = 1; hit = FUN_00488640(pBox, pObject, &pCar->positionPrev, 0x10000); } else { solid = 0; hit = FUN_00488640(pBox, pObject, &pCar->positionPrev, 0); } if (hit != 0) { sum.x = 0; sum.y = 0; sum.z = 0; dir.x = 0; dir.y = 0; dir.z = 0; if (g_unk0x005915f4 > 0) { for (i = 0; i < g_unk0x005915f4; i++) { point.x = pCar->corners[g_unk0x005914c4[i]].x - pCar->position.x; point.y = pCar->corners[g_unk0x005914c4[i]].y - pCar->position.y; point.z = pCar->corners[g_unk0x005914c4[i]].z - pCar->position.z; sum.x += point.x; point.y = 0; sum.z += point.z; if (g_unk0x00590ec8[i] == 0) { if (FixVecDot(&dir, &pObject->axisA) < 0) { dir.x -= pObject->axisA.x; dir.y -= pObject->axisA.y; dir.z -= pObject->axisA.z; } else { dir.x += pObject->axisA.x; dir.y += pObject->axisA.y; dir.z += pObject->axisA.z; } } else { if (FixVecDot(&dir, &pObject->axisB) < 0) { dir.x -= pObject->axisB.x; dir.y -= pObject->axisB.y; dir.z -= pObject->axisB.z; } else { dir.x += pObject->axisB.x; dir.y += pObject->axisB.y; dir.z += pObject->axisB.z; } } } count = g_unk0x005915f4; } if (g_unk0x005914d4 > 0) { for (i = 0; i < g_unk0x005914d4; i++) { point = pObject->points[g_unk0x00590ecc[i]]; point.x -= pCar->position.x; point.z -= pCar->position.z; sum.x += point.x; sum.z += point.z; point.y = 0; if (g_unk	CMR2Decomp/StageObjects.cpp	14704	int FUN_00487f60(Car *pCar, int *pEntry, CollisionBox *pBox, CollisionBox *pObject)	Resolves a contact between a car's box and a turned stage object's box (0x5915f8): the push-out direction is the sum of the contact edge normals, the contact point the mean of the contact corners (in car space). Unless the object is pushable, a one-sided contact also moves the object. Returns whether the boxes overlapped.
0x004878a0	FUN_004878a0	Collision_TestCarAgainstSectorObjects	Context: Collides a car with the stage objects of the four sectors it touches (static objects, then moving ones): box test, then the plain, wall or turned-object response, and the object's reaction. Keeps the list of touched surfaces. Returns the last response.; Body: { BYTE *p = (BYTE *)pCar; BYTE *pBox; short sectors[4]; int moving; int n; int k; int i; int count; int sector; int result; int *pEntry; int *pObject; FixVector position; result = 0; p[0xb3f] = 0; pBox = g_unk0x00590ed0[pCar->index]; memset(p + 0xbbc, 0, 0x20); *(int *)&sectors[1] = *(int *)(p + 0xb02); sectors[0] = *(short *)(p + 0xb00); sectors[3] = *(short *)(p + 0xb06); for (moving = *(int *)(p + 0xc18) != 0; moving < 2; moving++) { for (k = 0; k < 4; k++) { if (sectors[k] < 0) continue; sector = sectors[k]; if (moving == 0) pEntry = (int *)Sector_GetListA(sector, (unsigned int *)&count); else pEntry = (int *)Sector_GetListB(sector, (unsigned int *)&count); pEntry = pEntry != NULL ? *(int **)pEntry : NULL; for (i = 0; i < count; i++, pEntry += 2) { pObject = (int *)pEntry[0]; if (moving == 0) position = *(FixVector *)pObject; else RallyData_CopyRaisedElementVector((int *)&position, (void **)&pEntry); if ((pObject[4] & 0x8000) == 0 && (BYTE)RallyDataState() == 2) continue; g_unk0x005914d8 = *(int *)(pEntry[1] + 4) != 0; result = FUN_00487b80(*(int *)(p + 0x758), *(int *)pEntry[1], (int *)(p + 0x2d0), (int *)&position); if (result == 0) continue; result = 0; if (moving == 1 && RallyData_IsElementFlagSet((BYTE **)&pEntry, pCar->index) == 0) continue; FUN_00486c30((int *)pBox, (int *)(p + 0x360), (int *)(p + 0x2d0), (FixVector *)(p + 0x270)); result = 0; if (g_unk0x005914d8 != 0) { g_unk0x005915f8[10] = 0; StageObject_BuildSpriteExtentOrientation(g_unk0x005915f8, (int)pEntry,	CMR2Decomp/StageObjects.cpp	14844	int FUN_004878a0(Car *pCar)	Collides a car with the stage objects of the four sectors it touches (static objects, then moving ones): box test, then the plain, wall or turned-object response, and the object's reaction. Keeps the list of touched surfaces. Returns the last response.
0x0048e580	FUN_0048e580	Collision_TestSectorEdgeEndpoints	Context: Tests the end points of the current sector edge against the car's radius and runs the corner collision for each one inside it.; Body: { int radius; int radius2; int hitA; int hitB; FixVector d; hitB = 0; hitA = 0; radius = g_collisionCar->field_0x758; radius2 = FixMul(radius, radius); d.x = g_collisionTarget.x - g_collisionCar->position.x; d.y = g_collisionTarget.y - g_collisionCar->position.y; d.y = 0; d.z = g_collisionTarget.z - g_collisionCar->position.z; if ((d.x < 0 ? -d.x : d.x) <= radius && radius >= 0 && (d.z < 0 ? -d.z : d.z) <= radius && FixVecDot(&d, &d) < radius2) hitA = FUN_0048e730((int *)&g_collisionTarget, (int *)&g_collisionLineStart, 0, type); d.x = g_collisionLineStart.x - g_collisionCar->position.x; d.y = g_collisionLineStart.y - g_collisionCar->position.y; d.y = 0; d.z = g_collisionLineStart.z - g_collisionCar->position.z; if ((d.x < 0 ? -d.x : d.x) <= radius && radius >= 0 && (d.z < 0 ? -d.z : d.z) <= radius && FixVecDot(&d, &d) < radius2) hitB = FUN_0048e730((int *)&g_collisionLineStart, (int *)&g_collisionTarget, 1, type); if (hitA == 0 && hitB == 0) return 0; return 1; }	CMR2Decomp/StageObjects.cpp	14950	int FUN_0048e580(char type)	Tests the end points of the current sector edge against the car's radius and runs the corner collision for each one inside it.
0x0048e0a0	FUN_0048e0a0	Collision_TestCarAgainstSectorEdges	Context: Collides a car with the edges of its sector: each edge near enough gets the response of its surface type (walls, water, sound triggers, finish, drop zones), then the scraping effects; ends a drop-out timer.; Body: { BYTE *p; int nearX; int nearZ; int a; int b; FixVector saved; g_collisionCar = pCar; g_collisionFace = (CollisionFaceVertices *)StageObject_GetCarCameraSelectionValue(pCar->index); g_collisionCar->field_0xb42--; if (g_collisionCar->field_0xb42 < 0) g_collisionCar->field_0xb42 = 0; g_unk0x00591948 = 0; if (g_collisionCar->sector == -1) return; g_unk0x0059190c = *(int **)((BYTE *)g_sectors[g_collisionCar->sector] + 0x28); g_unk0x005919b8 = FixMul(g_collisionCar->field_0x758, 0x13333); while (g_unk0x0059190c != NULL) { nearZ = 0; g_unk0x00591930 = 0; nearX = 0; g_collisionTarget = *(FixVector *)g_unk0x0059190c; g_collisionLineStart = *(FixVector *)(g_unk0x0059190c + 3); g_unk0x005918d0 = g_collisionTarget.x - g_collisionCar->position.x; g_unk0x0059195c = g_collisionTarget.z - g_collisionCar->position.z; g_unk0x005918d4 = g_collisionLineStart.x - g_collisionCar->position.x; g_unk0x00591960 = g_collisionLineStart.z - g_collisionCar->position.z; if (g_unk0x005918d0 < 0 ? g_unk0x005918d4 < 0 : g_unk0x005918d4 >= 0) nearX = 1; if (g_unk0x0059195c < 0 ? g_unk0x00591960 < 0 : g_unk0x00591960 >= 0) nearZ = 1; if (nearX) { a = g_unk0x005918d0 < 0 ? -g_unk0x005918d0 : g_unk0x005918d0; b = g_unk0x005918d4 < 0 ? -g_unk0x005918d4 : g_unk0x005918d4; if (a >= g_unk0x005919b8 && b >= g_unk0x005919b8) goto next; } if (nearZ) { b = g_unk0x00591960 < 0 ? -g_unk0x00591960 : g_unk0x00591960; a = g_unk0x0059195c < 0 ? -g_unk0x0059195c : g_unk0x0059195c; if (a >= g_unk0x005919b8 && b >= g_unk0x00591	CMR2Decomp/StageObjects.cpp	14985	void FUN_0048e0a0(Car *pCar, int param)	Collides a car with the edges of its sector: each edge near enough gets the response of its surface type (walls, water, sound triggers, finish, drop zones), then the scraping effects; ends a drop-out timer.
0x004877a0	FUN_004877a0	Collision_UpdateOrderedCars	Context: Collisions of the cars in `pOrder` for the frame: car against car (when the mode allows it), car against stage objects, car against the sector edges; then each car's contact box state is kept for the next frame.; Body: { int n; int i; short *pIndex; BYTE *pCar; BYTE *pBox; int car; n = count; i = n - 1; if (i >= 0) { pIndex = pOrder + i; do { *(int *)&g_unk0x00590ed0[*pIndex][0x28] = 0; pIndex--; } while (--n); } if (StageObject_UsesExtendedMode()) FUN_0048a1f0((int)pCars, pOrder, count); if (i >= 0) { pIndex = pOrder + i; n = i + 1; do { car = *pIndex; pCar = pCars + car * 0xc24; pBox = g_unk0x00590ed0[car]; if (*(int *)(pCar + 0xb64) == 0) FUN_004878a0((Car *)pCar); if (*(int *)(pCar + 0xc18) == 0 && (*(int *)(pCar + 0xb64) == 0 || StageObject_GetCarSlotStateValue(((Car *)pCar)->index) < 0x20000)) FUN_0048e0a0((Car *)pCar, car); *(int *)(pBox + 0x2c) = *(int *)(pBox + 0x28); if (*(int *)(pBox + 0x28) != 0) memcpy(pBox + 0x60, pBox + 0x30, 0x30); pIndex--; } while (--n); } }	CMR2Decomp/StageObjects.cpp	15108	void FUN_004877a0(BYTE *pCars, short *pOrder, short count)	Collisions of the cars in `pOrder` for the frame: car against car (when the mode allows it), car against stage objects, car against the sector edges; then each car's contact box state is kept for the next frame.
0x0047d330	FUN_0047d330	AI_UpdateAttractDrivingControls	Context: Simple CPU driving used near the end of the route (the demo/attract drive): keeps the speed between two limits, steers back towards the route and brakes on a sharp heading error. Returns 0 when the route is about to end. `preview` != 0 only computes.; Body: { Car *pCar; int state[0x2e]; unsigned int node; int left; int right; int throttle; int brake; int handbrake; int mode; pCar = Car_Get(car); node = (unsigned short)RallyData_GetActiveCarRaceRecordField14((BYTE *)pCar); if (node + 5 > (unsigned int)RallyData_GetRouteStateValue()) return 0; state[0x15] = node; FUN_00498620(pCar, 0x342, state, 0); handbrake = 0; left = 0; right = 0; throttle = 0; brake = 0; if (state[0] < 0x320000) throttle = 0x3f; if (state[0] > 0x460000) brake = 0x3f; if (state[7] > 0x50000) right = 0x3f; if (state[7] < -0x50000) left = 0x3f; mode = 0; if (state[0xd] < 0) { if (state[0xe] > 0x5a0000) mode = 4; } else if (state[0xe] > 0x5a0000) { mode = 4; } if (state[0xe] < -0x5a0000) mode = 2; else if (mode == 0) goto apply; switch (mode) { case 1: throttle = 0x3f; right = throttle; break; case 2: brake = 0x3f; right = brake; break; case 3: left = 0x3f; throttle = left; break; case 4: left = 0x3f; brake = left; break; case 5: left = 0x3f; throttle = 0; brake = left; break; case 6: brake = 0x3f; throttle = 0; right = brake; break; case 7: left = 0x3f; break; case 8: right = 0x3f; break; } if (state[0] >= 0x190000) throttle = 0; apply: if (preview != 0) return 1; pCar->flag0x1d0[0] = 0; pCar->flag0x1d0[1] = 0; pCar->flag0x1d0[2] = 0; pCar->flag0x1d0[3] = 0; pCar->handbrake = 0; if (left > 0) pCar->flag0x1d0[0] = 0x3f; if (right > 0) pCar->flag0x1d0[1] = 0x3f; if (throttle > 0) pCar->flag0x1d0[2] = 0x3f; if (brake > 0) pCar->flag0x1d0[3] = 0x3f; if (handbrake > 	CMR2Decomp/StageObjects.cpp	15293	int FUN_0047d330(int car, int preview)	Simple CPU driving used near the end of the route (the demo/attract drive): keeps the speed between two limits, steers back towards the route and brakes on a sharp heading error. Returns 0 when the route is about to end. `preview` != 0 only computes.
0x0047dd70	FUN_0047dd70	CarDamage_UpdateFlyingDebris	Context: Per-frame update of the flying debris (100 records of 0x5c bytes): ages each piece, moves it along its velocity over the ground and trails a dust particle off it, fading the last seconds; also counts down the 8 debris timers.; Body: { int *pTimer; BYTE *q; int left; short tri; FixVector old; FixVector d; FixVector n; FixVector r; FixVector m; int dot; int fade; int ground; for (pTimer = g_unk0x0058e4a8; pTimer < g_unk0x0058e4a8 + 8; pTimer++) { if (*pTimer > 0) { *pTimer -= g_physicsTimeStep; if (*pTimer < 0) *pTimer = 0; } } q = g_unk0x0058e4e0[0] + 0x1c; for (left = 100; left != 0; left--, q += 0x5c) { if (*(int *)(q + 0x20) == 0) continue; *(FixVector *)(q - 0xc) = *(FixVector *)(q - 0x28); *(FixVector *)q = *(FixVector *)(q - 0x1c); *(int *)(q + 0xc) = *(int *)(q - 0x10); *(int *)(q + 0x14) -= g_physicsTimeStep; if (*(int *)(q + 0x14) <= 0) { *(int *)(q + 0x20) = 0; continue; } old = *(FixVector *)(q - 0x28); *(int *)(q - 0x28) += *(int *)(q - 0x34); *(int *)(q - 0x24) += *(int *)(q - 0x30); *(int *)(q - 0x20) += *(int *)(q - 0x2c); ground = Track_GetGroundHeightSurface((FixVector *)(q - 0x28), (FixVector *)(q - 0x1c), (short *)(q + 0x18), &tri, (unsigned short *)&tri, *(int *)(q + 0x10)); *(int *)(q + 0x10) = ground; *(int *)(q - 0x24) = ground + 0x8000; d.x = *(int *)(q - 0x28) - old.x; d.y = *(int *)(q - 0x24) - old.y; d.z = *(int *)(q - 0x20) - old.z; FIX_NORMALIZE_INTO(n, d); r.x = 0x8000 - RAND_FIX(); r.y = 0x8000 - RAND_FIX(); r.z = 0x8000 - RAND_FIX(); dot = FixVecDot(&n, &r); FixVecScale(&m, &n, dot); r.x -= m.x; r.y -= m.y; r.z -= m.z; FixVecScale(&n, &n, -0x8000); r.x += n.x; r.y += n.y; r.z += n.z; FixVecScale(&r, &r, 0x4ccc); r.x += d.x; r.y += d.y; r.z += d.z; m.x = *(int *)(q - 0x28) -	CMR2Decomp/StageObjects.cpp	15401	void FUN_0047dd70(void)	Per-frame update of the flying debris (100 records of 0x5c bytes): ages each piece, moves it along its velocity over the ground and trails a dust particle off it, fading the last seconds; also counts down the 8 debris timers.
0x00473d60	FUN_00473d60	StageObject_DrawInRacePauseMenu	Context: Draws the in-race pause menu: for every entry the background of the selected row, its label (the stage name with the round number in the knockout modes, the entry name otherwise) and the row separators, then the knockout bracket of the current round. The rows move down by KO_Y(6) on screens at least 1024 pixels wide whose texture limits accept that size. flow are identical; the residual diff is register/slot allocation inside the loop body (the original keeps the row height, the loop counter and the two rectangles in different registers than this build does). Kept as FUNCTION on purpose so reccmp measures it (see CONVENCIONES).; Body: { int i; short rect[4]; short rect2[4]; int texture; int y0; int y; int halfHeight; BYTE *pColour; unsigned int *pState; rect[0] = (short)((int)(g_pGraphics->resX * 0x64) / 0x280); rect[1] = 0; texture = InRaceMenu_GetUpArrowTexture(); rect[2] = *(short *)(texture + 0x120); texture = InRaceMenu_GetUpArrowTexture(); rect[3] = *(short *)(texture + 0x122); y0 = (int)(g_pGraphics->resY * 0x17c) / 0x1e0; pState = RallyData_GetChampionshipState(); for (i = 0; i < pMenu->itemCount; i++) { texture = InRaceMenu_GetUpArrowTexture(); halfHeight = *(short *)(texture + 0x122) / 2; rect[1] = (short)((int)(g_pGraphics->resY * 0x24) / 0x1e0 * i + (int)(g_pGraphics->resY * 0x14) / 0x1e0 - halfHeight + y0); y = (int)(g_pGraphics->resY * 0x24) / 0x1e0 * i - (int)(g_pGraphics->resY * halfHeight) / 0x1e0 + (int)(g_pGraphics->resY * 0x14) / 0x1e0 + y0 + (int)(g_pGraphics->resY * 0xe) / 0x1e0; if (CGameInfo::GetScreenWidth() >= 0x400 && CFrontend::IsTextureWidthSupported(0x400) && CFrontend::IsTextureHeightSupported(0x400)) y += (int)(g_pGraphics->resY * 6) / 0x1e0; if (pMenu->cursor == i) { pColour = g_barTextColour; texture = InRaceMenu_GetUpArrowTexture(); } else { pColour = g_unk0x0051c994; texture = InRaceMenu_GetDownArrowTexture(); } switch (g_unk0x0058cf7c) { case 1: if (i == 0) sprintf(CFrontend::m_stringDest, CFrontend::GetTextString(0x77)); else sprintf(CFrontend::m_stringDest, CFrontend::GetTextString(0x78)); break; case 2: if (i == 0) sprintf(CFrontend::m_stringDest, CFrontend::GetTextS	CMR2Decomp/StageObjects.cpp	15823	void FUN_00473d60(Menu *pMenu)	Draws the in-race pause menu: for every entry the background of the selected row, its label (the stage name with the round number in the knockout modes, the entry name otherwise) and the row separators, then the knockout bracket of the current round. The rows move down by KO_Y(6) on screens at least 1024 pixels wide whose texture limits accept that size. flow are identical; the residual diff is register/slot allocation inside the loop body (the original keeps the row height, the loop counter and the two rectangles in different registers than this build does). Kept as FUNCTION on purpose so reccmp measures it (see CONVENCIONES).
0x00484310	FUN_00484310	CarPart_IntegrateDetachedMotion	Body: { unsigned short angles[3]; FixVector scratch; FixVector motion; FixVector cross; FixVector local; int modified; int type; int t; if (g_partCar->type != 9 && g_partCar->type != 0xb) { motion.x = 0; motion.y = 0; motion.z = 0; scratch.x = g_partCar->velocity.x - g_partCar->velocityNext.x; scratch.y = g_partCar->velocity.y - g_partCar->velocityNext.y; scratch.z = g_partCar->velocity.z - g_partCar->velocityNext.z; FixVecLength(&scratch); FixVecScale(&scratch, &scratch, -0x60000); if (g_partCar->type != 8) { type = g_unk0x00590c24[2][g_partCar->index]; if (*(BYTE *)&g_partSet->nodes[type]->key == 0xc) scratch.x = -scratch.x; } motion.x += scratch.x; motion.y += scratch.y; motion.z += scratch.z; motion.y -= 0x53f7; FixMatrix_InverseRotateVector(&local, &motion, g_partState->pForceFrame); scratch.x = g_partState->previousPosition.x - g_partState->position.x; scratch.y = g_partState->previousPosition.y - g_partState->position.y; scratch.z = g_partState->previousPosition.z - g_partState->position.z; if (g_partCar->type == 8) scratch.x = 0; scratch.y = 0x3333; FixVecCross(&cross, &local, &scratch); if ((g_partState->flags & 8) == 0 && cross.z > 0) g_partState->flags |= 8; if ((g_partState->flags & 8) != 0) { FixVecScale(&g_partState->angularVelocity, &g_partState->angularVelocity, 0xe49b); t = -FixMul(cross.z, g_partState->stiffness.z); t = FixMul(t, g_physicsTimeStep); g_partState->angularVelocity.z += t; angles[2] = (short)((double)(FixMul(g_partState->angularVelocity.z, g_physicsTi	CMR2Decomp/StageObjects.cpp	15944	void FUN_00484310(void)	No source comment.
0x004556f0	FUN_004556f0	StageTiming_PairPlayerOpponentSlots	Context: Pairs each human player's stage slot with an opponent for the split rankings, by game mode: championship/single stages walk the overall standings from the back (so each player races the driver just ahead), arcade uses the stage positions, and the knockout takes the two drivers of every match of the current round.; Body: { int players; int i; int id; int slot; int left; int remaining; int pos; int *pSlot; char *pOut; int slots[4]; char used[16]; unsigned int *pState; int count; KnockoutMatch *pMatch; int drivers[2]; int out[2]; int k; int ai; bool hasAi; bool hasPlayer; players = CGameInfo::GetConfiguredPlayerCount(); switch (CGameInfo::GetConfiguredGameMode()) { case 0: case 1: if (StageUI_GetRaceResultValue() == 1) { g_stageSplitUnk0x00541f78[0][0] = (char)StageTiming_GetDriverSlot(0); g_stageSplitUnk0x00541f78[0][1] = (char)StageTiming_GetDriverSlot(1); return; } i = 0; memset(used, 0, sizeof(used)); pSlot = slots; for (; i < 16; i++) { id = RallyTiming_GetOverallPositionDriverID(i); if (id >= g_unk0x00541f98) { slot = 15 - id; *pSlot++ = slot; g_stageSplitUnk0x00541f78[slot][0] = (char)id; g_stageSplitUnk0x00541f78[slot][1] = 16; } } remaining = g_unk0x00541f98; left = players; pos = 15; pSlot = &slots[players - 1]; for (; pos >= 0; pos--) { if (left <= 0) break; id = RallyTiming_GetOverallPositionDriverID(pos); if (id >= g_unk0x00541f98) { slot = 15 - id; if (g_stageSplitUnk0x00541f78[slot][1] == 16) { k = pos; do id = RallyTiming_GetOverallPositionDriverID(--k); while (id >= g_unk0x00541f98 || used[id] != 0); left--; g_stageSplitUnk0x00541f78[slot][1] = (char)id; used[id] = 1; pSlot--; } } else { if (remaining == left) { slot = *pSlot; left--; used[id] = 1; pSlot--; g_stageSplitUnk0x00541f78[slot][1] = (char)id; } remaining--; } } for (i = 0; i < players; i++) { if (g_stageSplitUnk0x005	CMR2Decomp/StageTiming.cpp	243	void FUN_004556f0(void)	Pairs each human player's stage slot with an opponent for the split rankings, by game mode: championship/single stages walk the overall standings from the back (so each player races the driver just ahead), arcade uses the stage positions, and the knockout takes the two drivers of every match of the current round.
0x00456b70	FUN_00456b70	StageTiming_ReleaseStartArchiveBuffers	Body: { Unk0x542ae8 *p; int j; p = g_unk0x00542ae8; do { j = 2; do { if (p->pBuffer != NULL) { CFileBuffer::FreeGenericFileBuffer(p->pBuffer); p->pBuffer = NULL; } p->pBuffer = NULL; p->field_0x4 = NULL; p->field_0x8 = NULL; p++; } while (--j != 0); } while ((int)p < (int)&g_unk0x00542c68); return true; }	CMR2Decomp/StageTiming.cpp	743	bool FUN_00456b70(void)	No source comment.
0x004564d0	FUN_004564d0	StageTiming_InterpolateCarFixedSampleRows	Context: table address operand order. Interpolates 16 fixed-point samples per row from the car's 0x7c table into pOut, weighting the two corner rows by the car's 0xa8/0xac offsets.; Body: { int f; int n; int rf; int rn; int rc; int count; int off; int k; int *pIn; int *p; int *pRow; int sum; int t; int v1; int v2; int v3; int v4; int v5; int v6; int v1b; f = *(int *)(pCar + 0xac); n = *(int *)(pCar + 0xa8); rf = f - n; rn = 0x10000 - n; rc = 0x10000 - f; count = GetStageSplitCount(); if (count >= 1) { off = 0x310; pIn = (int *)(pCar + 0x7c); pRow = pOut; do { p = pRow; pRow += 0x10; k = 0x10; do { v1 = FixMul(FixMul(pIn[-0x14], rn), *(int *)(g_unk0x0054241c + off - 0x280)); v2 = FixMul(FixMul(pIn[-0x14], n), *(int *)(g_unk0x0054241c + off)); v3 = FixMul(FixMul(pIn[0], rc), *(int *)(g_unk0x0054241c + off - 0x280)); v4 = FixMul(FixMul(pIn[0], f), *(int *)(g_unk0x0054241c + off)); v5 = FixMul(pIn[-10], *(int *)(g_unk0x0054241c + off - 0x280)); v6 = FixMul(pIn[-10], *(int *)(g_unk0x0054241c + off)); v1b = *(int *)(pCar + 0xa8) + FixMul(rf, pIn[-0x1f]); sum = *(int *)(pCar + 0xa8) + FixMul(rf, pIn[-0x1e]) + v1b; t = FixDiv(sum, 0x20000); *p = FixMul(t, v6) + FixMul(0x10000 - t, v5) + v4 + v3 + v2 + v1; k--; p++; off += 4; } while (k != 0); pIn++; count--; } while (count != 0); } }	CMR2Decomp/StageTiming.cpp	1209	void FUN_004564d0(int pCar, int *pOut)	table address operand order. Interpolates 16 fixed-point samples per row from the car's 0x7c table into pOut, weighting the two corner rows by the car's 0xa8/0xac offsets.
0x00456960	FUN_00456960	StageTiming_AccumulateSplitDeltas	Body: { int count; int i, j; count = GetStageSplitCount(); for (i = 0; i <= count; i++) { for (j = 0; j < 16; j++) g_stageSplitTimesRaw[i][j] = 0; } for (i = 1; i <= count; i++) { int *pIn = &pDeltas[(i - 1) * 16]; for (j = 0; j < 16; j++) g_stageSplitTimesRaw[i][j] = g_stageSplitTimesRaw[i - 1][j] + pIn[j]; } }	CMR2Decomp/StageTiming.cpp	1271	void FUN_00456960(int *pDeltas)	No source comment.
0x00457e10	FUN_00457e10	StageTiming_GetStartArchiveRelativeEntry	Body: { int address = StageTiming_GetStartTableField398((signed char)pCar[0xb1a]); if (offset > 0) address += offset * 2; int base = StageTiming_GetStartTableField398((signed char)pCar[0xb1a]); return *(unsigned short *)address + base; }	CMR2Decomp/StageTiming.cpp	1862	int FUN_00457e10(BYTE *pCar, int offset)	No source comment.
0x00475f80	FUN_00475f80	StageObject_InitCarSceneTables	Context: Reinicia las tablas de escena 0x58d2xx/0x58d3xx/0x58d4xx y registra el callback 0x4779e0.; Body: { BYTE *pTiming; int *pState; int *pTexture; int *pPosition; int *p; g_unk0x0058d6a8[0] = 0; memset(g_stageBlock_58d47c, 0, 0x20); memset(g_stageBlock_58d340, 0, 0x20); memset(g_unk0x0058d49c, 0, 0x20); g_unk0x0058d6a8[1] = 0; memset(g_unk0x0058d6b0, 0xff, 0x1c); memset(g_unk0x0058d2a0, 0xff, 0x30); *(int *)(g_stageBlock + 0xc0) = 1; g_unk0x0058d6a0[0] = NULL; *(int *)(g_stageBlock + 0xc4) = 1; g_unk0x0058d3b0[0] = 1; g_unk0x0058d3b0[1] = 1; g_unk0x0058d6a0[1] = NULL; *(short *)(g_stageBlock + 0x30) = 0; *(short *)(g_stageBlock + 0x1d8) = 0x303; pTiming = g_stageBlock + 0xcc; pState = (int *)(g_stageBlock + 0x23c); pTexture = (int *)(g_stageBlock + 0x224); pPosition = (int *)(g_stageBlock + 0x298); do { *(short *)(pTiming - 2) = 0; pPosition[-1] = 0; *(short *)pTiming = 0; pPosition[0] = 0; *(short *)((BYTE *)pState + 4) = 0; *(short *)(pTiming + 2) = 0; pPosition[1] = 0; *pState = 1; *(int *)(pTiming + 0x14) = 0; pPosition[2] = 0; pTexture[-1] = 0; *(short *)((BYTE *)pState + 6) = 0; *(int *)(pTiming + 0x18) = 0x3333; pTexture[0] = 0; pState[-1] = 0; *(int *)(pTiming + 0x1c) = 0; pPosition += 7; pTexture += 2; pState += 3; pTiming += 0x24; } while ((int)pPosition < (int)(g_stageBlock + 0x2d0)); p = (int *)g_unk0x0058d3b8 + 1; do { p[-1] = 0; p[0] = 0; p[1] = 0; p += 3; } while ((int)p < (int)g_stageBlock_58d47c); CGame::RegisterCallback(Game_ReleaseSceneResourceBlocks, NULL); }	CMR2Decomp/StageTiming.cpp	1957	void FUN_00475f80(void)	Reinicia las tablas de escena 0x58d2xx/0x58d3xx/0x58d4xx y registra el callback 0x4779e0.
0x00468520	FUN_00468520	CarDamage_AllocateImpactDeformRecord	Context: FixMulShift32 limit) matches at 294 vs 298 instructions; the diff is MSVC6 stack-slot numbering and load scheduling. Kept as FUNCTION. Allocates a stage-deform record (0x106-byte pool, 0xd-byte slots) for the car's impact, fills it with the clamped offset/normal/impact colours and queues it, or falls back to a scratch record.; Body: { BYTE *pRec; BYTE *pPrev; BYTE *pCur; BYTE *pWalk; BYTE *pFound; BYTE *pBase; FixVector vA; FixVector vB; BYTE buf[20]; int limit; int count; int minv; int v; int scale; pRec = NULL; pPrev = NULL; pBase = g_unk0x00588b98 + g_stageDeformCar->index * 0x290 + 0x106; limit = FixMulShift32(g_stageDeformStrength, 0xff0000); if (limit > 0xff) limit = 0xff; if (*(int *)(g_unk0x00588b98 + g_stageDeformCar->index * 0x290 + 0x28c) == 0) { count = *(BYTE *)(pBase + 0x104); if (count < 0x14) { if (count != 0) *(BYTE *)(count * 0xd + pBase - 1) = count; pRec = (BYTE *)(*(BYTE *)(pBase + 0x104) * 0xd + pBase); *(BYTE *)(pBase + 0x104) = *(BYTE *)(pBase + 0x104) + 1; } else { pWalk = (BYTE *)(*(BYTE *)(pBase + 0x105) * 0xd + pBase); minv = 1000; pCur = NULL; pFound = NULL; if (pWalk != NULL) { do { pFound = pWalk; v = *pFound; if (minv > v) { minv = v; pRec = pFound; pPrev = pCur; } if (pFound[0xc] == 0xff) break; pCur = pFound; pWalk = (BYTE *)((char)pFound[0xc] * 0xd + pBase); } while (pWalk != NULL); } if (!(pRec != NULL && minv < (limit & 0xff))) pRec = NULL; else if (pRec != pFound) { if (pPrev == NULL) { pFound[0xc] = *(BYTE *)(pBase + 0x105); *(BYTE *)(pBase + 0x105) = pRec[0xc]; } else { pFound[0xc] = pPrev[0xc]; pPrev[0xc] = pRec[0xc]; } pRec[0xc] = 0xff; } } } if (pRec == NULL) { pRec = buf; if (pRec == NULL) return; } pRec[0] = (BYTE)limit; scale = FixMul(FixDiv(0x10000, 0xa0000), 0x7f0000); FixVecScale(&vA, &g_stageDeformOffset, scale); v = vA.x >> 16; if (v > 0x7f) v = 0x7f; el	CMR2Decomp/StageTiming.cpp	2029	void FUN_00468520(void)	FixMulShift32 limit) matches at 294 vs 298 instructions; the diff is MSVC6 stack-slot numbering and load scheduling. Kept as FUNCTION. Allocates a stage-deform record (0x106-byte pool, 0xd-byte slots) for the car's impact, fills it with the clamped offset/normal/impact colours and queues it, or falls back to a scratch record.
0x00459790	FUN_00459790	StageTiming_DrawProjectedCarMarker	Context: Projects a car's body node into one player's view and draws the stage timing marker (driver name or rally record) at the projected position, then updates the light level of the car's shadow meshes from the distance to the view centre.; Body: { Car *pCar; SceneNode *pNode; SceneNode *pView; BYTE colour[4]; float prevY; float prevX; int proj[2]; FixVector up; FixVector nodePos; FixVector out; FixVector viewPos; float distance; int flag; char *pName; int old; colour[0] = 0xff; colour[1] = 0xff; colour[2] = 0xff; colour[3] = 0xff; pCar = Car_Get(param_1); pNode = pCar->pNode0x71c; pView = g_viewNodes[param_2]; FixMatrix_GetPosition(&nodePos, &pNode->current); FixMatrix_GetPosition(&viewPos, &pView->current); nodePos.y += 0x10000; FUN_00459630((int *)&nodePos, (int *)&viewPos, (int *)&out); FixMatrix_ProjectWorldPointToView(proj, &out, (BYTE *)pView); if (CGameInfo::GetConfiguredGameMode() == '\b' || CGameInfo::GetConfiguredGameMode() == '\t' || CGameInfo::GetConfiguredGameMode() == '\n') flag = 0; else flag = 1; if (proj[0] != -0x640000 || proj[1] != -0x640000) { prevX = proj[0] * CGraphics::m_oneOver65536; prevY = proj[1] * CGraphics::m_oneOver65536; FixMatrix_GetUp(&up, &pView->current); up.x += nodePos.x; up.y += nodePos.y; up.z += nodePos.z; FUN_00459630((int *)&up, (int *)&viewPos, (int *)&out); FixMatrix_ProjectWorldPointToView(proj, &out, (BYTE *)pView); if (proj[0] != -0x640000 || proj[1] != -0x640000) { distance = (float)sqrt(FSQR((proj[0] * CGraphics::m_oneOver65536 - prevX) * g_unk0x005113e0 / (int)g_pGraphics->resX) + FSQR((proj[1] * CGraphics::m_oneOver65536 - prevY) * g_unk0x005113dc / (int)g_pGraphics->resY)); if (distance > g_unk0x00511378) { if (TIMER_ALPHA >= g_netOne) colour[3] = 0xdc; else if (TIM	CMR2Decomp/StageTiming.cpp	2735	void FUN_00459790(int param_1, int param_2)	Projects a car's body node into one player's view and draws the stage timing marker (driver name or rally record) at the projected position, then updates the light level of the car's shadow meshes from the distance to the view centre.
0x00459630	FUN_00459630	StageTiming_ProjectPointToTenUnitRadius	Context: Moves pPoint onto the line from pOrigin to it, 10 units from pOrigin (the direction is prescaled by its largest component to keep the doubles small), and writes the result to pOut. (and reads 10.0 from the shared constant at 0x5113c0).; Body: { double v[3]; int d[3]; double big; double length; int x; int y; int z; d[0] = pPoint[0] - pOrigin[0]; d[1] = pPoint[1] - pOrigin[1]; d[2] = pPoint[2] - pOrigin[2]; v[0] = d[0] * CGraphics::m_oneOver65536; v[1] = d[1] * CGraphics::m_oneOver65536; v[2] = d[2] * CGraphics::m_oneOver65536; if (fabs(v[0]) > fabs(v[1]) && fabs(v[0]) > fabs(v[2])) big = fabs(v[0]); else if (fabs(v[1]) > fabs(v[0]) && fabs(v[2]) < fabs(v[1])) big = fabs(v[1]); else big = fabs(v[2]); if (big > g_zero0x005113c8) { v[0] /= big; v[1] /= big; v[2] /= big; } length = sqrt(v[2] * v[2] + v[1] * v[1] + v[0] * v[0]); v[0] = v[0] * 10.0 / length; v[1] = v[1] * 10.0 / length; v[2] = v[2] * 10.0 / length; x = FloatToFix((float)v[0]); y = FloatToFix((float)v[1]); z = FloatToFix((float)v[2]); pOut[0] = pOrigin[0] + x; pOut[1] = pOrigin[1] + y; pOut[2] = pOrigin[2] + z; }	CMR2Decomp/StageTiming.cpp	2872	void FUN_00459630(int *pPoint, int *pOrigin, int *pOut)	Moves pPoint onto the line from pOrigin to it, 10 units from pOrigin (the direction is prescaled by its largest component to keep the doubles small), and writes the result to pOut. (and reads 10.0 from the shared constant at 0x5113c0).
0x00458bd0	FUN_00458bd0	StageTiming_ResetPlayerLapRecord	Context: Resets one player's timing record (table at 0x542e78, stride 0x1c) to the default state for the current rally and network mode.; Body: { Car *pCar; short value; pCar = Car_Get(param_1); g_unk0x00542e78[param_1].field_0x16 = 0; g_unk0x00542e78[param_1].field_0x17 = 0; g_unk0x00542e78[param_1].field_0x18 = 0; g_unk0x00542e78[param_1].field_0x19 = 0; g_unk0x00542e78[param_1].field_0x1a = 0; g_unk0x00542e78[param_1].field_0x14 = 0; g_unk0x00542e78[param_1].field_0x10 = 0; g_unk0x00542e78[param_1].field_0x12 = 0; if ((BYTE)RallyData_GetFlag24() == 0 && (BYTE)RallyData_GetFlag25() == 0) { g_unk0x00542e78[param_1].field_0x0 = (short)RallyData_GetActiveCarRaceRecordField0((BYTE *)pCar); g_unk0x00542e78[param_1].field_0x2 = 0; g_unk0x00542e78[param_1].field_0x4 = 0; g_unk0x00542e78[param_1].field_0x6 = 0; g_unk0x00542e78[param_1].field_0x8 = 0; g_unk0x00542e78[param_1].field_0xa = 1; g_unk0x00542e78[param_1].field_0xc = 0; g_unk0x00542e78[param_1].field_0xe = (short)g_unk0x00542c74 - 1; goto end; } g_unk0x00542e78[param_1].field_0x4 = 0; g_unk0x00542e78[param_1].field_0x8 = 0; if (param_4 != 0) { g_unk0x00542e78[param_1].field_0x0 = (short)Stage_GetPreviousCheckpoint(RallyData_GetActiveCarRaceRecordField0((BYTE *)pCar)); } else { value = g_unk0x00542d58[param_1]; g_unk0x00542e78[param_1].field_0x0 = value; RallyData_SetCarRaceRecordPosition(pCar, Stage_GetNextCheckpoint((int)value)); g_unk0x00542e78[param_1].field_0x12 = g_unk0x00542d68[param_1]; } if ((BYTE)RallyData_GetFlag24() != 0) { g_unk0x00542e78[param_1].field_0x2 = -1; g_unk0x00542e78[param_1].field_0x6 = 0; g_unk0x00542e78[param_1].field_0xe = 0; if (g_unk0	CMR2Decomp/StageTiming.cpp	3323	void FUN_00458bd0(int param_1, int param_2, int param_3, char param_4)	Resets one player's timing record (table at 0x542e78, stride 0x1c) to the default state for the current rally and network mode.
0x004814d0	FUN_004814d0	CarPart_IntegrateVerticalAxisTurn	Context: Turns the vehicle about its vertical axis by the per-frame rate, toward the side given by its orientation.; Body: { unsigned short angles[3]; if ((g_partState->flags & 0xf0) == 0x20) { int direction = *(int *)&g_partState->basis; angles[0] = 0; angles[1] = 0; if (direction < 0) angles[2] = (unsigned short)g_unk0x00590c68; else angles[2] = (unsigned short)-g_unk0x00590c68; } else { int direction = *(int *)&g_partState->basis; angles[0] = 0; angles[1] = 0; if (direction > 0) angles[2] = (unsigned short)g_unk0x00590c68; else angles[2] = (unsigned short)-g_unk0x00590c68; } StageTiming_RotatePartBasisFromAngles(angles); VehicleMotion_UpdateWorldPosition(); }	CMR2Decomp/StageTiming.cpp	3531	void FUN_004814d0(void)	Turns the vehicle about its vertical axis by the per-frame rate, toward the side given by its orientation.
0x00498590	FUN_00498590	StageTiming_RelocateCarRecordRoutePoints	Context: Lays out count 0x1720-byte car records from p and offsets their route points by the route origin; returns the end of the records.; Body: { int origin[3]; int points; int *pp; int i; RallyData_GetRouteNodeGroundPosition(0, origin); points = RallyData_GetRouteAvailabilityState(); for (pp = g_unk0x00592748; count >= 1; count--, pp++) { *pp = (int)p; p += 0x1720; for (i = 0; i < points; i++) { *(int *)(*pp + 0xb90 + i * 4) += origin[0]; *(int *)(*pp + 0x1158 + i * 4) += origin[2]; } } return p; }	CMR2Decomp/StageTiming.cpp	3569	BYTE *FUN_00498590(BYTE *p, int unused, int count)	Lays out count 0x1720-byte car records from p and offsets their route points by the route origin; returns the end of the records.
0x00448de0	FUN_00448de0	StageTiming_AdvanceJitteredClock	Context: Advances the stage clock by 4 with a little jitter, stopping at one hour.; Body: { int jitter; if (g_unk0x0053d1d9 == 0 && g_unk0x0053d1b4 >= 0x57e3c) { g_unk0x0053d1d8 = 1; g_unk0x0053d1b4 = 360000; g_unk0x0053d1b0 = 359999; } else { g_unk0x0053d1b4 += 4; jitter = rand() % 4; jitter--; g_unk0x0053d1b0 = g_unk0x0053d1b4 + jitter; if ((BYTE)RallyData_GetSetupFlag11()) { g_unk0x0053d1a0 += 4; g_unk0x0053d1a2 = g_unk0x0053d1a0 + (short)jitter; } } }	CMR2Decomp/StageTiming.cpp	3657	void FUN_00448de0(void)	Advances the stage clock by 4 with a little jitter, stopping at one hour.
0x0045f530	FUN_0045f530	StageObject_ScaleViewValueByRoute	Context: Scales a view's object value by the car's route position between two limits.; Body: { unsigned int position; if (RallyData_GetRouteAdditionalState() == 0) { position = RallyData_GetActiveCarRaceRecordField0((BYTE *)Car_Get(View_GetActiveCameraFlags(view))); *(unsigned int *)(pObject + 0x6c) = position; if (position != *(unsigned int *)(pObject + 0x70)) { *(unsigned int *)(pObject + 0x70) = position; if (position <= g_unk0x00543d6c) { StageObject_SetScaledValue(g_unk0x00543d60, view); return; } if (position >= g_unk0x00543d70) { StageObject_SetScaledValue(g_unk0x00543d64, view); return; } StageObject_SetScaledValue(FixMul((position - g_unk0x00543d6c) << 16, g_unk0x00543d68) + g_unk0x00543d60, view); } } }	CMR2Decomp/StageTiming.cpp	3747	void FUN_0045f530(BYTE *pObject, int view)	Scales a view's object value by the car's route position between two limits.
0x0045c610	FUN_0045c610	CarTyres_CommitPlayerWear	Context: Commits (or, with a == b == 0, first resets) the tyre wear of count players.; Body: { int i; int j; BYTE *pRecord; int *w; for (i = 0; i < count; i++) { pRecord = RallyData_GetTyreRecord((BYTE)(StageUI_GetRaceEndEventCount() + i)); if (pRecord != NULL) { w = (int *)(pRecord + 0x50); for (j = 0; j < 4; j++, w++) { if (a == 0 && b == 0) { w[0] = w[-0xc]; if (w[-0x10] < w[-0x14]) w[-8] = w[-0x14]; else w[-8] = w[-0x10]; w[-4] = 0; } w[0xc] = w[0]; w[4] = w[-4]; w[8] = w[-8]; RallyData_MarkTyresChanged((StageUI_GetRaceEndEventCount() & 0xff) + i); Tyre_AddWear(i, j, 0, 0); } } } }	CMR2Decomp/StageTiming.cpp	3793	void FUN_0045c610(int a, int b, int count)	Commits (or, with a == b == 0, first resets) the tyre wear of count players.
0x00448d50	FUN_00448d50	StageTiming_BubbleRunningOrder	Context: One bubble pass over the running order, keeping each car's position count.; Body: { int count = Stage_GetDriverCount(); int i; char a; int b; char *p; for (i = 1; i < count; i++) { p = &g_unk0x0053dda8[i]; if (StageTiming_CompareCheckpointAndStartOrder(p[0], p[-1]) == 1) { a = p[-1]; g_carStageTiming[a].field_0x81++; b = p[0]; g_carStageTiming[b].field_0x81--; p[0] = a; p[-1] = b; } } }	CMR2Decomp/StageTiming.cpp	3847	void FUN_00448d50(void)	One bubble pass over the running order, keeping each car's position count.
0x00448550	FUN_00448550	StageTiming_EstimateElapsedStageTime	Context: Estimates the stage time from the progress so far (at least halfway).; Body: { int total; int progress; g_unk0x0053d1da[0] = 1; g_unk0x0053e18c++; if (CGameInfo::GetConfiguredGameMode() == 11) total = (BYTE)RallyData_GetSelectionBits16To19() * RallyData_GetRouteAvailabilityState() * 0x10000; else total = RallyData_GetRouteAvailabilityState() << 16; progress = FixDiv((unsigned short)StageTiming_GetCheckpointField10(0) << 16, total); if (progress > 0x8000) { return (g_unk0x0053d1b8[0] = ConvertRawTimeToCentiseconds(FixMul(Timing_CentisecondsToFixedSeconds(g_unk0x0053d1b0), FixDiv(0x10000, progress)))); } return (g_unk0x0053d1b8[0] = g_unk0x0053d1b0 * 2); }	CMR2Decomp/StageTiming.cpp	4152	int FUN_00448550(void)	Estimates the stage time from the progress so far (at least halfway).
0x00455af0	FUN_00455af0	StageTiming_InsertDriverSplitRanking	Context: Inserts a driver's split time into the ranking of a split.; Body: { int time = Timing_CentisecondsToFixedSeconds(hundredths); int slot = driver; int pos; int i; int c; if (driver < g_unk0x00541f98) slot = g_unk0x00541f90[StageUI_GetRaceEndEventCount() & 0xff]; g_stageSplitTimesRaw[split][slot] = time; for (pos = 0; g_stageSplitTimesRaw[split][g_stageSplitTimesRawDriverIx[split][pos]] < time && pos != g_stageSplitDriverCount[split];) { pos++; if (pos >= 16) goto done; } for (i = 15; pos < i; i--) { g_stageSplitTimesRawDriverIx[split][i] = g_stageSplitTimesRawDriverIx[split][i - 1]; c = g_stageSplitDriverIndices[split][i - 1]; g_stageSplitDriverIndices[split][i] = c; g_stageSplitPositions[split][c]++; } g_stageSplitTimesRawDriverIx[split][pos] = (char)slot; g_stageSplitDriverIndices[split][pos] = (char)driver; g_stageSplitPositions[split][driver] = (char)pos; done: g_stageSplitDriverCount[split]++; }	CMR2Decomp/StageTiming.cpp	4360	void FUN_00455af0(int driver, int hundredths, int split)	Inserts a driver's split time into the ranking of a split.
0x00455f00	FUN_00455f00	StageTiming_BlendCarPaintDecalRows	Context: stack slots in a different order (the original spills into the dead parameter homes, EBP+8/EBP+0xc); only the [ebp-N] numbers and a few load orders differ. Kept as FUNCTION. Bilinear blend of a car's 5-byte-wide paint-decal rows (0x54241c) into 16 fixed-point samples, weighted by the car's two paint offsets (0xa8/0xac).; Body: { __int64 v; int t; int a8; int r8; int ac; int rc; int sum; int d0; int d3; int d4; int t1; int t2; int t3; int m1; int m2; int m3; int m4; int m5; int m6; int m7; int m8; int m9; int m10; int m11; int t4; int i; v = (unsigned int)RallyData_GetRouteAvailabilityState(); v = (__int64)((double)v * CGraphics::m_65536); t = (int)v; FixMul(0x20000, t); a8 = *(int *)(pCar + 0xa8); ac = *(int *)(pCar + 0xac); r8 = 0x10000 - a8; rc = 0x10000 - ac; sum = r8 + rc; for (i = 0; i < 0x50; i += 5, pOut++) { d3 = (int)(__int64)(g_unk0x0054241c[i + 3] * CGraphics::m_65536); d4 = (int)(__int64)(g_unk0x0054241c[i + 4] * CGraphics::m_65536); d0 = (int)(__int64)(g_unk0x0054241c[i] * CGraphics::m_65536); t1 = FixDiv(*(int *)(pCar + 0xa0), t); t2 = FixDiv(t - *(int *)(pCar + 0xa4), t); t3 = 0x10000 - t2 - t1; m1 = FixMul(r8, d3); m2 = FixMul(t1, m1); m3 = FixMul(a8, d4); m4 = FixMul(t1, m3); m5 = FixMul(rc, d3); m6 = FixMul(t2, m5); m7 = FixMul(d4, ac); m8 = FixMul(t2, m7); t4 = FixDiv(sum, 0x20000); m9 = FixMul(t4, d3); m10 = FixMul(t3, m9); m11 = FixMul(d4, 0x10000 - t4); *pOut = FixMul(t3, m11) + m10 + m8 + m6 + m4 + m2 + d0; } }	CMR2Decomp/StageTiming.cpp	4398	void FUN_00455f00(int pCar, int *pOut)	stack slots in a different order (the original spills into the dead parameter homes, EBP+8/EBP+0xc); only the [ebp-N] numbers and a few load orders differ. Kept as FUNCTION. Bilinear blend of a car's 5-byte-wide paint-decal rows (0x54241c) into 16 fixed-point samples, weighted by the car's two paint offsets (0xa8/0xac).
0x00456110	FUN_00456110	StageTiming_RandomizeComputerTimes	Context: Adds a random spread to the computer drivers' times and sorts them.; Body: { int split = GetStageSplitCount(); int i; int *p = pTimes; int low; int high; unsigned int r; for (i = 0; i < 0x50; i += 5, p++) { low = (int)(__int64)(g_unk0x0054241c[i + 2] * CGraphics::m_65536); high = (int)(__int64)(g_unk0x0054241c[i + 1] * g_minus65536); r = (unsigned int)(__int64)(rand() * CGraphics::m_65536); *p += FixMul(FixDiv(r, 0x7fff0000), -low - high) + low; } RallyTiming_SortOrder(pTimes, g_stageSplitDriverIndices[split], 0, g_unk0x00541f98, 1); }	CMR2Decomp/StageTiming.cpp	4464	void FUN_00456110(int *pTimes)	Adds a random spread to the computer drivers' times and sorts them.
0x00458fd0	FUN_00458fd0	StageTiming_AdvanceTimedLapCheckpoint	Context: Advances a car's lap record when it reaches the next checkpoint on time.; Body: { int count; if (g_unk0x00542e78[car].field_0x2 == g_unk0x00542e78[car].field_0x8 && (int)(__int64)(time * CGraphics::m_65536) == g_unk0x00542c7c[g_unk0x00542e78[car].field_0xa]) { g_unk0x00542e78[car].field_0x17 = 1; g_unk0x00542e78[car].field_0x4 = g_unk0x00542e78[car].field_0x8; g_unk0x00542e78[car].field_0x6 = g_unk0x00542e78[car].field_0xa; g_unk0x00542e78[car].field_0xa++; if (g_unk0x00542e78[car].field_0x6 == 0) g_unk0x00542e78[car].field_0x19 = 1; count = g_unk0x00542c74; if (g_unk0x00542e78[car].field_0xa == count) { g_unk0x00542e78[car].field_0xa = 0; g_unk0x00542e78[car].field_0x8++; } g_unk0x00542e78[car].field_0x14++; if (g_unk0x00542e78[car].field_0x14 > count) g_unk0x00542e78[car].field_0x14 = 1; } }	CMR2Decomp/StageTiming.cpp	4487	void FUN_00458fd0(int car, int time)	Advances a car's lap record when it reaches the next checkpoint on time.
0x0045e8b0	FUN_0045e8b0	StageObject_UpdateThirdRouteRamp	Context: Third ramp of a view's object state: value by route position plus the car's progress within the node.; Body: { Car *pCar; unsigned int position; int t; if (RallyData_GetRouteAdditionalState() == 0) { pRecord[6] = pRecord[4]; pCar = Car_Get(View_GetActiveCameraFlags(view)); position = RallyData_GetActiveCarRaceRecordField0((BYTE *)pCar); pRecord[0] = position; if (position != pRecord[1]) { pRecord[1] = position; if (position <= (unsigned int)g_unk0x00543d94) { pRecord[2] = g_unk0x00543d88; } else if (position >= (unsigned int)g_unk0x00543d98) { pRecord[2] = g_unk0x00543d8c; } else { pRecord[2] = (t = position - g_unk0x00543d94) << 16; pRecord[2] = FixMul(t << 16, g_unk0x00543d90); pRecord[2] = pRecord[2] + g_unk0x00543d88; } } if (pRecord[0] < (unsigned int)g_unk0x00543d98 && pRecord[0] >= (unsigned int)g_unk0x00543d94) { t = RallyData_GetCarRaceRecordField10((BYTE *)pCar); pRecord[3] = FixMul(g_unk0x00543d90, t); pRecord[4] = pRecord[2] + pRecord[3]; return; } pRecord[3] = 0; pRecord[4] = pRecord[2] + *(volatile unsigned int *)&pRecord[3]; } }	CMR2Decomp/StageTiming.cpp	4532	void FUN_0045e8b0(unsigned int *pRecord, int view)	Third ramp of a view's object state: value by route position plus the car's progress within the node.
0x0045ea70	FUN_0045ea70	StageWeather_SetupSettingTransition	Context: Sets up the weather change of the stage from its two settings.; Body: { int *pPair = RallyData_GetDriverSettingPair(RallyDataStageIndex()); int other = g_weatherType[pPair[1]]; g_unk0x00543d54 = g_weatherType[pPair[0]]; g_unk0x00543e9c = g_weatherBlendA[pPair[0]]; g_unk0x00543fa8 = g_weatherBlendA[pPair[1]]; g_unk0x00543e88 = g_weatherBlendB[pPair[0]]; g_unk0x00543d9c = g_weatherBlendB[pPair[1]]; if (g_unk0x00543d54 == 0) { if (other != 0) { g_unk0x00543e9c = 0; g_unk0x00543d54 = other; } } else if (other == 0) { g_unk0x00543fa8 = 0; } if (g_unk0x00543e9c != g_unk0x00543fa8) { g_unk0x00543e8c = (unsigned int)RallyData_GetRouteAvailabilityState() / 5; g_unk0x00543e94 = RallyData_GetRouteAvailabilityState() - g_unk0x00543e8c / 5; return; } g_unk0x00543e8c = 0; g_unk0x00543e94 = 0; }	CMR2Decomp/StageTiming.cpp	4616	void FUN_0045ea70(void)	Sets up the weather change of the stage from its two settings.
0x0045f260	FUN_0045f260	StageObject_SetupWeatherRamps	Context: Sets up the three object ramps of the stage from its weather change.; Body: { int *pPair = RallyData_GetDriverSettingPair(RallyDataStageIndex()); short a = (short)RallyData_GetSecondaryStageScoreScale(); short b = (short)RallyData_GetPrimaryStageScoreScale(); int last; int from; int v2; if ((b != a || pPair[0] != pPair[1]) && RallyData_GetRouteAdditionalState() == 0) { last = RallyData_GetRouteAvailabilityState() - 1; from = 1; v2 = 0x10000; } else { last = 0; from = 0; v2 = 0; } StageTiming_SetSecondaryObjectRamp(0, v2, from, last); StageTiming_SetPrimaryObjectRamp(g_unk0x00543e9c, g_unk0x00543fa8, g_unk0x00543e8c, g_unk0x00543e94, g_unk0x00543d54); StageTiming_SetThirdObjectRamp(g_unk0x00543e88, g_unk0x00543d9c, g_unk0x00543e8c, g_unk0x00543e94); }	CMR2Decomp/StageTiming.cpp	4685	void FUN_0045f260(void)	Sets up the three object ramps of the stage from its weather change.
0x00424360	FUN_00424360	ForceFeedback_ComputeSteeringForce	Context: Builds the steering force from the two front-corner axes, the wheel speed, and the force-feedback slot's current centring/impact state.; Body: { FixVector *pForward; FixVector *pAxis; int left; int right; int force; int speed; force = g_unk0x005391f8[1] - g_unk0x005391f8[0]; if (g_unk0x00539270[0] != 0) { pAxis = (FixVector *)(g_unk0x0053937c + 0x4a4); pForward = (FixVector *)(g_unk0x0053937c + 0x378); left = FixVecDot(pForward, pAxis); } else { left = 0; } if (g_unk0x00539270[1] != 0) { pAxis = (FixVector *)(g_unk0x0053937c + 0x4b0); pForward = (FixVector *)(g_unk0x0053937c + 0x378); right = FixVecDot(pForward, pAxis); } else { right = 0; } force = force - right - left; if (FIX_ABS(force) > 0x10000) force = force > 0 ? 0x10000 : -0x10000; speed = FixMul(*(int *)(g_unk0x0053937c + 0x778) - 0x8000, 0x20000); if (speed > 0x10000) speed = 0x10000; else if (speed < 0) speed = 0; force = FixMul(speed, force); force = FixMul(force, 0x6666) + g_unk0x00539278->field_0x20; if (g_unk0x00539278->field_0x30 != 0) force += g_unk0x00539278->field_0x24; else force -= g_unk0x00539278->field_0x24; if (FIX_ABS(force) > 0x10000) force = force > 0 ? 0x10000 : -0x10000; speed = FixMul(0x40000, g_unk0x00539278->field_0x18); force = FixMul(force, speed); if (FIX_ABS(force) > 0x10000) force = force > 0 ? 0x10000 : -0x10000; g_unk0x00539278->field_0x14 = FixMul(force, 0x27100000) >> 16; }	CMR2Decomp/StageTiming.cpp	4733	void FUN_00424360(void)	Builds the steering force from the two front-corner axes, the wheel speed, and the force-feedback slot's current centring/impact state.
0x004247a0	FUN_004247a0	ForceFeedback_ComputeAxleRumble	Context: Computes each axle's rumble from its suspension travel and stiffness, plus the ground roughness, and their average.; Body: { int i; int v; BYTE *p = g_unk0x0053937c; for (i = 0; i < 2; i++) { if (g_unk0x00539270[i] == 0) { g_unk0x005391f8[i] = 0; } else { v = *(int *)(p + 0x1a8 + i * 0xc) + *(int *)(p + 0x8c + i * 0x24); g_unk0x005391f8[i] = v; v = FixMul(*(int *)(p + 0x1a4 + i * 0xc) + *(int *)(p + 0x88 + i * 0x24), v); g_unk0x005391f8[i] = v; v = FixMul(v, 0x16e14); g_unk0x005391f8[i] = v; if (v < 0) g_unk0x005391f8[i] = 0; if (g_unk0x005391f8[i] > 0x9999) g_unk0x005391f8[i] = 0x9999; p = g_unk0x0053937c; g_unk0x005391f8[i] += *(int *)(p + 0x90 + i * 0x24); if (g_unk0x005391f8[i] > 0x10000) g_unk0x005391f8[i] = 0x10000; } } g_unk0x00539380 = FixMul(g_unk0x005391f8[1] + g_unk0x005391f8[0], 0x8000); }	CMR2Decomp/StageTiming.cpp	4786	void FUN_004247a0(void)	Computes each axle's rumble from its suspension travel and stiffness, plus the ground roughness, and their average.
0x004248a0	FUN_004248a0	ForceFeedback_ComputeConditionCoefficients	Context: Builds the two condition-effect coefficients from the car's velocity, ground contact and the force-feedback strength selected for this slot.; Body: { FixVector *pForward; FixVector *pVelocity; int contact; int spring; int damper; int speed; spring = FixMul(g_unk0x00539380, 0x6666) + 0x1999; damper = FixMul(g_unk0x00539380, 0x4ccc); if (g_unk0x00539270[0] != 0 && g_unk0x00539270[1] != 0) { pForward = (FixVector *)(g_unk0x0053937c + 0x378); pVelocity = (FixVector *)(g_unk0x0053937c + 0x408); contact = FixVecDot(pForward, pVelocity); if (contact < 0) contact = -contact; contact = FixMul(contact - 0x1999, 0x28000); if (contact > 0x10000) contact = 0x10000; else if (contact < 0) contact = 0; spring -= FixMul(contact, 0x4ccc); if (spring < 0) spring = 0; damper -= FixMul(contact, 0x4ccc); if (*(int *)(g_unk0x0053937c + 0x778) <= 0x1999) { speed = 0x10000 - FixMul(*(int *)(g_unk0x0053937c + 0x778), 0xa0000); spring += FixMul(-spring, speed); if (spring < 0) spring = 0; damper += FixMul(0x8000, speed); if (damper > 0x10000) damper = 0x10000; } } speed = FixMul(0x40000, g_unk0x00539278->field_0x1c); spring = FixMul(spring, speed); if (FIX_ABS(spring) > 0x10000) spring = spring > 0 ? 0x10000 : -0x10000; speed = FixMul(0x40000, g_unk0x00539278->field_0x1c); damper = FixMul(damper, speed); if (FIX_ABS(damper) > 0x10000) damper = damper > 0 ? 0x10000 : -0x10000; g_unk0x00539278->field_0xc = FixMul(spring, 0x27100000) >> 16; g_unk0x00539278->field_0x10 = FixMul(damper, 0x27100000) >> 16; }	CMR2Decomp/StageTiming.cpp	4818	void FUN_004248a0(void)	Builds the two condition-effect coefficients from the car's velocity, ground contact and the force-feedback strength selected for this slot.
0x00424af0	FUN_00424af0	ForceFeedback_ComputeRoadNoise	Context: Random force-feedback road noise of the current slot, scaled by speed and the suspension movement.; Body: { int speed; int k; if (g_unk0x00539278->field_0x20 == 0) g_unk0x00539278->field_0x20 = (int)(__int64)(rand() * g_oneOverRandMax * (float)CGraphics::m_65536); else if (g_unk0x00539278->field_0x20 <= 0) g_unk0x00539278->field_0x20 = (int)(__int64)(rand() * g_oneOverRandMax * (float)CGraphics::m_65536); else g_unk0x00539278->field_0x20 = (int)(__int64)(rand() * g_oneOverRandMax * (float)g_minus65536); speed = FixMul(*(int *)(g_unk0x0053937c + 0x778), 0x10000); if (speed > 0x10000) speed = 0x10000; k = FixMul(speed, *(int *)(g_unk0x0053937c + 0xc0) + *(int *)(g_unk0x0053937c + 0x9c)) + g_unk0x00539278->field_0x28; if (k > 0x10000) k = 0x10000; g_unk0x00539278->field_0x20 = FixMul(g_unk0x00539278->field_0x20, k); }	CMR2Decomp/StageTiming.cpp	4919	void FUN_00424af0(void)	Random force-feedback road noise of the current slot, scaled by speed and the suspension movement.
0x00458e00	FUN_00458e00	StageTiming_AdvanceCrossedCheckpoints	Context: Advances one car through crossed checkpoints.; Body: { int current = g_unk0x00542e78[car].field_0x0; int step; int i; int prev; int delta; if (target == current) return; delta = target - current; if (g_stageLooped == 0) step = delta >= 1 ? 1 : -1; else if (delta < -50 || (delta > 0 && delta < 50)) step = 1; else step = -1; for (i = 0; current != target && i < g_stageCheckpointCount; i++) { g_unk0x00542e78[car].field_0x12 += (short)step; if ((int)g_unk0x00542e78[car].field_0x12 > (unsigned short)g_unk0x00542e78[car].field_0x10) g_unk0x00542e78[car].field_0x10 = g_unk0x00542e78[car].field_0x12; prev = current; current += step; if (current < 0) current = g_stageCheckpointCount - 1; if (current >= g_stageCheckpointCount) current = 0; if (g_stageLooped) StageTiming_CountLapCrossings(car, prev, current); if (g_unk0x00542cad != 0) StageTiming_AdvanceLoopedCarCheckpoint(car, current); else FUN_00458fd0(car, current); StageTiming_FlagCoincidentCheckpointPositions(car); StageTiming_SetViewRouteDistanceLimit(car, current, step); } g_unk0x00542e78[car].field_0x0 = (short)target; g_unk0x00542e78[car].field_0x16 = 1; }	CMR2Decomp/StageTiming.cpp	4970	void FUN_00458e00(int car, int target)	Advances one car through crossed checkpoints.
0x00480cb0	FUN_00480cb0	CarPart_SmoothSteeringOffset	Context: Smooths the active car's steering offset and derives a short angle.; Body: { int speed = FixMul(g_partCar->speed, FixDiv(0x10000, 0x18000)); int step; int target; int index; int delta; int phase; if (speed > 0x10000) speed = 0x10000; step = FixMul(FixMul(speed, g_physicsTimeStep), 0xf5c); target = FixMul(FixMul(speed, g_physicsTimeStep), 0x3333); phase = g_partCar->position.x + g_partCar->position.z; phase = FIX_ABS(phase); phase %= 1024; target = FixMul(target, phase << 6); index = (signed char)((BYTE *)g_partCar)[0xb1a]; delta = target - g_unk0x00590b10[index]; if (FIX_ABS(delta) > step) { if (delta > 0) target = g_unk0x00590b10[index] + step; else target = g_unk0x00590b10[index] - step; } g_unk0x00590b10[index] = target; *(short *)&g_unk0x00590c68 = (short)(int)(__int64)((double)target * g_unk0x00511380); }	CMR2Decomp/StageTiming.cpp	5018	void FUN_00480cb0(void)	Smooths the active car's steering offset and derives a short angle.
0x00508890	FUN_00508890	CarDamage_ApplyCameraSpaceMeshDent	Context: Applies the record's camera-space dent to every mesh: vertices inside the radius move along the dent direction, those in the falloff shell along their per-vertex limit direction, and each touched mesh is rebuilt.; Body: { if (FixVecDot(&g_unk0x0082d120, &g_unk0x0082d12c) >= 0) FixVecScale(&g_unk0x0082d12c, &g_unk0x0082d12c, -0x10000); FixVector offset; FixVecScale(&offset, &g_unk0x0082d12c, g_unk0x0082d150); g_unk0x0082d120.x += offset.x; g_unk0x0082d120.y += offset.y; g_unk0x0082d120.z += offset.z; int innerSquare = FixMul(g_unk0x0082d144, g_unk0x0082d144); int reciprocalInner = FixDiv(0x10000, g_unk0x0082d144); int outer = g_unk0x0082d154 + g_unk0x0082d144; int outerSquare = FixMul(outer, outer); int reciprocalFalloff = FixDiv(0x10000, g_unk0x0082d154); int shellScale = FixMul(g_unk0x0082d158, 0x3333); int meshIndex; for (meshIndex = 0; meshIndex < *(BYTE *)((BYTE *)pRecord + 0x26a); ++meshIndex) { int changed = 0; int vertexIndex; for (vertexIndex = 0; vertexIndex < *(USHORT *)((BYTE *)pRecord + 0x24c + meshIndex * 2); ++vertexIndex) { Mesh *pMesh = (Mesh *)*(int *)((BYTE *)pRecord + meshIndex * 4); FixVector position; position.x = (int)(__int64)(*(float *)((BYTE *)pMesh->pVertexData + vertexIndex * 0x30 + 0x0) * CGraphics::m_65536); position.y = (int)(__int64)(*(float *)((BYTE *)pMesh->pVertexData + vertexIndex * 0x30 + 0x4) * CGraphics::m_65536); position.z = (int)(__int64)(*(float *)((BYTE *)pMesh->pVertexData + vertexIndex * 0x30 + 0x8) * CGraphics::m_65536); FixVector distance; distance.x = g_unk0x0082d120.x - position.x; distance.y = g_unk0x0082d120.y - position.y; distance.z = g_unk0x0082d120.z - position.z; int projection = FixVecDot(&distance, &g_unk0x0082d138); FixVecScale(&offs	CMR2Decomp/StageTiming.cpp	5323	void FUN_00508890(int *pRecord)	Applies the record's camera-space dent to every mesh: vertices inside the radius move along the dent direction, those in the falloff shell along their per-vertex limit direction, and each touched mesh is rebuilt.
0x004581d0	FUN_004581d0	StageTiming_ResetOrderedCarRoadBooks	Context: Clears the road-book slots of every car in the running order and reinitialises the ones with no pending target.; Body: { int count = Car_GetOrderCount(); int i; for (i = 0; i < count; i++) { g_unk0x00542e78[i].field_0x16 = 0; g_unk0x00542e78[i].field_0x17 = 0; g_unk0x00542e78[i].field_0x18 = 0; g_unk0x00542e78[i].field_0x19 = 0; if (g_unk0x00542e78[i].field_0x1a == 0) FUN_00458e00(i, Stage_GetPreviousCheckpoint(RallyData_GetActiveCarRaceRecordField14((BYTE *)Car_Get(i)) & 0xffff)); } }	CMR2Decomp/StageTiming.cpp	5495	void FUN_004581d0(void)	Clears the road-book slots of every car in the running order and reinitialises the ones with no pending target.
0x00455300	FUN_00455300	StageTiming_LoadSelectedTeamArchive	Context: Finds the three .tm? model archives of the current team and copies the one selected by the game mode into the locked stage buffer.; Body: { unsigned int sizes[3]; void *bufs[3]; unsigned int size = 0; void *dest; BYTE index; g_unk0x00542604 = 0; g_unk0x00541f8c = Replay_GetStreamFrameState(); sprintf(CFrontend::m_stringDest, g_strTm0Format, GameMenu_GetChampionshipTransitionState()); bufs[0] = CGenericFileLoader::FindFile((GenericFile *)StageTiming_GetStageFile3(), CFrontend::m_stringDest, NULL, (DWORD *)&size, 0); sizes[0] = size; sprintf(CFrontend::m_stringDest, g_strTm1Format, GameMenu_GetChampionshipTransitionState()); bufs[1] = CGenericFileLoader::FindFile((GenericFile *)StageTiming_GetStageFile3(), CFrontend::m_stringDest, NULL, (DWORD *)&size, 0); sizes[1] = size; sprintf(CFrontend::m_stringDest, g_strTm2Format, GameMenu_GetChampionshipTransitionState()); bufs[2] = CGenericFileLoader::FindFile((GenericFile *)StageTiming_GetStageFile3(), CFrontend::m_stringDest, NULL, (DWORD *)&size, 0); sizes[2] = size; if ((char)RallyData_GetFlag21() != 0) { dest = (void *)g_unk0x00541f8c; if (dest == NULL) dest = bufs[0]; if (CGameInfo::GetConfiguredGameMode() == 4) { index = CGameInfo::GetGameModeOptionBits20To22(); if (index != 0) index = index - 1; } else { index = CGameInfo::GetConfiguredDifficulty(); } memcpy(dest, bufs[index], sizes[index]); g_unk0x00541f8c = (int)dest + sizes[index]; g_unk0x0054241c = (char *)dest; if (dest != NULL) g_unk0x00542604 = 1; } }	CMR2Decomp/StageTiming.cpp	5577	void FUN_00455300(void)	Finds the three .tm? model archives of the current team and copies the one selected by the game mode into the locked stage buffer.
0x004483e0	FUN_004483e0	StageTiming_EstimateRemainingDriverTimes	Context: Estimates the remaining stage time of every driver slot from the progress made so far, inserting each newly queued slot at the end of the order. Differential coverage: guarded time/order tables, ties, summary timing and real helpers.; Body: { int count = Stage_GetDriverCount(); int slot = (int)(char)g_unk0x0053e18c; int prev = 0; int total; int i; int j; int k; int value; char *pSlot; total = (BYTE)RallyData_GetSelectionBits16To19() * RallyData_GetRouteAvailabilityState() * 0x10000; while (1) { if (count <= slot) return; pSlot = &g_unk0x0053e17c[slot]; for (i = 0; i < count; i++) { for (j = 0; j < slot; j++) { if (g_unk0x0053dda8[i] == g_unk0x0053e17c[j]) goto cont; } k = (int)(char)g_unk0x0053dda8[i]; *pSlot = g_unk0x0053dda8[i]; g_unk0x0053e184[k] = (char)slot; slot = slot + 1; pSlot++; g_unk0x0053d1da[k] = 1; value = FixDiv((StageTiming_GetCheckpointField10(k) & 0xffff) << 16, total); if (value >= 1) { int elapsed = Timing_CentisecondsToFixedSeconds(g_unk0x0053d1b0); g_unk0x0053d1b8[k] = ConvertRawTimeToCentiseconds(FixMul(FixDiv(0x10000, value), elapsed)); } else { g_unk0x0053d1b8[k] = g_unk0x0053d1b0 * 2; } if ((char)RallyData_GetSelectionFlag27() != 0) g_unk0x0053e190[11] = g_unk0x0053d1b8[k]; if (prev != 0 && prev == value) g_unk0x0053d1b8[k]++; prev = value; cont: ; } } }	CMR2Decomp/StageTiming.cpp	5626	void FUN_004483e0(void)	Estimates the remaining stage time of every driver slot from the progress made so far, inserting each newly queued slot at the end of the order. Differential coverage: guarded time/order tables, ties, summary timing and real helpers.
0x00458a00	FUN_00458a00	StageTiming_BuildCheckpointSplitPositions	Context: Builds the checkpoint split table of the current stage.; Body: { int count = 0; int i; int unit; int scale; g_unk0x00542c74 = 0; g_stageCheckpointCount = RallyData_GetRouteAvailabilityState(); if (g_stageCheckpointCount == 0) return; for (i = 0; i < g_stageCheckpointCount; i++) { if ((*(BYTE *)(RallyData_GetAvailableRouteNodeRecord(i) + 0x18) & 1) != 0) { g_unk0x00542c7c[count] = (int)(__int64)((double)i * CGraphics::m_65536); count++; } } g_unk0x00542c74 = count; if ((char)RallyData_GetFlag24() != 0) { g_stageLooped = 1; } else { g_stageLooped = 0; if ((char)RallyData_GetFlag25() != 0) g_stageLooped = 1; } if ((char)RallyData_GetFlag24() != 0 || (char)RallyData_GetFlag25() != 0) { g_unk0x00542c74 = (char)RallyData_GetFlag24() != 0 ? 4 : 2; g_unk0x00542c78 = g_unk0x00542c74; unit = (int)(__int64)((double)g_unk0x00542c74 * CGraphics::m_65536); if ((char)RallyData_GetFlag24() != 0) { scale = FixDiv((int)(__int64)((double)g_stageCheckpointCount * CGraphics::m_65536), unit); for (i = 0; i < g_unk0x00542c74; i++) g_unk0x00542c7c[i] = FixMul((int)(__int64)((double)i * CGraphics::m_65536), scale) & 0xffff0000; } } if ((char)RallyData_GetFlag24() != 0 || (char)RallyData_GetFlag25() != 0) g_stageSplitCount = (char)g_unk0x00542c74; else g_stageSplitCount = (char)g_unk0x00542c74 - 1; }	CMR2Decomp/StageTiming.cpp	5680	void FUN_00458a00(void)	Builds the checkpoint split table of the current stage.
0x004487a0	FUN_004487a0	StageTiming_RecordAndReorderSplitTime	Context: Records a new split time for a car and reorders the shared split table.; Body: { int split = StageTiming_GetCheckpointField14(car); int count; int group; int index; if ((char)RallyData_GetFlag24() == 0 && (char)RallyData_GetFlag25() == 0) { if (car >= (int)((BYTE)RallyDataState())) return; g_unk0x0053e190[split + car * 9] = g_unk0x0053d1b0; return; } count = Stage_GetDriverCount(); group = StageTiming_GetCheckpointGroupIndex(car); index = StageTiming_GetCheckpointSplitIndex(car); if ((char)RallyData_GetFlag24() != 0) g_unk0x0053d1e8[car][group][split] = g_unk0x0053d1b0; else g_carStageTiming[car].field_0x4[split] = g_unk0x0053d1b0; if (car < (int)((BYTE)RallyDataState()) || (char)RallyData_GetSelectionFlag27() != 0) { g_carStageTiming[car].field_0x84 = 0; if ((char)RallyData_GetFlag24() != 0) g_unk0x0053e190[split + car * 9] = g_unk0x0053d1b0 - g_unk0x0053d1e8[car][group][0]; else g_unk0x0053e190[split + car * 9] = g_unk0x0053d1b0; } if ((char)RallyData_GetSelectionFlag27() != 0) { group = 0; index = split; } index = index + group * 9; char prev = g_unk0x0053ddb0[index]; int old = prev; g_unk0x0053ddb0[index] = prev + 1; g_carStageTiming[car].field_0x82 = old; g_unk0x0053de1c[index][old] = (char)car; if (old > 0) { char other = g_unk0x0053de1c[index][old - 1]; g_carStageTiming[other].field_0x80 = (char)car; g_carStageTiming[other].field_0x83 = 1; } if (old == count - 1) g_carStageTiming[car].field_0x80 = (char)0xff; }	CMR2Decomp/StageTiming.cpp	5785	void FUN_004487a0(int car)	Records a new split time for a car and reorders the shared split table.
0x004584d0	FUN_004584d0	StageTiming_PlaceEventStartingGrid	Context: Places every car on the starting grid of the current event: stores its route position and derives its start x/z from the grid origin, the grid heading and the car's slot.; Body: { int value = 0; int state = 0; int i; int slot; int n; int t; short x; unsigned int z; int sinA; int cosA; int other; char count; short a; int p0[3]; int p1[3]; if ((char)RallyData_GetFlag31() != 0) { state = 2; } else if (CGameInfo::GetGameModeOptionBit19() != 0 && (char)RallyDataStageIndex() == '\n' && CGameInfo::GetConfiguredGameMode() != '\n') { state = 3; } else { if (g_unk0x00542c68 == 1 || CGameInfo::GetConfiguredGameMode() == '\n') return; if ((char)RallyData_GetFlag24() == 0 && g_unk0x00542c68 == 2) { if ((char)RallyData_GetSelectionFlag27() == 0) return; state = 1; } } switch (state) { case 0: RallyData_GetRouteNodeGroundPosition(RallyData_GetRouteAvailabilityState() - 1, p0); RallyData_GetRouteNodeGroundPosition(0, p1); a = (short)(int)(__int64)((double)StageObject_Atan2Degrees(p1[2] - p0[2], p1[0] - p0[0]) * g_unk0x00511300); n = 1; sinA = FixMul(0x40000, g_sinTable[a & 0xfff]); cosA = FixMul(0x40000, g_sinTable[(a + 0x400) & 0xfff]); for (i = 0; i < g_unk0x00542c68; i++, n--) { slot = i; if (CGameInfo::GetConfiguredGameMode() == 5 && g_unk0x00542c68 > 2) slot = RallyTiming_GetChampionshipDriverPosition(i); if ((char)RallyDataState() == 2) slot = n; g_unk0x00542d38[slot] = RallyData_GetRouteAvailabilityState() - 1; if (g_unk0x00542c68 > 2) t = FixMul(0x50000, (int)(__int64)((double)slot * CGraphics::m_65536)) - (int)(__int64)((double)(g_unk0x00542c68 * 5) * CGraphics::m_65536); else t = 0xfff60000; x = FixMul(t, g_sinTable[(a + 0x400) & 0xfff]); z = FixMul(t, g_s	CMR2Decomp/StageTiming.cpp	5902	void FUN_004584d0(char param_1)	Places every car on the starting grid of the current event: stores its route position and derives its start x/z from the grid origin, the grid heading and the car's slot.
0x004816f0	FUN_004816f0	CarPart_IntegrateHubGroundContact	Context: Per-slot integrator for slot 1 (FUN_00480e50 installs its address at +0x110): swings the hub about its axis, resolves the ground contact of the part against the three contact planes, re-orthogonalises the part's basis and finally integrates the motion offset into the world position.; Body: { int detached; int len; FixVector saved; FixVector cross; FixVector spring; FixVector turn; FixVector torque; FixVector v4c; FixVector v3c; FixVector force; FixVector v24; unsigned short angles[3]; int idx; unsigned int dot; int scale; int flip; int t; int s; int c; short a; BYTE type; if (VehiclePhysics_TestMotionCorrectionCollision() != 0) return; type = g_partCar->type; if (type != 9 && type != 11) { if ((g_partState->flags & 6) == 0) StageTiming_StartLoadedPartSwing(); torque.x = 0; torque.y = 0; torque.z = 0; force.x = 0; force.y = 0; force.z = 0; detached = 0; if (g_partState->flags & 2) { s = g_sinTable[(unsigned short)g_partState->angle & 0xfff]; c = g_sinTable[((unsigned short)g_partState->angle + 0x400) & 0xfff]; spring.x = 0; spring.y = 0; spring.z = 0; if (g_partState->position.z > 0) { v24.x = s - g_partState->basis.forward.x; v24.y = -g_partState->basis.forward.y; v24.z = c - g_partState->basis.forward.z; } else { v24.x = g_partState->basis.forward.x - s; v24.y = g_partState->basis.forward.y; v24.z = g_partState->basis.forward.z - c; } len = FixVecLength(&v24); if (len > 0) { FixVecScaleRecip(&v24, &v24, len); len = -FixMul(len, 0x40000); FixVecScale(&spring, &v24, len); } idx = 0; v4c.x = *(int *)(((BYTE *)g_partCar) + 0x408) - *(int *)(((BYTE *)g_partCar) + 0x414); v4c.y = *(int *)(((BYTE *)g_partCar) + 0x40c) - *(int *)(((BYTE *)g_partCar) + 0x418); v4c.z = *(int *)(((BYTE *)g_partCar) + 0x410) - *(int *)(((BYTE *)g_partCar) + 0x41c); v3c.x = 0; v3c.y = 0; v	CMR2Decomp/StageTiming.cpp	6393	void FUN_004816f0(void)	Per-slot integrator for slot 1 (FUN_00480e50 installs its address at +0x110): swings the hub about its axis, resolves the ground contact of the part against the three contact planes, re-orthogonalises the part's basis and finally integrates the motion offset into the world position.
0x00480e50	FUN_00480e50	CarPart_InitWheelHubSlot	Context: Initialises one of a car's four wheel/hub records: points the shared record pointer at the car's slot, picks the static geometry for the wheel type, installs the per-slot integrator and clears the dynamic state. en vez de releerlos del global en cada acceso como hace el original; Body: { int type = g_unk0x00590c24[slot][g_partCar->index]; FixVector off; off.x = 0; off.z = 0; off.y = 0; g_partState = (PartState *)((BYTE *)g_unk0x00590d7c[slot] + g_partCar->index * 0x1a0); if (StageTiming_AttachObjectToCurrentCar(slot) == 0) return; g_partState->flags = (g_partState->flags & 0xf) | (slot << 4); g_partState->flags |= 1; g_partState->flags &= ~2; g_partState->flags &= ~4; g_partState->flags &= ~8; g_partState->pNode->useParentWorld = 0; switch (slot) { case 0: off.x = -g_partSet->halfExtents[type].x; off.y = g_partSet->halfExtents[type].y; off.z = 0; g_partState->angle = 0x288; g_partState->update = FUN_004814d0; break; case 2: if (g_partCar->type == 11) { off.x = 0; off.y = g_partSet->halfExtents[type].y; off.z = -g_partSet->halfExtents[type].z; } else if (g_partCar->type == 9) { off.x = -g_partSet->halfExtents[type].x; off.y = 0; off.z = g_partSet->halfExtents[type].z; } else { if (g_partCar->type == 8) { off.x = -g_partSet->halfExtents[type].x; off.y = -g_partSet->halfExtents[type].y; } else { off.x = g_partSet->halfExtents[type].x; off.y = g_partSet->halfExtents[type].y; } off.z = 0; } g_partState->angle = 0x288; g_partState->update = FUN_00484310; break; case 1: if (g_partCar->type != 9 && g_partCar->type != 11) { off.x = FixMul(g_partSet->halfExtents[type].x, 0x8000); off.y = g_partSet->halfExtents[type].y; off.z = 0; } else { off.y = 0; off.x = g_partSet->halfExtents[type].x; off.z = -g_partSet->halfExtents[type].z; } g_partState->angle = 0; g_partState-	CMR2Decomp/StageTiming.cpp	6735	void FUN_00480e50(int slot)	Initialises one of a car's four wheel/hub records: points the shared record pointer at the car's slot, picks the static geometry for the wheel type, installs the per-slot integrator and clears the dynamic state. en vez de releerlos del global en cada acceso como hace el original
0x00484f40	FUN_00484f40	CarPart_ResolveLocalPointGroundContact	Body: { unsigned int index = param_1 & 0xff; int idx = *(char *)(CAR_0x590d74 + 0xb1a) * 4; int *pPoint = (int *)(*(int *)((BYTE *)g_unk0x00590c6c + idx) + index * 0x3c); BYTE *pLocal = (BYTE *)(*(int *)((BYTE *)g_unk0x00590c00 + idx) + index * 0x20); FixVector normal; FixVector proj; FixVector dir; short tri; int surface; int len; int len2; if (pPoint[0xe] != 0) return; surface = 0; tri = 0; FixMatrix_RotateVector((FixVector *)pPoint, (FixVector *)pLocal, *(FixMatrix **)(CAR_0x590d74 + 0x750)); pPoint[0] = pPoint[0] + *(int *)(CAR_0x590d74 + 0x2d0); pPoint[1] = pPoint[1] + *(int *)(CAR_0x590d74 + 0x2d4); pPoint[2] = pPoint[2] + *(int *)(CAR_0x590d74 + 0x2d8); pPoint[1] = Track_GetGroundHeight((FixVector *)pPoint, &normal, &tri, (unsigned short *)&surface, pPoint[1]); FixMatrix_RotateVector(&dir, (FixVector *)(pLocal + 0xc), *(FixMatrix **)(CAR_0x590d74 + 0x750)); len = FixVecDot(&dir, &normal); FixVecScale(&proj, &normal, len); dir.x = dir.x - proj.x; dir.y = dir.y - proj.y; dir.z = dir.z - proj.z; len = FixVecLength(&dir); if (len == 0) { dir.x = 0x10000; dir.y = 0; dir.z = 0; len = FixVecDot(&dir, &normal); FixVecScale(&proj, &normal, len); dir.x = dir.x - proj.x; dir.y = dir.y - proj.y; dir.z = dir.z - proj.z; len2 = FixVecLength(&dir); if (len2 == 0) { dir.x = 0; dir.y = 0; dir.z = 0; } else { FixVecScaleRecip(&dir, &dir, len2); } } else { FixVecScaleRecip(&dir, &dir, len); } FixVecScale(&dir, &dir, *(int *)(pLocal + 0x18)); pPoint[9] = pPoint[0] + dir.x; pPoint[10] = pPoint[1	CMR2Decomp/StageTiming.cpp	6898	void FUN_00484f40(unsigned int param_1)	No source comment.
0x00466ef0	FUN_00466ef0	CarDamage_ApplyCollisionDeformImpulse	Context: Applies the deformation impulse of a collision to one car: derives the impact strength from the body displacement, resolves the impact point and normal into the car's deformation frame (mode 0/1/2 choose the projection) and refreshes the deformation radius, falloff and scale. del modo 2 (se compara contra g_stageDeformSpeed, no contra el literal); el resto es reparto de registros y de slots de pila (param_6 se recarga en eax en vez de vivir en esi); Body: { BYTE *pc = (BYTE *)pCar; int vecA[3]; int V[3]; int len; int saved = 0; int carIdx; int dot; int i; if (param_6 == 0) { len = FixVecLength((FixVector *)(pc + 0x5c4)); if (len > 0x10000) len = 0x10000; else if (len < 0) len = 0; carIdx = *(char *)(pc + 0xb1a); if (carIdx < (int)(RallyDataState() & 0xff)) { if (*(int *)(pc + 0xb74) == 0) { Race_PlayImpactAndShakeCar(carIdx, len, 0, carIdx); } else if ((unsigned int)(CMain::GetFrameDelta() - (unsigned int)g_deformPulseTicks[carIdx]) > 10) { Race_PlayScrapeAndShakeCar(carIdx, len, carIdx); g_deformPulseTicks[carIdx] = (int)CMain::GetFrameDelta(); } } ForceFeedback_UpdateSlot(pc, (FixVector *)(pc + 0x5c4), 1); } carIdx = *(char *)(pc + 0xb1a); if (*(int *)(g_unk0x00588b94 + carIdx * 0x4d0 + 0x45c) != 0 && g_unk0x00588970[carIdx] != 0) { if (param_6 == 0) { len = FixVecLength((FixVector *)(pc + 0x5c4)); if (len > 0x10000) len = 0x10000; else if (len < 0) len = 0; g_stageDeformStrength = len; if (g_stageDeformStrength <= g_unk0x0051bf94[param_5 & 0xff]) return; g_stageDeformStrength = FixMul(g_stageDeformStrength, g_unk0x0051bfa0[param_5 & 0xff]); if (g_stageDeformStrength > 0x10000) g_stageDeformStrength = 0x10000; *(BYTE *)&g_stageDeformMode = param_5; g_stageDeformImpact.x = *(int *)(*(int *)(pc + 0x750) + 4); g_stageDeformImpact.y = *(int *)(*(int *)(pc + 0x750) + 0x14); g_stageDeformImpact.z = *(int *)(*(int *)(pc + 0x750) + 0x24); saved = g_stageDeformStrength; } g_stageDeformCar = pCar; switch (g_stageDeformMode & 0xff) { c	CMR2Decomp/StageTiming.cpp	7148	void FUN_00466ef0(Car *pCar, int *param_2, FixVector *param_3, int param_4, unsigned char param_5, int param_6)	Applies the deformation impulse of a collision to one car: derives the impact strength from the body displacement, resolves the impact point and normal into the car's deformation frame (mode 0/1/2 choose the projection) and refreshes the deformation radius, falloff and scale. del modo 2 (se compara contra g_stageDeformSpeed, no contra el literal); el resto es reparto de registros y de slots de pila (param_6 se recarga en eax en vez de vivir en esi)
0x0045f9d0	FUN_0045f9d0	StageObject_IntegrateViewDeformationGrid	Context: Steps the deformation record of one view: advances the record position from the view node's forward vector, resamples the 5x5 contact grid and integrates the per-node heights and angles. zero register differ.; Body: { int wheelScale = 0; int gx = 0; int gz = 0; FixVector pos; FixVector fwd; FixVector corr; FixVector gn; FixVector dv; FixVector sv; FixVector pt; FixVector normal; FixVector h; FixVector *p; StageDeformNode *pNode; int minY; int t; int i; int x0; int z0; int z; int d; int *pHeight; short *pTri; unsigned short surface; StageTiming_UpdateEventDisplacement(rec); StageTiming_MarkSpecialStageNodeDirty((SceneNode *)rec); FixMatrix_GetPosition(&pos, (FixMatrix *)((BYTE *)g_viewNodes[param_3] + 0x98)); FixMatrix_GetForward(&fwd, (FixMatrix *)((BYTE *)g_viewNodes[param_3] + 0x98)); pHeight = Car_Get(View_GetActiveCameraFlags((BYTE)param_3))->cornerHeight; minY = 0; for (i = 0; i < 4; i++) minY += *pHeight++; t = FixMul(minY, 0x4000) + 0x6c000; minY = pos.y + 0x60000; if (t < minY) minY = t; if (rec[0] == 2) { p = (FixVector *)(rec + 0xe); p->x = fwd.z; rec[0xf] = 0; rec[0x10] = -fwd.x; Motion_NormalizeInto(p, p); sv.x = g_unk0x00547930.z; sv.y = 0; sv.z = -g_unk0x00547930.x; FixVecScale(&sv, &sv, FixMul(g_unk0x00547940, 0x8000)); } FixVecScale(&fwd, &fwd, 0xe0000); pos.x += fwd.x; pos.y += fwd.y; pos.z += fwd.z; if (pos.y < minY) pos.y = minY; dv.x = pos.x - rec[5]; dv.y = 0; dv.z = pos.z - rec[7]; FixVecScale(&dv, &dv, g_unk0x0051bd40); rec[8] = rec[0xb] - dv.x; rec[9] = rec[0xc] - dv.y; rec[5] = pos.x; rec[6] = pos.y; rec[10] = rec[0xd] - dv.z; rec[7] = pos.z; t = FixMul(FixDiv(g_unk0x00538d7c[param_3 * 25], 0xa000) - 0x10000, 0x4ccc); FixVecScale(&gn, &fwd, t); pos.x += gn.x; pos	CMR2Decomp/StageTiming.cpp	7303	void FUN_0045f9d0(int param_1, int *rec, int param_3)	Steps the deformation record of one view: advances the record position from the view node's forward vector, resamples the 5x5 contact grid and integrates the per-node heights and angles. zero register differ.
0x00498620	FUN_00498620	StageTiming_RecomputeCarSplitBarSamples	Context: Recomputes one car's split-bar angles and times from the current route node of the output record: normalises the six neighbouring node indices, measures the car's heading against the node directions, converts the speed into a distance and fills the requested fields of the record (selected by the bit mask of param_2). opcodes identicos) pero MSVC6 reparte los locales en un marco de 0x178 bytes (nosotros 0x5c) y elige otros registros para el vector de nodo y los temporales de 64 bits; no reproducible sin el reparto de pila original.; Body: { #define WRAP_STORE(dst, t) \ if ((t) >= 0xb40000) { \ (dst) = (t) - 0x1680000; \ } else { \ if ((t) < -0xb40000) \ (t) += 0x1680000; \ (dst) = (t); \ } #define WRAP(t) \ if ((t) >= 0xb40000) \ (t) -= 0x1680000; \ else if ((t) < -0xb40000) \ (t) += 0x1680000; #define REF_TRACK ((BYTE *)*(int *)((int *)&g_unk0x00592744 + variant)) BYTE *pc; int nodeZ[20]; int nodeX[20]; int result[32]; int angles[6]; FixVector node; int idxCount; int frontAngle; int sideAngle; int px; int pz; int nx; int nz; int baseAngle; int curAngle; int len; int refAngle; int tmp; int t; int a; int b; int slack; int scale; int i; pc = (BYTE *)pCar; idxCount = RallyData_GetRouteStateValue(); i = pOut[0x15]; angles[1] = i; angles[0] = i - 1; angles[4] = i + 2; angles[3] = i + 2; angles[5] = i + 1; angles[2] = i + 5; for (i = 0; i < 6; i++) { if (angles[i] - idxCount >= 0) angles[i] -= idxCount; if (angles[i] < 0) angles[i] = idxCount - 1; } frontAngle = StageObject_Atan2Degrees(*(int *)(pc + 0x368), *(int *)(pc + 0x360)); pOut[4] = frontAngle; sideAngle = StageObject_Atan2Degrees(*(int *)(pc + 0x410), *(int *)(pc + 0x408)); px = *(int *)(pc + 0x2d0); pz = *(int *)(pc + 0x2d8); RallyData_GetRouteNodeGroundPosition(angles[2], (int *)&node); nodeZ[0] = node.z; nodeX[0] = node.x; if (mask & 1) result[0] = StageObject_Atan2Degrees(nodeZ[0] - pz, nodeX[0] - px); if (variant != 0) result[2] = StageObject_Atan2Degrees(*(int *)(REF_TRACK + 0x1158 + angles[4] * 4) - pz, *(int *)(REF_TRACK + 0xb90 + angles[4] * 4) - p	CMR2Decomp/StageTiming.cpp	7545	void FUN_00498620(Car *pCar, unsigned int mask, int *pOut, int variant)	Recomputes one car's split-bar angles and times from the current route node of the output record: normalises the six neighbouring node indices, measures the car's heading against the node directions, converts the speed into a distance and fills the requested fields of the record (selected by the bit mask of param_2). opcodes identicos) pero MSVC6 reparte los locales en un marco de 0x178 bytes (nosotros 0x5c) y elige otros registros para el vector de nodo y los temporales de 64 bits; no reproducible sin el reparto de pila original.
0x00457000	FUN_00457000	StageTiming_LoadSelectedCarModel	Context: Loads car `car` of the stage: picks its model (by game mode: the player's car, the championship/knockout opponents, the network players...), the model's detail letter, then loads the model, its textures and cinematic data, the snow/light wheel set of full-detail cars and, for CPU cars in the rally modes, the damaged body variant. Returns 0 when a file is missing.; Body: { char path[260]; unsigned int *pSlot; unsigned int *pChamp; unsigned int state; unsigned int slot; unsigned int mode; unsigned int model; int team; int best; int i; int n; short lod; int letterInt; char letter; BYTE variant; char isPlayer; char twoPlayers; char rallyMode; char hasVariant; char knockout; BYTE teamByte; BYTE *pRecord; Unk0x542ae8 *pArchive; void *pData; void *pWheelData; SceneNode *pScene; SceneNode *pBody; SceneNode *pNodes; Car *pCar; slot = 0; pSlot = NULL; mode = CGameInfo::GetConfiguredGameMode(); isPlayer = car < (int)(BYTE)RallyDataState(); if ((BYTE)RallyDataState() > 1 && CGameInfo::IsConfiguredMultiplayer() == 0) twoPlayers = 1; else twoPlayers = 0; if (mode == 5 || mode == 6 || mode == 7 || mode == 11 || mode == 12) rallyMode = 1; else rallyMode = 0; hasVariant = 0; knockout = mode == 4; variant = 0; Graphics_RaiseSupportedDetailLevels(); switch (StageUI_GetRaceResultValue()) { case 4: slot = StageUI_GetRaceEndEventCount() + car; break; case 0: case 1: slot = car; break; case 2: case 3: pChamp = RallyData_GetChampionshipState(); state = *pChamp; switch ((state >> 3) & 7) { case 1: pSlot = pChamp + ((state >> 12) & 0xf) * 3 + 0x16; break; case 2: pSlot = pChamp + ((state >> 12) & 0xf) * 3 + 10; break; case 3: pSlot = pChamp + ((state >> 12) & 0xf) * 3 + 4; break; case 4: pSlot = pChamp + 1; break; } slot = *pSlot; if (car != 0) slot >>= 5; slot &= 0x1f; break; } if (!knockout) { if ((mode == 3 || mode == 7) && (char)CGameInfo::GetSoundOptionBit30() &	CMR2Decomp/StageTiming.cpp	8009	BYTE FUN_00457000(int car)	Loads car `car` of the stage: picks its model (by game mode: the player's car, the championship/knockout opponents, the network players...), the model's detail letter, then loads the model, its textures and cinematic data, the snow/light wheel set of full-detail cars and, for CPU cars in the rally modes, the damaged body variant. Returns 0 when a file is missing.
0x004669f0	FUN_004669f0	CarDamage_SetupOrderedCarParts	Context: Sets up the damage parts of the cars in `pOrder` (last first): collects the mesh parts of each car model into its part table (0x4d0 bytes, 15 slots), closes the gaps, resets the per-part damage state and, for the players' cars, restores the saved damage record (`keep` = 0 also refreshes the saved copy).; Body: { int n; int car; BYTE *pCar; int *pParts; BYTE *pDamage; SceneNode *pChild; SceneNode *pNode; int j; int k; int moved; int i; BYTE *pSaved; BYTE *p; StageObject_ResetPartTuningAndRandomSeed(); if (lock == 0) StageObject_ClearPartTuningState(); for (n = count - 1; n >= 0; n--) { { car = pOrder[n]; pCar = (BYTE *)Car_Get(car); FUN_00480b40(pCar); pParts = (int *)(g_unk0x00588b94 + car * 0x4d0); pParts[0x117] = 0; pDamage = g_unk0x00588b98 + car * 0x290; if (*(SceneNode **)(pCar + 0x720) != NULL) { pParts[0x107] = 0; pParts[0x106] = 0; pParts[0x105] = 0; pParts[0x104] = 0; if ((BYTE)(*(SceneNode **)(pCar + 0x720))->flags != 0x14) StageTiming_RegisterSlotMeshNode(*(SceneNode **)(pCar + 0x720), pParts); for (pChild = (*(SceneNode **)(pCar + 0x720))->pFirstChild; pChild != NULL; pChild = pChild->pNext) { for (pNode = pChild; pNode != NULL && (BYTE)pNode->flags != 0x14; pNode = pNode->pFirstChild) StageTiming_RegisterSlotMeshNode(pNode, pParts); } for (j = 0; j < 15; j++) { if (pParts[0xf + j] != 0) continue; moved = 0; for (k = j; k < 14; k++) { if (pParts[0xf + k] != 0 || pParts[0xf + k + 1] != 0) moved = 1; pParts[k] = pParts[k + 1]; pParts[0xf + k] = pParts[0xf + k + 1]; pParts[0x1e + k] = pParts[0x1e + k + 1]; pParts[0x108 + k] = pParts[0x108 + k + 1]; ((FixVector *)(pParts + 0x2d))[k] = ((FixVector *)(pParts + 0x2d))[k + 1]; ((FixVector *)(pParts + 0x5a))[k] = ((FixVector *)(pParts + 0x5a))[k + 1]; } if (moved) j--; } for (i = 0; i < pParts[0x117]; i++) FUN_00480af0(pCar, (BY	CMR2Decomp/StageTiming.cpp	8386	void FUN_004669f0(int lock, int keep, short *pOrder, short count)	Sets up the damage parts of the cars in `pOrder` (last first): collects the mesh parts of each car model into its part table (0x4d0 bytes, 15 slots), closes the gaps, resets the per-part damage state and, for the players' cars, restores the saved damage record (`keep` = 0 also refreshes the saved copy).
0x00448920	FUN_00448920	StageTiming_HandleCarSplitCrossing	Context: A car crosses a split line: stores its split time (from the start or the previous split), reports it to the network and the record tables and runs the head-to-head rules.; Body: { int group; int *pRecord; int *pPrev; int *pTime; int *pOut; int base; int i; int slot; BYTE bits; group = StageTiming_GetCheckpointGroupIndex(car); if (StageTiming_GetCheckpointField19(car) == 0) return; if ((char)RallyData_GetSelectionFlag27() == 0) { pRecord = g_unk0x0053d1e8[car][group]; pRecord[0] = g_unk0x0053d1b0; if (!((char)RallyData_GetSelectionFlag28() == 0 && CGameInfo::GetConfiguredGameMode() != 12)) { pTime = &g_carStageTiming[car].splitTimes[group]; *pTime = g_unk0x0053d1b0 - g_carStageTiming[car].lastTime; if (*pTime > 359999) *pTime = 359999; g_carStageTiming[car].splits[0] = 0; pOut = &g_carStageTiming[car].splits[1]; pPrev = pRecord + 1; for (i = 4; i != 0; i--) { *pOut = *pPrev - g_carStageTiming[car].lastTime; if (*pPrev - g_carStageTiming[car].lastTime > 359999) *pOut = 359999; pPrev++; pOut++; } } else { pPrev = pRecord - 5; base = pPrev[0]; pTime = &g_carStageTiming[car].splitTimes[group]; *pTime = pRecord[0] - base; pOut = g_carStageTiming[car].splits; for (i = 5; i != 0; i--) *pOut++ = *pPrev++ - base; } if (CGameInfo::GetConfiguredGameMode() == 12) { NetPlayers_UpdateBestLapTime(*pTime); NetPlayers_RecordLocalStageTime(*pTime, 0); } } if (car < (int)(BYTE)RallyDataState() && (char)CGameInfo::GetActiveCheatMask() == 0 && (char)CGameInfo::GetNetworkOptionBit11() == 0 && g_unk0x0053d1d8 == 0 && strncmp((char *)RallyData_GetRecord(0), g_strDemoName0x00519ec4, 3) != 0) { slot = StageUI_GetRaceEndEventCount() + car; if ((char)RallyData_GetFlag24()) { Fro	CMR2Decomp/StageTiming.cpp	8658	void FUN_00448920(int car)	A car crosses a split line: stores its split time (from the start or the previous split), reports it to the network and the record tables and runs the head-to-head rules.
0x00456710	FUN_00456710	StageTiming_PerturbComputerSplitDeltas	Context: Adds a random error to the CPU drivers' split deltas (16 drivers, a row per split), scaled by the difficulty; outside the head-to-head modes the error is kept inside a band that narrows along the stage.; Body: { int unused[9]; int limits[10]; int splits; int scale; int top; int amplitude; int step; int column; int *p; int row; int sum; int total; int value; int range; int error; int mid; int k; splits = GetStageSplitCount(); switch (CGameInfo::GetConfiguredDifficulty()) { case 0: scale = 0x19999; break; case 1: scale = 0x10000; break; case 2: scale = 0xa8f5; break; } if ((char)RallyData_GetFlag25() == 0) { top = FixMul(scale, 0x30000); limits[splits] = scale; amplitude = top; limits[1] = top; if (splits >= 3) { step = (int)(__int64)((double)(splits - 1) * CGraphics::m_65536); for (k = 2; k < splits; k++) limits[k] = limits[1] - FixMul(FixDiv(limits[1] - scale, step), (int)(__int64)((double)(k - 1) * CGraphics::m_65536)); } } else { amplitude = FixMul(scale, 0x8000); } for (column = 16, p = pDeltas; column != 0; column--, pDeltas++) { p = pDeltas; sum = 0; total = 0; for (row = 0; row < splits; row++, p += 16) { value = *p; total += value; sum += value; range = FixMul(FixMul(amplitude, FixDiv(value, 0x640000)), 0x20000); error = FixMul(FixDiv((int)(__int64)((double)rand() * CGraphics::m_65536), 0x7fff0000), range) - FixDiv(range, 0x20000); if ((char)RallyData_GetFlag25() == 0) { mid = FixMul(FixDiv(limits[row + 1], 0x640000), total); unused[row] = mid; if (error - mid - total + sum > 0) error -= error - mid - total + sum; if (mid - total + error + sum < 0) error -= mid - total + error + sum; } *p += error; sum += error; } } }	CMR2Decomp/StageTiming.cpp	8804	void FUN_00456710(int *pDeltas)	Adds a random error to the CPU drivers' split deltas (16 drivers, a row per split), scaled by the difficulty; outside the head-to-head modes the error is kept inside a band that narrows along the stage.
0x0045af90	FUN_0045af90	CarEffect_UpdateExhaustSmokeAndBackfire	Context: Exhaust effects of a car: smoke from each exhaust while the engine revs at low speed, sparks under hard acceleration, and the backfire flash.; Body: { Car *pCar; FixVector velocity; FixVector carVelocity; FixVector spark; FixVector position; FixVector zero; int revs; int speed; int heat; int exhaust; int negRevs; int t; int r; int line; int big; if (car >= 8 || g_trailTextureA[car][0] == 0) return; pCar = Car_Get(car); revs = FixMul(0x28f, pCar->field_0x7a4); if (revs < 0) revs = -revs; speed = (pCar->velocity.x < 0 ? -pCar->velocity.x : pCar->velocity.x) + (pCar->velocity.z < 0 ? -pCar->velocity.z : pCar->velocity.z); heat = 0x17c - (FixMul(0x15e0000, *(int *)((BYTE *)StageTiming_GetCarReplayRecord(pCar->index) + 0x404)) >> 16); if (heat > 0xff) heat = 0xff; else if (heat < 0) heat = 0; for (exhaust = 0; exhaust < 2; exhaust++) { if (g_trailTextureA[car][exhaust] == 0) continue; if (revs > 0xccc && speed < 0x28f) { FixMatrix_RotateVector(&g_unk0x00543380[car], (FixVector *)g_trailTextureA[car][exhaust], pCar->pWorld); g_unk0x00543380[car].x += pCar->pBodyMatrix->position.x; g_unk0x00543380[car].y += pCar->pBodyMatrix->position.y; g_unk0x00543380[car].z += pCar->pBodyMatrix->position.z; carVelocity = pCar->cornerVelocity[3]; big = heat > 0x50; negRevs = -revs; FixVecScale(&velocity, &pCar->right, negRevs); velocity.y += carVelocity.y; velocity.x += carVelocity.x; velocity.z += carVelocity.z; t = FixMul((int)(__int64)((float)rand() * g_oneOverRandMax * CGraphics::m_65536), 0x3d7); Particle_Spawn(big, &g_unk0x00543380[car], &velocity, g_unk0x00543380[car].y - 0x10000, 0, NULL, 0, 0, *(BYTE *)(*(BYTE * *)&pCar->pNode0x720 + 	CMR2Decomp/StageTiming.cpp	8934	void FUN_0045af90(int car)	Exhaust effects of a car: smoke from each exhaust while the engine revs at low speed, sparks under hard acceleration, and the backfire flash.
0x0045eed0	FUN_0045eed0	StageWeather_DistributeViewParticles	Context: Shares the 400 weather particles between the views and places each view's share in a random box in front of its camera; resets the views' weather state.; Body: { int views; int view; int offset; SceneNode **ppNode; BYTE *pView; short *pSlot; int *pValue; int i; int j; int k; short share; FixVector forward; FixVector corner; StageDeformNode *pNode; views = g_unk0x00543e98; g_unk0x00543da0 = FixDiv(views << 16, 0x1900000); for (view = 0, offset = 0, ppNode = g_viewNodes; view < views; view++, offset += 0x178, ppNode++) { pView = (BYTE *)g_unk0x00547ac8 + offset; pSlot = (short *)(pView + 0x78); pValue = (int *)(pView + 0x110); for (i = 5; i != 0; i--) { for (j = 5; j != 0; j--) { *pSlot = -1; pValue[-0x19] = 0; *pValue = 0; pSlot++; pValue++; } } share = (short)(400 / views); *(short *)(pView + 0x74) = share; *(short *)(pView + 0x76) = (short)view * share; *(int *)(pView + 0x5c) = *(int *)(pView + 0x58) = FixMul(FixMul(g_unk0x00543d50, *(int *)(pView + 0x54)), *(short *)(pView + 0x74) << 16); *(int *)(pView + 0x174) = 0; *(int *)(pView + 0x60) = 0x10000; *(int *)(pView + 0x64) = 0x10000; *(int *)(pView + 0x68) = 0x10000; *(int *)(pView + 0x2c) = 0; *(int *)(pView + 0x30) = 0; *(int *)(pView + 0x34) = 0; FixMatrix_GetPosition((FixVector *)(pView + 8), &(*ppNode)->current); FixMatrix_GetForward(&forward, &(*ppNode)->current); FixVecScale(&forward, &forward, 0xe0000); ((FixVector *)(pView + 8))->x += forward.x; ((FixVector *)(pView + 8))->y += forward.y; ((FixVector *)(pView + 8))->z += forward.z; corner.x = ((FixVector *)(pView + 8))->x - 0xc0000; corner.y = ((FixVector *)(pView + 8))->y - 0x60000; *(FixVector *)(pView + 0x14) = *(FixVe	CMR2Decomp/StageTiming.cpp	9141	void FUN_0045eed0(void)	Shares the 400 weather particles between the views and places each view's share in a random box in front of its camera; resets the views' weather state.
0x0045eca0	FUN_0045eca0	StageWeather_InitParticleAndLightState	Context: Sets up the stage weather: particle looks, billboards, the weather particles, then the stage light colour and direction.; Body: { BYTE colour[4]; FixVector light; g_unk0x00543ef8 = 1; FUN_0045f260(); switch (CGameInfo::GetGraphicsOptionBits25To26()) { case 0: g_unk0x00543d50 = 0x10000; break; case 1: g_unk0x00543d50 = 0x4000; break; default: g_unk0x00543d50 = 0; break; } *(int *)(g_unk0x00543da0Block + 0x24) = 0xff000000; *(int *)(g_unk0x00543da0Block + 0x84) = 0xff000000; *(int *)(g_unk0x00543da0Block + 0x80) = 0x1e969696; *(int *)(g_unk0x00543da0Block + 0x54) = 0xff000000; *(int *)(g_unk0x00543da0Block + 0x50) = 0x1e969696; *(int *)(g_unk0x00543da0Block + 0x20) = 0x969696; g_unk0x00543f00.top = -0x2666; g_unk0x00543f00.left = 0x2666; g_unk0x00543f00.bottom = 0x2666; g_unk0x00543f00.right = -0x2666; *(unsigned int *)(g_unk0x00543da0Block + 0x28) = 0x3f000000; *(unsigned int *)(g_unk0x00543da0Block + 0x2c) = 0; *(unsigned int *)(g_unk0x00543da0Block + 0x88) = 0x3e000000; *(unsigned int *)(g_unk0x00543da0Block + 0x8c) = 0x3f7fff58; *(unsigned int *)(g_unk0x00543da0Block + 0x58) = 0x3f600000; *(unsigned int *)(g_unk0x00543da0Block + 0x5c) = 0x3f7fff58; g_unk0x00543f00.a = 0xfe; g_unk0x00543f00.r = 0xff; g_unk0x00543f00.g = 0xff; g_unk0x00543f00.b = 0xff; g_unk0x00543ed0.top = -0xa3d; g_unk0x00543ed0.left = 0x11eb; g_unk0x00543ed0.bottom = 0xa3d; g_unk0x00543ed0.right = -0x11eb; g_unk0x00543ed0.r = 0xaa; g_unk0x00543ed0.g = 0xaa; g_unk0x00543ed0.b = 0xaa; g_unk0x00543ed0.a = 0xaa; g_unk0x00547908.top = -0xf5c; g_unk0x00547908.left = 0xf5c; g_unk0x00547908.bottom = 0xf5c; g_unk0x00547908.right = -0xf5c; g	CMR2Decomp/StageTiming.cpp	9216	void FUN_0045eca0(void)	Sets up the stage weather: particle looks, billboards, the weather particles, then the stage light colour and direction.
0x00418f20	FUN_00418f20	StageSound_ResetRecordsAndRegisterCleanup	Context: Resets the eight stage sound records and registers their callback once. on the countOld field (edx = 0x53784c, `cmp edx,0x537dec; jl`); MSVC6 always biases our IV (countOld with the struct pointer, count with an int cursor) and pays an extra `lea ecx,[eax-0xa4]; cmp ecx,0x537d48; jl`, so the body matches but the compare + register names differ.; Body: { int i; g_unk0x00537660 = 0; memset(g_raceBlock + 0x48, 0, 0x20); memset(g_raceBlock + 0x94, 0, 0x20); memset(g_raceBlock + 0x220, 0, 0x20); memset(g_raceBlock + 0x0, 0, 0x20); for (RaceCarSoundState *pState = g_carSoundStates; (int)pState < (int)(g_carSoundStates + 8); pState++) { for (i = 0; i < 10; i++) { pState->handle[i] = -1; pState->id[i] = -1; } pState->countOld = 0; pState->count = 0; memset(pState->slotState, 0xff, sizeof(pState->slotState)); pState->stateOld = -1; pState->state = -1; pState->pattern = 0x19; } if (g_unk0x00537dcc == 0) { CGame::RegisterCallback(StageUI_ReleaseHUDResources, NULL); g_unk0x00537dcc = 1; } }	CMR2Decomp/StageUI.cpp	111	void FUN_00418f20(void)	Resets the eight stage sound records and registers their callback once. on the countOld field (edx = 0x53784c, `cmp edx,0x537dec; jl`); MSVC6 always biases our IV (countOld with the struct pointer, count with an int cursor) and pays an extra `lea ecx,[eax-0xa4]; cmp ecx,0x537d48; jl`, so the body matches but the compare + register names differ.
0x00418ff0	FUN_00418ff0	StageSound_LoadSurfaceVariations	Context: Loads the surface sounds of the stage: for every surface group in use its rolling (inside/outside) and skidding (inside/outside) variations, recording where each set starts; then the two fallback samples.; Body: { char *pDir; StageSoundPattern *pPattern; int group; int i; pDir = CInstallInfo::GetSoundsDir(); g_stageSoundLoaded = 0; g_stageSoundFirst = Sound_GetSampleCount(); for (group = 0, pPattern = g_stageSoundPatterns; group < 31; group++, pPattern++) { if (g_stageSoundUsed[group] == 0) continue; pPattern->base[0] = g_stageSoundLoaded + g_stageSoundFirst; pPattern->base[1] = pPattern->base[0] + pPattern->choices[0]; pPattern->base[2] = pPattern->base[1] + pPattern->choices[1]; pPattern->base[3] = pPattern->choices[2] + pPattern->base[2]; for (i = 0; i < pPattern->choices[0]; i++) { sprintf(CFrontend::m_stringDest, g_strSurfSndRollIn, pDir, group, i); Sound_LoadSample(CFrontend::m_stringDest, 0, (GenericFile *)StageTiming_GetStageFile5()); g_stageSoundLoaded++; } for (i = 0; i < pPattern->choices[1]; i++) { sprintf(CFrontend::m_stringDest, g_strSurfSndRollOut, pDir, group, i); Sound_LoadSample(CFrontend::m_stringDest, 0, (GenericFile *)StageTiming_GetStageFile5()); g_stageSoundLoaded++; } for (i = 0; i < pPattern->choices[2]; i++) { sprintf(CFrontend::m_stringDest, g_strSurfSndSkidIn, pDir, group, i); Sound_LoadSample(CFrontend::m_stringDest, 0, (GenericFile *)StageTiming_GetStageFile5()); g_stageSoundLoaded++; } for (i = 0; i < pPattern->choices[3]; i++) { sprintf(CFrontend::m_stringDest, g_strSurfSndSkidOut, pDir, group, i); Sound_LoadSample(CFrontend::m_stringDest, 0, (GenericFile *)StageTiming_GetStageFile5()); g_stageSoundLoaded++; } } g_unk0x00537564 = Sound_GetSampleCount()	CMR2Decomp/StageUI.cpp	221	void FUN_00418ff0(void)	Loads the surface sounds of the stage: for every surface group in use its rolling (inside/outside) and skidding (inside/outside) variations, recording where each set starts; then the two fallback samples.
0x00415f50	FUN_00415f50	StageUI_DrawHudRouteMap	Context: Stage map of the HUD: the route thumbnail, a dot per car (network players, or every car in race order) and the number of each local player.; Body: { int point[3]; FixVector d; short dotSrc[4]; short mapSrc[4]; short dot[4]; short map[4]; char number[8]; BYTE colour[4]; int netColour; int i; int id; int index; BYTE *pCarColour; colour[0] = 0xff; colour[1] = 0xff; colour[2] = 0xff; colour[3] = 0xff; dotSrc[0] = 0; dotSrc[1] = 0; dotSrc[2] = 0; dotSrc[3] = 0; mapSrc[0] = 0; mapSrc[1] = 0; mapSrc[2] = 0; mapSrc[3] = 0; if (g_unk0x0053707c != NULL) { mapSrc[2] = g_unk0x0053707c->width - 1; mapSrc[3] = g_unk0x0053707c->height - 1; dotSrc[2] = g_unk0x00537078->width - 1; dotSrc[3] = g_unk0x00537078->height - 1; if (RallyData_IsHeadToHeadRaceMode() && CGameInfo::IsSplitBarEnabled()) return; map[0] = (short)((int)(g_pGraphics->resX * 0x731) >> 16) + pRect[0]; map[2] = (short)((int)(g_pGraphics->resX * 0x3f9e) >> 16); map[2] = (short)((int)(mapSrc[2] * g_pGraphics->resX) / 640); map[1] = (short)((int)(g_pGraphics->resY * 0xea3d) >> 16); map[3] = (short)((int)(g_pGraphics->resY * 0x5319) >> 16); map[3] = (short)((int)(mapSrc[3] * g_pGraphics->resY) / 480); map[1] -= map[3]; Sprite_Queue((SpriteRect *)mapSrc, (SpriteRect *)map, g_unk0x0053707c, 2, 0, NULL, NULL, colour, 8); } if (CGameInfo::GetConfiguredGameMode() == 11 || CGameInfo::GetConfiguredGameMode() == 12 || (CGameInfo::GetGameModeOptionBit19() && (char)RallyData_GetFlag25() && CGameInfo::GetConfiguredGameMode() != 10)) { for (i = 0; i < 8; i++) { id = NetPlayers_GetResultPlayerIndex(i); if (id == -1) continue; if (id == -2) { index = StageTiming_GetCheckpointField0(0); net	CMR2Decomp/StageUI.cpp	1114	void FUN_00415f50(int car, short *pRect)	Stage map of the HUD: the route thumbnail, a dot per car (network players, or every car in race order) and the number of each local player.
0x0041b460	FUN_0041b460	StageUI_UpdateDriverEventAwards	Context: Per-driver event progress: clears the flags of every driver slot, sets the stage and award bits of the current event, stores the place-based awards and finally updates the game callback group when a driver completed an event. The logic is faithful; the residual diff is codegen shape: the original addresses the two game-info flag words as a bitfield struct (its masked xor/carry read-modify-writes for the 1/2/4-bit fields) and keeps the loop counter in edi (ours lands in ebx), which shifts many operand encodings.; Body: { unsigned int *pFlags; BYTE flag; BYTE bAward; int stage; unsigned int bit; int pos; int i; flag = 0; pFlags = CGameInfo::GetGameInfoField9CAddress(); for (i = 0; i < (BYTE)CGameInfo::GetConfiguredPlayerCount(); i++) { g_unk0x00537f68[i] = 0; g_unk0x00537f78[i] = 0; bAward = RallyData_IsDriverRecordUsable((BYTE)i); pos = StageTiming_GetDriverSlot(i); switch (CGameInfo::GetConfiguredGameMode()) { case 0: case 1: if (CGameInfo::GetConfiguredGameMode() == 0) { if ((BYTE)RallyDataCountryIndex() == 7 && RallyDataStageIndex() == 0xa && RallyTiming_GetStagePositionOfDriver(pos) <= 2) RallyData_RecordBestFinishingPlace(i, RallyTiming_GetStagePositionOfDriver(pos)); if (CGameInfo::GetConfiguredDifficulty() == 1 && (BYTE)RallyDataCountryIndex() == 7 && RallyDataStageIndex() == 0xa && pos == 0 && (pFlags[0] & 1) == 0) { pFlags[0] |= 1; g_unk0x00537f68[i] |= 1; CGame::SetStartupFlag(); } if (CGameInfo::GetConfiguredDifficulty() == 0 && (BYTE)RallyDataCountryIndex() == 7 && RallyDataStageIndex() == 0xa && pos == 0 && bAward == 0 && RallyData_SetCategoryAwardBit(i, 0x15)) { g_unk0x00537f78[i] = 0x15; g_unk0x00537f68[i] |= 0x80; } } stage = (BYTE)RallyData_GetDriverGridRow((BYTE)RallyDataCountryIndex(), (char)CGameInfo::GetConfiguredDifficulty()) - 1; if (RallyDataStageIndex() == stage || RallyDataStageIndex() == 0xa) { if (RallyTiming_GetOverallPositionOfDriver(pos) <= 2) RallyData_RecordBestCategoryMedal(i, RallyDataCountryIndex() & 0xff, RallyTiming_GetOverallPositionOfDriver(pos)); } s	CMR2Decomp/StageUI.cpp	1246	void FUN_0041b460(void)	Per-driver event progress: clears the flags of every driver slot, sets the stage and award bits of the current event, stores the place-based awards and finally updates the game callback group when a driver completed an event. The logic is faithful; the residual diff is codegen shape: the original addresses the two game-info flag words as a bitfield struct (its masked xor/carry read-modify-writes for the 1/2/4-bit fields) and keeps the loop counter in edi (ours lands in ebx), which shifts many operand encodings.
0x00478dc0	FUN_00478dc0	SurfaceSound_ResetPlayerParameters	Context: Resets the per-player surface sound state and installs the sound parameter tables; registered as the stage cleanup callback.; Body: { int flag; int i; Sound_SetMasterVolume(0x10000); if ((BYTE)RallyDataState() == 1 && (BYTE)RallyData_GetFlag25() != 0 && CGameInfo::GetGameModeOptionBit19() == 0 && CGameInfo::GetConfiguredGameMode() != 3) flag = 1; else flag = 0; for (i = 0; i < (int)((RallyDataState() & 0xff) + flag); i = i + 1) { g_unk0x0058dd78[i] = 0; g_unk0x0058de08[i] = 0; g_unk0x0058de00[i] = 0; g_unk0x0058de18[i] = -1; g_unk0x0058dd68[i] = -1; g_unk0x0058dd88[i] = StageObject_GetCarSoundElapsedTime(i); g_unk0x0058de10[i] = -1; g_unk0x0058ddf0[i] = -1; g_unk0x0058dde0[i] = -1; g_unk0x0058dde8[i] = -1; g_unk0x0058ddac[i] = -1; g_unk0x0058dd80[i] = -1; g_unk0x0058ddc0[i] = -1; g_unk0x0058dd90[i] = -1; g_unk0x0058ddd0[i] = -1; g_unk0x0058ddd8[i] = -1; g_unk0x0058df30[i] = -1; g_unk0x0058ddf8[i] = 0; g_unk0x0058dd98[i] = 0; g_unk0x0058dd70[i] = 0; g_unk0x0058df20[i] = 0; } g_unk0x0058ddc8 = -1; g_unk0x0058ddcc = -1; g_pUnk0x0051ea6c = g_unk0x0051ea74; g_pUnk0x0051ea70 = g_unk0x0051ea9e; g_pUnk0x0051eac4 = g_unk0x0051eacc; g_pUnk0x0051eac8 = g_unk0x0051ebca; g_pUnk0x0051ec5c = g_unk0x0051ec64; g_pUnk0x0051ec60 = g_unk0x0051ed62; g_pUnk0x0051edf4 = g_unk0x0051edfc; g_pUnk0x0051edf8 = g_unk0x0051ef80; CGame::RegisterCallback((void *)Surface_ReleaseStageSounds, 0); }	CMR2Decomp/SurfaceTypes.cpp	575	void FUN_00478dc0(void)	Resets the per-player surface sound state and installs the sound parameter tables; registered as the stage cleanup callback.
0x0047a710	FUN_0047a710	SurfaceSound_UpdatePlayerLoops	Context: Per-frame car sounds of one player: picks the volume set of the camera (in-car views 1-3 or outside), makes sure the engine, skid and optional loops are playing, then hands the engine pitch, speed, surface level and wheel-slip state to Surface_UpdatePlayerEngineSounds.; Body: { Car *pCar; int pitch; int speed; int state[7]; if (View_GetActiveCameraMode((BYTE)listener) != 1 && View_GetActiveCameraMode((BYTE)listener) != 2 && View_GetActiveCameraMode((BYTE)listener) != 3) { g_unk0x0058df38 = 0x6666; g_unk0x0051f274 = 0xcccc; g_unk0x0058df3c = 0x6000; g_unk0x0051f278 = 0xc000; g_unk0x0058df40 = 0x9999; g_unk0x0051f27c = 0x10000; g_unk0x0051f294 = 0x20000; g_unk0x0051f29c = 0x20000; g_unk0x0051f298 = 0; } else { g_unk0x0058df38 = 0xcccc; g_unk0x0051f274 = 0x6666; g_unk0x0058df3c = 0xc000; g_unk0x0051f278 = 0x6000; g_unk0x0058df40 = 0x10000; g_unk0x0051f27c = 0x9999; g_unk0x0051f294 = 0x10000; g_unk0x0051f29c = 0; g_unk0x0051f298 = 0x20000; } pCar = Car_Get(player); if (Sound_IsPlaying(g_unk0x0058ddf0[player]) == 0) g_unk0x0058ddf0[player] = Sound_PlaySampleWithParameters((unsigned short)(g_unk0x0058ddb4[player] + 2), 0, 0x5622, 0, 1, 0); if (Sound_IsPlaying(g_unk0x0058dde0[player]) == 0) g_unk0x0058dde0[player] = Sound_PlaySampleWithParameters((unsigned short)(g_unk0x0058ddb4[player] + 3), 0, 0x5622, 0, 1, 0); if (!NetRace_GetRaceSoundMode()) { if (Sound_IsPlaying(g_unk0x0058dd80[player]) == 0) g_unk0x0058dd80[player] = Sound_PlaySampleWithParameters((unsigned short)(g_unk0x0058ddb4[player] + 4), 0, 0x5622, 0, 1, 0); } if (CGameInfo::IsRecordFlagSet(0x13)) { if (Sound_IsPlaying(g_unk0x0058ddd8[player]) == 0) g_unk0x0058ddd8[player] = Sound_PlaySampleWithParameters((unsigned short)(g_unk0x0058ddb4[player] + 0xd), 0x10000, 0x2b11, 0, 1, 0); if (Sound_Is	CMR2Decomp/SurfaceTypes.cpp	1178	void FUN_0047a710(int player, int listener)	Per-frame car sounds of one player: picks the volume set of the camera (in-car views 1-3 or outside), makes sure the engine, skid and optional loops are playing, then hands the engine pitch, speed, surface level and wheel-slip state to Surface_UpdatePlayerEngineSounds.
0x00478a20	FUN_00478a20	SurfaceText_LoadRegionalStringTable	Context: Loads the game text of the region's language and splits it into the string table (release callback Surface_FreeTextureData).; Body: { char *names[10]; char **pList; names[5] = g_strLangEnglish; names[6] = g_strLangFrench; names[7] = g_strLangSpanish; names[8] = g_strLangItalian; names[9] = g_strLangGerman; names[2] = g_strLangEngUsa; names[3] = g_strLangFrench; names[4] = g_strLangSpanish; names[0] = g_strLangEnglish; names[1] = g_strLangPolish; switch (CGameInfo::GetGameRegion()) { case 0: pList = &names[5]; break; case 1: pList = &names[2]; break; case 2: pList = &names[0]; break; case 3: pList = &names[1]; break; default: pList = (char **)names[1]; break; } sprintf(CFrontend::m_stringDest, g_strTxtFormat, pList[CGameInfo::GetGameLanguage()]); g_unk0x0058dc54 = CGenericFileLoader::FindFile((GenericFile *)StageTiming_GetStageFile6(), CFrontend::m_stringDest, (BYTE *)g_unk0x0058db50, 0, 0); if (g_unk0x0058dc54 == NULL) return 0; CFrontend::BuildLocalizedTextStringTable(1, 0x104, (BYTE **)&g_unk0x0058dc54); CGame::RegisterCallback(Surface_FreeTextureData, 0); return 1; }	CMR2Decomp/SurfaceTypes.cpp	1411	BYTE FUN_00478a20(void)	Loads the game text of the region's language and splits it into the string table (release callback Surface_FreeTextureData).
0x004786b0	FUN_004786b0	Surface_BlendWheelContactParameters	Context: Blends the driving parameters of the two surfaces a wheel touches and stores the per-wheel block (grip, noise, effect bytes and the drag-derived value).; Body: { int v; int total; int i; int *pMix; short *pId; int *pOut; int *pOut2; int id; int blend; pMix = (int *)(pWheel + 0x8ac); pId = (short *)(pWheel + 0xab4); pOut = (int *)(pWheel + 0xf8); total = 0; i = 2; do { id = *pId; if (pMix[-4] != 0) { blend = pMix[-4]; if (blend > 0x10000) blend = 0x10000; v = FixMul(blend, g_surfaceSoftness[id][0]); pOut[-3] = g_surfaceGrip[id][0] + v; pOut[-1] = g_surfaceGrip2[id][0] + v; pOut[-2] = FixDiv(FixMul(g_surfaceGrip[id][0], g_surfaceGrip[id][1]), pOut[-3]); pOut[0] = FixDiv(FixMul(g_surfaceGrip2[id][0], g_surfaceGrip2[id][1]), pOut[-1]); } else { pOut[-3] = g_surfaceGrip[id][0]; pOut[-1] = g_surfaceGrip2[id][0]; pOut[-2] = g_surfaceGrip[id][1]; pOut[0] = g_surfaceGrip2[id][1]; } if (*pMix != 0) { blend = *pMix; if (blend > 0x10000) blend = 0x10000; v = FixMul(blend, g_surfaceSoftness[id][1]); pOut[-2] += v; pOut[0] += v; } pMix -= 2; pOut[1] = g_surface0x51e678[id]; pOut[2] = g_surface0x51e738[id]; pOut[3] = g_surface0x51e2b8[id]; pOut[4] = g_surface0x51e4f8[id]; pOut[5] = g_surface0x51e5b8[id]; pOut[-10] = pOut[-1]; pOut[-9] = pOut[0]; pOut[-12] = pOut[-3]; pOut[-11] = pOut[-2]; pOut[-8] = pOut[1]; pOut[-7] = pOut[2]; pOut[-6] = pOut[3]; pOut[-5] = pOut[4]; pOut[-4] = pOut[5]; pOut -= 0x12; pId -= 2; } while (--i); pId = (short *)(pWheel + 0xab4); pOut2 = (int *)(pWheel + 0x1c5); i = 2; do { id = *pId; ((BYTE *)pOut2)[-1] = g_surfaceEffect[id][0]; ((BYTE *)pOut2)[0] = g_surfaceEffect[id][1]; *(int *)((BYTE *)pOut2 + 3) = FixMul(g_surface	CMR2Decomp/SurfaceTypes.cpp	1459	void FUN_004786b0(BYTE *pWheel, int unused)	Blends the driving parameters of the two surfaces a wheel touches and stores the per-wheel block (grip, noise, effect bytes and the drag-derived value).
0x00492fe0	FUN_00492fe0	Track_SetFogAndSkyAlpha	Context: Sets the fog and the matching sky alpha: the sky fades out as the draw distance reaches into the fog.; Body: { int distance; int t; int alpha; Graphics_SetFog(start, end, start, end, *pColour); distance = (CGameInfo::GetGraphicsOptionBits21To24() + 2) * 0x320000; if (distance < start) { g_unk0x00592146 = 0xff; g_stageColourAlpha = 0xff; return; } if (distance <= end) { t = distance - start; if (end - start != 0) t = FixDiv(t, end - start); alpha = FixMul(t, 0xff0000) >> 16; if (alpha > 0xff) alpha = 0xff; else if (alpha < 0) alpha = 0; g_unk0x00592146 = (BYTE)(-1 - alpha); g_stageColourAlpha = g_unk0x00592146; return; } g_unk0x00592146 = 0; g_stageColourAlpha = 0; }	CMR2Decomp/TrackCollision.cpp	863	void FUN_00492fe0(DWORD *pColour, int start, int end)	Sets the fog and the matching sky alpha: the sky fades out as the draw distance reaches into the fog.
0x004925c0	FUN_004925c0	Track_ShiftMeshAndAmbientHeights	Context: Shifts stage mesh heights and moves the ambient light with the stage.; Body: { int height = g_stageHeightTarget - oldHeight + newHeight; int i; int object; FixVector position; for (i = g_stageMesh0Count - 1; i >= 0; i--) { if (g_stageHeightSamples[i] < height) { float *vertex = (float *)((BYTE *)g_stageMesh0Copy->pVertexData + i * 0x30); if (g_unk0x00592114.x != (int)(__int64)((double)vertex[0] * CGraphics::m_65536) || g_unk0x00592114.y != (int)(__int64)((double)vertex[1] * CGraphics::m_65536) || g_unk0x00592114.z != (int)(__int64)((double)vertex[2] * CGraphics::m_65536)) vertex[1] = (float)((double)height * CGraphics::m_oneOver65536); } } g_stageColourDirty = 1; g_unk0x00592128 = mode; g_unk0x00592130 = newHeight; g_unk0x0059212c = oldHeight; StageObject_GetCurrentObjectPointer(&object); FixMatrix_RotateVector(&position, &g_unk0x00592114, (FixMatrix *)(object + 0x98)); position.y += g_unk0x0059212c; Scene_SetLightPosition(g_stageAmbientNode, position.x, position.y, position.z); }	CMR2Decomp/TrackCollision.cpp	1048	void FUN_004925c0(int oldHeight, int newHeight, int mode)	Shifts stage mesh heights and moves the ambient light with the stage.
0x00493ed0	FUN_00493ed0	CarPhysics_DampSurfaceSteeringAngle	Context: Eases the car's steering angle towards the value taken from its track surface, then stores the damped angle into 0xb10/0xb12. reorders the fixpoint intermediates; Body: { int scaleRight; int scaleLeft; int value; int other; short target; short current; short delta; scaleRight = g_pAutoGearCar->field_0x7fc; scaleLeft = g_pAutoGearCar->field_0x800; value = FixMul(*(BYTE *)&g_pAutoGearCar->flag0x1d0[1] << 16, 0x410); if (value > 0x10000) value = 0x10000; other = FixMul(*(BYTE *)&g_pAutoGearCar->flag0x1d0[0] << 16, 0x410); if (other > 0x10000) other = 0x10000; value -= other; AutoGear_UpdateSteeringScale(); if (value < -0x10000) value = -0x10000; else if (value > 0x10000) value = 0x10000; if (value == 0) target = 0; else target = (short)(__int64)((double)FixMul(g_unk0x00592160, value) * g_unk0x00511300); if (g_pAutoGearCar->field_0xb88 == 2) { *(short *)&g_pAutoGearCar->heading = target; g_pAutoGearCar->field_0xb12 = *(short *)&g_pAutoGearCar->heading; return; } current = *(short *)&g_pAutoGearCar->heading; delta = current - target; if (delta > 0x800) delta = 0x1000 - delta; if (delta > 0x1f || delta < -0x1f) { if (current == 0) delta = (short)(__int64)((double)FixMul(delta * 0x1680, scaleRight) * g_unk0x00511300); else if (current <= 0) { if (delta < 1) delta = (short)(__int64)((double)FixMul(scaleLeft, delta * 0x1680) * g_unk0x00511300); else delta = (short)(__int64)((double)FixMul(scaleRight, delta * 0x1680) * g_unk0x00511300); } else if (delta < 0) delta = (short)(__int64)((double)FixMul(delta * 0x1680, scaleRight) * g_unk0x00511300); else delta = (short)(__int64)((double)FixMul(delta * 0x1680, scaleLeft) * g_unk0x00511300); } *(short *)&g_p	CMR2Decomp/TrackCollision.cpp	1141	void FUN_00493ed0(void)	Eases the car's steering angle towards the value taken from its track surface, then stores the damped angle into 0xb10/0xb12. reorders the fixpoint intermediates
0x0048fb80	FUN_0048fb80	Collision_ResolveSectorEdgeContact	Context: Resolves the car's contact with the sector edge tracked in g_unk0x0059190c: picks the contact vertex of the face tracked in g_collisionFace, slides the car, its eight corners and the face's four vertices out of the surface, applies the impact impulse and spawns the impact debris.; Body: { FixVector debrisAxes[3]; FixVector perp; FixVector delta; FixVector velDiff; FixVector scaled; FixVector slide; int best; int count; int found; int index; int len; int tangentLen; int i; int result; int dot; int *pDistance; result = 0; if ((*(BYTE *)((BYTE *)g_unk0x0059190c + 0x2d) & 1) != 0) found = VehiclePhysics_SelectParallelCollisionSide(); else found = VehiclePhysics_TestBehindFaceCollision(); if (found == 0) goto finish; if ((*(BYTE *)((BYTE *)g_unk0x0059190c + 0x2d) & 1) == 0) result = FUN_0048e580(type); FUN_00486c30((int *)g_collisionFace, &g_collisionCar->right.x, &g_collisionCar->position.x, &g_collisionCar->corners[0]); Collision_ClassifyFaceVertices(); if (g_collisionPositiveCandidateCount != 0 && g_collisionNegativeCandidateCount != 0) { if (g_collisionSelectBackSide == 0) { best = 0xd8f00000; count = g_collisionPositiveCandidateCount; for (i = 0; i < count; i++) { index = g_collisionPositiveCandidates[i]; if (g_collisionVertexDistances[index] > best) { best = g_collisionVertexDistances[index]; g_collisionBestVertex = index; g_unk0x00591948 = (int)g_unk0x0059190c; } } } else { best = 0x27100000; count = g_collisionNegativeCandidateCount; for (i = 0; i < count; i++) { index = g_collisionNegativeCandidates[i]; if (g_collisionVertexDistances[index] < best) { best = g_collisionVertexDistances[index]; g_collisionBestVertex = index; g_unk0x00591948 = (int)g_unk0x0059190c; } } } } else { if (g_collisionPositiveCandidateCount == 0 && g_collisionNegativeCandidateCount	CMR2Decomp/VehiclePhysics.cpp	543	int FUN_0048fb80(char type, int param)	Resolves the car's contact with the sector edge tracked in g_unk0x0059190c: picks the contact vertex of the face tracked in g_collisionFace, slides the car, its eight corners and the face's four vertices out of the surface, applies the impact impulse and spawns the impact debris.
