addr	size	name	callers	callees	fpu	thunk	external
00401000	153	FUN_00401000	0	11	0	false	false
004010a0	168	FUN_004010a0	0	9	0	false	false
00401150	376	FUN_00401150	0	23	0	false	false
004012d0	170	FUN_004012d0	0	5	0	false	false
00401380	152	FUN_00401380	0	7	0	false	false
00401420	196	FUN_00401420	0	8	0	false	false
004014f0	73	FUN_004014f0	0	5	0	false	false
00401540	68	FUN_00401540	0	4	0	false	false
00401590	154	FUN_00401590	0	7	0	false	false
00401630	113	FUN_00401630	0	6	0	false	false
004016b0	112	FUN_004016b0	0	10	0	false	false
00401780	81	FUN_00401780	0	2	0	false	false
004017e0	109	FUN_004017e0	0	6	0	false	false
00401850	22	FUN_00401850	0	3	0	false	false
00401870	743	FUN_00401870	0	6	0	false	false
00401b60	436	FUN_00401b60	6	6	0	false	false
00401d20	733	FUN_00401d20	0	6	0	false	false
00402000	1090	FUN_00402000	0	7	0	false	false
00402460	1124	FUN_00402460	0	7	0	false	false
004028d0	726	FUN_004028d0	0	7	0	false	false
00402bb0	53	FUN_00402bb0	0	1	0	false	false
00402bf0	54	FUN_00402bf0	0	0	0	false	false
00402c30	8	FUN_00402c30	0	1	0	false	false
00402c40	66	FUN_00402c40	1	3	0	false	false
00402c90	487	FUN_00402c90	2	12	0	false	false
00402eb0	99	FUN_00402eb0	0	3	0	false	false
00402f20	70	FUN_00402f20	0	5	0	false	false
00402f70	13	FUN_00402f70	0	1	0	false	false
00402f80	13	FUN_00402f80	0	1	0	false	false
00402f90	256	FUN_00402f90	1	7	0	false	false
00403090	116	FUN_00403090	1	5	0	false	false
00403110	239	FUN_00403110	2	0	0	false	false
00403200	152	FUN_00403200	1	0	0	false	false
004032a0	182	FUN_004032a0	1	6	0	false	false
00403360	15	FUN_00403360	0	0	0	false	false
00403370	168	FUN_00403370	1	6	0	false	false
00403420	111	FUN_00403420	1	5	0	false	false
00403490	111	FUN_00403490	1	5	0	false	false
00403500	73	FUN_00403500	2	10	0	false	false
00403550	115	FUN_00403550	1	4	0	false	false
004035d0	16	FUN_004035d0	0	0	0	false	false
004035e0	220	FUN_004035e0	1	6	0	false	false
004036c0	52	FUN_004036c0	0	1	0	false	false
00403700	180	FUN_00403700	0	6	0	false	false
004037c0	192	FUN_004037c0	0	6	0	false	false
00403880	13	FUN_00403880	0	1	0	false	false
00403890	1625	FUN_00403890	0	8	0	false	false
00403ef0	264	FUN_00403ef0	1	1	0	false	false
00404000	302	FUN_00404000	1	10	0	false	false
00404130	166	FUN_00404130	0	5	0	false	false
004041e0	2427	FUN_004041e0	0	7	0	false	false
00404b80	203	FUN_00404b80	0	5	0	false	false
00404c50	167	FUN_00404c50	0	8	0	false	false
00404d00	262	FUN_00404d00	0	5	0	false	false
00404e10	131	FUN_00404e10	1	3	0	false	false
00404ea0	68	FUN_00404ea0	1	2	0	false	false
00404ef0	30	FUN_00404ef0	7	2	0	false	false
00404f10	8	FUN_00404f10	1	0	0	false	false
00404f20	6	FUN_00404f20	12	0	0	false	false
00404f30	6	FUN_00404f30	1	0	0	false	false
00404f40	1294	FUN_00404f40	1	47	0	false	false
00405470	47	FUN_00405470	1	1	0	false	false
004054a0	12	FUN_004054a0	1	1	0	false	false
004054b0	49	FUN_004054b0	4	1	0	false	false
004054f0	236	FUN_004054f0	1	6	0	false	false
004055e0	6	FUN_004055e0	5	0	0	false	false
004055f0	6	FUN_004055f0	5	0	0	false	false
00405600	6	FUN_00405600	1	0	0	false	false
00405610	6	FUN_00405610	1	0	0	false	false
00405620	6	sprintf	207	0	0	true	false
00405626	318	entry	0	12	0	false	false
0040578a	6	exit	1	0	0	true	false
00405790	6	initterm	1	0	0	true	false
00405796	18	FUN_00405796	1	1	0	false	false
004057a8	3	FUN_004057a8	0	0	0	false	false
004057ab	1	FUN_004057ab	1	0	0	false	false
004057b0	6	_except_handler3	0	0	0	true	false
004057b6	6	_controlfp	1	0	0	true	false
004057c0	8	FUN_004057c0	2	0	0	false	false
004057d0	6	FUN_004057d0	3	0	0	false	false
004057e0	12	FUN_004057e0	5	0	0	false	false
004057f0	9	FUN_004057f0	9	0	0	false	false
00405800	6	FUN_00405800	13	0	0	false	false
00405810	12	FUN_00405810	0	0	0	false	false
00405820	13	FUN_00405820	5	0	0	false	false
00405830	351	FUN_00405830	0	3	0	false	false
00405990	396	FUN_00405990	0	0	0	false	false
00405b20	9	FUN_00405b20	1	0	0	false	false
00405b30	26	FUN_00405b30	1	0	0	false	false
00405b50	11	FUN_00405b50	2	0	0	false	false
00405b60	28	FUN_00405b60	2	0	0	false	false
00405b80	29	FUN_00405b80	1	0	0	false	false
00405ba0	12	FUN_00405ba0	3	0	0	false	false
00405bb0	29	FUN_00405bb0	2	0	0	false	false
00405bd0	12	FUN_00405bd0	3	0	0	false	false
00405be0	32	FUN_00405be0	1	0	0	false	false
00405c00	12	FUN_00405c00	1	0	0	false	false
00405c10	6	FUN_00405c10	21	0	0	false	false
00405c20	12	FUN_00405c20	2	0	0	false	false
00405c30	6	FUN_00405c30	1	0	0	false	false
00405c40	12	FUN_00405c40	2	0	0	false	false
00405c50	6	FUN_00405c50	1	0	0	false	false
00405c60	12	FUN_00405c60	2	0	0	false	false
00405c70	12	FUN_00405c70	1	0	0	false	false
00405c80	32	FUN_00405c80	2	0	0	false	false
00405ca0	12	FUN_00405ca0	5	0	0	false	false
00405cb0	32	FUN_00405cb0	3	0	0	false	false
00405cd0	12	FUN_00405cd0	7	0	0	false	false
00405ce0	32	FUN_00405ce0	2	0	0	false	false
00405d00	12	FUN_00405d00	8	0	0	false	false
00405d10	9	FUN_00405d10	8	0	0	false	false
00405d20	32	FUN_00405d20	2	0	0	false	false
00405d40	26	FUN_00405d40	2	0	0	false	false
00405d60	12	FUN_00405d60	1	0	0	false	false
00405d70	12	FUN_00405d70	81	0	0	false	false
00405d80	12	FUN_00405d80	169	0	0	false	false
00405d90	12	FUN_00405d90	37	0	0	false	false
00405da0	12	FUN_00405da0	24	0	0	false	false
00405db0	6	FUN_00405db0	15	0	0	false	false
00405dc0	12	FUN_00405dc0	22	0	0	false	false
00405dd0	12	FUN_00405dd0	5	0	0	false	false
00405de0	32	FUN_00405de0	0	0	0	false	false
00405e00	12	FUN_00405e00	68	0	0	false	false
00405e10	35	FUN_00405e10	4	1	0	false	false
00405e40	9	FUN_00405e40	4	0	0	false	false
00405e50	32	FUN_00405e50	4	0	0	false	false
00405e70	12	FUN_00405e70	10	0	0	false	false
00405e80	32	FUN_00405e80	4	0	0	false	false
00405ea0	12	FUN_00405ea0	3	0	0	false	false
00405eb0	9	FUN_00405eb0	5	0	0	false	false
00405ec0	34	FUN_00405ec0	2	0	0	false	false
00405ef0	11	FUN_00405ef0	2	0	0	false	false
00405f00	32	FUN_00405f00	1	0	0	false	false
00405f20	32	FUN_00405f20	1	0	0	false	false
00405f40	32	FUN_00405f40	1	0	0	false	false
00405f60	32	FUN_00405f60	1	0	0	false	false
00405f80	32	FUN_00405f80	1	0	0	false	false
00405fa0	46	FUN_00405fa0	1	0	0	false	false
00405fd0	12	FUN_00405fd0	1	0	0	false	false
00405fe0	6	FUN_00405fe0	18	0	0	false	false
00405ff0	21	FUN_00405ff0	2	0	0	false	false
00406010	759	FUN_00406010	1	0	0	false	false
00406310	12	FUN_00406310	15	0	0	false	false
00406320	6	FUN_00406320	15	0	0	false	false
00406330	12	FUN_00406330	0	0	0	false	false
00406340	32	FUN_00406340	2	0	0	false	false
00406360	24	FUN_00406360	2	0	0	false	false
00406380	75	FUN_00406380	1	0	0	false	false
004063d0	27	FUN_004063d0	1	0	0	false	false
004063f0	27	FUN_004063f0	28	0	0	false	false
00406410	23	FUN_00406410	36	0	0	false	false
00406430	8	FUN_00406430	3	0	0	false	false
00406440	12	FUN_00406440	5	0	0	false	false
00406450	22	FUN_00406450	2	0	0	false	false
00406470	166	FUN_00406470	1	9	0	false	false
00406520	23	FUN_00406520	6	0	0	false	false
00406540	27	FUN_00406540	1	0	0	false	false
00406560	20	FUN_00406560	0	0	0	false	false
00406580	257	FUN_00406580	0	0	0	false	false
00406690	6	FUN_00406690	2	0	0	false	false
004066a0	43	FUN_004066a0	1	0	0	false	false
004066d0	6	FUN_004066d0	2	0	0	false	false
004066e0	43	FUN_004066e0	1	0	0	false	false
00406710	6	FUN_00406710	11	0	0	false	false
00406720	12	FUN_00406720	3	0	0	false	false
00406730	6	FUN_00406730	2	0	0	false	false
00406740	12	FUN_00406740	2	0	0	false	false
00406750	6	FUN_00406750	1	0	0	false	false
00406760	12	FUN_00406760	1	0	0	false	false
00406770	6	FUN_00406770	4	0	0	false	false
00406780	12	FUN_00406780	4	0	0	false	false
00406790	6	FUN_00406790	1	0	0	false	false
004067a0	12	FUN_004067a0	1	0	0	false	false
004067b0	6	FUN_004067b0	0	0	0	false	false
004067c0	12	FUN_004067c0	1	0	0	false	false
004067d0	8	FUN_004067d0	3	0	0	false	false
004067e0	22	FUN_004067e0	0	0	0	false	false
00406800	6	FUN_00406800	1	0	0	false	false
00406810	12	FUN_00406810	0	0	0	false	false
00406820	112	FUN_00406820	3	2	0	false	false
00406890	27	FUN_00406890	1	1	0	false	false
004068b0	26	FUN_004068b0	12	0	0	false	false
004068d0	12	FUN_004068d0	2	0	0	false	false
004068e0	37	FUN_004068e0	16	1	0	false	false
00406910	9	FUN_00406910	62	0	0	false	false
00406920	6	FUN_00406920	2	0	0	false	false
00406930	12	FUN_00406930	47	0	0	false	false
00406940	12	FUN_00406940	26	0	0	false	false
00406950	12	FUN_00406950	26	0	0	false	false
00406960	34	FUN_00406960	8	1	0	false	false
00406990	12	FUN_00406990	11	0	0	false	false
004069a0	8	FUN_004069a0	5	0	0	false	false
004069b0	9	FUN_004069b0	0	0	0	false	false
004069c0	1746	FUN_004069c0	1	4	0	false	false
004070c0	24	FUN_004070c0	1	3	0	false	false
004070e0	12	FUN_004070e0	1	0	0	false	false
004070f0	83	FUN_004070f0	1	4	0	false	false
00407150	106	FUN_00407150	6	0	0	false	false
004071c0	161	FUN_004071c0	4	3	0	false	false
00407270	81	FUN_00407270	22	3	0	false	false
004072d0	463	FUN_004072d0	1	9	0	false	false
004074a0	77	FUN_004074a0	1	1	0	false	false
004074f0	12	FUN_004074f0	86	0	0	false	false
00407500	29	FUN_00407500	2	0	0	false	false
00407520	136	FUN_00407520	10	5	0	false	false
004075b0	14	FUN_004075b0	3	0	0	false	false
004075c0	14	FUN_004075c0	3	0	0	false	false
004075d0	13	FUN_004075d0	3	0	0	false	false
004075e0	14	FUN_004075e0	3	0	0	false	false
004075f0	22	FUN_004075f0	1	0	0	false	false
00407610	20	FUN_00407610	12	0	0	false	false
00407630	21	FUN_00407630	7	0	0	false	false
00407650	181	FUN_00407650	4	6	0	false	false
00407710	181	FUN_00407710	3	6	0	false	false
004077d0	39	FUN_004077d0	4	0	0	false	false
00407800	32	FUN_00407800	1	0	0	false	false
00407820	6	FUN_00407820	24	0	0	false	false
00407830	249	FUN_00407830	6	0	0	false	false
00407940	447	FUN_00407940	1	0	0	false	false
00407b10	779	FUN_00407b10	1	1	0	false	false
00407e20	12	FUN_00407e20	2	0	0	false	false
00407e30	12	FUN_00407e30	4	0	0	false	false
00407e40	12	FUN_00407e40	1	0	0	false	false
00407e50	12	FUN_00407e50	40	0	0	false	false
00407e60	12	FUN_00407e60	37	0	0	false	false
00407e70	12	FUN_00407e70	29	0	0	false	false
00407e80	9	FUN_00407e80	4	0	0	false	false
00407e90	12	FUN_00407e90	30	0	0	false	false
00407ea0	12	FUN_00407ea0	22	0	0	false	false
00407eb0	12	FUN_00407eb0	1	0	0	false	false
00407ec0	93	FUN_00407ec0	11	3	0	false	false
00407f20	83	FUN_00407f20	2	2	0	false	false
00407f80	50	FUN_00407f80	2	1	0	false	false
00407fc0	76	FUN_00407fc0	8	2	0	false	false
00408010	14	FUN_00408010	1	0	0	false	false
00408020	420	FUN_00408020	5	2	0	false	false
004081d0	153	FUN_004081d0	2	1	0	false	false
00408270	6	FUN_00408270	2	0	0	false	false
00408280	6	FUN_00408280	2	0	0	false	false
00408290	17	FUN_00408290	3	0	0	false	false
004082b0	9	FUN_004082b0	10	0	0	false	false
004082c0	12	FUN_004082c0	3	0	0	false	false
004082d0	12	FUN_004082d0	3	0	0	false	false
004082e0	12	FUN_004082e0	14	0	0	false	false
004082f0	6	FUN_004082f0	2	0	0	false	false
00408300	61	FUN_00408300	1	1	0	false	false
00408340	67	FUN_00408340	1	1	0	false	false
00408390	53	FUN_00408390	1	2	0	false	false
004083d0	6	FUN_004083d0	2	0	0	false	false
004083e0	12	FUN_004083e0	1	0	0	false	false
004083f0	3	FUN_004083f0	56	0	0	false	false
00408400	102	FUN_00408400	56	2	0	false	false
00408470	66	FUN_00408470	3	1	0	false	false
004084c0	58	FUN_004084c0	1	0	0	false	false
00408500	156	FUN_00408500	22	1	0	false	false
004085a0	82	FUN_004085a0	8	2	0	false	false
00408600	172	FUN_00408600	9	2	0	false	false
004086b0	59	FUN_004086b0	44	1	0	false	false
004086f0	104	FUN_004086f0	18	2	0	false	false
00408760	151	FUN_00408760	2	3	0	false	false
00408800	96	FUN_00408800	2	2	0	false	false
00408860	60	FUN_00408860	3	1	0	false	false
004088a0	142	FUN_004088a0	3	2	0	false	false
00408930	95	FUN_00408930	2	2	0	false	false
00408990	99	FUN_00408990	3	2	0	false	false
00408a00	95	FUN_00408a00	5	2	0	false	false
00408a60	169	FUN_00408a60	4	5	0	false	false
00408b10	185	FUN_00408b10	1	1	0	false	false
00408bd0	76	FUN_00408bd0	1	2	0	false	false
00408c20	73	FUN_00408c20	1	2	0	false	false
00408c70	60	FUN_00408c70	17	1	0	false	false
00408cb0	71	FUN_00408cb0	12	1	0	false	false
00408d00	85	FUN_00408d00	10	2	0	false	false
00408d60	18	FUN_00408d60	2	0	0	false	false
00408d80	172	FUN_00408d80	1	3	0	false	false
00408e30	238	FUN_00408e30	4	2	0	false	false
00408f20	77	FUN_00408f20	1	1	0	false	false
00408f70	77	FUN_00408f70	3	1	0	false	false
00408fc0	77	FUN_00408fc0	1	1	0	false	false
00409010	123	FUN_00409010	2	2	0	false	false
00409090	191	FUN_00409090	1	3	0	false	false
00409150	1217	FUN_00409150	1	3	0	false	false
00409680	303	FUN_00409680	1	3	0	false	false
004097b0	634	FUN_004097b0	1	1	0	false	false
00409a30	115	FUN_00409a30	3	2	0	false	false
00409ab0	174	FUN_00409ab0	4	4	0	false	false
00409b60	86	FUN_00409b60	4	0	0	false	false
00409bc0	26	FUN_00409bc0	3	0	0	false	false
00409be0	15	FUN_00409be0	1	1	0	false	false
00409bf0	134	FUN_00409bf0	1	1	0	false	false
00409c80	42	FUN_00409c80	3	0	0	false	false
00409cb0	22	FUN_00409cb0	19	0	0	false	false
00409cd0	46	FUN_00409cd0	8	2	0	false	false
00409d00	19	FUN_00409d00	4	0	0	false	false
00409d20	16	FUN_00409d20	5	0	0	false	false
00409d30	22	FUN_00409d30	1	0	0	false	false
00409d50	126	FUN_00409d50	2	0	0	false	false
00409dd0	23	FUN_00409dd0	2	0	0	false	false
00409df0	16	FUN_00409df0	1	0	0	false	false
00409e00	17	FUN_00409e00	1	0	0	false	false
00409e20	15	FUN_00409e20	2	0	0	false	false
00409e30	85	FUN_00409e30	3	0	0	false	false
00409e90	76	FUN_00409e90	2	0	0	false	false
00409ee0	22	FUN_00409ee0	1	0	0	false	false
00409f00	123	FUN_00409f00	2	0	0	false	false
00409f80	70	FUN_00409f80	2	0	0	false	false
00409fd0	270	FUN_00409fd0	2	3	0	false	false
0040a0e0	323	FUN_0040a0e0	1	3	0	false	false
0040a230	243	FUN_0040a230	1	3	0	false	false
0040a330	141	FUN_0040a330	1	2	0	false	false
0040a3c0	6	FUN_0040a3c0	2	0	0	false	false
0040a3d0	6	FUN_0040a3d0	1	0	0	false	false
0040a3e0	26	FUN_0040a3e0	1	0	0	false	false
0040a400	6	FUN_0040a400	1	0	0	false	false
0040a410	14	FUN_0040a410	2	0	0	false	false
0040a420	31	FUN_0040a420	3	1	0	false	false
0040a440	6	FUN_0040a440	1	0	0	false	false
0040a450	22	FUN_0040a450	4	0	0	false	false
0040a470	22	FUN_0040a470	2	0	0	false	false
0040a490	230	FUN_0040a490	0	0	0	false	false
0040a580	372	FUN_0040a580	2	6	0	false	false
0040a700	23	FUN_0040a700	3	0	0	false	false
0040a720	50	FUN_0040a720	2	0	0	false	false
0040a760	50	FUN_0040a760	1	0	0	false	false
0040a7a0	36	FUN_0040a7a0	2	0	0	false	false
0040a7d0	69	FUN_0040a7d0	0	0	0	false	false
0040a820	345	FUN_0040a820	1	6	0	false	false
0040a980	386	FUN_0040a980	1	6	0	false	false
0040ab10	6	FUN_0040ab10	6	0	0	false	false
0040ab20	36	FUN_0040ab20	4	0	0	false	false
0040ab50	38	FUN_0040ab50	4	0	0	false	false
0040ab80	38	FUN_0040ab80	4	0	0	false	false
0040abb0	38	FUN_0040abb0	5	0	0	false	false
0040abe0	38	FUN_0040abe0	4	0	0	false	false
0040ac10	17	FUN_0040ac10	1	0	0	false	false
0040ac30	6	FUN_0040ac30	1	0	0	false	false
0040ac40	34	FUN_0040ac40	3	1	0	false	false
0040ac70	90	FUN_0040ac70	2	1	0	false	false
0040acd0	80	FUN_0040acd0	0	0	0	false	false
0040ad20	363	FUN_0040ad20	6	4	0	false	false
0040ae90	6	FUN_0040ae90	3	0	0	false	false
0040aea0	15	FUN_0040aea0	3	0	0	false	false
0040aeb0	16	FUN_0040aeb0	1	0	0	false	false
0040aec0	16	FUN_0040aec0	3	0	0	false	false
0040aed0	40	FUN_0040aed0	1	1	0	false	false
0040af00	27	FUN_0040af00	3	0	0	false	false
0040af20	11	FUN_0040af20	1	1	0	false	false
0040af30	6	FUN_0040af30	7	0	0	false	false
0040af40	24	FUN_0040af40	5	1	0	false	false
0040af60	75	FUN_0040af60	2	2	0	false	false
0040afb0	26	FUN_0040afb0	3	2	0	false	false
0040afd0	29	FUN_0040afd0	3	0	0	false	false
0040aff0	20	FUN_0040aff0	2	0	0	false	false
0040b010	16	FUN_0040b010	10	0	0	false	false
0040b020	43	FUN_0040b020	4	0	0	false	false
0040b050	42	FUN_0040b050	1	0	0	false	false
0040b080	21	FUN_0040b080	0	0	0	false	false
0040b0a0	116	FUN_0040b0a0	3	1	0	false	false
0040b120	121	FUN_0040b120	2	4	0	false	false
0040b1a0	14	FUN_0040b1a0	0	0	0	false	false
0040b1b0	6	FUN_0040b1b0	1	0	0	false	false
0040b1c0	29	FUN_0040b1c0	1	0	0	false	false
0040b1e0	22	FUN_0040b1e0	2	0	0	false	false
0040b200	30	FUN_0040b200	1	0	0	false	false
0040b220	110	FUN_0040b220	3	2	0	false	false
0040b290	87	FUN_0040b290	0	2	0	false	false
0040b2f0	83	FUN_0040b2f0	2	1	0	false	false
0040b350	224	FUN_0040b350	2	0	0	false	false
0040b430	181	FUN_0040b430	3	5	0	false	false
0040b4f0	130	FUN_0040b4f0	1	5	0	false	false
0040b580	42	FUN_0040b580	2	0	0	false	false
0040b5b0	376	FUN_0040b5b0	55	0	0	false	false
0040b730	89	FUN_0040b730	4	0	0	false	false
0040b790	41	FUN_0040b790	9	0	0	false	false
0040b7c0	178	FUN_0040b7c0	2	1	0	false	false
0040b880	548	FUN_0040b880	125	4	0	false	false
0040bab0	12	FUN_0040bab0	32	0	0	false	false
0040bac0	5	FUN_0040bac0	3	0	0	false	false
0040bad0	207	FUN_0040bad0	6	2	0	false	false
0040bba0	7	FUN_0040bba0	0	0	0	false	false
0040bbb0	6	FUN_0040bbb0	1	0	0	false	false
0040bbc0	20	FUN_0040bbc0	7	0	0	false	false
0040bbe0	25	FUN_0040bbe0	0	0	0	false	false
0040bc00	40	FUN_0040bc00	1	0	0	false	false
0040bc30	40	FUN_0040bc30	1	0	0	false	false
0040bc60	44	FUN_0040bc60	0	0	0	false	false
0040bc90	61	FUN_0040bc90	0	1	0	false	false
0040bcd0	40	FUN_0040bcd0	1	0	0	false	false
0040bd00	44	FUN_0040bd00	0	0	0	false	false
0040bd30	40	FUN_0040bd30	1	0	0	false	false
0040bd60	97	FUN_0040bd60	7	2	0	false	false
0040bdd0	40	FUN_0040bdd0	1	0	0	false	false
0040be00	40	FUN_0040be00	1	0	0	false	false
0040be30	40	FUN_0040be30	1	0	0	false	false
0040be60	40	FUN_0040be60	2	0	0	false	false
0040be90	217	FUN_0040be90	1	2	0	false	false
0040bf70	126	FUN_0040bf70	0	6	0	false	false
0040bff0	92	FUN_0040bff0	0	5	0	false	false
0040c050	214	FUN_0040c050	2	3	0	false	false
0040c130	179	FUN_0040c130	0	0	0	false	false
0040c210	85	FUN_0040c210	3	0	0	false	false
0040c270	43	FUN_0040c270	2	0	0	false	false
0040c2a0	323	FUN_0040c2a0	2	1	0	false	false
0040c440	225	FUN_0040c440	1	2	0	false	false
0040c530	22	FUN_0040c530	1	0	0	false	false
0040c550	145	FUN_0040c550	0	0	0	false	false
0040c610	1604	FUN_0040c610	1	3	0	false	false
0040cc60	75	FUN_0040cc60	1	0	0	false	false
0040ccb0	22	FUN_0040ccb0	1	0	0	false	false
0040ccd0	338	FUN_0040ccd0	1	3	3	false	false
0040ce30	14	FUN_0040ce30	1	0	0	false	false
0040ce40	61	FUN_0040ce40	2	0	0	false	false
0040cea0	14	FUN_0040cea0	1	0	0	false	false
0040ceb0	14	FUN_0040ceb0	3	0	0	false	false
0040cec0	14	FUN_0040cec0	1	0	0	false	false
0040ced0	17	FUN_0040ced0	2	0	0	false	false
0040cef0	14	FUN_0040cef0	1	0	0	false	false
0040cf00	48	FUN_0040cf00	1	0	0	false	false
0040cf30	172	FUN_0040cf30	1	4	3	false	false
0040cfe0	14	FUN_0040cfe0	2	0	0	false	false
0040cff0	17	FUN_0040cff0	1	0	0	false	false
0040d010	63	FUN_0040d010	1	0	3	false	false
0040d050	14	FUN_0040d050	1	0	0	false	false
0040d060	14	FUN_0040d060	6	0	0	false	false
0040d070	17	FUN_0040d070	4	0	0	false	false
0040d090	38	FUN_0040d090	1	0	3	false	false
0040d0c0	52	FUN_0040d0c0	1	3	0	false	false
0040d100	32	FUN_0040d100	1	0	0	false	false
0040d120	86	FUN_0040d120	1	2	0	false	false
0040d180	229	FUN_0040d180	2	1	0	false	false
0040d270	278	FUN_0040d270	2	1	0	false	false
0040d390	14	FUN_0040d390	3	0	0	false	false
0040d3a0	14	FUN_0040d3a0	6	0	0	false	false
0040d3b0	27	FUN_0040d3b0	1	1	0	false	false
0040d3d0	20	FUN_0040d3d0	2	1	0	false	false
0040d3f0	31	FUN_0040d3f0	1	0	0	false	false
0040d410	14	FUN_0040d410	1	0	0	false	false
0040d420	69	FUN_0040d420	1	0	0	false	false
0040d480	36	FUN_0040d480	8	0	0	false	false
0040d4b0	107	FUN_0040d4b0	3	0	6	false	false
0040d520	154	FUN_0040d520	6	0	0	false	false
0040d5c0	57	FUN_0040d5c0	0	0	0	false	false
0040d600	29	FUN_0040d600	8	0	0	false	false
0040d620	32	FUN_0040d620	8	0	0	false	false
0040d640	26	FUN_0040d640	6	0	0	false	false
0040d660	26	FUN_0040d660	0	0	0	false	false
0040d680	32	FUN_0040d680	0	0	0	false	false
0040d6a0	32	FUN_0040d6a0	0	0	0	false	false
0040d6c0	340	FUN_0040d6c0	1	1	0	false	false
0040d820	439	FUN_0040d820	1	3	4	false	false
0040d9e0	511	FUN_0040d9e0	2	2	0	false	false
0040dbe0	72	FUN_0040dbe0	1	1	0	false	false
0040dc30	765	FUN_0040dc30	2	13	4	false	false
0040df30	41	FUN_0040df30	0	1	0	false	false
0040df60	22	FUN_0040df60	5	0	0	false	false
0040df80	18	FUN_0040df80	1	0	0	false	false
0040dfa0	472	FUN_0040dfa0	4	7	0	false	false
0040e180	141	FUN_0040e180	1	2	0	false	false
0040e210	276	FUN_0040e210	1	1	0	false	false
0040e330	35	FUN_0040e330	3	0	0	false	false
0040e360	26	FUN_0040e360	0	0	0	false	false
0040e380	32	FUN_0040e380	0	0	0	false	false
0040e3a0	29	FUN_0040e3a0	0	0	0	false	false
0040e3c0	41	FUN_0040e3c0	0	0	0	false	false
0040e3f0	124	FUN_0040e3f0	0	5	0	false	false
0040e470	119	FUN_0040e470	0	5	0	false	false
0040e4f0	6	FUN_0040e4f0	4	0	0	false	false
0040e500	12	FUN_0040e500	4	0	0	false	false
0040e510	34	FUN_0040e510	1	0	0	false	false
0040e540	6	FUN_0040e540	5	0	0	false	false
0040e550	135	FUN_0040e550	1	2	0	false	false
0040e5e0	124	FUN_0040e5e0	1	0	0	false	false
0040e660	295	FUN_0040e660	2	1	0	false	false
0040e790	188	FUN_0040e790	0	0	0	false	false
0040e850	55	FUN_0040e850	1	2	0	false	false
0040e890	8	FUN_0040e890	3	0	0	false	false
0040e8a0	30	FUN_0040e8a0	2	0	0	false	false
0040e8c0	15	FUN_0040e8c0	3	0	0	false	false
0040e8d0	1089	FUN_0040e8d0	0	5	0	false	false
0040ed20	6	FUN_0040ed20	4	0	0	false	false
0040ed30	6	FUN_0040ed30	7	0	0	false	false
0040ed40	6	FUN_0040ed40	2	0	0	false	false
0040ed50	6	FUN_0040ed50	9	0	0	false	false
0040ed60	6	FUN_0040ed60	2	0	0	false	false
0040ed70	6	FUN_0040ed70	1	0	0	false	false
0040ed80	6	FUN_0040ed80	0	0	0	false	false
0040ed90	6	FUN_0040ed90	3	0	0	false	false
0040eda0	6	FUN_0040eda0	5	0	0	false	false
0040edb0	6	FUN_0040edb0	4	0	0	false	false
0040edc0	6	FUN_0040edc0	1	0	0	false	false
0040edd0	6	FUN_0040edd0	0	0	0	false	false
0040ede0	61	FUN_0040ede0	21	2	0	false	false
0040ee20	61	FUN_0040ee20	1	2	0	false	false
0040ee60	14	FUN_0040ee60	2	0	0	false	false
0040ee70	14	FUN_0040ee70	2	0	0	false	false
0040ee80	14	FUN_0040ee80	3	0	0	false	false
0040ee90	14	FUN_0040ee90	15	0	0	false	false
0040eea0	14	FUN_0040eea0	1	0	0	false	false
0040eeb0	6	FUN_0040eeb0	1	0	0	false	false
0040eec0	5	thunk_FUN_0049d9d0	1	0	0	true	false
0040eed0	31	FUN_0040eed0	1	1	0	false	false
0040eef0	28	FUN_0040eef0	1	3	0	false	false
0040ef10	131	FUN_0040ef10	1	3	0	false	false
0040efa0	122	FUN_0040efa0	1	13	0	false	false
0040f020	35	FUN_0040f020	1	7	0	false	false
0040f050	99	FUN_0040f050	3	6	0	false	false
0040f0c0	2058	FUN_0040f0c0	7	73	18	false	false
0040f8d0	1117	FUN_0040f8d0	7	30	0	false	false
0040fd30	288	FUN_0040fd30	2	3	0	false	false
0040fe50	108	FUN_0040fe50	1	3	0	false	false
0040fec0	479	FUN_0040fec0	5	5	0	false	false
004100a0	82	FUN_004100a0	2	5	0	false	false
00410100	2911	FUN_00410100	2	17	0	false	false
00410c80	351	FUN_00410c80	0	14	1	false	false
00410de0	53	FUN_00410de0	0	4	0	false	false
00410e20	70	FUN_00410e20	0	5	0	false	false
00410e70	37	FUN_00410e70	0	2	0	false	false
00410ea0	51	FUN_00410ea0	1	3	0	false	false
00410ee0	183	FUN_00410ee0	0	6	0	false	false
00410fa0	128	FUN_00410fa0	0	4	0	false	false
00411020	51	FUN_00411020	0	3	0	false	false
00411060	6	FUN_00411060	18	0	0	false	false
00411070	159	FUN_00411070	0	9	0	false	false
00411110	10	FUN_00411110	1	2	0	false	false
00411120	121	FUN_00411120	1	3	0	false	false
004111a0	209	FUN_004111a0	2	2	0	false	false
00411280	452	FUN_00411280	1	11	0	false	false
00411450	244	FUN_00411450	3	6	0	false	false
00411550	806	FUN_00411550	2	6	0	false	false
00411880	45	FUN_00411880	26	4	0	false	false
004118b0	497	FUN_004118b0	1	13	0	false	false
00411ab0	101	FUN_00411ab0	5	4	0	false	false
00411b20	786	FUN_00411b20	5	4	0	false	false
00411e40	181	FUN_00411e40	1	2	0	false	false
00411f00	110	FUN_00411f00	1	9	0	false	false
00411f70	1051	FUN_00411f70	1	29	0	false	false
00412390	521	FUN_00412390	1	15	0	false	false
004125a0	80	FUN_004125a0	2	5	0	false	false
004125f0	894	FUN_004125f0	1	32	0	false	false
00412970	83	FUN_00412970	1	5	0	false	false
004129d0	1922	FUN_004129d0	1	23	12	false	false
00413160	126	FUN_00413160	1	7	0	false	false
00413200	293	FUN_00413200	1	8	0	false	false
00413330	490	FUN_00413330	1	13	0	false	false
00413520	228	FUN_00413520	1	5	0	false	false
00413610	455	FUN_00413610	1	9	0	false	false
004137e0	1565	FUN_004137e0	1	8	72	false	false
00413e00	473	FUN_00413e00	1	5	0	false	false
00413fe0	1036	FUN_00413fe0	1	10	24	false	false
004143f0	343	FUN_004143f0	1	4	0	false	false
00414550	424	FUN_00414550	1	7	0	false	false
00414700	27	FUN_00414700	1	2	0	false	false
00414720	194	FUN_00414720	1	4	0	false	false
004147f0	1749	FUN_004147f0	1	23	18	false	false
00414ed0	1452	FUN_00414ed0	1	13	12	false	false
00415480	711	FUN_00415480	1	9	0	false	false
00415750	274	FUN_00415750	1	14	0	false	false
00415870	273	FUN_00415870	1	7	0	false	false
00415990	193	FUN_00415990	1	9	0	false	false
00415a60	337	FUN_00415a60	1	16	0	false	false
00415bc0	3	FUN_00415bc0	1	0	0	false	false
00415bd0	466	FUN_00415bd0	5	5	0	false	false
00415db0	114	FUN_00415db0	1	1	0	false	false
00415e30	264	FUN_00415e30	1	2	0	false	false
00415f40	1	FUN_00415f40	1	0	0	false	false
00415f50	1678	FUN_00415f50	1	20	36	false	false
004165e0	134	FUN_004165e0	1	7	0	false	false
00416670	148	FUN_00416670	3	0	0	false	false
00416710	5	thunk_FUN_00416770	1	0	0	true	false
00416720	78	FUN_00416720	1	6	0	false	false
00416770	2043	FUN_00416770	0	5	0	false	false
00416f70	284	FUN_00416f70	1	7	0	false	false
00417090	1081	FUN_00417090	1	19	0	false	false
004174d0	11	FUN_004174d0	10	1	0	false	false
004174e0	375	FUN_004174e0	1	2	0	false	false
00417660	79	FUN_00417660	3	0	0	false	false
004176b0	170	FUN_004176b0	2	3	0	false	false
00417760	28	FUN_00417760	3	1	0	false	false
00417780	79	FUN_00417780	1	2	0	false	false
004177d0	1665	FUN_004177d0	1	15	6	false	false
00417e60	11	FUN_00417e60	1	0	0	false	false
00417e70	385	FUN_00417e70	5	8	0	false	false
00418000	1170	FUN_00418000	1	2	0	false	false
00418550	16	FUN_00418550	0	0	0	false	false
00418560	12	FUN_00418560	1	0	0	false	false
00418570	6	FUN_00418570	2	0	0	false	false
00418580	448	FUN_00418580	2	1	0	false	false
00418760	21	FUN_00418760	1	2	0	false	false
00418780	65	FUN_00418780	2	3	0	false	false
004187d0	235	FUN_004187d0	3	5	0	false	false
004188c0	571	FUN_004188c0	1	4	0	false	false
00418b00	152	FUN_00418b00	1	4	0	false	false
00418ba0	135	FUN_00418ba0	2	2	0	false	false
00418c30	152	FUN_00418c30	2	3	0	false	false
00418cd0	71	FUN_00418cd0	1	2	0	false	false
00418d20	12	FUN_00418d20	1	0	0	false	false
00418d30	146	FUN_00418d30	5	3	0	false	false
00418dd0	74	FUN_00418dd0	5	1	0	false	false
00418e20	70	FUN_00418e20	1	0	0	false	false
00418e70	109	FUN_00418e70	2	1	3	false	false
00418ee0	61	FUN_00418ee0	2	2	0	false	false
00418f20	185	FUN_00418f20	2	1	0	false	false
00418fe0	13	FUN_00418fe0	0	0	0	false	false
00418ff0	513	FUN_00418ff0	1	7	0	false	false
00419200	2278	FUN_00419200	1	4	0	false	false
00419b50	52	FUN_00419b50	3	1	0	false	false
00419b90	224	FUN_00419b90	1	3	0	false	false
00419cd0	490	FUN_00419cd0	1	6	0	false	false
00419ed0	448	FUN_00419ed0	1	5	0	false	false
0041a0a0	660	FUN_0041a0a0	1	10	3	false	false
0041a340	625	FUN_0041a340	1	4	0	false	false
0041a5c0	2227	FUN_0041a5c0	1	10	0	false	false
0041ae80	210	FUN_0041ae80	1	4	0	false	false
0041af60	119	FUN_0041af60	1	8	0	false	false
0041afe0	91	FUN_0041afe0	1	1	0	false	false
0041b040	26	FUN_0041b040	1	0	0	false	false
0041b060	643	FUN_0041b060	1	18	0	false	false
0041b300	8	FUN_0041b300	4	0	0	false	false
0041b310	11	FUN_0041b310	1	0	0	false	false
0041b320	6	FUN_0041b320	1	0	0	false	false
0041b330	11	FUN_0041b330	0	0	0	false	false
0041b340	24	FUN_0041b340	1	0	0	false	false
0041b360	8	FUN_0041b360	3	0	0	false	false
0041b370	6	FUN_0041b370	52	0	0	false	false
0041b380	6	FUN_0041b380	8	0	0	false	false
0041b390	6	FUN_0041b390	24	0	0	false	false
0041b3a0	179	FUN_0041b3a0	2	8	0	false	false
0041b460	2709	FUN_0041b460	1	25	0	false	false
0041bf50	14	FUN_0041bf50	2	0	0	false	false
0041bf60	14	FUN_0041bf60	1	0	0	false	false
0041bf70	14	FUN_0041bf70	1	0	0	false	false
0041bf80	315	FUN_0041bf80	0	26	0	false	false
0041c0e0	204	FUN_0041c0e0	0	15	0	false	false
0041c1b0	168	FUN_0041c1b0	1	9	0	false	false
0041c260	676	FUN_0041c260	3	23	0	false	false
0041c510	133	FUN_0041c510	1	5	0	false	false
0041c5a0	2701	FUN_0041c5a0	7	102	0	false	false
0041d060	82	FUN_0041d060	1	11	0	false	false
0041d0c0	450	FUN_0041d0c0	1	11	0	false	false
0041d290	9	FUN_0041d290	2	0	0	false	false
0041d2a0	6	FUN_0041d2a0	1	0	0	false	false
0041d2b0	1221	FUN_0041d2b0	0	48	0	false	false
0041d780	18	FUN_0041d780	1	0	0	false	false
0041d7a0	864	FUN_0041d7a0	0	32	0	false	false
0041db00	6	FUN_0041db00	2	0	0	false	false
0041db10	1792	FUN_0041db10	0	63	0	false	false
0041e210	8	FUN_0041e210	1	0	0	false	false
0041e220	301	FUN_0041e220	0	14	0	false	false
0041e350	616	FUN_0041e350	0	26	0	false	false
0041e5c0	176	FUN_0041e5c0	0	10	0	false	false
0041e670	53	FUN_0041e670	4	4	0	false	false
0041e6b0	544	FUN_0041e6b0	1	38	0	false	false
0041e8d0	2267	FUN_0041e8d0	0	59	0	false	false
0041f250	8	FUN_0041f250	1	0	0	false	false
0041f260	11	FUN_0041f260	1	1	0	false	false
0041f270	6	FUN_0041f270	2	0	0	false	false
0041f280	8	FUN_0041f280	6	0	0	false	false
0041f290	8	FUN_0041f290	3	0	0	false	false
0041f2a0	8	FUN_0041f2a0	8	0	0	false	false
0041f2b0	150	FUN_0041f2b0	3	12	0	false	false
0041f350	14	FUN_0041f350	2	0	0	false	false
0041f360	28	FUN_0041f360	1	0	0	false	false
0041f380	6	FUN_0041f380	3	0	0	false	false
0041f390	11	FUN_0041f390	1	0	0	false	false
0041f3a0	36	FUN_0041f3a0	17	2	0	false	false
0041f3d0	31	FUN_0041f3d0	10	0	0	false	false
0041f3f0	31	FUN_0041f3f0	1	0	0	false	false
0041f410	6	FUN_0041f410	1	0	0	false	false
0041f420	142	FUN_0041f420	0	9	0	false	false
0041f4b0	6	FUN_0041f4b0	1	0	0	false	false
0041f4c0	11	FUN_0041f4c0	2	0	0	false	false
0041f4d0	11	FUN_0041f4d0	1	0	0	false	false
0041f4e0	25	FUN_0041f4e0	0	4	0	false	false
0041f500	15	FUN_0041f500	6	0	0	false	false
0041f510	69	FUN_0041f510	0	2	0	false	false
0041f560	552	FUN_0041f560	1	7	0	false	false
0041f788	338	FUN_0041f788	0	6	0	false	false
0041f8e0	6	FUN_0041f8e0	2	0	0	false	false
0041f8f0	6	FUN_0041f8f0	3	0	0	false	false
0041f900	6	FUN_0041f900	10	0	0	false	false
0041f910	6	FUN_0041f910	1	0	0	false	false
0041f920	6	FUN_0041f920	3	0	0	false	false
0041f930	790	FUN_0041f930	1	43	0	false	false
0041fc50	49	FUN_0041fc50	1	5	0	false	false
0041fc90	57	FUN_0041fc90	1	5	0	false	false
0041fcd0	86	FUN_0041fcd0	1	5	0	false	false
0041fd30	748	FUN_0041fd30	1	14	0	false	false
00420020	53	FUN_00420020	1	5	0	false	false
00420060	101	FUN_00420060	1	4	0	false	false
004200d0	43	FUN_004200d0	2	3	0	false	false
00420100	17	FUN_00420100	1	2	0	false	false
00420120	6	FUN_00420120	1	0	0	false	false
00420130	22	FUN_00420130	1	1	0	false	false
00420150	63	FUN_00420150	1	8	0	false	false
00420190	63	FUN_00420190	9	5	0	false	false
004201d0	1120	FUN_004201d0	3	0	0	false	false
00420630	353	FUN_00420630	1	8	0	false	false
004207a0	73	FUN_004207a0	6	0	0	false	false
004207f0	37	FUN_004207f0	3	1	0	false	false
00420820	37	FUN_00420820	2	0	0	false	false
00420850	371	FUN_00420850	2	1	0	false	false
004209d0	24	FUN_004209d0	4	0	0	false	false
004209f0	50	FUN_004209f0	1	4	0	false	false
00420a30	2035	FUN_00420a30	1	7	0	false	false
00421230	316	FUN_00421230	1	3	0	false	false
00421370	38	FUN_00421370	15	0	0	false	false
004213a0	40	FUN_004213a0	2	0	0	false	false
004213d0	79	FUN_004213d0	2	0	0	false	false
00421420	6	FUN_00421420	16	0	0	false	false
00421430	6	FUN_00421430	2	0	0	false	false
00421440	35	FUN_00421440	4	0	0	false	false
00421470	144	FUN_00421470	1	1	0	false	false
00421500	6	FUN_00421500	7	0	0	false	false
00421510	17	FUN_00421510	4	0	0	false	false
00421530	51	FUN_00421530	12	0	0	false	false
00421570	18	FUN_00421570	2	1	0	false	false
00421590	123	FUN_00421590	0	2	0	false	false
00421610	265	FUN_00421610	1	10	0	false	false
00421720	419	FUN_00421720	8	12	0	false	false
004218d0	90	FUN_004218d0	1	3	0	false	false
00421930	70	FUN_00421930	1	5	0	false	false
00421980	42	FUN_00421980	1	1	0	false	false
004219b0	972	FUN_004219b0	2	7	9	false	false
00421d80	157	FUN_00421d80	3	3	0	false	false
00421e20	433	FUN_00421e20	1	7	6	false	false
00421fe0	239	FUN_00421fe0	1	1	0	false	false
004220d0	105	FUN_004220d0	1	1	0	false	false
00422140	920	FUN_00422140	2	10	0	false	false
004224e0	2129	FUN_004224e0	10	9	0	false	false
00422d40	291	FUN_00422d40	1	6	4	false	false
00422e70	213	FUN_00422e70	6	7	0	false	false
00422f50	60	FUN_00422f50	19	0	0	false	false
00422f90	23	FUN_00422f90	1	0	0	false	false
00422fb0	36	FUN_00422fb0	19	0	0	false	false
00422fe0	45	FUN_00422fe0	2	2	0	false	false
00423010	88	FUN_00423010	2	0	0	false	false
00423070	560	FUN_00423070	2	4	0	false	false
004232a0	56	FUN_004232a0	4	2	0	false	false
00423300	304	FUN_00423300	1	8	0	false	false
00423460	546	FUN_00423460	1	10	0	false	false
004236b0	167	FUN_004236b0	1	6	0	false	false
00423780	104	FUN_00423780	1	4	0	false	false
00423810	56	FUN_00423810	1	2	0	false	false
00423860	86	FUN_00423860	1	5	0	false	false
004238e0	19	FUN_004238e0	2	1	0	false	false
00423900	71	FUN_00423900	2	4	0	false	false
00423970	86	FUN_00423970	1	2	0	false	false
004239e0	19	FUN_004239e0	2	1	0	false	false
00423a00	33	FUN_00423a00	1	2	0	false	false
00423a30	238	FUN_00423a30	3	6	0	false	false
00423b20	583	FUN_00423b20	4	10	3	false	false
00423d70	54	FUN_00423d70	5	2	0	false	false
00423db0	39	FUN_00423db0	1	2	0	false	false
00423de0	252	FUN_00423de0	3	1	0	false	false
00423ee0	76	FUN_00423ee0	2	0	0	false	false
00423f30	139	FUN_00423f30	2	1	8	false	false
00423fc0	37	FUN_00423fc0	1	1	0	false	false
00423ff0	295	FUN_00423ff0	1	14	0	false	false
00424120	171	FUN_00424120	1	6	0	false	false
004241d0	394	FUN_004241d0	2	1	0	false	false
00424360	510	FUN_00424360	1	0	0	false	false
00424560	116	FUN_00424560	3	2	0	false	false
004245e0	93	FUN_004245e0	2	0	0	false	false
00424640	89	FUN_00424640	3	2	0	false	false
004246a0	25	FUN_004246a0	3	0	0	false	false
004246c0	76	FUN_004246c0	1	2	0	false	false
00424710	135	FUN_00424710	1	8	0	false	false
004247a0	254	FUN_004247a0	1	0	0	false	false
004248a0	584	FUN_004248a0	1	0	0	false	false
00424af0	268	FUN_00424af0	1	1	12	false	false
00424c00	71	FUN_00424c00	1	0	0	false	false
00424c50	361	FUN_00424c50	1	23	0	false	false
00424dc0	268	FUN_00424dc0	1	7	0	false	false
00424ed0	76	FUN_00424ed0	2	1	0	false	false
00424f20	2496	FUN_00424f20	2	8	151	false	false
004258e0	101	FUN_004258e0	1	2	0	false	false
00425950	319	FUN_00425950	1	9	0	false	false
00425a90	417	FUN_00425a90	1	8	3	false	false
00425c40	1922	FUN_00425c40	1	1	97	false	false
004263d0	1078	FUN_004263d0	2	0	0	false	false
00426810	885	FUN_00426810	1	8	9	false	false
00426b90	496	FUN_00426b90	1	0	0	false	false
00426d80	567	FUN_00426d80	1	6	0	false	false
00426fc0	1466	FUN_00426fc0	1	7	0	false	false
00427580	145	FUN_00427580	1	0	24	false	false
00427620	29	FUN_00427620	1	0	0	false	false
00427640	12	FUN_00427640	5	0	0	false	false
00427650	14	FUN_00427650	1	0	0	false	false
00427660	6	FUN_00427660	2	0	0	false	false
00427670	6	FUN_00427670	1	0	0	false	false
00427680	62	FUN_00427680	1	5	0	false	false
004276c0	391	FUN_004276c0	1	16	0	false	false
00427890	85	FUN_00427890	5	3	0	false	false
004278f0	51	FUN_004278f0	1	1	0	false	false
00427930	24	FUN_00427930	1	1	0	false	false
00427950	51	FUN_00427950	3	2	0	false	false
00427990	51	FUN_00427990	1	1	0	false	false
004279d0	51	FUN_004279d0	1	1	0	false	false
00427a10	24	FUN_00427a10	2	1	0	false	false
00427a30	29	FUN_00427a30	1	2	0	false	false
00427a50	36	FUN_00427a50	2	3	0	false	false
00427a80	29	FUN_00427a80	2	2	0	false	false
00427aa0	6	FUN_00427aa0	7	0	0	false	false
00427ab0	27	FUN_00427ab0	4	0	0	false	false
00427ad0	153	FUN_00427ad0	2	0	0	false	false
00427b70	156	FUN_00427b70	4	0	0	false	false
00427c10	305	FUN_00427c10	2	12	0	false	false
00427d50	206	FUN_00427d50	8	4	0	false	false
00427e20	1413	FUN_00427e20	4	5	6	false	false
004283b0	41	FUN_004283b0	1	0	0	false	false
004283e0	45	FUN_004283e0	17	1	0	false	false
00428410	179	FUN_00428410	2	1	0	false	false
004284d0	214	FUN_004284d0	3	1	0	false	false
004285b0	194	FUN_004285b0	3	1	0	false	false
00428680	181	FUN_00428680	2	4	0	false	false
00428740	28	FUN_00428740	8	0	0	false	false
00428760	47	FUN_00428760	1	1	0	false	false
00428790	41	FUN_00428790	0	1	0	false	false
004287c0	76	FUN_004287c0	1	2	0	false	false
00428810	493	FUN_00428810	1	5	0	false	false
00428a00	484	FUN_00428a00	1	5	0	false	false
00428bf0	1734	FUN_00428bf0	1	9	12	false	false
004292c0	1345	FUN_004292c0	1	9	0	false	false
00429810	1797	FUN_00429810	1	4	0	false	false
00429f20	4129	FUN_00429f20	8	0	0	false	false
0042af50	1354	FUN_0042af50	2	7	3	false	false
0042b4a0	258	FUN_0042b4a0	1	0	3	false	false
0042b5b0	50	FUN_0042b5b0	2	0	0	false	false
0042b5f0	14	FUN_0042b5f0	134	0	0	false	false
0042b600	88	FUN_0042b600	6	0	0	false	false
0042b660	140	FUN_0042b660	2	5	0	false	false
0042b6f0	6	FUN_0042b6f0	15	0	0	false	false
0042b700	7	FUN_0042b700	33	0	0	false	false
0042b710	13	FUN_0042b710	7	0	0	false	false
0042b720	17	FUN_0042b720	6	0	0	false	false
0042b740	67	FUN_0042b740	2	0	0	false	false
0042b790	69	FUN_0042b790	1	3	4	false	false
0042b7e0	21	FUN_0042b7e0	1	1	0	false	false
0042b800	743	FUN_0042b800	5	19	0	false	false
0042baf0	385	FUN_0042baf0	1	21	0	false	false
0042bc80	72	FUN_0042bc80	1	0	0	false	false
0042bcd0	344	FUN_0042bcd0	1	3	0	false	false
0042be30	277	FUN_0042be30	1	2	0	false	false
0042bf70	2108	FUN_0042bf70	1	14	18	false	false
0042c7b0	130	FUN_0042c7b0	1	1	0	false	false
0042c840	35	FUN_0042c840	2	0	0	false	false
0042c870	18	FUN_0042c870	2	0	0	false	false
0042c890	471	FUN_0042c890	1	4	21	false	false
0042ca70	21	FUN_0042ca70	1	0	0	false	false
0042ca90	21	FUN_0042ca90	1	0	0	false	false
0042cab0	15	FUN_0042cab0	1	0	0	false	false
0042cac0	18	FUN_0042cac0	1	0	0	false	false
0042cae0	105	FUN_0042cae0	4	2	0	false	false
0042cb50	61	FUN_0042cb50	2	1	0	false	false
0042cb90	363	FUN_0042cb90	2	4	0	false	false
0042cd00	348	FUN_0042cd00	1	6	0	false	false
0042ce60	4017	FUN_0042ce60	1	9	0	false	false
0042de20	1572	FUN_0042de20	5	0	0	false	false
0042e450	1165	FUN_0042e450	3	1	0	false	false
0042e8e0	504	FUN_0042e8e0	1	1	0	false	false
0042eae0	3380	FUN_0042eae0	1	11	0	false	false
0042f820	152	FUN_0042f820	5	0	0	false	false
0042f8c0	269	FUN_0042f8c0	2	0	0	false	false
0042f9d0	330	FUN_0042f9d0	1	0	0	false	false
0042fb20	5874	FUN_0042fb20	1	3	0	false	false
00431220	2542	FUN_00431220	1	0	0	false	false
00431c10	63	FUN_00431c10	1	1	0	false	false
00431c50	291	FUN_00431c50	0	13	0	false	false
00431d80	621	FUN_00431d80	1	6	0	false	false
00431ff0	2874	FUN_00431ff0	1	10	0	false	false
00432b30	237	FUN_00432b30	3	0	0	false	false
00432c20	146	FUN_00432c20	3	0	0	false	false
00432cc0	2599	FUN_00432cc0	0	9	0	false	false
004336f0	326	FUN_004336f0	2	0	3	false	false
00433840	69	FUN_00433840	1	0	0	false	false
00433890	1507	FUN_00433890	1	22	0	false	false
00433e80	323	FUN_00433e80	1	4	0	false	false
00433fd0	155	FUN_00433fd0	1	0	0	false	false
00434070	123	FUN_00434070	1	0	0	false	false
004340f0	80	FUN_004340f0	2	0	0	false	false
00434140	1911	FUN_00434140	2	2	3	false	false
004348c0	1668	FUN_004348c0	1	0	12	false	false
00434f50	1307	FUN_00434f50	1	0	0	false	false
00435470	4530	FUN_00435470	1	7	18	false	false
00436630	3461	FUN_00436630	1	1	0	false	false
004373c0	2470	FUN_004373c0	1	1	5	false	false
00437d70	76	FUN_00437d70	1	0	0	false	false
00437dc0	461	FUN_00437dc0	1	3	0	false	false
00437f90	51	FUN_00437f90	2	0	0	false	false
00437fd0	234	FUN_00437fd0	1	0	0	false	false
004380c0	924	FUN_004380c0	1	0	3	false	false
00438460	822	FUN_00438460	1	0	0	false	false
004387a0	8567	FUN_004387a0	1	2	0	false	false
0043a920	1604	FUN_0043a920	1	0	5	false	false
0043af70	162	FUN_0043af70	1	0	0	false	false
0043b020	106	FUN_0043b020	1	0	0	false	false
0043b090	102	FUN_0043b090	2	0	0	false	false
0043b100	5428	FUN_0043b100	2	4	3	false	false
0043c640	417	FUN_0043c640	1	1	0	false	false
0043c7f0	6024	FUN_0043c7f0	1	37	0	false	false
0043dff0	362	FUN_0043dff0	1	1	0	false	false
0043e160	38	FUN_0043e160	1	0	0	false	false
0043e190	19	FUN_0043e190	1	0	0	false	false
0043e1b0	19	FUN_0043e1b0	1	0	0	false	false
0043e1d0	19	FUN_0043e1d0	1	0	0	false	false
0043e1f0	804	FUN_0043e1f0	1	0	0	false	false
0043e530	100	FUN_0043e530	1	0	0	false	false
0043e5a0	209	FUN_0043e5a0	1	5	0	false	false
0043e680	1602	FUN_0043e680	1	8	0	false	false
0043ecd0	529	FUN_0043ecd0	2	6	0	false	false
0043eef0	911	FUN_0043eef0	8	1	0	false	false
0043f280	739	FUN_0043f280	1	0	0	false	false
0043f570	185	FUN_0043f570	4	0	0	false	false
0043f630	1305	FUN_0043f630	1	18	0	false	false
0043fb50	121	FUN_0043fb50	1	0	0	false	false
0043fbd0	230	FUN_0043fbd0	1	0	0	false	false
0043fcc0	2935	FUN_0043fcc0	1	1	0	false	false
00440840	3053	FUN_00440840	1	3	0	false	false
00441430	207	FUN_00441430	1	0	0	false	false
00441500	6536	FUN_00441500	1	3	0	false	false
00442e90	301	FUN_00442e90	1	0	0	false	false
00442fc0	230	FUN_00442fc0	1	1	0	false	false
004430b0	369	FUN_004430b0	1	0	0	false	false
00443230	18	FUN_00443230	1	0	0	false	false
00443250	2000	FUN_00443250	1	1	0	false	false
00443a20	451	FUN_00443a20	1	0	0	false	false
00443bf0	280	FUN_00443bf0	1	4	0	false	false
00443d10	3415	FUN_00443d10	1	3	0	false	false
00444a70	416	FUN_00444a70	1	7	0	false	false
00444c10	3256	FUN_00444c10	1	21	0	false	false
004458d0	321	FUN_004458d0	1	0	0	false	false
00445a20	30	FUN_00445a20	2	1	0	false	false
00445a40	28	FUN_00445a40	1	0	0	false	false
00445a60	533	FUN_00445a60	1	7	0	false	false
00445c80	165	FUN_00445c80	2	4	0	false	false
00445d30	124	FUN_00445d30	1	5	0	false	false
00445db0	28	FUN_00445db0	1	0	0	false	false
00445dd0	24	FUN_00445dd0	1	0	0	false	false
00445df0	163	FUN_00445df0	1	1	0	false	false
00445ea0	878	FUN_00445ea0	2	4	12	false	false
00446210	81	FUN_00446210	1	4	0	false	false
00446270	2424	FUN_00446270	1	9	6	false	false
00446bf0	1286	FUN_00446bf0	1	11	0	false	false
00447100	169	FUN_00447100	1	1	0	false	false
004471b0	882	FUN_004471b0	1	4	0	false	false
00447530	189	FUN_00447530	1	7	0	false	false
004475f0	1036	FUN_004475f0	1	10	0	false	false
00447a00	64	FUN_00447a00	1	3	0	false	false
00447a40	413	FUN_00447a40	4	9	0	false	false
00447be0	180	FUN_00447be0	1	2	0	false	false
00447ca0	69	FUN_00447ca0	2	3	0	false	false
00447cf0	47	FUN_00447cf0	2	0	0	false	false
00447d20	210	FUN_00447d20	4	2	0	false	false
00447e00	20	FUN_00447e00	3	0	0	false	false
00447e20	122	FUN_00447e20	5	0	0	false	false
00447ea0	19	FUN_00447ea0	3	0	0	false	false
00447ec0	23	FUN_00447ec0	4	0	0	false	false
00447ee0	138	FUN_00447ee0	1	3	0	false	false
00447f70	400	FUN_00447f70	2	7	0	false	false
00448100	13	FUN_00448100	1	0	0	false	false
00448110	6	FUN_00448110	5	0	0	false	false
00448120	141	FUN_00448120	1	10	0	false	false
004481b0	6	FUN_004481b0	1	0	0	false	false
004481c0	22	FUN_004481c0	6	0	0	false	false
004481e0	14	FUN_004481e0	1	0	0	false	false
004481f0	28	FUN_004481f0	6	0	0	false	false
00448210	38	FUN_00448210	1	0	0	false	false
00448240	28	FUN_00448240	1	0	0	false	false
00448260	105	FUN_00448260	1	4	0	false	false
004482d0	90	FUN_004482d0	1	4	0	false	false
00448330	22	FUN_00448330	2	0	0	false	false
00448350	22	FUN_00448350	1	0	0	false	false
00448370	21	FUN_00448370	1	0	0	false	false
00448390	29	FUN_00448390	2	0	0	false	false
004483b0	14	FUN_004483b0	3	0	0	false	false
004483c0	24	FUN_004483c0	10	0	0	false	false
004483e0	358	FUN_004483e0	1	7	0	false	false
00448550	202	FUN_00448550	2	6	0	false	false
00448620	16	FUN_00448620	1	1	0	false	false
00448630	64	FUN_00448630	1	1	0	false	false
00448670	8	FUN_00448670	1	0	0	false	false
00448680	23	FUN_00448680	6	0	0	false	false
004486a0	134	FUN_004486a0	1	1	0	false	false
00448730	67	FUN_00448730	1	7	0	false	false
00448780	27	FUN_00448780	1	0	0	false	false
004487a0	381	FUN_004487a0	1	8	0	false	false
00448920	706	FUN_00448920	1	23	0	false	false
00448bf0	100	FUN_00448bf0	1	3	0	false	false
00448c60	14	FUN_00448c60	3	0	0	false	false
00448c70	8	FUN_00448c70	1	0	0	false	false
00448c80	8	FUN_00448c80	1	0	0	false	false
00448c90	6	FUN_00448c90	1	0	0	false	false
00448ca0	6	FUN_00448ca0	3	0	0	false	false
00448cb0	13	FUN_00448cb0	1	0	0	false	false
00448cc0	6	FUN_00448cc0	1	0	0	false	false
00448cd0	21	FUN_00448cd0	1	0	0	false	false
00448cf0	83	FUN_00448cf0	3	2	0	false	false
00448d50	132	FUN_00448d50	1	2	0	false	false
00448de0	125	FUN_00448de0	1	2	0	false	false
00448e60	11	FUN_00448e60	1	0	0	false	false
00448e70	421	FUN_00448e70	1	12	0	false	false
00449020	107	FUN_00449020	0	9	0	false	false
00449090	101	FUN_00449090	0	9	0	false	false
00449100	2556	FUN_00449100	1	9	0	false	false
00449b00	81	FUN_00449b00	0	2	0	false	false
00449b60	27	FUN_00449b60	0	1	0	false	false
00449b80	15	FUN_00449b80	0	1	0	false	false
00449b90	15	FUN_00449b90	0	0	0	false	false
00449ba0	253	FUN_00449ba0	0	5	0	false	false
00449ca0	41	FUN_00449ca0	0	1	0	false	false
00449cd0	8	FUN_00449cd0	0	1	0	false	false
00449ce0	424	FUN_00449ce0	0	9	0	false	false
00449e90	16	FUN_00449e90	0	1	0	false	false
00449ea0	63	FUN_00449ea0	0	3	0	false	false
00449ee0	68	FUN_00449ee0	0	4	0	false	false
00449f30	163	FUN_00449f30	0	7	0	false	false
00449fe0	20	FUN_00449fe0	0	3	0	false	false
0044a000	134	FUN_0044a000	1	5	0	false	false
0044a090	15	FUN_0044a090	0	2	0	false	false
0044a0a0	113	FUN_0044a0a0	0	6	0	false	false
0044a120	8	FUN_0044a120	1	0	0	false	false
0044a130	18	FUN_0044a130	2	0	0	false	false
0044a150	82	FUN_0044a150	1	3	0	false	false
0044a1b0	3438	FUN_0044a1b0	2	71	0	false	false
0044af70	346	FUN_0044af70	1	9	0	false	false
0044b0d0	405	FUN_0044b0d0	1	7	0	false	false
0044b270	187	FUN_0044b270	1	1	0	false	false
0044b330	107	FUN_0044b330	1	4	0	false	false
0044b3a0	960	FUN_0044b3a0	1	14	0	false	false
0044b760	76	FUN_0044b760	22	2	0	false	false
0044b7b0	1142	FUN_0044b7b0	0	22	0	false	false
0044bc30	149	FUN_0044bc30	0	3	0	false	false
0044bcd0	4308	FUN_0044bcd0	0	29	0	false	false
0044cdb0	1200	FUN_0044cdb0	1	11	0	false	false
0044d260	1316	FUN_0044d260	0	15	0	false	false
0044d790	464	FUN_0044d790	0	12	0	false	false
0044d960	2000	FUN_0044d960	0	23	0	false	false
0044e130	1784	FUN_0044e130	0	21	0	false	false
0044e830	1013	FUN_0044e830	0	14	0	false	false
0044ec30	866	FUN_0044ec30	11	1	0	false	false
0044efa0	1753	FUN_0044efa0	0	22	0	false	false
0044f680	296	FUN_0044f680	2	1	0	false	false
0044f7b0	230	FUN_0044f7b0	2	1	0	false	false
0044f8a0	1529	FUN_0044f8a0	0	17	0	false	false
0044fea0	1795	FUN_0044fea0	0	22	0	false	false
004505b0	1618	FUN_004505b0	0	18	0	false	false
00450c10	698	FUN_00450c10	0	13	0	false	false
00450ed0	26	FUN_00450ed0	0	1	0	false	false
00450ef0	1938	FUN_00450ef0	0	20	0	false	false
00451690	443	FUN_00451690	0	13	0	false	false
00451850	57	FUN_00451850	1	2	0	false	false
00451890	1100	FUN_00451890	3	9	0	false	false
00451ce0	233	FUN_00451ce0	1	2	0	false	false
00451df0	1585	FUN_00451df0	0	23	0	false	false
00452430	1409	FUN_00452430	0	16	0	false	false
004529c0	533	FUN_004529c0	0	10	0	false	false
00452be0	1265	FUN_00452be0	0	11	0	false	false
004530e0	1858	FUN_004530e0	0	21	0	false	false
00453830	1044	FUN_00453830	0	14	0	false	false
00453c50	1380	FUN_00453c50	0	10	0	false	false
004541c0	3119	FUN_004541c0	0	15	0	false	false
00454df0	296	FUN_00454df0	14	5	0	false	false
00454f20	241	FUN_00454f20	0	1	0	false	false
00455020	46	FUN_00455020	1	1	0	false	false
00455050	46	FUN_00455050	1	1	0	false	false
00455080	456	FUN_00455080	1	20	0	false	false
00455260	41	FUN_00455260	1	4	0	false	false
00455290	6	FUN_00455290	11	0	0	false	false
004552a0	6	FUN_004552a0	6	0	0	false	false
004552b0	6	FUN_004552b0	2	0	0	false	false
004552c0	6	FUN_004552c0	17	0	0	false	false
004552d0	6	FUN_004552d0	2	0	0	false	false
004552e0	6	FUN_004552e0	2	0	0	false	false
004552f0	6	FUN_004552f0	2	0	0	false	false
00455300	341	FUN_00455300	1	9	0	false	false
00455460	6	FUN_00455460	1	0	0	false	false
00455470	276	FUN_00455470	3	15	0	false	false
00455590	114	FUN_00455590	1	2	0	false	false
00455610	10	FUN_00455610	2	0	0	false	false
00455620	128	FUN_00455620	1	2	0	false	false
004556a0	77	FUN_004556a0	1	1	0	false	false
004556f0	898	FUN_004556f0	1	12	0	false	false
00455ab0	15	FUN_00455ab0	3	0	0	false	false
00455ac0	19	FUN_00455ac0	3	0	0	false	false
00455ae0	6	FUN_00455ae0	5	0	0	false	false
00455af0	207	FUN_00455af0	2	2	0	false	false
00455bc0	166	FUN_00455bc0	1	1	0	false	false
00455c70	14	FUN_00455c70	1	0	0	false	false
00455c80	29	FUN_00455c80	3	0	0	false	false
00455ca0	32	FUN_00455ca0	3	1	0	false	false
00455cc0	39	FUN_00455cc0	2	0	0	false	false
00455cf0	23	FUN_00455cf0	2	1	0	false	false
00455d10	39	FUN_00455d10	1	2	0	false	false
00455d40	37	FUN_00455d40	3	1	0	false	false
00455d70	56	FUN_00455d70	1	2	0	false	false
00455db0	46	FUN_00455db0	1	2	0	false	false
00455de0	14	FUN_00455de0	13	0	0	false	false
00455df0	97	FUN_00455df0	1	3	0	false	false
00455e60	99	FUN_00455e60	1	0	0	false	false
00455ed0	34	FUN_00455ed0	1	2	0	false	false
00455f00	527	FUN_00455f00	1	1	12	false	false
00456110	204	FUN_00456110	1	3	9	false	false
004561e0	106	FUN_004561e0	1	8	0	false	false
00456250	222	FUN_00456250	1	1	0	false	false
00456330	407	FUN_00456330	1	2	0	false	false
004564d0	564	FUN_004564d0	1	1	0	false	false
00456710	592	FUN_00456710	1	4	9	false	false
00456960	90	FUN_00456960	1	1	0	false	false
004569c0	49	FUN_004569c0	1	4	0	false	false
00456a00	43	FUN_00456a00	1	4	0	false	false
00456a30	14	FUN_00456a30	1	0	0	false	false
00456a40	146	FUN_00456a40	1	1	7	false	false
00456ae0	29	FUN_00456ae0	1	2	1	false	false
00456b00	12	FUN_00456b00	1	0	0	false	false
00456b10	26	FUN_00456b10	1	2	0	false	false
00456b30	5	thunk_FUN_00456b40	0	0	0	true	false
00456b40	11	FUN_00456b40	0	0	0	false	false
00456b50	5	thunk_FUN_00456b60	0	0	0	true	false
00456b60	11	FUN_00456b60	0	0	0	false	false
00456b70	57	FUN_00456b70	0	1	0	false	false
00456bb0	45	FUN_00456bb0	1	1	0	false	false
00456be0	17	FUN_00456be0	9	0	0	false	false
00456c00	14	FUN_00456c00	1	0	0	false	false
00456c10	81	FUN_00456c10	1	5	0	false	false
00456c70	29	FUN_00456c70	2	1	0	false	false
00456c90	8	FUN_00456c90	2	0	0	false	false
00456ca0	128	FUN_00456ca0	3	9	0	false	false
00456d20	56	FUN_00456d20	2	1	0	false	false
00456d60	46	FUN_00456d60	2	2	0	false	false
00456d90	617	FUN_00456d90	1	42	0	false	false
00457000	3073	FUN_00457000	1	56	0	false	false
00457c50	419	FUN_00457c50	1	4	0	false	false
00457e00	14	FUN_00457e00	1	0	0	false	false
00457e10	59	FUN_00457e10	6	1	0	false	false
00457e50	115	FUN_00457e50	2	7	0	false	false
00457ed0	364	FUN_00457ed0	0	6	0	false	false
00458040	6	FUN_00458040	0	0	0	false	false
00458050	60	FUN_00458050	1	2	0	false	false
00458090	99	FUN_00458090	1	7	0	false	false
00458100	208	FUN_00458100	3	6	0	false	false
004581d0	84	FUN_004581d0	1	5	0	false	false
00458230	23	FUN_00458230	2	0	0	false	false
00458250	23	FUN_00458250	6	0	0	false	false
00458270	23	FUN_00458270	3	0	0	false	false
00458290	23	FUN_00458290	7	0	0	false	false
004582b0	23	FUN_004582b0	7	0	0	false	false
004582d0	24	FUN_004582d0	5	0	0	false	false
004582f0	24	FUN_004582f0	5	0	0	false	false
00458310	24	FUN_00458310	2	0	0	false	false
00458330	24	FUN_00458330	9	0	0	false	false
00458350	24	FUN_00458350	4	0	0	false	false
00458370	24	FUN_00458370	6	0	0	false	false
00458390	6	FUN_00458390	5	0	0	false	false
004583a0	6	FUN_004583a0	5	0	0	false	false
004583b0	14	FUN_004583b0	3	0	0	false	false
004583c0	8	FUN_004583c0	18	0	0	false	false
004583d0	164	FUN_004583d0	1	4	0	false	false
00458480	52	FUN_00458480	3	2	0	false	false
004584c0	6	FUN_004584c0	3	0	0	false	false
004584d0	142	FUN_004584d0	3	6	0	false	false
004589e0	24	FUN_004589e0	3	0	0	false	false
00458a00	379	FUN_00458a00	1	4	12	false	false
00458b80	71	FUN_00458b80	1	3	0	false	false
00458bd0	557	FUN_00458bd0	1	10	0	false	false
00458e00	297	FUN_00458e00	1	5	0	false	false
00458f30	159	FUN_00458f30	1	0	0	false	false
00458fd0	203	FUN_00458fd0	1	0	3	false	false
004590a0	218	FUN_004590a0	1	0	3	false	false
00459180	86	FUN_00459180	1	2	0	false	false
004591e0	111	FUN_004591e0	1	1	9	false	false
00459250	200	FUN_00459250	3	7	0	false	false
00459320	36	FUN_00459320	3	0	0	false	false
00459350	30	FUN_00459350	2	0	0	false	false
00459370	32	FUN_00459370	1	0	0	false	false
00459390	14	FUN_00459390	2	0	0	false	false
004593a0	652	FUN_004593a0	1	11	0	false	false
00459630	346	FUN_00459630	1	0	79	false	false
00459790	1256	FUN_00459790	1	17	67	false	false
00459c80	1220	FUN_00459c80	1	7	0	false	false
0045a150	30	FUN_0045a150	2	0	0	false	false
0045a170	3472	FUN_0045a170	1	16	0	false	false
0045af00	129	FUN_0045af00	1	10	0	false	false
0045af90	1438	FUN_0045af90	1	7	16	false	false
0045b530	30	FUN_0045b530	2	0	0	false	false
0045b550	34	FUN_0045b550	1	0	0	false	false
0045b580	4195	FUN_0045b580	1	12	56	false	false
0045c610	145	FUN_0045c610	2	4	0	false	false
0045c6b0	101	FUN_0045c6b0	1	4	0	false	false
0045c720	38	FUN_0045c720	1	2	0	false	false
0045c750	207	FUN_0045c750	4	3	0	false	false
0045c820	2496	FUN_0045c820	1	7	52	false	false
0045d1e0	112	FUN_0045d1e0	1	0	0	false	false
0045d250	23	FUN_0045d250	0	0	0	false	false
0045d270	94	FUN_0045d270	0	1	0	false	false
0045d2d0	206	FUN_0045d2d0	0	2	0	false	false
0045d3a0	408	FUN_0045d3a0	0	1	0	false	false
0045d540	1677	FUN_0045d540	1	7	0	false	false
0045dc00	630	FUN_0045dc00	1	3	0	false	false
0045de80	17	FUN_0045de80	0	0	0	false	false
0045dea0	80	FUN_0045dea0	0	1	0	false	false
0045def0	1644	FUN_0045def0	1	2	0	false	false
0045e560	79	FUN_0045e560	0	1	0	false	false
0045e5b0	86	FUN_0045e5b0	1	2	0	false	false
0045e610	148	FUN_0045e610	3	1	0	false	false
0045e6b0	84	FUN_0045e6b0	1	0	6	false	false
0045e710	222	FUN_0045e710	1	4	0	false	false
0045e7f0	188	FUN_0045e7f0	1	5	0	false	false
0045e8b0	230	FUN_0045e8b0	1	5	0	false	false
0045e9a0	198	FUN_0045e9a0	1	2	0	false	false
0045ea70	220	FUN_0045ea70	1	3	0	false	false
0045eb50	332	FUN_0045eb50	1	5	0	false	false
0045eca0	512	FUN_0045eca0	1	10	0	false	false
0045eea0	48	FUN_0045eea0	1	0	0	false	false
0045eed0	870	FUN_0045eed0	1	3	28	false	false
0045f240	22	FUN_0045f240	1	0	0	false	false
0045f260	158	FUN_0045f260	1	9	0	false	false
0045f300	197	FUN_0045f300	1	2	0	false	false
0045f3d0	193	FUN_0045f3d0	1	0	0	false	false
0045f4a0	140	FUN_0045f4a0	1	7	0	false	false
0045f530	154	FUN_0045f530	1	5	0	false	false
0045f5d0	242	FUN_0045f5d0	1	2	0	false	false
0045f6d0	444	FUN_0045f6d0	1	1	12	false	false
0045f890	306	FUN_0045f890	1	3	12	false	false
0045f9d0	2204	FUN_0045f9d0	2	7	0	false	false
00460270	190	FUN_00460270	1	0	0	false	false
00460330	83	FUN_00460330	1	5	0	false	false
00460390	1691	FUN_00460390	1	8	55	false	false
00460a30	302	FUN_00460a30	2	0	0	false	false
00460b60	140	FUN_00460b60	1	1	0	false	false
00460bf0	24	FUN_00460bf0	6	0	0	false	false
00460c10	25	FUN_00460c10	6	0	0	false	false
00460c30	78	FUN_00460c30	3	0	0	false	false
00460c80	27	FUN_00460c80	7	0	0	false	false
00460ca0	250	FUN_00460ca0	1	6	0	false	false
00460da0	2322	FUN_00460da0	1	6	0	false	false
004616c0	71	FUN_004616c0	1	0	0	false	false
00461710	282	FUN_00461710	1	1	0	false	false
00461830	498	FUN_00461830	1	3	0	false	false
00461a30	51	FUN_00461a30	1	1	0	false	false
00461a70	190	FUN_00461a70	1	3	0	false	false
00461b30	127	FUN_00461b30	1	3	0	false	false
00461bb0	117	FUN_00461bb0	1	0	0	false	false
00461c30	3694	FUN_00461c30	1	14	0	false	false
00462aa0	518	FUN_00462aa0	1	9	0	false	false
00462cb0	81	FUN_00462cb0	2	5	0	false	false
00462d10	109	FUN_00462d10	1	2	0	false	false
00462d80	744	FUN_00462d80	1	5	0	false	false
00463070	512	FUN_00463070	2	3	0	false	false
00463270	21	FUN_00463270	2	0	0	false	false
00463290	195	FUN_00463290	1	4	0	false	false
00463360	164	FUN_00463360	1	5	0	false	false
00463410	1983	FUN_00463410	1	12	0	false	false
00463bd0	270	FUN_00463bd0	1	2	0	false	false
00463ce0	23	FUN_00463ce0	2	0	0	false	false
00463d00	95	FUN_00463d00	1	1	0	false	false
00463d60	630	FUN_00463d60	1	6	0	false	false
00463fe0	1026	FUN_00463fe0	1	11	0	false	false
004643f0	1272	FUN_004643f0	1	13	0	false	false
004648f0	97	FUN_004648f0	1	1	0	false	false
00464960	391	FUN_00464960	1	8	0	false	false
00464af0	14	FUN_00464af0	1	0	0	false	false
00464b00	14	FUN_00464b00	1	0	0	false	false
00464b10	68	FUN_00464b10	4	4	0	false	false
00464b60	242	FUN_00464b60	2	0	0	false	false
00464c60	71	FUN_00464c60	1	0	0	false	false
00464cb0	2172	FUN_00464cb0	1	8	0	false	false
00465530	204	FUN_00465530	3	0	0	false	false
00465600	376	FUN_00465600	1	7	0	false	false
00465780	69	FUN_00465780	1	4	0	false	false
004657d0	264	FUN_004657d0	1	1	0	false	false
004658e0	1166	FUN_004658e0	1	3	0	false	false
00465d70	206	FUN_00465d70	3	1	0	false	false
00465e40	89	FUN_00465e40	1	1	0	false	false
00465ea0	28	FUN_00465ea0	1	0	0	false	false
00465ec0	88	FUN_00465ec0	4	2	0	false	false
00465f20	54	FUN_00465f20	4	2	0	false	false
00465f60	30	FUN_00465f60	1	2	0	false	false
00465f80	14	FUN_00465f80	2	0	0	false	false
00465f90	39	FUN_00465f90	1	3	0	false	false
00465fc0	108	FUN_00465fc0	1	2	0	false	false
00466030	66	FUN_00466030	3	1	0	false	false
00466080	12	FUN_00466080	7	1	0	false	false
00466090	16	FUN_00466090	1	0	0	false	false
004660a0	51	FUN_004660a0	3	0	0	false	false
004660e0	12	FUN_004660e0	2	0	0	false	false
004660f0	8	FUN_004660f0	2	0	0	false	false
00466100	604	FUN_00466100	1	7	39	false	false
00466360	291	FUN_00466360	1	20	0	false	false
00466490	48	FUN_00466490	1	3	0	false	false
004664c0	88	FUN_004664c0	1	5	0	false	false
00466520	68	FUN_00466520	1	8	0	false	false
00466570	190	FUN_00466570	1	10	0	false	false
00466630	69	FUN_00466630	2	0	0	false	false
00466680	308	FUN_00466680	0	1	0	false	false
004667c0	167	FUN_004667c0	1	2	0	false	false
00466870	83	FUN_00466870	1	0	0	false	false
004668d0	79	FUN_004668d0	1	1	0	false	false
00466920	144	FUN_00466920	1	0	0	false	false
004669b0	63	FUN_004669b0	2	0	0	false	false
004669f0	1169	FUN_004669f0	2	11	0	false	false
00466e90	81	FUN_00466e90	1	1	0	false	false
00466ef0	1743	FUN_00466ef0	7	13	0	false	false
004675c0	316	FUN_004675c0	1	0	0	false	false
00467700	1933	FUN_00467700	1	4	27	false	false
00467e90	1666	FUN_00467e90	1	4	27	false	false
00468520	908	FUN_00468520	1	1	0	false	false
004688b0	463	FUN_004688b0	2	0	0	false	false
00468a80	388	FUN_00468a80	1	0	0	false	false
00468c10	1255	FUN_00468c10	4	2	0	false	false
00469100	417	FUN_00469100	1	2	9	false	false
004692b0	56	FUN_004692b0	1	0	0	false	false
004692f0	395	FUN_004692f0	2	5	0	false	false
004694a0	449	FUN_004694a0	2	5	0	false	false
00469680	14	FUN_00469680	22	0	0	false	false
00469690	514	FUN_00469690	3	8	0	false	false
004698a0	480	FUN_004698a0	1	5	18	false	false
00469a80	208	FUN_00469a80	1	1	0	false	false
00469b50	105	FUN_00469b50	2	3	0	false	false
00469bc0	42	FUN_00469bc0	4	0	0	false	false
00469bf0	53	FUN_00469bf0	1	1	0	false	false
00469c30	420	FUN_00469c30	1	1	22	false	false
00469de0	51	FUN_00469de0	3	0	0	false	false
00469e40	1716	FUN_00469e40	1	4	0	false	false
0046a500	1963	FUN_0046a500	1	8	0	false	false
0046acb0	801	FUN_0046acb0	1	1	27	false	false
0046afe0	1055	FUN_0046afe0	1	1	18	false	false
0046b400	18	FUN_0046b400	1	0	0	false	false
0046b420	17	FUN_0046b420	1	0	0	false	false
0046b440	114	FUN_0046b440	1	0	9	false	false
0046b4c0	21	FUN_0046b4c0	2	0	0	false	false
0046b4e0	388	FUN_0046b4e0	1	2	8	false	false
0046b670	53	FUN_0046b670	1	2	0	false	false
0046b6b0	45	FUN_0046b6b0	2	0	0	false	false
0046b6e0	46	FUN_0046b6e0	2	2	0	false	false
0046b710	38	FUN_0046b710	1	0	0	false	false
0046b740	25	FUN_0046b740	1	0	0	false	false
0046b760	44	FUN_0046b760	1	0	0	false	false
0046b790	307	FUN_0046b790	1	0	0	false	false
0046b8f0	581	FUN_0046b8f0	1	5	0	false	false
0046bb40	452	FUN_0046bb40	1	12	0	false	false
0046bd20	21	FUN_0046bd20	2	0	0	false	false
0046bd40	13	FUN_0046bd40	1	0	0	false	false
0046bd50	102	FUN_0046bd50	3	2	0	false	false
0046bdc0	254	FUN_0046bdc0	1	0	0	false	false
0046bec0	228	FUN_0046bec0	1	0	0	false	false
0046bfb0	22	FUN_0046bfb0	1	0	0	false	false
0046bfd0	428	FUN_0046bfd0	1	5	1	false	false
0046c180	22	FUN_0046c180	1	0	0	false	false
0046c1a0	124	FUN_0046c1a0	1	0	0	false	false
0046c220	22	FUN_0046c220	4	0	0	false	false
0046c240	82	FUN_0046c240	1	7	0	false	false
0046c2a0	114	FUN_0046c2a0	2	11	0	false	false
0046c320	106	FUN_0046c320	1	6	0	false	false
0046c390	114	FUN_0046c390	2	9	0	false	false
0046c410	49	FUN_0046c410	1	6	0	false	false
0046c450	93	FUN_0046c450	2	4	0	false	false
0046c4b0	45	FUN_0046c4b0	1	2	0	false	false
0046c4e0	29	FUN_0046c4e0	1	2	0	false	false
0046c500	62	FUN_0046c500	1	1	0	false	false
0046c540	85	FUN_0046c540	1	0	0	false	false
0046c5a0	299	FUN_0046c5a0	2	3	0	false	false
0046c6d0	125	FUN_0046c6d0	0	3	0	false	false
0046c750	390	FUN_0046c750	2	6	0	false	false
0046c8e0	765	FUN_0046c8e0	1	6	0	false	false
0046cbe0	121	FUN_0046cbe0	1	1	0	false	false
0046cc60	113	FUN_0046cc60	6	0	0	false	false
0046cce0	694	FUN_0046cce0	5	18	0	false	false
0046cfa0	717	FUN_0046cfa0	1	5	0	false	false
0046d270	47	FUN_0046d270	1	3	0	false	false
0046d2a0	37	FUN_0046d2a0	10	0	0	false	false
0046d2d0	284	FUN_0046d2d0	4	7	0	false	false
0046d3f0	118	FUN_0046d3f0	2	2	0	false	false
0046d470	136	FUN_0046d470	2	0	0	false	false
0046d500	6	FUN_0046d500	1	0	0	false	false
0046d510	200	FUN_0046d510	1	3	0	false	false
0046d5e0	47	FUN_0046d5e0	1	3	0	false	false
0046d610	700	FUN_0046d610	1	6	3	false	false
0046d8d0	1358	FUN_0046d8d0	1	3	60	false	false
0046de20	1304	FUN_0046de20	2	4	42	false	false
0046e340	252	FUN_0046e340	2	1	0	false	false
0046e440	233	FUN_0046e440	1	2	0	false	false
0046e530	68	FUN_0046e530	2	0	0	false	false
0046e580	155	FUN_0046e580	1	2	0	false	false
0046e620	121	FUN_0046e620	1	1	0	false	false
0046e6a0	212	FUN_0046e6a0	1	0	0	false	false
0046e780	637	FUN_0046e780	1	5	0	false	false
0046ea10	110	FUN_0046ea10	1	4	0	false	false
0046ea80	438	FUN_0046ea80	1	3	0	false	false
0046ec40	246	FUN_0046ec40	2	1	0	false	false
0046ed40	63	FUN_0046ed40	1	0	0	false	false
0046ed80	304	FUN_0046ed80	1	2	3	false	false
0046eeb0	63	FUN_0046eeb0	1	2	0	false	false
0046ef20	35	FUN_0046ef20	2	2	0	false	false
0046ef50	215	FUN_0046ef50	1	5	0	false	false
0046f030	48	FUN_0046f030	0	1	0	false	false
0046f060	714	FUN_0046f060	1	9	0	false	false
0046f330	353	FUN_0046f330	1	9	0	false	false
0046f4a0	28	FUN_0046f4a0	1	1	0	false	false
0046f4c0	15	FUN_0046f4c0	4	0	0	false	false
0046f4d0	15	FUN_0046f4d0	1	0	0	false	false
0046f4e0	26	FUN_0046f4e0	3	0	0	false	false
0046f500	79	FUN_0046f500	0	1	0	false	false
0046f550	655	FUN_0046f550	1	7	18	false	false
0046f7e0	44	FUN_0046f7e0	2	0	0	false	false
0046f810	1620	FUN_0046f810	1	14	0	false	false
0046fe70	969	FUN_0046fe70	1	8	0	false	false
00470240	90	FUN_00470240	2	4	0	false	false
004702a0	76	FUN_004702a0	4	4	0	false	false
004702f0	641	FUN_004702f0	1	3	0	false	false
00470580	5072	FUN_00470580	1	12	18	false	false
00471950	272	FUN_00471950	1	1	0	false	false
00471a60	134	FUN_00471a60	1	1	0	false	false
00471af0	59	FUN_00471af0	1	3	0	false	false
00471b30	76	FUN_00471b30	1	0	0	false	false
00471b80	76	FUN_00471b80	1	0	0	false	false
00471bd0	20	FUN_00471bd0	3	0	0	false	false
00471bf0	204	FUN_00471bf0	1	2	0	false	false
00471cc0	118	FUN_00471cc0	3	1	0	false	false
00471d40	64	FUN_00471d40	3	0	0	false	false
00471d80	75	FUN_00471d80	2	0	0	false	false
00471dd0	2384	FUN_00471dd0	1	12	0	false	false
00472720	262	FUN_00472720	0	1	0	false	false
00472830	49	FUN_00472830	1	5	0	false	false
00472870	49	FUN_00472870	1	5	0	false	false
004728b0	11	FUN_004728b0	1	0	0	false	false
004728c0	11	FUN_004728c0	2	0	0	false	false
004728d0	6	FUN_004728d0	1	0	0	false	false
004728e0	156	FUN_004728e0	1	3	0	false	false
00472990	91	FUN_00472990	3	1	0	false	false
004729f0	56	FUN_004729f0	1	2	0	false	false
00472a30	595	FUN_00472a30	2	11	0	false	false
00472ca0	11	FUN_00472ca0	1	0	0	false	false
00472cb0	317	FUN_00472cb0	2	6	0	false	false
00472e00	1135	FUN_00472e00	0	31	0	false	false
00473290	110	FUN_00473290	1	2	0	false	false
00473310	66	FUN_00473310	1	3	0	false	false
00473360	227	FUN_00473360	1	5	0	false	false
00473450	13	FUN_00473450	0	0	0	false	false
00473460	13	FUN_00473460	0	0	0	false	false
00473470	113	FUN_00473470	1	6	0	false	false
004734f0	72	FUN_004734f0	0	3	0	false	false
00473540	89	FUN_00473540	0	4	0	false	false
004735a0	101	FUN_004735a0	1	1	0	false	false
00473620	77	FUN_00473620	4	1	0	false	false
00473680	41	FUN_00473680	2	0	0	false	false
004736b0	209	FUN_004736b0	4	4	0	false	false
00473790	56	FUN_00473790	1	1	0	false	false
004737d0	52	FUN_004737d0	1	1	0	false	false
00473810	209	FUN_00473810	3	4	0	false	false
004738f0	1131	FUN_004738f0	0	6	0	false	false
00473d60	1720	FUN_00473d60	0	16	0	false	false
00474420	202	FUN_00474420	2	2	0	false	false
004744f0	2774	FUN_004744f0	1	12	0	false	false
00474fe0	780	FUN_00474fe0	1	8	0	false	false
004752f0	319	FUN_004752f0	2	2	0	false	false
00475430	771	FUN_00475430	1	9	0	false	false
00475740	548	FUN_00475740	2	3	0	false	false
00475970	88	FUN_00475970	1	1	0	false	false
004759d0	106	FUN_004759d0	0	13	0	false	false
00475a40	6	FUN_00475a40	1	0	0	false	false
00475a50	1179	FUN_00475a50	1	7	0	false	false
00475f00	108	FUN_00475f00	1	4	0	false	false
00475f70	6	FUN_00475f70	2	0	0	false	false
00475f80	277	FUN_00475f80	1	1	0	false	false
004760a0	866	FUN_004760a0	1	17	0	false	false
00476410	161	FUN_00476410	1	4	0	false	false
004764c0	30	FUN_004764c0	1	1	0	false	false
004764e0	23	FUN_004764e0	1	0	0	false	false
00476500	30	FUN_00476500	1	1	0	false	false
00476520	19	FUN_00476520	1	0	0	false	false
00476540	145	FUN_00476540	1	2	0	false	false
004765e0	83	FUN_004765e0	1	5	0	false	false
00476640	513	FUN_00476640	1	6	0	false	false
00476850	491	FUN_00476850	1	0	6	false	false
00476a40	547	FUN_00476a40	1	4	0	false	false
00476c70	399	FUN_00476c70	1	3	0	false	false
00476e00	1340	FUN_00476e00	1	5	0	false	false
00477340	280	FUN_00477340	1	4	0	false	false
00477460	397	FUN_00477460	1	5	0	false	false
004775f0	560	FUN_004775f0	1	2	0	false	false
00477850	94	FUN_00477850	2	2	0	false	false
004778b0	299	FUN_004778b0	3	5	0	false	false
004779e0	164	FUN_004779e0	0	2	0	false	false
00477a90	33	FUN_00477a90	1	0	0	false	false
00477ac0	148	FUN_00477ac0	1	0	0	false	false
00477b60	191	FUN_00477b60	1	6	0	false	false
00477c20	81	FUN_00477c20	2	0	0	false	false
00477c80	85	FUN_00477c80	2	0	0	false	false
00477ce0	584	FUN_00477ce0	1	2	0	false	false
00477f30	58	FUN_00477f30	1	0	0	false	false
00477f70	447	FUN_00477f70	1	2	0	false	false
00478130	19	FUN_00478130	1	1	0	false	false
00478150	28	FUN_00478150	2	1	0	false	false
00478170	18	FUN_00478170	1	0	0	false	false
00478190	36	FUN_00478190	1	0	0	false	false
004781c0	14	FUN_004781c0	9	0	0	false	false
004781d0	1243	FUN_004781d0	5	0	0	false	false
004786b0	764	FUN_004786b0	1	0	0	false	false
004789b0	19	FUN_004789b0	3	0	0	false	false
004789d0	57	FUN_004789d0	1	0	0	false	false
00478a10	16	FUN_00478a10	2	0	0	false	false
00478a20	228	FUN_00478a20	1	7	0	false	false
00478b20	43	FUN_00478b20	0	2	0	false	false
00478b50	44	FUN_00478b50	1	3	0	false	false
00478b80	84	FUN_00478b80	1	4	0	false	false
00478be0	89	FUN_00478be0	1	4	0	false	false
00478c40	378	FUN_00478c40	2	7	0	false	false
00478dc0	368	FUN_00478dc0	1	7	0	false	false
00478f30	17	FUN_00478f30	0	2	0	false	false
00478f50	845	FUN_00478f50	1	17	0	false	false
004792c0	73	FUN_004792c0	1	2	0	false	false
00479310	73	FUN_00479310	1	2	0	false	false
00479360	4094	FUN_00479360	1	27	0	false	false
0047a380	73	FUN_0047a380	1	0	0	false	false
0047a3d0	823	FUN_0047a3d0	1	13	0	false	false
0047a710	834	FUN_0047a710	1	7	0	false	false
0047aa60	12	FUN_0047aa60	1	0	0	false	false
0047aa70	676	FUN_0047aa70	1	16	0	false	false
0047ad20	732	FUN_0047ad20	1	16	0	false	false
0047b000	223	FUN_0047b000	2	8	0	false	false
0047b0e0	1344	FUN_0047b0e0	2	16	0	false	false
0047b620	31	FUN_0047b620	1	2	0	false	false
0047b640	354	FUN_0047b640	1	6	0	false	false
0047b7b0	182	FUN_0047b7b0	1	3	0	false	false
0047b870	254	FUN_0047b870	1	2	0	false	false
0047b970	317	FUN_0047b970	1	10	0	false	false
0047bad0	440	FUN_0047bad0	1	11	0	false	false
0047bca0	246	FUN_0047bca0	1	4	0	false	false
0047bda0	24	FUN_0047bda0	1	4	0	false	false
0047bdc0	15	FUN_0047bdc0	3	1	0	false	false
0047bdd0	940	FUN_0047bdd0	1	12	6	false	false
0047c1b0	42	FUN_0047c1b0	1	3	0	false	false
0047c1e0	271	FUN_0047c1e0	2	9	0	false	false
0047c2f0	701	FUN_0047c2f0	0	8	0	false	false
0047c5b0	14	FUN_0047c5b0	1	0	0	false	false
0047c5c0	22	FUN_0047c5c0	1	0	0	false	false
0047c5e0	946	FUN_0047c5e0	1	0	18	false	false
0047c9a0	135	FUN_0047c9a0	1	2	0	false	false
0047ca30	387	FUN_0047ca30	1	0	0	false	false
0047cbc0	105	FUN_0047cbc0	1	0	0	false	false
0047cc30	18	FUN_0047cc30	1	1	0	false	false
0047cc50	169	FUN_0047cc50	1	5	0	false	false
0047cd00	14	FUN_0047cd00	1	0	0	false	false
0047cd10	965	FUN_0047cd10	1	6	3	false	false
0047d0e0	578	FUN_0047d0e0	1	5	0	false	false
0047d330	395	FUN_0047d330	1	4	0	false	false
0047d510	144	FUN_0047d510	1	2	0	false	false
0047d5a0	673	FUN_0047d5a0	1	2	0	false	false
0047d850	1302	FUN_0047d850	1	2	0	false	false
0047dd70	1122	FUN_0047dd70	1	4	12	false	false
0047e1e0	681	FUN_0047e1e0	1	4	0	false	false
0047e490	59	FUN_0047e490	1	0	0	false	false
0047e4d0	1348	FUN_0047e4d0	1	8	13	false	false
0047ea20	141	FUN_0047ea20	0	1	0	false	false
0047eab0	2651	FUN_0047eab0	1	5	84	false	false
0047f510	546	FUN_0047f510	1	0	0	false	false
0047f740	1380	FUN_0047f740	1	2	0	false	false
0047fcb0	1379	FUN_0047fcb0	2	2	28	false	false
00480220	346	FUN_00480220	1	1	0	false	false
00480380	617	FUN_00480380	1	2	15	false	false
004805f0	12	FUN_004805f0	1	0	0	false	false
00480600	617	FUN_00480600	1	0	0	false	false
00480870	130	FUN_00480870	0	1	0	false	false
00480900	113	FUN_00480900	1	2	0	false	false
00480980	94	FUN_00480980	1	0	0	false	false
004809e0	100	FUN_004809e0	1	2	0	false	false
00480a50	11	FUN_00480a50	1	0	0	false	false
00480a60	86	FUN_00480a60	1	1	0	false	false
00480ac0	47	FUN_00480ac0	2	0	0	false	false
00480af0	79	FUN_00480af0	1	0	0	false	false
00480b40	97	FUN_00480b40	2	1	0	false	false
00480bb0	256	FUN_00480bb0	1	6	0	false	false
00480cb0	291	FUN_00480cb0	1	0	3	false	false
00480de0	107	FUN_00480de0	1	2	0	false	false
00480e50	1345	FUN_00480e50	1	1	0	false	false
004813b0	279	FUN_004813b0	1	3	0	false	false
004814d0	135	FUN_004814d0	0	2	0	false	false
00481560	128	FUN_00481560	4	4	0	false	false
004815e0	271	FUN_004815e0	4	2	0	false	false
004816f0	5064	FUN_004816f0	0	11	24	false	false
00482ac0	1126	FUN_00482ac0	2	2	0	false	false
00482f30	224	FUN_00482f30	2	1	0	false	false
00483010	51	FUN_00483010	1	1	0	false	false
00483050	170	FUN_00483050	1	0	0	false	false
00483100	1134	FUN_00483100	1	3	0	false	false
00483570	3480	FUN_00483570	0	9	15	false	false
00484310	2557	FUN_00484310	0	4	12	false	false
00484d10	20	FUN_00484d10	1	0	0	false	false
00484d30	172	FUN_00484d30	1	5	0	false	false
00484de0	28	FUN_00484de0	1	0	0	false	false
00484e00	316	FUN_00484e00	2	6	0	false	false
00484f40	1142	FUN_00484f40	1	2	0	false	false
004853c0	222	FUN_004853c0	1	2	4	false	false
004854a0	486	FUN_004854a0	1	0	0	false	false
00485690	456	FUN_00485690	1	7	0	false	false
00485860	2917	FUN_00485860	1	4	0	false	false
004863d0	296	FUN_004863d0	1	0	0	false	false
00486500	304	FUN_00486500	1	3	0	false	false
00486630	107	FUN_00486630	1	0	0	false	false
004866a0	83	FUN_004866a0	1	2	0	false	false
00486700	54	FUN_00486700	1	3	0	false	false
00486740	206	FUN_00486740	2	5	0	false	false
00486810	247	FUN_00486810	2	3	6	false	false
00486910	206	FUN_00486910	3	2	6	false	false
004869e0	314	FUN_004869e0	4	7	0	false	false
00486b20	105	FUN_00486b20	2	2	0	false	false
00486b90	65	FUN_00486b90	2	0	0	false	false
00486be0	22	FUN_00486be0	2	0	0	false	false
00486c00	43	FUN_00486c00	2	1	0	false	false
00486c30	907	FUN_00486c30	5	1	0	false	false
00486fc0	365	FUN_00486fc0	1	0	0	false	false
00487130	6	FUN_00487130	1	0	0	false	false
00487140	681	FUN_00487140	2	0	0	false	false
004873f0	931	FUN_004873f0	1	0	0	false	false
004877a0	241	FUN_004877a0	1	5	0	false	false
004878a0	732	FUN_004878a0	1	14	0	false	false
00487b80	192	FUN_00487b80	2	0	0	false	false
00487c40	448	FUN_00487c40	1	0	0	false	false
00487e00	66	FUN_00487e00	1	0	0	false	false
00487e50	266	FUN_00487e50	1	1	0	false	false
00487f60	1752	FUN_00487f60	1	3	0	false	false
00488640	1948	FUN_00488640	2	2	0	false	false
00488de0	615	FUN_00488de0	1	1	0	false	false
00489060	1098	FUN_00489060	1	0	0	false	false
004894b0	659	FUN_004894b0	1	0	0	false	false
00489750	974	FUN_00489750	1	3	0	false	false
00489b20	1740	FUN_00489b20	1	0	0	false	false
0048a1f0	1017	FUN_0048a1f0	1	9	0	false	false
0048a5f0	2193	FUN_0048a5f0	1	3	0	false	false
0048ae90	3970	FUN_0048ae90	1	7	0	false	false
0048be20	2234	FUN_0048be20	1	6	0	false	false
0048c6e0	101	FUN_0048c6e0	2	0	0	false	false
0048c750	279	FUN_0048c750	2	0	0	false	false
0048c870	138	FUN_0048c870	5	1	0	false	false
0048c900	310	FUN_0048c900	2	2	0	false	false
0048ca40	20	FUN_0048ca40	1	0	0	false	false
0048ca60	5	thunk_FUN_0047c2f0	1	0	0	true	false
0048ca70	18	FUN_0048ca70	1	2	0	false	false
0048ca90	6	FUN_0048ca90	1	0	0	false	false
0048caa0	60	FUN_0048caa0	1	0	0	false	false
0048cae0	329	FUN_0048cae0	1	5	0	false	false
0048cc30	587	FUN_0048cc30	1	9	0	false	false
0048ce80	617	FUN_0048ce80	2	7	0	false	false
0048d0f0	1719	FUN_0048d0f0	3	12	12	false	false
0048d7b0	69	FUN_0048d7b0	1	1	0	false	false
0048d800	69	FUN_0048d800	1	1	0	false	false
0048d850	83	FUN_0048d850	1	1	0	false	false
0048d8b0	126	FUN_0048d8b0	2	1	0	false	false
0048d930	18	FUN_0048d930	1	0	0	false	false
0048d950	417	FUN_0048d950	2	4	0	false	false
0048db00	304	FUN_0048db00	1	2	0	false	false
0048dc30	99	FUN_0048dc30	1	0	0	false	false
0048dca0	64	FUN_0048dca0	1	0	0	false	false
0048dce0	560	FUN_0048dce0	2	1	0	false	false
0048df10	64	FUN_0048df10	1	0	0	false	false
0048df50	335	FUN_0048df50	2	0	0	false	false
0048e0a0	1173	FUN_0048e0a0	1	8	0	false	false
0048e580	429	FUN_0048e580	2	1	0	false	false
0048e730	3265	FUN_0048e730	1	3	3	false	false
0048f400	104	FUN_0048f400	1	0	0	false	false
0048f470	1800	FUN_0048f470	2	2	0	false	false
0048fb80	2536	FUN_0048fb80	1	8	0	false	false
00490570	200	FUN_00490570	2	0	0	false	false
00490640	215	FUN_00490640	2	0	0	false	false
00490720	1126	FUN_00490720	2	0	0	false	false
00490b90	156	FUN_00490b90	1	4	0	false	false
00490c30	90	FUN_00490c30	1	4	0	false	false
00490c90	186	FUN_00490c90	6	3	0	false	false
00490d50	169	FUN_00490d50	1	1	0	false	false
00490e00	276	FUN_00490e00	3	0	0	false	false
00490f20	462	FUN_00490f20	2	1	0	false	false
004910f0	1110	FUN_004910f0	1	1	0	false	false
00491550	323	FUN_00491550	1	1	0	false	false
004916a0	240	FUN_004916a0	1	2	0	false	false
00491790	93	FUN_00491790	1	0	0	false	false
004917f0	204	FUN_004917f0	1	0	0	false	false
004918c0	3	FUN_004918c0	0	0	0	false	false
004918d0	196	FUN_004918d0	1	5	0	false	false
004919a0	918	FUN_004919a0	1	5	24	false	false
00491d40	910	FUN_00491d40	1	0	9	false	false
004920d0	326	FUN_004920d0	1	0	9	false	false
00492220	432	FUN_00492220	1	0	9	false	false
004923d0	150	FUN_004923d0	1	0	0	false	false
00492470	161	FUN_00492470	1	0	0	false	false
00492520	158	FUN_00492520	1	0	0	false	false
004925c0	289	FUN_004925c0	2	3	12	false	false
004926f0	410	FUN_004926f0	1	4	22	false	false
00492890	41	FUN_00492890	2	2	0	false	false
004928c0	38	FUN_004928c0	2	0	0	false	false
004928f0	15	FUN_004928f0	1	0	0	false	false
00492900	12	FUN_00492900	1	0	0	false	false
00492910	565	FUN_00492910	1	2	18	false	false
00492b50	81	FUN_00492b50	1	1	0	false	false
00492bb0	20	FUN_00492bb0	1	0	0	false	false
00492bd0	606	FUN_00492bd0	1	6	0	false	false
00492e30	39	FUN_00492e30	2	2	0	false	false
00492e60	171	FUN_00492e60	1	1	0	false	false
00492f10	179	FUN_00492f10	1	1	0	false	false
00492fd0	13	FUN_00492fd0	1	1	0	false	false
00492fe0	205	FUN_00492fe0	1	2	0	false	false
004930b0	38	FUN_004930b0	1	1	0	false	false
004930e0	455	FUN_004930e0	5	2	0	false	false
004932b0	57	FUN_004932b0	6	2	0	false	false
004932f0	559	FUN_004932f0	1	9	0	false	false
00493520	873	FUN_00493520	2	10	3	false	false
00493890	432	FUN_00493890	1	0	0	false	false
00493a40	237	FUN_00493a40	1	0	0	false	false
00493b30	921	FUN_00493b30	1	0	0	false	false
00493ed0	575	FUN_00493ed0	1	1	18	false	false
00494110	702	FUN_00494110	1	2	3	false	false
004943d0	354	FUN_004943d0	2	0	0	false	false
00494540	139	FUN_00494540	1	0	0	false	false
004945d0	236	FUN_004945d0	1	1	0	false	false
004946c0	433	FUN_004946c0	1	0	6	false	false
00494880	223	FUN_00494880	1	0	3	false	false
00494960	211	FUN_00494960	1	0	3	false	false
00494a40	42	FUN_00494a40	1	2	0	false	false
00494a70	120	FUN_00494a70	1	1	0	false	false
00494b10	49	FUN_00494b10	0	1	0	false	false
00494b50	81	FUN_00494b50	1	2	0	false	false
00494bb0	391	FUN_00494bb0	1	4	0	false	false
00494d40	104	FUN_00494d40	1	0	0	false	false
00494db0	4510	FUN_00494db0	1	6	0	false	false
00495f50	871	FUN_00495f50	1	1	0	false	false
004962c0	2869	FUN_004962c0	1	1	0	false	false
00496e00	4014	FUN_00496e00	1	10	14	false	false
00497db0	1471	FUN_00497db0	1	7	0	false	false
00498370	309	FUN_00498370	1	0	0	false	false
004984b0	177	FUN_004984b0	1	2	0	false	false
00498570	31	FUN_00498570	1	0	0	false	false
00498590	138	FUN_00498590	1	2	0	false	false
00498620	1572	FUN_00498620	2	3	6	false	false
00498ca0	137	FUN_00498ca0	1	1	0	false	false
00498d80	39	FUN_00498d80	4	0	6	false	false
00498db0	31	FUN_00498db0	3	0	0	false	false
00498dd0	591	FUN_00498dd0	1	5	12	false	false
00499020	80	FUN_00499020	1	0	0	false	false
00499070	1117	FUN_00499070	0	2	0	false	false
004994d0	26	FUN_004994d0	0	0	0	false	false
004994f0	535	FUN_004994f0	0	3	0	false	false
00499710	53	FUN_00499710	0	1	0	false	false
00499750	814	FUN_00499750	5	4	20	false	false
00499a80	50	FUN_00499a80	0	1	0	false	false
00499ac0	786	FUN_00499ac0	0	3	0	false	false
00499de0	2697	FUN_00499de0	1	3	12	false	false
0049a870	159	FUN_0049a870	1	1	0	false	false
0049a910	522	FUN_0049a910	1	0	0	false	false
0049ab20	99	FUN_0049ab20	1	1	0	false	false
0049ab90	905	FUN_0049ab90	1	1	36	false	false
0049af20	430	FUN_0049af20	1	0	0	false	false
0049b0d0	575	FUN_0049b0d0	1	1	0	false	false
0049b3e0	2244	FUN_0049b3e0	1	8	16	false	false
0049bcb0	955	FUN_0049bcb0	0	7	0	false	false
0049c070	8	FUN_0049c070	0	1	0	false	false
0049c080	13	FUN_0049c080	0	2	0	false	false
0049c090	6	FUN_0049c090	4	0	0	false	false
0049c0a0	77	FUN_0049c0a0	65	0	0	false	false
0049c0f0	56	FUN_0049c0f0	3	0	0	false	false
0049c130	8	FUN_0049c130	2	1	0	false	false
0049c140	8	FUN_0049c140	1	0	0	false	false
0049c150	60	FUN_0049c150	3	0	0	false	false
0049c190	34	FUN_0049c190	3	0	0	false	false
0049c1c0	255	FUN_0049c1c0	28	0	0	false	false
0049c2c0	72	FUN_0049c2c0	3	0	0	false	false
0049c310	95	FUN_0049c310	3	0	0	false	false
0049c370	133	FUN_0049c370	3	0	0	false	false
0049c400	6	FUN_0049c400	1	0	0	false	false
0049c410	6	FUN_0049c410	1	0	0	false	false
0049c420	12	FUN_0049c420	2	0	0	false	false
0049c430	6	FUN_0049c430	1	0	0	false	false
0049c440	98	FUN_0049c440	3	0	0	false	false
0049c4b0	94	FUN_0049c4b0	2	0	0	false	false
0049c510	354	FUN_0049c510	1	2	0	false	false
0049c680	299	FUN_0049c680	1	1	0	false	false
0049c7b0	204	FUN_0049c7b0	1	2	0	false	false
0049c880	182	FUN_0049c880	1	1	0	false	false
0049c940	266	FUN_0049c940	8	11	0	false	false
0049ca50	122	FUN_0049ca50	2	2	0	false	false
0049cad0	120	FUN_0049cad0	3	2	0	false	false
0049cb50	25	FUN_0049cb50	1	0	0	false	false
0049cb70	25	FUN_0049cb70	1	0	0	false	false
0049cb90	47	FUN_0049cb90	0	0	0	false	false
0049cbc0	137	FUN_0049cbc0	0	0	0	false	false
0049cc50	193	FUN_0049cc50	1	3	0	false	false
0049cd20	102	FUN_0049cd20	2	2	0	false	false
0049cd90	125	FUN_0049cd90	1	4	0	false	false
0049ce10	41	FUN_0049ce10	4	3	0	false	false
0049ce40	118	FUN_0049ce40	1	3	0	false	false
0049cec0	179	FUN_0049cec0	1	3	0	false	false
0049cf80	186	FUN_0049cf80	1	4	0	false	false
0049d040	577	FUN_0049d040	1	2	39	false	false
0049d290	340	FUN_0049d290	2	1	0	false	false
0049d3f0	1360	FUN_0049d3f0	6	34	0	false	false
0049d940	32	FUN_0049d940	4	0	0	false	false
0049d960	112	FUN_0049d960	4	0	0	false	false
0049d9d0	114	FUN_0049d9d0	3	1	0	false	false
0049da50	544	FUN_0049da50	1	0	0	false	false
0049dc70	41	FUN_0049dc70	5	0	0	false	false
0049dca0	12	FUN_0049dca0	3	0	0	false	false
0049dcb0	6	FUN_0049dcb0	5	0	0	false	false
0049dcc0	123	FUN_0049dcc0	5	1	0	false	false
0049dd40	41	FUN_0049dd40	6	0	0	false	false
0049dd70	66	FUN_0049dd70	4	0	0	false	false
0049ddc0	41	FUN_0049ddc0	9	0	0	false	false
0049ddf0	66	FUN_0049ddf0	1	0	0	false	false
0049de40	326	FUN_0049de40	5	4	0	false	false
0049df90	598	FUN_0049df90	1	5	0	false	false
0049e1f0	1823	FUN_0049e1f0	1	12	39	false	false
0049e930	12	FUN_0049e930	1	0	0	false	false
0049e940	32	FUN_0049e940	1	0	0	false	false
0049e960	276	FUN_0049e960	3	5	0	false	false
0049ea90	21	FUN_0049ea90	9	1	0	false	false
0049eab0	17	FUN_0049eab0	7	1	0	false	false
0049ead0	25	FUN_0049ead0	23	0	0	false	false
0049eaf0	81	FUN_0049eaf0	0	4	0	false	false
0049eb50	64	FUN_0049eb50	0	4	0	false	false
0049eb90	327	FUN_0049eb90	2	0	0	false	false
0049ed80	68	FUN_0049ed80	0	2	0	false	false
0049edd0	26	FUN_0049edd0	0	0	0	false	false
0049edf0	29	FUN_0049edf0	0	0	0	false	false
0049ee10	128	FUN_0049ee10	1	0	0	false	false
0049ee90	124	FUN_0049ee90	1	0	0	false	false
0049ef10	124	FUN_0049ef10	1	0	0	false	false
0049ef90	47	FUN_0049ef90	3	0	0	false	false
0049efc0	61	FUN_0049efc0	1	0	0	false	false
0049f000	88	FUN_0049f000	2	0	0	false	false
0049f060	121	FUN_0049f060	2	2	0	false	false
0049f0e0	517	FUN_0049f0e0	2	3	0	false	false
0049f300	83	FUN_0049f300	1	0	0	false	false
0049f360	287	FUN_0049f360	1	0	0	false	false
0049f480	516	FUN_0049f480	1	0	0	false	false
0049f690	31	FUN_0049f690	2	0	0	false	false
0049f6b0	20	FUN_0049f6b0	0	0	0	false	false
0049f6d0	1009	FUN_0049f6d0	0	7	0	false	false
0049fad0	156	FUN_0049fad0	1	0	0	false	false
0049fb70	398	FUN_0049fb70	1	0	0	false	false
0049fd00	38	FUN_0049fd00	1	0	0	false	false
0049fd30	46	FUN_0049fd30	1	2	0	false	false
0049fd60	35	FUN_0049fd60	0	1	0	false	false
0049fd90	153	FUN_0049fd90	2	1	0	false	false
0049fe30	283	FUN_0049fe30	3	0	0	false	false
0049ff50	35	FUN_0049ff50	4	1	0	false	false
0049ff80	51	FUN_0049ff80	5	0	0	false	false
0049ffc0	12	FUN_0049ffc0	7	0	0	false	false
0049ffd0	144	FUN_0049ffd0	115	0	0	false	false
004a0060	59	FUN_004a0060	5	0	0	false	false
004a00a0	161	FUN_004a00a0	35	1	0	false	false
004a0150	161	FUN_004a0150	3	1	0	false	false
004a0200	99	FUN_004a0200	59	1	0	false	false
004a0270	99	FUN_004a0270	23	1	0	false	false
004a02e0	114	FUN_004a02e0	45	1	0	false	false
004a0360	14	FUN_004a0360	1	0	0	false	false
004a0370	14	FUN_004a0370	13	0	0	false	false
004a0380	46	FUN_004a0380	31	0	0	false	false
004a03b0	38	FUN_004a03b0	40	1	0	false	false
004a03e0	35	FUN_004a03e0	0	1	0	false	false
004a0410	23	FUN_004a0410	2	1	0	false	false
004a0430	47	FUN_004a0430	115	0	0	false	false
004a0460	59	FUN_004a0460	13	0	0	false	false
004a04a0	77	FUN_004a04a0	114	0	0	false	false
004a04f0	55	FUN_004a04f0	1	0	0	false	false
004a0530	22	FUN_004a0530	1	0	0	false	false
004a0550	24	FUN_004a0550	6	0	0	false	false
004a0570	1363	FUN_004a0570	6	2	0	false	false
004a0ad0	88	FUN_004a0ad0	47	1	0	false	false
004a0b30	97	FUN_004a0b30	1	1	0	false	false
004a0ba0	25	FUN_004a0ba0	4	0	0	false	false
004a0bc0	99	FUN_004a0bc0	11	1	0	false	false
004a0c40	12	FUN_004a0c40	7	0	0	false	false
004a0c50	12	FUN_004a0c50	4	0	0	false	false
004a0c60	57	FUN_004a0c60	3	0	0	false	false
004a0ca0	180	FUN_004a0ca0	1	0	0	false	false
004a0d60	343	FUN_004a0d60	7	4	0	false	false
004a0ec0	396	FUN_004a0ec0	1	1	0	false	false
004a10b0	357	FUN_004a10b0	2	2	0	false	false
004a1280	40	FUN_004a1280	7	1	0	false	false
004a12b0	30	FUN_004a12b0	0	1	0	false	false
004a12d0	218	FUN_004a12d0	1	2	0	false	false
004a13b0	197	FUN_004a13b0	1	2	0	false	false
004a1480	11	FUN_004a1480	2	0	0	false	false
004a1490	39	FUN_004a1490	1	0	0	false	false
004a14c0	6	FUN_004a14c0	1	0	0	false	false
004a14d0	6	FUN_004a14d0	1	0	0	false	false
004a14e0	46	FUN_004a14e0	5	1	0	false	false
004a1510	22	FUN_004a1510	1	2	0	false	false
004a1530	22	FUN_004a1530	1	2	0	false	false
004a1550	22	FUN_004a1550	1	2	0	false	false
004a1570	48	FUN_004a1570	4	2	0	false	false
004a15a0	6	FUN_004a15a0	20	0	0	false	false
004a15b0	12	FUN_004a15b0	3	0	0	false	false
004a15c0	69	FUN_004a15c0	1	0	0	false	false
004a1610	112	FUN_004a1610	1	0	0	false	false
004a1680	57	FUN_004a1680	3	1	0	false	false
004a16c0	95	FUN_004a16c0	1	2	0	false	false
004a1720	31	FUN_004a1720	3	0	0	false	false
004a1740	24	FUN_004a1740	1	0	0	false	false
004a1760	43	FUN_004a1760	1	0	0	false	false
004a1790	29	FUN_004a1790	1	0	0	false	false
004a17b0	36	FUN_004a17b0	1	1	0	false	false
004a17e0	5	thunk_FUN_004a17b0	1	0	0	true	false
004a17f0	82	FUN_004a17f0	2	1	0	false	false
004a1850	230	FUN_004a1850	1	0	0	false	false
004a1940	119	FUN_004a1940	3	1	0	false	false
004a19c0	56	FUN_004a19c0	2	0	0	false	false
004a1a00	6	FUN_004a1a00	15	0	0	false	false
004a1a10	127	FUN_004a1a10	1	1	0	false	false
004a1a90	58	FUN_004a1a90	6	1	0	false	false
004a1ad0	30	FUN_004a1ad0	0	1	0	false	false
004a1af0	53	FUN_004a1af0	2	2	0	false	false
004a1b30	42	FUN_004a1b30	1	0	0	false	false
004a1b60	42	FUN_004a1b60	1	0	0	false	false
004a1b90	183	FUN_004a1b90	3	3	0	false	false
004a1c50	83	FUN_004a1c50	15	1	0	false	false
004a1cb0	69	FUN_004a1cb0	1	1	0	false	false
004a1d00	6	FUN_004a1d00	1	0	0	false	false
004a1d10	67	FUN_004a1d10	1	0	0	false	false
004a1d60	487	FUN_004a1d60	1	4	0	false	false
004a1f50	363	FUN_004a1f50	1	7	0	false	false
004a20c0	321	FUN_004a20c0	2	2	0	false	false
004a2210	164	FUN_004a2210	2	0	0	false	false
004a22c0	293	FUN_004a22c0	1	6	0	false	false
004a23f0	57	FUN_004a23f0	2	1	0	false	false
004a2430	97	FUN_004a2430	1	1	0	false	false
004a24a0	326	FUN_004a24a0	1	3	0	false	false
004a25f0	156	FUN_004a25f0	3	2	14	false	false
004a2690	91	FUN_004a2690	2	1	0	false	false
004a26f0	193	FUN_004a26f0	2	1	0	false	false
004a27c0	111	FUN_004a27c0	1	3	0	false	false
004a2830	140	FUN_004a2830	1	1	0	false	false
004a28c0	1	FUN_004a28c0	5	0	0	false	false
004a28d0	333	FUN_004a28d0	2	12	0	false	false
004a2a20	145	FUN_004a2a20	1	1	0	false	false
004a2ac0	129	FUN_004a2ac0	1	5	0	false	false
004a2b50	67	FUN_004a2b50	3	1	0	false	false
004a2ba0	38	FUN_004a2ba0	1	4	0	false	false
004a2bd0	157	FUN_004a2bd0	3	4	0	false	false
004a2c70	179	FUN_004a2c70	2	4	0	false	false
004a2d30	84	FUN_004a2d30	2	1	0	false	false
004a2d90	358	FUN_004a2d90	2	5	3	false	false
004a2f00	68	FUN_004a2f00	3	1	0	false	false
004a2f50	24	FUN_004a2f50	1	2	0	false	false
004a2f70	97	FUN_004a2f70	1	2	0	false	false
004a2fe0	98	FUN_004a2fe0	3	2	0	false	false
004a3050	257	FUN_004a3050	1	3	6	false	false
004a3160	25	FUN_004a3160	1	1	0	false	false
004a3180	20	FUN_004a3180	1	0	0	false	false
004a31a0	66	FUN_004a31a0	2	1	0	false	false
004a31f0	76	FUN_004a31f0	3	0	0	false	false
004a3240	3	FUN_004a3240	5	0	0	false	false
004a3250	14	FUN_004a3250	21	0	0	false	false
004a3260	44	FUN_004a3260	1	1	0	false	false
004a3290	935	FUN_004a3290	58	0	0	false	false
004a3640	16	FUN_004a3640	0	0	0	false	false
004a3650	1503	FUN_004a3650	1	6	95	false	false
004a3c30	39	FUN_004a3c30	1	0	0	false	false
004a3c60	46	FUN_004a3c60	142	0	0	false	false
004a3c90	184	FUN_004a3c90	3	2	0	false	false
004a3d50	46	FUN_004a3d50	1	0	0	false	false
004a3d80	50	FUN_004a3d80	1	1	0	false	false
004a3dc0	12	FUN_004a3dc0	1	0	0	false	false
004a3dd0	11	FUN_004a3dd0	5	0	0	false	false
004a3de0	16	FUN_004a3de0	5	0	0	false	false
004a3df0	38	FUN_004a3df0	1	0	0	false	false
004a3e20	21	FUN_004a3e20	15	0	0	false	false
004a3e40	79	FUN_004a3e40	3	0	0	false	false
004a3e90	2435	FUN_004a3e90	1	2	0	false	false
004a4850	100	FUN_004a4850	14	1	0	false	false
004a48c0	254	FUN_004a48c0	1	6	0	false	false
004a49c0	335	FUN_004a49c0	1	8	0	false	false
004a4b10	189	FUN_004a4b10	1	2	0	false	false
004a4bd0	105	FUN_004a4bd0	1	1	0	false	false
004a4c40	233	FUN_004a4c40	2	5	0	false	false
004a4d30	833	FUN_004a4d30	4	1	0	false	false
004a5080	99	FUN_004a5080	3	0	0	false	false
004a50f0	479	FUN_004a50f0	1	0	0	false	false
004a52d0	1008	FUN_004a52d0	1	0	46	false	false
004a56c0	97	FUN_004a56c0	1	0	0	false	false
004a5730	161	FUN_004a5730	1	0	0	false	false
004a57e0	156	FUN_004a57e0	1	0	0	false	false
004a5880	786	FUN_004a5880	2	2	0	false	false
004a5ba0	50	FUN_004a5ba0	2	0	0	false	false
004a5be0	289	FUN_004a5be0	2	1	0	false	false
004a5d10	132	FUN_004a5d10	1	1	0	false	false
004a5da0	145	FUN_004a5da0	3	4	0	false	false
004a5e40	404	FUN_004a5e40	99	1	12	false	false
004a5fe0	9	FUN_004a5fe0	2	0	0	false	false
004a5ff0	21	FUN_004a5ff0	1	0	0	false	false
004a6010	36	FUN_004a6010	1	0	3	false	false
004a6040	26	FUN_004a6040	1	0	0	false	false
004a6060	21	FUN_004a6060	1	0	0	false	false
004a6080	36	FUN_004a6080	1	0	3	false	false
004a60b0	26	FUN_004a60b0	1	0	0	false	false
004a60d0	666	FUN_004a60d0	2	1	41	false	false
004a6370	768	FUN_004a6370	1	4	0	false	false
004a6670	146	FUN_004a6670	2	0	0	false	false
004a6710	1816	FUN_004a6710	4	9	0	false	false
004a6e30	1494	FUN_004a6e30	4	8	0	false	false
004a7410	703	FUN_004a7410	5	3	0	false	false
004a76d0	452	FUN_004a76d0	2	0	0	false	false
004a78a0	111	FUN_004a78a0	3	11	0	false	false
004a7910	1826	FUN_004a7910	1	21	0	false	false
004a8040	249	FUN_004a8040	1	0	0	false	false
004a8140	303	FUN_004a8140	1	9	0	false	false
004a8270	65	FUN_004a8270	0	1	0	false	false
004a82c0	388	FUN_004a82c0	1	0	0	false	false
004a8450	880	FUN_004a8450	1	10	0	false	false
004a87c0	67	FUN_004a87c0	0	0	0	false	false
004a8810	113	FUN_004a8810	1	1	0	false	false
004a8890	661	FUN_004a8890	7	0	42	false	false
004a8b30	129	FUN_004a8b30	0	2	0	false	false
004a8bc0	6	FUN_004a8bc0	6	0	0	false	false
004a8bd0	12	FUN_004a8bd0	3	0	0	false	false
004a8be0	6	FUN_004a8be0	1	0	0	false	false
004a8bf0	64	FUN_004a8bf0	1	1	0	false	false
004a8c30	298	FUN_004a8c30	0	1	0	false	false
004a8d60	19	FUN_004a8d60	9	0	0	false	false
004a8d80	6	FUN_004a8d80	2	0	0	false	false
004a8d90	12	FUN_004a8d90	2	0	0	false	false
004a8da0	268	FUN_004a8da0	0	3	0	false	false
004a8eb0	6	FUN_004a8eb0	1	0	0	false	false
004a8ec0	66	FUN_004a8ec0	1	0	0	false	false
004a8f10	6	FUN_004a8f10	3	0	0	false	false
004a8f20	49	FUN_004a8f20	2	0	0	false	false
004a8f60	73	FUN_004a8f60	1	0	0	false	false
004a8fb0	505	FUN_004a8fb0	1	0	0	false	false
004a91b0	1294	FUN_004a91b0	0	0	0	false	false
004a96c0	16	FUN_004a96c0	1	0	0	false	false
004a96d0	16	FUN_004a96d0	1	0	0	false	false
004a96e0	16	FUN_004a96e0	2	0	0	false	false
004a96f0	16	FUN_004a96f0	2	0	0	false	false
004a9700	27	FUN_004a9700	3	0	0	false	false
004a9720	385	FUN_004a9720	1	17	0	false	false
004a98b0	356	FUN_004a98b0	0	9	0	false	false
004a9a40	11	FUN_004a9a40	0	0	0	false	false
004a9a50	166	FUN_004a9a50	3	7	0	false	false
004a9b00	6	FUN_004a9b00	0	0	0	false	false
004a9b10	12	FUN_004a9b10	2	0	0	false	false
004a9b20	6	FUN_004a9b20	2	0	0	false	false
004a9b30	18	FUN_004a9b30	1	2	0	false	false
004a9b50	8	FUN_004a9b50	0	1	0	false	false
004a9b60	6	FUN_004a9b60	8	0	0	false	false
004a9b70	12	FUN_004a9b70	1	1	0	false	false
004a9b80	149	FUN_004a9b80	48	2	0	false	false
004a9c20	13	FUN_004a9c20	0	0	0	false	false
004a9c30	50	FUN_004a9c30	1	2	0	false	false
004a9c70	251	FUN_004a9c70	2	1	0	false	false
004a9d70	45	FUN_004a9d70	11	1	0	false	false
004a9da0	79	FUN_004a9da0	1	1	0	false	false
004a9df0	112	FUN_004a9df0	25	2	0	false	false
004a9e60	231	FUN_004a9e60	18	5	0	false	false
004a9f50	57	FUN_004a9f50	1	2	0	false	false
004a9f90	122	FUN_004a9f90	24	0	0	false	false
004aa090	125	FUN_004aa090	22	0	0	false	false
004aa220	595	FUN_004aa220	14	14	0	false	false
004aa480	270	FUN_004aa480	3	6	0	false	false
004aa590	6	FUN_004aa590	6	0	0	false	false
004aa5a0	284	FUN_004aa5a0	6	4	0	false	false
004aa6c0	29	FUN_004aa6c0	1	1	0	false	false
004aa6e0	29	FUN_004aa6e0	1	1	0	false	false
004aa700	15	FUN_004aa700	11	0	0	false	false
004aa710	15	FUN_004aa710	8	0	0	false	false
004aa720	343	FUN_004aa720	4	4	0	false	false
004aa880	96	FUN_004aa880	1	2	0	false	false
004aa8e0	66	FUN_004aa8e0	0	0	0	false	false
004aa930	219	FUN_004aa930	1	2	0	false	false
004aaa10	40	FUN_004aaa10	1	1	0	false	false
004aaa40	114	FUN_004aaa40	0	6	0	false	false
004aaac0	34	FUN_004aaac0	0	6	0	false	false
004aaaf0	70	FUN_004aaaf0	1	1	0	false	false
004aab40	26	FUN_004aab40	3	0	0	false	false
004aab60	70	FUN_004aab60	1	1	0	false	false
004aabb0	26	FUN_004aabb0	3	0	0	false	false
004aabd0	36	FUN_004aabd0	0	1	0	false	false
004aac00	53	FUN_004aac00	1	1	0	false	false
004aac40	174	FUN_004aac40	1	1	0	false	false
004aacf0	8	FUN_004aacf0	1	0	0	false	false
004aad00	45	FUN_004aad00	1	0	0	false	false
004aad30	5	FUN_004aad30	1	0	0	false	false
004aad40	6	FUN_004aad40	13	0	0	false	false
004aad50	23	FUN_004aad50	1	1	0	false	false
004aad70	23	FUN_004aad70	40	2	0	false	false
004aad90	69	FUN_004aad90	2	5	0	false	false
004aade0	37	FUN_004aade0	67	3	0	false	false
004aae10	16	FUN_004aae10	0	0	0	false	false
004aae20	126	FUN_004aae20	1	4	0	false	false
004aaea0	85	FUN_004aaea0	0	0	0	false	false
004aaf00	65	FUN_004aaf00	2	0	0	false	false
004aaf50	18	FUN_004aaf50	2	0	0	false	false
004aaf70	85	FUN_004aaf70	1	1	0	false	false
004aafd0	83	FUN_004aafd0	1	0	0	false	false
004ab030	121	FUN_004ab030	1	0	0	false	false
004ab0b0	157	FUN_004ab0b0	1	0	0	false	false
004ab150	348	FUN_004ab150	1	1	0	false	false
004ab2b0	194	FUN_004ab2b0	2	0	0	false	false
004ab380	498	FUN_004ab380	2	0	0	false	false
004ab590	35	FUN_004ab590	1	1	0	false	false
004ab5c0	35	FUN_004ab5c0	1	1	0	false	false
004ab5f0	14	FUN_004ab5f0	3	0	0	false	false
004ab600	27	FUN_004ab600	9	1	0	false	false
004ab620	76	FUN_004ab620	1	2	0	false	false
004ab670	128	FUN_004ab670	1	3	0	false	false
004ab6f0	23	FUN_004ab6f0	2	1	0	false	false
004ab710	10	FUN_004ab710	3	0	0	false	false
004ab720	184	FUN_004ab720	2	1	0	false	false
004ab7e0	191	FUN_004ab7e0	2	1	0	false	false
004ab8a0	79	FUN_004ab8a0	2	1	0	false	false
004ab8f0	101	FUN_004ab8f0	2	1	0	false	false
004ab960	67	FUN_004ab960	1	1	0	false	false
004ab9b0	13	FUN_004ab9b0	1	0	0	false	false
004ab9c0	11	FUN_004ab9c0	1	0	0	false	false
004ab9d0	283	FUN_004ab9d0	1	1	0	false	false
004abaf0	1616	FUN_004abaf0	1	13	36	false	false
004ac140	174	FUN_004ac140	1	1	0	false	false
004ac1f0	8	FUN_004ac1f0	1	0	0	false	false
004ac200	87	FUN_004ac200	2	1	0	false	false
004ac260	24	FUN_004ac260	2	0	0	false	false
004ac280	260	FUN_004ac280	2	4	0	false	false
004ac390	51	FUN_004ac390	2	1	0	false	false
004ac3d0	159	FUN_004ac3d0	2	1	0	false	false
004ac480	109	FUN_004ac480	5	0	0	false	false
004ac4f0	281	FUN_004ac4f0	6	1	0	false	false
004ac620	95	FUN_004ac620	7	2	0	false	false
004ac680	99	FUN_004ac680	1	4	0	false	false
004ac6f0	106	FUN_004ac6f0	5	3	0	false	false
004ac760	56	FUN_004ac760	3	1	0	false	false
004ac7a0	123	FUN_004ac7a0	3	0	0	false	false
004ac820	4193	FUN_004ac820	2	0	0	false	false
004ad890	64	FUN_004ad890	11	1	0	false	false
004ad8d0	568	FUN_004ad8d0	2	2	66	false	false
004adb10	633	FUN_004adb10	5	0	0	false	false
004add90	55	FUN_004add90	2	1	0	false	false
004addd0	41	FUN_004addd0	5	1	0	false	false
004ade00	340	FUN_004ade00	1	1	48	false	false
004adf60	59	FUN_004adf60	2	1	0	false	false
004adfa0	202	FUN_004adfa0	5	5	0	false	false
004ae070	46	FUN_004ae070	0	1	0	false	false
004ae0a0	116	FUN_004ae0a0	1	2	0	false	false
004ae120	30	FUN_004ae120	0	0	0	false	false
004ae140	42	FUN_004ae140	1	0	0	false	false
004ae170	135	FUN_004ae170	1	3	0	false	false
004ae200	41	FUN_004ae200	0	1	0	false	false
004ae230	33	FUN_004ae230	1	0	0	false	false
004ae260	54	FUN_004ae260	3	0	0	false	false
004ae2a0	68	FUN_004ae2a0	2	0	0	false	false
004ae2f0	215	FUN_004ae2f0	3	0	0	false	false
004ae3d0	18	FUN_004ae3d0	8	0	0	false	false
004ae3f0	18	FUN_004ae3f0	4	0	0	false	false
004ae410	3	FUN_004ae410	5	0	0	false	false
004ae420	66	FUN_004ae420	2	0	0	false	false
004ae470	1239	FUN_004ae470	1	1	0	false	false
004ae950	1992	FUN_004ae950	1	1	0	false	false
004af120	2078	FUN_004af120	1	7	5	false	false
004af940	466	FUN_004af940	1	0	0	false	false
004afb20	66	FUN_004afb20	1	0	0	false	false
004afb70	69	FUN_004afb70	1	0	0	false	false
004afbc0	163	FUN_004afbc0	1	0	0	false	false
004afc70	117	FUN_004afc70	1	0	0	false	false
004afcf0	98	FUN_004afcf0	1	0	0	false	false
004afd60	70	FUN_004afd60	1	0	0	false	false
004afdb0	86	FUN_004afdb0	1	0	0	false	false
004afe10	100	FUN_004afe10	1	0	0	false	false
004afe80	50	FUN_004afe80	1	0	0	false	false
004afec0	72	FUN_004afec0	1	0	0	false	false
004aff10	69	FUN_004aff10	1	0	0	false	false
004aff60	29	FUN_004aff60	1	0	0	false	false
004aff80	48	FUN_004aff80	3	1	0	false	false
004affb0	37	FUN_004affb0	2	0	0	false	false
004affe0	42	FUN_004affe0	2	0	0	false	false
004b0010	71	FUN_004b0010	0	3	0	false	false
004b0060	160	FUN_004b0060	1	5	0	false	false
004b0100	11	FUN_004b0100	2	0	0	false	false
004b0110	878	FUN_004b0110	1	1	0	false	false
004b0480	535	FUN_004b0480	1	1	0	false	false
004b06a0	247	FUN_004b06a0	1	0	0	false	false
004b07a0	2456	FUN_004b07a0	8	1	16	false	false
004b1140	12	FUN_004b1140	1	0	0	false	false
004b1150	105	FUN_004b1150	3	1	0	false	false
004b11c0	825	FUN_004b11c0	5	1	30	false	false
004b1500	37	FUN_004b1500	0	0	0	false	false
004b1530	1078	FUN_004b1530	1	5	126	false	false
004b1970	9	FUN_004b1970	1	0	0	false	false
004b1980	308	FUN_004b1980	2	1	0	false	false
004b1ac0	561	FUN_004b1ac0	3	1	0	false	false
004b1d00	222	FUN_004b1d00	4	1	0	false	false
004b1de0	180	FUN_004b1de0	2	0	0	false	false
004b1ea0	379	FUN_004b1ea0	6	0	0	false	false
004b2020	104	FUN_004b2020	4	0	0	false	false
004b2090	128	FUN_004b2090	1	0	0	false	false
004b2110	202	FUN_004b2110	1	3	0	false	false
004b21e0	431	FUN_004b21e0	1	1	15	false	false
004b2390	11	FUN_004b2390	1	0	0	false	false
004b23a0	7	FUN_004b23a0	3	0	1	false	false
004b23b0	12	FUN_004b23b0	2	0	0	false	false
004b23c0	148	FUN_004b23c0	2	3	0	false	false
004b2460	424	FUN_004b2460	1	1	30	false	false
004b2610	853	FUN_004b2610	2	5	0	false	false
004b2970	12	FUN_004b2970	3	0	0	false	false
004b2980	1007	FUN_004b2980	1	9	0	false	false
004b2d70	30	FUN_004b2d70	1	0	0	false	false
004b2d90	125	FUN_004b2d90	1	0	0	false	false
004b2e10	5	thunk_FUN_004b2e20	0	0	0	true	false
004b2e20	19	FUN_004b2e20	0	0	3	false	false
004b2e40	14	FUN_004b2e40	2	0	0	false	false
004b2e50	301	FUN_004b2e50	1	0	0	false	false
004b2f80	1201	FUN_004b2f80	3	5	27	false	false
004b3450	46	FUN_004b3450	0	1	0	false	false
004b3480	80	FUN_004b3480	2	1	0	false	false
004b34d0	160	FUN_004b34d0	1	0	9	false	false
004b3570	51	FUN_004b3570	1	0	3	false	false
004b35b0	387	FUN_004b35b0	1	0	18	false	false
004b3740	249	FUN_004b3740	5	1	0	false	false
004b3840	15	FUN_004b3840	2	0	0	false	false
004b3850	15	FUN_004b3850	1	0	0	false	false
004b3860	224	FUN_004b3860	1	1	21	false	false
004b3940	405	FUN_004b3940	3	0	0	false	false
004b3ae0	89	FUN_004b3ae0	6	1	0	false	false
004b3b40	89	FUN_004b3b40	1	1	0	false	false
004b3ba0	89	FUN_004b3ba0	1	1	0	false	false
004b3c00	798	FUN_004b3c00	2	6	0	false	false
004b3f20	103	FUN_004b3f20	1	2	0	false	false
004b3f90	164	FUN_004b3f90	2	1	0	false	false
004b4040	190	FUN_004b4040	1	0	9	false	false
004b4100	125	FUN_004b4100	3	0	0	false	false
004b4180	781	FUN_004b4180	1	2	43	false	false
004b4490	308	FUN_004b4490	1	1	17	false	false
004b45d0	825	FUN_004b45d0	1	2	0	false	false
004b4910	359	FUN_004b4910	2	0	0	false	false
004b4a80	26	FUN_004b4a80	1	0	0	false	false
004b4aa0	1538	FUN_004b4aa0	1	5	36	false	false
004b50b0	613	FUN_004b50b0	2	4	0	false	false
004b5320	32	FUN_004b5320	1	2	0	false	false
004b5340	58	FUN_004b5340	1	0	0	false	false
004b5380	400	FUN_004b5380	1	1	0	false	false
004b5510	271	FUN_004b5510	0	2	0	false	false
004b5620	311	FUN_004b5620	1	3	0	false	false
004b5760	13	FUN_004b5760	1	1	0	false	false
004b5770	1763	FUN_004b5770	1	1	229	false	false
004b5e60	76	FUN_004b5e60	1	0	0	false	false
004b5eb0	44	FUN_004b5eb0	1	0	0	false	false
004b5ee0	165	FUN_004b5ee0	1	2	0	false	false
004b5f90	688	FUN_004b5f90	1	2	0	false	false
004b6240	254	FUN_004b6240	1	7	0	false	false
004b6340	1199	FUN_004b6340	1	0	0	false	false
004b67f0	1195	FUN_004b67f0	1	1	89	false	false
004b6ca0	589	FUN_004b6ca0	1	0	18	false	false
004b6ef0	12	FUN_004b6ef0	1	0	0	false	false
004b6f00	744	FUN_004b6f00	2	0	0	false	false
004b7200	6	FUN_004b7200	1	0	0	false	false
004b7210	665	FUN_004b7210	1	0	0	false	false
004b74b0	6	FUN_004b74b0	3	0	0	false	false
004b74c0	6	FUN_004b74c0	3	0	0	false	false
004b74d0	6	FUN_004b74d0	1	0	0	false	false
004b74e0	6	FUN_004b74e0	1	0	0	false	false
004b74f0	6	FUN_004b74f0	1	0	0	false	false
004b7500	6	FUN_004b7500	1	0	0	false	false
004b7510	6	FUN_004b7510	1	0	0	false	false
004b7520	6	FUN_004b7520	2	0	0	false	false
004b7530	6	FUN_004b7530	1	0	0	false	false
004b7540	6	FUN_004b7540	1	0	0	false	false
004b7550	6	FUN_004b7550	1	0	0	false	false
004b7560	35	FUN_004b7560	24	0	0	false	false
004b7590	35	FUN_004b7590	24	0	0	false	false
004b75c0	69	FUN_004b75c0	2	1	0	false	false
004b7610	14	FUN_004b7610	1	0	0	false	false
004b7620	33	FUN_004b7620	1	1	0	false	false
004b7650	97	FUN_004b7650	1	2	0	false	false
004b76c0	118	FUN_004b76c0	8	2	0	false	false
004b7740	63	FUN_004b7740	1	2	0	false	false
004b7780	6	FUN_004b7780	3	0	0	false	false
004b7790	262	FUN_004b7790	12	7	0	false	false
004b78a0	36	FUN_004b78a0	19	2	0	false	false
004b78d0	59	FUN_004b78d0	10	3	0	false	false
004b7910	45	FUN_004b7910	6	2	0	false	false
004b7940	6	FUN_004b7940	6	0	0	false	false
004b7950	53	FUN_004b7950	2	1	0	false	false
004b7990	6	FUN_004b7990	1	0	0	false	false
004b79a0	54	FUN_004b79a0	10	2	0	false	false
004b79e0	47	FUN_004b79e0	8	2	0	false	false
004b7a10	33	FUN_004b7a10	2	1	0	false	false
004b7a40	40	FUN_004b7a40	1	1	0	false	false
004b7a70	28	FUN_004b7a70	1	0	0	false	false
004b7a90	24	FUN_004b7a90	1	0	0	false	false
004b7ab0	39	FUN_004b7ab0	5	0	0	false	false
004b7ae0	43	FUN_004b7ae0	0	3	0	false	false
004b7b10	5	thunk_FUN_004a28c0	1	0	0	true	false
004b7b20	343	FUN_004b7b20	1	1	31	false	false
004b7c80	17	FUN_004b7c80	12	0	0	false	false
004b7ca0	40	FUN_004b7ca0	1	0	0	false	false
004b7cd0	55	FUN_004b7cd0	8	0	0	false	false
004b7d10	48	FUN_004b7d10	1	0	0	false	false
004b7d40	17	FUN_004b7d40	1	0	0	false	false
004b7d60	58	FUN_004b7d60	1	0	0	false	false
004b7da0	59	FUN_004b7da0	1	0	0	false	false
004b7de0	1164	FUN_004b7de0	1	4	0	false	false
004b8270	480	FUN_004b8270	1	5	0	false	false
004b8450	238	FUN_004b8450	2	1	0	false	false
004b8540	170	FUN_004b8540	0	1	0	false	false
004b85f0	150	FUN_004b85f0	8	0	0	false	false
004b8690	630	FUN_004b8690	1	1	0	false	false
004b8910	388	FUN_004b8910	3	1	0	false	false
004b8aa0	98	FUN_004b8aa0	1	0	0	false	false
004b8b10	127	FUN_004b8b10	2	1	0	false	false
004b8b90	665	FUN_004b8b90	1	1	0	false	false
004b8e30	813	FUN_004b8e30	1	0	15	false	false
004b9170	483	FUN_004b9170	1	0	36	false	false
004b9360	26	FUN_004b9360	1	0	0	false	false
004b9380	56	FUN_004b9380	7	2	0	false	false
004b93c0	1320	FUN_004b93c0	1	5	0	false	false
004b98f0	31	FUN_004b98f0	1	0	0	false	false
004b9910	467	FUN_004b9910	1	8	0	false	false
004b9af0	133	FUN_004b9af0	2	1	0	false	false
004b9b80	158	FUN_004b9b80	1	2	0	false	false
004b9c20	279	FUN_004b9c20	34	0	0	false	false
004b9d40	90	FUN_004b9d40	1	0	27	false	false
004b9da0	279	FUN_004b9da0	32	0	0	false	false
004b9ec0	90	FUN_004b9ec0	2	0	27	false	false
004b9f20	205	FUN_004b9f20	12	0	0	false	false
004b9ff0	153	FUN_004b9ff0	1	0	5	false	false
004ba090	201	FUN_004ba090	4	0	48	false	false
004ba160	335	FUN_004ba160	1	0	48	false	false
004ba2b0	99	FUN_004ba2b0	11	0	0	false	false
004ba320	136	FUN_004ba320	1	0	0	false	false
004ba3b0	135	FUN_004ba3b0	1	2	0	false	false
004ba440	1062	FUN_004ba440	4	1	0	false	false
004ba870	464	FUN_004ba870	1	0	24	false	false
004baa40	306	FUN_004baa40	2	0	0	false	false
004bab80	81	FUN_004bab80	9	0	0	false	false
004babe0	81	FUN_004babe0	5	0	0	false	false
004bac40	30	FUN_004bac40	58	0	0	false	false
004bac60	27	FUN_004bac60	22	0	0	false	false
004bac80	30	FUN_004bac80	25	0	0	false	false
004baca0	30	FUN_004baca0	32	0	0	false	false
004bacc0	30	FUN_004bacc0	24	0	0	false	false
004bace0	27	FUN_004bace0	28	0	0	false	false
004bad00	30	FUN_004bad00	28	0	0	false	false
004bad20	30	FUN_004bad20	28	0	0	false	false
004bad40	196	FUN_004bad40	5	3	6	false	false
004bae10	642	FUN_004bae10	3	0	0	false	false
004bb0a0	472	FUN_004bb0a0	12	0	0	false	false
004bb280	44	FUN_004bb280	1	1	0	false	false
004bb2b0	373	FUN_004bb2b0	1	1	18	false	false
004bb430	131	FUN_004bb430	1	0	0	false	false
004bb4c0	289	FUN_004bb4c0	1	1	18	false	false
004bb5f0	29	FUN_004bb5f0	0	0	0	false	false
004bb610	54	FUN_004bb610	1	1	0	false	false
004bb650	418	FUN_004bb650	2	1	0	false	false
004bb800	69	FUN_004bb800	1	0	6	false	false
004bb850	432	FUN_004bb850	1	4	0	false	false
004bba00	596	FUN_004bba00	7	0	45	false	false
004bbc60	283	FUN_004bbc60	1	0	0	false	false
004bbd80	782	FUN_004bbd80	2	8	0	false	false
004bc090	38	FUN_004bc090	0	0	0	false	false
004bc0c0	69	FUN_004bc0c0	8	0	0	false	false
004bc110	357	FUN_004bc110	3	1	0	false	false
004bc290	305	FUN_004bc290	3	2	0	false	false
004bc3e0	43	FUN_004bc3e0	1	0	0	false	false
004bc410	42	FUN_004bc410	1	0	0	false	false
004bc440	35	FUN_004bc440	1	0	0	false	false
004bc470	24	FUN_004bc470	1	0	0	false	false
004bc490	1496	FUN_004bc490	2	1	0	false	false
004bca70	76	FUN_004bca70	1	2	0	false	false
004bcac0	16	FUN_004bcac0	0	0	0	false	false
004bcad0	12	FUN_004bcad0	1	0	0	false	false
004bcae0	6	FUN_004bcae0	1	0	0	false	false
004bcaf0	181	FUN_004bcaf0	1	1	12	false	false
004bcbb0	97	FUN_004bcbb0	1	1	0	false	false
004bcc20	59	FUN_004bcc20	1	2	0	false	false
004bcc60	534	FUN_004bcc60	2	0	47	false	false
004bce80	253	FUN_004bce80	1	5	0	false	false
004bcf80	82	FUN_004bcf80	0	3	0	false	false
004bcfe0	43	FUN_004bcfe0	1	0	0	false	false
004bd010	237	FUN_004bd010	1	2	0	false	false
004bd100	22	FUN_004bd100	1	1	0	false	false
004bd120	131	FUN_004bd120	1	3	0	false	false
004bd1b0	118	FUN_004bd1b0	1	2	0	false	false
004bd230	19	FUN_004bd230	1	1	0	false	false
004bd250	84	FUN_004bd250	0	0	0	false	false
004bd2b0	268	FUN_004bd2b0	0	6	0	false	false
004bd3c0	56	FUN_004bd3c0	1	1	0	false	false
004bd400	282	FUN_004bd400	1	6	0	false	false
004bd520	399	FUN_004bd520	1	5	0	false	false
004bd6b0	138	FUN_004bd6b0	1	5	0	false	false
004bd740	100	FUN_004bd740	1	2	0	false	false
004bd7b0	241	FUN_004bd7b0	1	3	0	false	false
004bd8b0	9	FUN_004bd8b0	1	0	0	false	false
004bd8c0	31	FUN_004bd8c0	2	2	0	false	false
004bd8e0	58	FUN_004bd8e0	1	3	0	false	false
004bd920	22	FUN_004bd920	3	1	0	false	false
004bd940	31	FUN_004bd940	1	1	0	false	false
004bd960	15	FUN_004bd960	3	1	0	false	false
004bd970	92	FUN_004bd970	1	0	0	false	false
004bd9d0	139	FUN_004bd9d0	2	1	0	false	false
004bda60	102	FUN_004bda60	1	0	0	false	false
004bdad0	80	FUN_004bdad0	1	0	0	false	false
004bdb20	57	FUN_004bdb20	2	0	0	false	false
004bdb60	280	FUN_004bdb60	1	4	0	false	false
004bdc80	126	FUN_004bdc80	0	0	0	false	false
004bdd00	46	FUN_004bdd00	1	0	0	false	false
004bdd30	239	FUN_004bdd30	1	3	0	false	false
004bde20	56	FUN_004bde20	1	0	0	false	false
004bde60	116	FUN_004bde60	0	0	0	false	false
004bdee0	20	FUN_004bdee0	1	1	0	false	false
004bdf00	599	FUN_004bdf00	1	10	0	false	false
004be160	958	FUN_004be160	2	2	0	false	false
004be520	119	FUN_004be520	1	1	0	false	false
004be5a0	177	FUN_004be5a0	2	4	0	false	false
004be660	1350	FUN_004be660	1	5	0	false	false
004bebb0	185	FUN_004bebb0	1	2	0	false	false
004bec70	121	FUN_004bec70	1	3	0	false	false
004becf0	67	FUN_004becf0	1	1	0	false	false
004bed40	70	FUN_004bed40	1	1	0	false	false
004bed90	358	FUN_004bed90	1	5	0	false	false
004bef00	1025	FUN_004bef00	1	2	0	false	false
004bf340	753	FUN_004bf340	1	3	0	false	false
004bf640	1132	FUN_004bf640	1	2	0	false	false
004bfab0	155	FUN_004bfab0	2	0	0	false	false
004bfb50	666	FUN_004bfb50	0	0	0	false	false
004bff90	338	FUN_004bff90	0	0	0	false	false
004c0000	5	FUN_004c0000	0	0	0	false	false
004c0530	1389	FUN_004c0530	0	0	0	false	false
004c0aa0	313	FUN_004c0aa0	2	0	0	false	false
004c0be0	21	FUN_004c0be0	2	1	0	false	false
004c0c00	14	FUN_004c0c00	1	1	0	false	false
004c0c10	116	FUN_004c0c10	3	1	0	false	false
004c0c90	180	FUN_004c0c90	1	0	0	false	false
004c0d50	3212	FUN_004c0d50	1	7	0	false	false
004c1a20	122	FUN_004c1a20	2	1	0	false	false
004c1aa0	306	FUN_004c1aa0	0	0	0	false	false
004c1be0	183	FUN_004c1be0	1	0	0	false	false
004c1ca0	348	FUN_004c1ca0	1	0	0	false	false
004c1e00	858	FUN_004c1e00	1	0	0	false	false
004c3760	56	FUN_004c3760	1	0	0	false	false
004c37a0	1900	FUN_004c37a0	1	2	0	false	false
004c3f40	19	FUN_004c3f40	3	0	0	false	false
004c3f60	157	FUN_004c3f60	1	1	0	false	false
004c4000	1233	FUN_004c4000	2	0	0	false	false
004c44e0	380	FUN_004c44e0	1	1	0	false	false
004c4660	48	FUN_004c4660	1	0	0	false	false
004c4690	298	FUN_004c4690	2	0	0	false	false
004c47c0	917	FUN_004c47c0	1	0	0	false	false
004c4b60	6	DirectDrawCreateEx	5	0	0	true	false
004c4b66	6	DirectDrawEnumerateExA	2	0	0	true	false
004c4b6c	6	Ordinal_1	1	0	0	true	false
004c6670	6	DirectInputCreateEx	1	0	0	true	false
004c6676	6	rand	63	0	0	true	false
004c667c	6	qsort	9	0	0	true	false
004c6682	6	srand	5	0	0	true	false
004c6688	6	puts	5	0	0	true	false
004c668e	6	_stricmp	2	0	0	true	false
004c6694	6	strncpy	8	0	0	true	false
004c669a	6	strncmp	11	0	0	true	false
004c66a0	6	fclose	1	0	0	true	false
004c66a6	6	fopen	1	0	0	true	false
004c66ac	6	fwrite	1	0	0	true	false
004c66b2	6	strchr	9	0	0	true	false
004c66b8	6	_splitpath	3	0	0	true	false
004c66be	6	free	6	0	0	true	false
004c66c4	6	operator_new	12	0	0	true	false
004c66ca	6	operator_delete	23	0	0	true	false
004c66e0	47	FUN_004c66e0	5	0	0	false	false
004c6710	6	_strlwr	2	0	0	true	false
004c6716	6	strrchr	2	0	0	true	false
004c671c	6	_CIasin	1	0	0	true	false
004c6722	6	malloc	3	0	0	true	false
004c6728	6	ftell	1	0	0	true	false
004c672e	6	fprintf	1	0	0	true	false
004c6734	6	_fdopen	1	0	0	true	false
004c673a	6	fread	3	0	0	true	false
004c6740	6	fputc	1	0	0	true	false
004c6746	6	calloc	1	0	0	true	false
004c674c	72	FUN_004c674c	1	0	19	false	false
004c6794	179	FUN_004c6794	1	5	0	false	false
004c6847	17	Catch@004c6847	0	1	0	false	false
004c6858	6	FUN_004c6858	0	0	0	false	false
004c685e	15	FUN_004c685e	1	0	0	false	false
004c686d	164	FUN_004c686d	1	6	0	false	false
004c6911	17	Catch@004c6911	0	1	0	false	false
004c6922	6	FUN_004c6922	0	0	0	false	false
004c6928	15	FUN_004c6928	1	0	0	false	false
004c6937	39	FUN_004c6937	5	1	0	false	false
004c6970	112	FUN_004c6970	1	6	0	false	false
004c69e0	5	thunk_FUN_004c9b03	1	0	0	true	false
004c69e5	61	FUN_004c69e5	1	2	0	false	false
004c6a28	61	FUN_004c6a28	1	2	0	false	false
004c6a65	61	FUN_004c6a65	1	2	0	false	false
004c6aa2	1	FUN_004c6aa2	8	0	0	false	false
004c6aa3	217	FUN_004c6aa3	1	4	0	false	false
004c6b7c	247	FUN_004c6b7c	1	2	0	false	false
004c6c73	658	FUN_004c6c73	1	0	0	false	false
004c6f05	28	FUN_004c6f05	2	2	0	false	false
004c6f21	49	FUN_004c6f21	0	2	0	false	false
004c6f52	30	FUN_004c6f52	1	0	0	false	false
004c6f70	73	FUN_004c6f70	2	0	0	false	false
004c6fb9	68	FUN_004c6fb9	1	1	0	false	false
004c6ffd	149	FUN_004c6ffd	1	3	0	false	false
004c7092	81	FUN_004c7092	1	2	0	false	false
004c70e3	152	FUN_004c70e3	1	1	0	false	false
004c717d	7	FUN_004c717d	1	0	0	false	false
004c7184	1119	FUN_004c7184	1	5	0	false	false
004c75f5	300	FUN_004c75f5	1	3	0	false	false
004c7721	11	FUN_004c7721	4	1	0	false	false
004c772c	217	FUN_004c772c	1	4	0	false	false
004c77f6	15	FUN_004c77f6	0	0	0	false	false
004c7805	6	Catch@004c7805	0	0	0	false	false
004c7913	17	Catch@004c7913	0	1	0	false	false
004c7924	23	FUN_004c7924	0	0	0	false	false
004c796b	573	FUN_004c796b	0	7	4	false	false
004c7ba8	17	Catch@004c7ba8	0	1	0	false	false
004c7bb9	6	FUN_004c7bb9	0	0	0	false	false
004c7bbf	17	FUN_004c7bbf	1	0	0	false	false
004c7bd0	29	FUN_004c7bd0	0	0	0	false	false
004c7c12	29	FUN_004c7c12	0	0	0	false	false
004c7cc4	140	FUN_004c7cc4	0	0	0	false	false
004c7d50	396	FUN_004c7d50	0	3	0	false	false
004c7ed5	726	FUN_004c7ed5	1	4	0	false	false
004c81a9	17	Catch@004c81a9	0	1	0	false	false
004c81ba	25	FUN_004c81ba	0	0	0	false	false
004c85b9	17	Catch@004c85b9	0	1	0	false	false
004c85ca	23	FUN_004c85ca	0	0	0	false	false
004c85e1	159	FUN_004c85e1	0	3	2	false	false
004c8680	17	Catch@004c8680	0	1	0	false	false
004c8691	6	FUN_004c8691	0	0	0	false	false
004c8697	17	FUN_004c8697	1	0	0	false	false
004c86e1	21	FUN_004c86e1	1	1	0	false	false
004c86f6	640	FUN_004c86f6	1	3	0	false	false
004c897c	155	FUN_004c897c	1	1	4	false	false
004c8a18	390	FUN_004c8a18	1	1	0	false	false
004c8ba0	495	FUN_004c8ba0	1	1	0	false	false
004c8d92	116	FUN_004c8d92	1	7	0	false	false
004c8e06	333	FUN_004c8e06	2	3	0	false	false
004c8f55	348	FUN_004c8f55	1	7	0	false	false
004c90b1	566	FUN_004c90b1	1	4	0	false	false
004c92eb	343	FUN_004c92eb	1	2	0	false	false
004c9442	22	FUN_004c9442	0	0	0	false	false
004c9458	277	FUN_004c9458	3	2	0	false	false
004c959a	60	FUN_004c959a	0	0	0	false	false
004c95f9	53	FUN_004c95f9	0	0	0	false	false
004c9638	79	FUN_004c9638	1	2	0	false	false
004c9687	617	FUN_004c9687	1	3	0	false	false
004c98f0	22	FUN_004c98f0	2	0	0	false	false
004c9906	63	FUN_004c9906	1	3	0	false	false
004c9945	5	thunk_FUN_004c9b03	1	0	0	true	false
004c994a	13	FUN_004c994a	3	0	0	false	false
004c9957	7	FUN_004c9957	1	0	0	false	false
004c995e	7	FUN_004c995e	1	0	0	false	false
004c9965	414	FUN_004c9965	1	6	0	false	false
004c9b03	91	FUN_004c9b03	2	2	0	false	false
004c9b5e	38	FUN_004c9b5e	10	2	0	false	false
004c9b84	4	FUN_004c9b84	2	0	0	false	false
004c9b88	211	FUN_004c9b88	6	5	0	false	false
004c9c5b	50	FUN_004c9c5b	6	0	0	false	false
004c9c8d	52	FUN_004c9c8d	3	2	0	false	false
004c9cc1	84	FUN_004c9cc1	7	2	0	false	false
004c9d15	16	FUN_004c9d15	3	1	0	false	false
004c9d25	53	FUN_004c9d25	7	2	0	false	false
004c9d5a	73	FUN_004c9d5a	4	2	0	false	false
004c9da3	53	FUN_004c9da3	3	2	0	false	false
004c9dd8	73	FUN_004c9dd8	4	2	0	false	false
004c9e21	50	FUN_004c9e21	4	3	0	false	false
004c9e53	94	FUN_004c9e53	6	4	0	false	false
004c9eb1	144	FUN_004c9eb1	3	0	0	false	false
004c9f41	127	FUN_004c9f41	2	0	0	false	false
004c9fc0	121	FUN_004c9fc0	1	4	0	false	false
004ca039	11	FUN_004ca039	1	1	0	false	false
004ca044	384	FUN_004ca044	2	2	0	false	false
004ca1c4	25	FUN_004ca1c4	2	0	0	false	false
004ca1dd	192	FUN_004ca1dd	2	1	0	false	false
004ca29d	34	FUN_004ca29d	3	0	0	false	false
004ca2bf	427	FUN_004ca2bf	2	2	0	false	false
004ca46a	152	FUN_004ca46a	1	1	0	false	false
004ca504	25	FUN_004ca504	0	0	0	false	false
004ca51d	1559	FUN_004ca51d	1	18	0	false	false
004cab39	66	FUN_004cab39	0	1	0	false	false
004cab7b	50	FUN_004cab7b	2	2	0	false	false
004cabd5	98	FUN_004cabd5	0	0	0	false	false
004cac37	117	FUN_004cac37	1	3	0	false	false
004cacac	11	FUN_004cacac	1	1	0	false	false
004cacb7	3	FUN_004cacb7	1	0	0	false	false
004cacba	1377	FUN_004cacba	1	3	0	false	false
004cb21b	17	Catch@004cb21b	0	1	0	false	false
004cb22c	3	FUN_004cb22c	0	0	0	false	false
004cb22f	15	FUN_004cb22f	1	0	0	false	false
004cb23e	530	FUN_004cb23e	0	0	0	false	false
004cb450	143	FUN_004cb450	0	0	0	false	false
004cb4df	60	FUN_004cb4df	0	0	0	false	false
004cb51b	59	FUN_004cb51b	0	0	0	false	false
004cb556	100	FUN_004cb556	0	0	0	false	false
004cb5ba	58	FUN_004cb5ba	0	0	0	false	false
004cb5f4	102	FUN_004cb5f4	0	0	0	false	false
004cb65a	95	FUN_004cb65a	0	0	0	false	false
004cb6b9	22	FUN_004cb6b9	0	0	0	false	false
004cb6cf	70	FUN_004cb6cf	0	0	0	false	false
004cb715	90	FUN_004cb715	0	0	0	false	false
004cb76f	67	FUN_004cb76f	0	0	0	false	false
004cb7b2	159	FUN_004cb7b2	0	0	0	false	false
004cb851	89	FUN_004cb851	0	0	0	false	false
004cb8aa	142	FUN_004cb8aa	0	0	0	false	false
004cb938	145	FUN_004cb938	0	0	0	false	false
004cb9c9	94	FUN_004cb9c9	0	0	0	false	false
004cba27	126	FUN_004cba27	0	0	0	false	false
004cbaa5	131	FUN_004cbaa5	0	0	0	false	false
004cbb28	135	FUN_004cbb28	0	1	0	false	false
004cbbaf	157	FUN_004cbbaf	0	0	0	false	false
004cbc4c	116	FUN_004cbc4c	0	0	0	false	false
004cbcc0	73	FUN_004cbcc0	0	1	0	false	false
004cbd09	106	FUN_004cbd09	0	0	0	false	false
004cbd73	145	FUN_004cbd73	0	0	0	false	false
004cbe04	110	FUN_004cbe04	0	0	0	false	false
004cbe72	137	FUN_004cbe72	0	0	0	false	false
004cbefb	136	FUN_004cbefb	0	0	0	false	false
004cbf83	89	FUN_004cbf83	0	0	0	false	false
004cbfdc	118	FUN_004cbfdc	0	0	0	false	false
004cc052	139	FUN_004cc052	0	0	0	false	false
004cc0dd	102	FUN_004cc0dd	0	0	0	false	false
004cc143	131	FUN_004cc143	0	0	0	false	false
004cc1c6	101	FUN_004cc1c6	0	0	0	false	false
004cc22b	97	FUN_004cc22b	0	0	0	false	false
004cc28c	88	FUN_004cc28c	0	0	0	false	false
004cc2e4	88	FUN_004cc2e4	0	0	0	false	false
004cc33c	56	FUN_004cc33c	0	0	0	false	false
004cc374	66	FUN_004cc374	0	0	0	false	false
004cc3b6	103	FUN_004cc3b6	0	0	0	false	false
004cc41d	100	FUN_004cc41d	0	0	0	false	false
004cc481	88	FUN_004cc481	0	0	0	false	false
004cc4d9	94	FUN_004cc4d9	0	1	0	false	false
004cc537	74	FUN_004cc537	0	1	0	false	false
004cc581	156	FUN_004cc581	0	1	0	false	false
004cc61d	142	FUN_004cc61d	0	0	0	false	false
004cc6ab	118	FUN_004cc6ab	0	0	0	false	false
004cc721	129	FUN_004cc721	0	0	0	false	false
004cc7a2	51	FUN_004cc7a2	0	0	0	false	false
004cc7d5	98	FUN_004cc7d5	0	0	0	false	false
004cc837	152	FUN_004cc837	0	0	0	false	false
004cc8cf	89	FUN_004cc8cf	0	0	0	false	false
004cc928	134	FUN_004cc928	0	0	0	false	false
004cc9ae	94	FUN_004cc9ae	0	0	0	false	false
004cca0c	56	FUN_004cca0c	0	0	0	false	false
004cca44	71	FUN_004cca44	0	0	0	false	false
004cca8b	148	FUN_004cca8b	0	1	0	false	false
004ccb1f	245	FUN_004ccb1f	4	1	19	false	false
004ccc14	135	FUN_004ccc14	0	1	0	false	false
004ccc9b	242	FUN_004ccc9b	2	1	35	false	false
004ccd8d	140	FUN_004ccd8d	0	1	0	false	false
004cce19	174	FUN_004cce19	0	1	0	false	false
004ccec7	130	FUN_004ccec7	0	1	0	false	false
004ccf49	162	FUN_004ccf49	0	1	0	false	false
004ccfeb	50	FUN_004ccfeb	3	1	0	false	false
004cd01d	1189	FUN_004cd01d	2	6	120	false	false
004cd4c2	52	FUN_004cd4c2	2	0	4	false	false
004cd4f6	167	FUN_004cd4f6	1	0	66	false	false
004cd59d	154	FUN_004cd59d	1	4	0	false	false
004cd637	55	FUN_004cd637	1	1	3	false	false
004cd66e	63	FUN_004cd66e	2	0	0	false	false
004cd6ad	82	FUN_004cd6ad	2	0	0	false	false
004cd6ff	311	FUN_004cd6ff	1	0	69	false	false
004cd836	109	FUN_004cd836	1	1	0	false	false
004cd8a3	234	FUN_004cd8a3	3	1	0	false	false
004cd98d	87	FUN_004cd98d	1	1	0	false	false
004cd9e4	74	FUN_004cd9e4	1	1	0	false	false
004cda2e	288	FUN_004cda2e	1	3	14	false	false
004cdb4e	279	FUN_004cdb4e	1	1	0	false	false
004cdc65	167	FUN_004cdc65	1	3	0	false	false
004cdd0c	132	FUN_004cdd0c	1	0	0	false	false
004cdd90	135	FUN_004cdd90	1	0	0	false	false
004cde17	116	FUN_004cde17	1	2	0	false	false
004cde8b	38	FUN_004cde8b	1	1	0	false	false
004cdeb1	184	FUN_004cdeb1	1	3	0	false	false
004cdf69	288	FUN_004cdf69	1	3	0	false	false
004ce089	35	FUN_004ce089	1	0	0	false	false
004ce0ac	183	FUN_004ce0ac	3	3	0	false	false
004ce163	83	FUN_004ce163	1	2	0	false	false
004ce1b6	62	FUN_004ce1b6	1	0	0	false	false
004ce1f4	56	FUN_004ce1f4	1	0	0	false	false
004ce22c	327	FUN_004ce22c	1	2	0	false	false
004ce373	127	FUN_004ce373	1	1	0	false	false
004ce3f2	152	FUN_004ce3f2	1	5	0	false	false
004ce48a	652	FUN_004ce48a	1	13	0	false	false
004ce716	663	FUN_004ce716	1	12	0	false	false
004ce9ad	30	FUN_004ce9ad	1	2	0	false	false
004ce9cb	105	FUN_004ce9cb	3	7	0	false	false
004cea34	182	FUN_004cea34	1	4	0	false	false
004ceaea	403	FUN_004ceaea	1	4	0	false	false
004cec7d	136	FUN_004cec7d	1	4	0	false	false
004ced05	244	FUN_004ced05	1	6	0	false	false
004cedf9	242	FUN_004cedf9	2	8	0	false	false
004ceeeb	315	FUN_004ceeeb	1	10	0	false	false
004cf026	6	acmStreamOpen	1	0	0	true	false
004cf02c	6	acmDriverOpen	3	0	0	true	false
004cf032	6	acmStreamConvert	1	0	0	true	false
004cf038	6	acmStreamPrepareHeader	1	0	0	true	false
004cf03e	6	acmStreamClose	1	0	0	true	false
004cf044	6	acmDriverClose	2	0	0	true	false
004cf04a	6	acmFormatEnumA	2	0	0	true	false
004cf050	6	acmMetrics	2	0	0	true	false
004cf056	6	acmDriverEnum	1	0	0	true	false
004cf060	142	FUN_004cf060	0	4	0	false	false
004cf0f0	69	FUN_004cf0f0	1	1	0	false	false
004cf140	273	FUN_004cf140	2	9	0	false	false
004cf260	302	FUN_004cf260	2	2	0	false	false
004cf390	24	FUN_004cf390	1	1	0	false	false
004cf3b0	53	FUN_004cf3b0	1	1	0	false	false
004cf3f0	35	FUN_004cf3f0	1	1	0	false	false
004cf420	42	FUN_004cf420	1	1	0	false	false
004cf450	28	FUN_004cf450	1	2	0	false	false
004cf470	90	FUN_004cf470	1	1	0	false	false
004cf4d0	88	FUN_004cf4d0	1	1	0	false	false
004cf530	29	FUN_004cf530	1	2	0	false	false
004cf550	86	FUN_004cf550	1	1	0	false	false
004cf5b0	173	FUN_004cf5b0	1	6	0	false	false
004cf660	224	FUN_004cf660	1	6	0	false	false
004cf740	229	FUN_004cf740	1	6	0	false	false
004cf830	167	FUN_004cf830	1	7	0	false	false
004cf8e0	232	FUN_004cf8e0	1	6	0	false	false
004cf9d0	52	FUN_004cf9d0	1	2	0	false	false
004cfa10	280	FUN_004cfa10	1	6	0	false	false
004cfb30	344	FUN_004cfb30	1	6	0	false	false
004cfc90	386	FUN_004cfc90	1	5	0	false	false
004cfe20	45	FUN_004cfe20	1	1	0	false	false
004cfe50	38	FUN_004cfe50	1	1	0	false	false
004cfe80	356	FUN_004cfe80	1	8	0	false	false
004cfff0	385	FUN_004cfff0	1	5	0	false	false
004d0180	154	FUN_004d0180	1	4	0	false	false
004d0220	14	FUN_004d0220	2	0	0	false	false
004d0230	71	FUN_004d0230	4	5	0	false	false
004d0280	47	FUN_004d0280	4	1	0	false	false
004d02d0	41	FUN_004d02d0	5	1	0	false	false
004d0300	15	FUN_004d0300	2	0	0	false	false
004d0310	83	FUN_004d0310	1	0	0	false	false
004d0370	64	FUN_004d0370	1	0	0	false	false
004d03b0	64	FUN_004d03b0	1	0	0	false	false
004d03f0	115	FUN_004d03f0	1	0	0	false	false
004d0470	135	FUN_004d0470	1	0	0	false	false
004d0500	114	FUN_004d0500	1	0	0	false	false
004d0580	6	FUN_004d0580	5	0	0	false	false
004d0590	12	FUN_004d0590	1	0	0	false	false
004d05a0	38	FUN_004d05a0	0	1	0	false	false
004d05d0	24	FUN_004d05d0	0	1	0	false	false
004d05f0	41	FUN_004d05f0	3	0	0	false	false
004d0620	208	FUN_004d0620	3	4	0	false	false
004d06f0	14	FUN_004d06f0	2	0	0	false	false
004d0700	97	FUN_004d0700	2	2	0	false	false
004d0770	6	FUN_004d0770	1	0	0	false	false
004d0780	152	FUN_004d0780	1	8	0	false	false
004d0820	18	FUN_004d0820	0	1	0	false	false
004d0840	142	FUN_004d0840	1	4	0	false	false
004d08d0	375	FUN_004d08d0	1	25	0	false	false
004d0a50	36	FUN_004d0a50	0	3	0	false	false
004d0a80	282	FUN_004d0a80	0	12	1	false	false
004d0ba0	386	FUN_004d0ba0	0	15	0	false	false
004d0d30	360	FUN_004d0d30	0	5	4	false	false
004d0ea0	477	FUN_004d0ea0	0	11	1	false	false
004d1080	742	FUN_004d1080	0	13	1	false	false
004d1370	623	FUN_004d1370	0	12	1	false	false
004d15e0	1191	FUN_004d15e0	0	67	0	false	false
004d1a90	165	FUN_004d1a90	0	13	0	false	false
004d1b40	84	FUN_004d1b40	0	7	0	false	false
004d1ba0	141	FUN_004d1ba0	0	7	0	false	false
004d1c30	87	FUN_004d1c30	0	5	0	false	false
004d1c90	38	FUN_004d1c90	0	2	0	false	false
004d1cc0	327	FUN_004d1cc0	0	15	0	false	false
004d1e10	119	FUN_004d1e10	0	5	0	false	false
004d1e90	474	FUN_004d1e90	0	28	0	false	false
004d2070	80	FUN_004d2070	3	2	0	false	false
004d20c0	11	FUN_004d20c0	1	1	0	false	false
004d20d0	6	FUN_004d20d0	1	0	0	false	false
004d20e0	6	FUN_004d20e0	17	0	0	false	false
004d20f0	6	FUN_004d20f0	0	0	0	false	false
004d2100	144	FUN_004d2100	0	1	0	false	false
004d2190	6	FUN_004d2190	2	0	0	false	false
004d21a0	6	FUN_004d21a0	6	0	0	false	false
004d21b0	6	FUN_004d21b0	1	0	0	false	false
004d21c0	17	FUN_004d21c0	1	0	0	false	false
004d21e0	404	FUN_004d21e0	3	11	0	false	false
004d2380	527	FUN_004d2380	1	8	0	false	false
004d2590	468	FUN_004d2590	1	4	0	false	false
004d2790	46	FUN_004d2790	1	1	0	false	false
004d27c0	12	FUN_004d27c0	0	0	0	false	false
004d27d0	6	FUN_004d27d0	5	0	0	false	false
004d27e0	220	FUN_004d27e0	5	1	0	false	false
004d28c0	771	FUN_004d28c0	1	3	21	false	false
004d2bd0	246	FUN_004d2bd0	2	0	0	false	false
004d2cd0	1674	FUN_004d2cd0	11	5	0	false	false
004d3360	1594	FUN_004d3360	12	4	0	false	false
004d39a0	1246	FUN_004d39a0	1	3	0	false	false
004d3e80	282	FUN_004d3e80	2	3	0	false	false
004d3fa0	146	FUN_004d3fa0	19	1	0	false	false
004d4040	129	FUN_004d4040	4	3	0	false	false
004d40d0	267	FUN_004d40d0	33	4	0	false	false
004d41e0	364	FUN_004d41e0	53	5	0	false	false
004d4350	138	FUN_004d4350	1	1	0	false	false
004d43e0	127	FUN_004d43e0	0	4	0	false	false
004d4460	335	FUN_004d4460	22	4	0	false	false
004d45b0	1511	FUN_004d45b0	27	8	0	false	false
004d4ba0	146	FUN_004d4ba0	0	6	0	false	false
004d4c40	170	FUN_004d4c40	0	7	0	false	false
004d4cf0	669	FUN_004d4cf0	0	9	0	false	false
004d4f90	270	FUN_004d4f90	1	2	0	false	false
004d50a0	2601	FUN_004d50a0	0	15	0	false	false
004d5ad0	450	FUN_004d5ad0	0	2	6	false	false
004d5ca0	319	FUN_004d5ca0	0	5	0	false	false
004d5de0	445	FUN_004d5de0	2	2	0	false	false
004d5fb0	695	FUN_004d5fb0	0	9	0	false	false
004d6290	300	FUN_004d6290	0	7	0	false	false
004d63e0	122	FUN_004d63e0	0	5	0	false	false
004d6460	313	FUN_004d6460	0	8	0	false	false
004d65c0	683	FUN_004d65c0	1	3	0	false	false
004d6870	482	FUN_004d6870	1	5	0	false	false
004d6a60	1163	FUN_004d6a60	0	17	0	false	false
004d6f10	1131	FUN_004d6f10	0	15	0	false	false
004d7380	967	FUN_004d7380	0	10	0	false	false
004d7750	1197	FUN_004d7750	0	8	0	false	false
004d7c00	374	FUN_004d7c00	2	1	0	false	false
004d7db0	1399	FUN_004d7db0	0	18	0	false	false
004d8330	334	FUN_004d8330	2	2	0	false	false
004d8480	1220	FUN_004d8480	0	15	0	false	false
004d8950	1399	FUN_004d8950	0	18	0	false	false
004d8ed0	1405	FUN_004d8ed0	0	14	0	false	false
004d9450	1060	FUN_004d9450	0	7	0	false	false
004d9880	414	FUN_004d9880	0	10	0	false	false
004d9a40	137	FUN_004d9a40	0	7	0	false	false
004d9ad0	355	FUN_004d9ad0	0	8	0	false	false
004d9c40	2529	FUN_004d9c40	0	21	0	false	false
004da630	216	FUN_004da630	0	7	0	false	false
004da710	2172	FUN_004da710	0	11	0	false	false
004daf90	2217	FUN_004daf90	0	11	0	false	false
004db850	1322	FUN_004db850	0	8	0	false	false
004dbd80	2436	FUN_004dbd80	1	16	0	false	false
004dc710	147	FUN_004dc710	0	6	0	false	false
004dc7b0	382	FUN_004dc7b0	0	7	0	false	false
004dc930	1224	FUN_004dc930	0	13	0	false	false
004dce00	1685	FUN_004dce00	0	12	0	false	false
004dd4b0	3221	FUN_004dd4b0	0	30	0	false	false
004de170	84	FUN_004de170	10	1	0	false	false
004de1d0	2651	FUN_004de1d0	0	13	0	false	false
004dec30	329	FUN_004dec30	0	9	0	false	false
004ded80	1679	FUN_004ded80	0	9	0	false	false
004df410	2541	FUN_004df410	0	9	0	false	false
004dfe20	2321	FUN_004dfe20	0	15	0	false	false
004e0770	2721	FUN_004e0770	0	11	0	false	false
004e1230	1584	FUN_004e1230	0	10	0	false	false
004e1890	141	FUN_004e1890	0	6	0	false	false
004e1920	1094	FUN_004e1920	0	9	0	false	false
004e1d70	565	FUN_004e1d70	0	10	0	false	false
004e1fb0	141	FUN_004e1fb0	0	6	0	false	false
004e2040	156	FUN_004e2040	0	6	0	false	false
004e20e0	1043	FUN_004e20e0	0	12	0	false	false
004e2500	141	FUN_004e2500	0	6	0	false	false
004e2590	122	FUN_004e2590	0	5	0	false	false
004e2610	1180	FUN_004e2610	0	9	0	false	false
004e2ab0	131	FUN_004e2ab0	0	6	0	false	false
004e2b40	599	FUN_004e2b40	0	5	0	false	false
004e2da0	174	FUN_004e2da0	0	3	0	false	false
004e2e50	991	FUN_004e2e50	1	5	0	false	false
004e3230	271	FUN_004e3230	0	8	0	false	false
004e3340	1845	FUN_004e3340	0	10	0	false	false
004e3a80	1697	FUN_004e3a80	0	11	0	false	false
004e4130	1047	FUN_004e4130	0	6	0	false	false
004e454b	865	FUN_004e454b	0	9	0	false	false
004e48b0	1796	FUN_004e48b0	0	13	0	false	false
004e4fc0	1634	FUN_004e4fc0	0	12	0	false	false
004e5630	1632	FUN_004e5630	0	13	0	false	false
004e5c90	1854	FUN_004e5c90	0	12	0	false	false
004e63d0	1708	FUN_004e63d0	0	13	0	false	false
004e6a80	1684	FUN_004e6a80	0	10	0	false	false
004e7120	1602	FUN_004e7120	0	11	0	false	false
004e7770	12	FUN_004e7770	0	0	0	false	false
004e7780	43	FUN_004e7780	2	0	0	false	false
004e77b0	12	FUN_004e77b0	2	0	0	false	false
004e77c0	1788	FUN_004e77c0	0	12	0	false	false
004e7ed0	1552	FUN_004e7ed0	0	10	0	false	false
004e8500	1600	FUN_004e8500	0	10	0	false	false
004e8b60	1394	FUN_004e8b60	0	10	0	false	false
004e90f0	1487	FUN_004e90f0	0	10	0	false	false
004e96d0	311	FUN_004e96d0	0	7	0	false	false
004e9820	357	FUN_004e9820	0	8	0	false	false
004e9990	1199	FUN_004e9990	0	11	0	false	false
004e9e40	292	FUN_004e9e40	1	19	0	false	false
004e9f70	1226	FUN_004e9f70	0	127	0	false	false
004ea470	11	FUN_004ea470	1	0	0	false	false
004ea480	122	FUN_004ea480	15	2	0	false	false
004ea500	6	FUN_004ea500	2	0	0	false	false
004ea510	148	FUN_004ea510	0	11	0	false	false
004ea5b0	12	FUN_004ea5b0	0	1	0	false	false
004ea5c0	12	FUN_004ea5c0	2	0	0	false	false
004ea5d0	6	FUN_004ea5d0	1	0	0	false	false
004ea5e0	602	FUN_004ea5e0	0	10	0	false	false
004ea840	61	FUN_004ea840	0	4	0	false	false
004ea880	6	FUN_004ea880	0	0	0	false	false
004ea890	12	FUN_004ea890	0	0	0	false	false
004ea8a0	26	FUN_004ea8a0	0	0	0	false	false
004ea8c0	32	FUN_004ea8c0	6	0	0	false	false
004ea8e0	51	FUN_004ea8e0	11	0	0	false	false
004ea920	6	FUN_004ea920	2	0	0	false	false
004ea930	29	FUN_004ea930	4	0	0	false	false
004ea950	32	FUN_004ea950	5	0	0	false	false
004ea970	32	FUN_004ea970	1	0	0	false	false
004ea990	38	FUN_004ea990	4	0	0	false	false
004ea9c0	44	FUN_004ea9c0	0	0	0	false	false
004ea9f0	12	FUN_004ea9f0	2	1	0	false	false
004eaa00	6	FUN_004eaa00	1	0	0	false	false
004eaa10	32	FUN_004eaa10	1	0	0	false	false
004eaa30	3	FUN_004eaa30	2	0	0	false	false
004eaa40	28	FUN_004eaa40	1	0	0	false	false
004eaa60	29	FUN_004eaa60	1	0	0	false	false
004eaa80	12	FUN_004eaa80	0	0	0	false	false
004eaa90	29	FUN_004eaa90	1	0	0	false	false
004eaab0	12	FUN_004eaab0	0	0	0	false	false
004eaac0	25	FUN_004eaac0	0	0	0	false	false
004eaae0	56	FUN_004eaae0	1	0	0	false	false
004eab20	32	FUN_004eab20	1	0	0	false	false
004eab40	62	FUN_004eab40	0	0	0	false	false
004eab80	27	FUN_004eab80	1	0	0	false	false
004eaba0	25	FUN_004eaba0	0	0	0	false	false
004eabc0	135	FUN_004eabc0	0	2	0	false	false
004eac50	47	FUN_004eac50	2	1	0	false	false
004eac80	29	FUN_004eac80	1	0	0	false	false
004eaca0	6	FUN_004eaca0	2	0	0	false	false
004eacb0	29	FUN_004eacb0	0	0	0	false	false
004eacd0	32	FUN_004eacd0	0	0	0	false	false
004eacf0	12	FUN_004eacf0	0	0	0	false	false
004ead00	12	FUN_004ead00	0	0	0	false	false
004ead10	150	FUN_004ead10	0	9	0	false	false
004eadb0	141	FUN_004eadb0	1	2	0	false	false
004eae40	78	FUN_004eae40	1	2	0	false	false
004eae90	246	FUN_004eae90	4	3	0	false	false
004eaf90	101	FUN_004eaf90	2	1	0	false	false
004eb000	190	FUN_004eb000	8	3	0	false	false
004eb0c0	147	FUN_004eb0c0	10	2	0	false	false
004eb160	155	FUN_004eb160	1	4	0	false	false
004eb200	129	FUN_004eb200	1	2	0	false	false
004eb290	78	FUN_004eb290	1	3	0	false	false
004eb2e0	83	FUN_004eb2e0	3	2	0	false	false
004eb340	34	FUN_004eb340	3	2	0	false	false
004eb370	110	FUN_004eb370	1	2	0	false	false
004eb3e0	93	FUN_004eb3e0	0	1	0	false	false
004eb440	6	FUN_004eb440	5	0	0	false	false
004eb450	19	FUN_004eb450	2	0	0	false	false
004eb470	61	FUN_004eb470	0	1	0	false	false
004eb4b0	15	FUN_004eb4b0	2	1	0	false	false
004eb4c0	513	FUN_004eb4c0	2	6	0	false	false
004eb6d0	45	FUN_004eb6d0	0	1	0	false	false
004eb700	344	FUN_004eb700	1	11	0	false	false
004eb860	500	FUN_004eb860	6	2	0	false	false
004eba60	97	FUN_004eba60	1	1	0	false	false
004ebad0	402	FUN_004ebad0	1	1	0	false	false
004ebcd0	134	FUN_004ebcd0	1	1	0	false	false
004ebd60	166	FUN_004ebd60	3	0	0	false	false
004ebe10	101	FUN_004ebe10	1	1	0	false	false
004ebe80	51	FUN_004ebe80	3	0	0	false	false
004ebec0	17	FUN_004ebec0	0	1	0	false	false
004ebee0	57	FUN_004ebee0	1	2	0	false	false
004ebf20	166	FUN_004ebf20	6	2	0	false	false
004ebfd0	36	FUN_004ebfd0	1	0	0	false	false
004ec000	17	FUN_004ec000	2	1	0	false	false
004ec020	103	FUN_004ec020	0	0	0	false	false
004ec090	115	FUN_004ec090	1	0	0	false	false
004ec110	135	FUN_004ec110	0	0	0	false	false
004ec1a0	110	FUN_004ec1a0	0	1	0	false	false
004ec210	74	FUN_004ec210	1	3	0	false	false
004ec260	80	FUN_004ec260	3	3	0	false	false
004ec2b0	111	FUN_004ec2b0	2	4	0	false	false
004ec320	155	FUN_004ec320	2	2	0	false	false
004ec3c0	150	FUN_004ec3c0	1	1	0	false	false
004ec460	235	FUN_004ec460	7	9	0	false	false
004ec560	375	FUN_004ec560	1	22	0	false	false
004ec6f0	413	FUN_004ec6f0	1	25	0	false	false
004ec8d0	85	FUN_004ec8d0	7	3	0	false	false
004ec930	103	FUN_004ec930	0	13	0	false	false
004ec9a0	110	FUN_004ec9a0	0	8	0	false	false
004eca10	69	FUN_004eca10	3	4	0	false	false
004eca60	130	FUN_004eca60	0	3	0	false	false
004ecaf0	619	FUN_004ecaf0	0	10	0	false	false
004ecd60	315	FUN_004ecd60	0	19	0	false	false
004ecea0	212	FUN_004ecea0	0	13	0	false	false
004ecf80	31	FUN_004ecf80	0	3	0	false	false
004ecfa0	37	FUN_004ecfa0	0	2	0	false	false
004ecfd0	296	FUN_004ecfd0	0	9	0	false	false
004ed100	561	FUN_004ed100	0	7	0	false	false
004ed340	419	FUN_004ed340	0	20	0	false	false
004ed500	48	FUN_004ed500	0	4	0	false	false
004ed530	221	FUN_004ed530	0	6	0	false	false
004ed610	525	FUN_004ed610	0	25	0	false	false
004ed840	742	FUN_004ed840	0	17	0	false	false
004edb30	30	FUN_004edb30	0	3	0	false	false
004edb50	6	FUN_004edb50	1	0	0	false	false
004edb60	13	FUN_004edb60	0	2	0	false	false
004edb70	291	FUN_004edb70	0	5	0	false	false
004edca0	162	FUN_004edca0	0	3	0	false	false
004edd50	178	FUN_004edd50	0	7	0	false	false
004ede10	209	FUN_004ede10	0	4	0	false	false
004edef0	412	FUN_004edef0	0	7	0	false	false
004ee090	219	FUN_004ee090	0	8	0	false	false
004ee170	739	FUN_004ee170	1	9	0	false	false
004ee460	405	FUN_004ee460	0	6	0	false	false
004ee600	214	FUN_004ee600	0	8	0	false	false
004ee6e0	365	FUN_004ee6e0	1	5	0	false	false
004ee850	341	FUN_004ee850	0	5	0	false	false
004ee9b0	254	FUN_004ee9b0	0	10	0	false	false
004eeab0	381	FUN_004eeab0	0	5	0	false	false
004eec30	8	FUN_004eec30	0	1	0	false	false
004eec40	265	FUN_004eec40	0	9	0	false	false
004eed50	44	FUN_004eed50	0	3	0	false	false
004eed80	217	FUN_004eed80	0	3	0	false	false
004eee60	207	FUN_004eee60	0	17	0	false	false
004eef30	119	FUN_004eef30	0	4	0	false	false
004eefb0	34	FUN_004eefb0	0	3	0	false	false
004eefe0	30	FUN_004eefe0	0	3	0	false	false
004ef000	35	FUN_004ef000	0	3	0	false	false
004ef030	274	FUN_004ef030	0	4	0	false	false
004ef150	62	FUN_004ef150	0	0	0	false	false
004ef190	222	FUN_004ef190	2	3	0	false	false
004ef270	135	FUN_004ef270	0	12	0	false	false
004ef300	268	FUN_004ef300	0	7	0	false	false
004ef410	11	FUN_004ef410	0	0	0	false	false
004ef420	83	FUN_004ef420	0	7	0	false	false
004ef480	26	FUN_004ef480	1	0	0	false	false
004ef4a0	17	FUN_004ef4a0	1	0	0	false	false
004ef4c0	30	FUN_004ef4c0	0	1	0	false	false
004ef4e0	168	FUN_004ef4e0	0	3	0	false	false
004ef590	71	FUN_004ef590	0	6	0	false	false
004ef5e0	14	FUN_004ef5e0	0	1	0	false	false
004ef5f0	10	FUN_004ef5f0	0	1	0	false	false
004ef600	296	FUN_004ef600	0	9	0	false	false
004ef740	116	FUN_004ef740	0	7	0	false	false
004ef7c0	297	FUN_004ef7c0	0	17	0	false	false
004ef8f0	62	FUN_004ef8f0	0	3	0	false	false
004ef930	30	FUN_004ef930	0	3	0	false	false
004ef950	15	FUN_004ef950	0	1	0	false	false
004ef960	16	FUN_004ef960	0	1	0	false	false
004ef970	357	FUN_004ef970	0	10	0	false	false
004efb20	46	FUN_004efb20	0	4	0	false	false
004efb50	27	FUN_004efb50	0	3	0	false	false
004efb70	585	FUN_004efb70	0	12	0	false	false
004efdc0	14	FUN_004efdc0	0	2	0	false	false
004efdd0	14	FUN_004efdd0	0	2	0	false	false
004efde0	116	FUN_004efde0	0	8	0	false	false
004efe60	492	FUN_004efe60	2	10	0	false	false
004f0050	62	FUN_004f0050	0	3	0	false	false
004f0090	113	FUN_004f0090	0	8	0	false	false
004f0110	164	FUN_004f0110	0	12	0	false	false
004f01c0	121	FUN_004f01c0	0	8	0	false	false
004f0250	119	FUN_004f0250	0	5	0	false	false
004f02e0	258	FUN_004f02e0	2	7	0	false	false
004f03f0	386	FUN_004f03f0	0	13	0	false	false
004f0580	118	FUN_004f0580	0	5	0	false	false
004f0600	17	FUN_004f0600	0	2	0	false	false
004f0620	444	FUN_004f0620	0	1	0	false	false
004f07e0	52	FUN_004f07e0	0	3	0	false	false
004f0820	297	FUN_004f0820	0	19	0	false	false
004f0960	327	FUN_004f0960	0	22	0	false	false
004f0ac0	374	FUN_004f0ac0	2	21	0	false	false
004f0c40	15	FUN_004f0c40	0	1	0	false	false
004f0c50	194	FUN_004f0c50	0	14	0	false	false
004f0d30	103	FUN_004f0d30	0	6	0	false	false
004f0da0	183	FUN_004f0da0	0	12	0	false	false
004f0e60	17	FUN_004f0e60	0	2	0	false	false
004f0e80	438	FUN_004f0e80	0	7	0	false	false
004f1040	287	FUN_004f1040	0	6	0	false	false
004f1160	98	FUN_004f1160	0	5	0	false	false
004f11d0	488	FUN_004f11d0	0	7	0	false	false
004f13c0	517	FUN_004f13c0	0	14	0	false	false
004f15d0	104	FUN_004f15d0	0	8	0	false	false
004f1640	113	FUN_004f1640	0	0	0	false	false
004f16f0	161	FUN_004f16f0	0	4	0	false	false
004f17d0	395	FUN_004f17d0	1	8	0	false	false
004f1960	98	FUN_004f1960	0	6	0	false	false
004f19d0	50	FUN_004f19d0	0	2	0	false	false
004f1a10	43	FUN_004f1a10	0	2	0	false	false
004f1a40	216	FUN_004f1a40	0	14	0	false	false
004f1b30	89	FUN_004f1b30	0	7	0	false	false
004f1b90	10	FUN_004f1b90	0	1	0	false	false
004f1ba0	6	FUN_004f1ba0	5	0	0	false	false
004f1bb0	12	FUN_004f1bb0	2	0	0	false	false
004f1bc0	12	FUN_004f1bc0	2	0	0	false	false
004f1bd0	30	FUN_004f1bd0	1	1	0	false	false
004f1bf0	6	FUN_004f1bf0	1	0	0	false	false
004f1c00	247	FUN_004f1c00	0	6	0	false	false
004f1d00	96	FUN_004f1d00	0	4	0	false	false
004f1d60	77	FUN_004f1d60	0	3	0	false	false
004f1db0	130	FUN_004f1db0	0	6	0	false	false
004f1e40	290	FUN_004f1e40	1	5	0	false	false
004f1f70	33	FUN_004f1f70	0	1	0	false	false
004f1fa0	167	FUN_004f1fa0	0	4	0	false	false
004f2050	345	FUN_004f2050	0	2	0	false	false
004f21c0	74	FUN_004f21c0	0	3	0	false	false
004f2210	335	FUN_004f2210	0	22	0	false	false
004f2360	85	FUN_004f2360	1	3	0	false	false
004f23c0	6	FUN_004f23c0	1	0	0	false	false
004f23d0	81	FUN_004f23d0	0	3	0	false	false
004f2430	189	FUN_004f2430	0	13	0	false	false
004f24f0	6	FUN_004f24f0	2	0	0	false	false
004f2500	6	FUN_004f2500	9	0	0	false	false
004f2510	6	FUN_004f2510	0	0	0	false	false
004f2520	6	FUN_004f2520	2	0	0	false	false
004f2530	6	FUN_004f2530	3	0	0	false	false
004f2540	6	FUN_004f2540	3	0	0	false	false
004f2550	6	FUN_004f2550	3	0	0	false	false
004f2560	6	FUN_004f2560	4	0	0	false	false
004f2570	6	FUN_004f2570	3	0	0	false	false
004f2580	6	FUN_004f2580	2	0	0	false	false
004f2590	6	FUN_004f2590	3	0	0	false	false
004f25a0	6	FUN_004f25a0	1	0	0	false	false
004f25b0	6	FUN_004f25b0	1	0	0	false	false
004f25c0	6	FUN_004f25c0	2	0	0	false	false
004f25d0	76	FUN_004f25d0	0	4	0	false	false
004f2620	195	FUN_004f2620	0	10	0	false	false
004f26f0	91	FUN_004f26f0	1	9	0	false	false
004f2750	119	FUN_004f2750	0	13	0	false	false
004f27d0	104	FUN_004f27d0	0	7	0	false	false
004f2840	120	FUN_004f2840	0	3	0	false	false
004f28c0	168	FUN_004f28c0	0	4	0	false	false
004f2970	52	FUN_004f2970	0	2	0	false	false
004f29b0	323	FUN_004f29b0	0	4	0	false	false
004f2b00	106	FUN_004f2b00	1	6	0	false	false
004f2b70	108	FUN_004f2b70	0	7	0	false	false
004f2be0	6	FUN_004f2be0	9	0	0	false	false
004f2bf0	12	FUN_004f2bf0	3	0	0	false	false
004f2c00	6	FUN_004f2c00	1	0	0	false	false
004f2c10	12	FUN_004f2c10	1	0	0	false	false
004f2c20	6	FUN_004f2c20	1	0	0	false	false
004f2c30	12	FUN_004f2c30	0	0	0	false	false
004f2c40	217	FUN_004f2c40	0	5	0	false	false
004f2d20	97	FUN_004f2d20	0	5	0	false	false
004f2d90	220	FUN_004f2d90	0	5	0	false	false
004f2e70	205	FUN_004f2e70	0	5	0	false	false
004f2f40	205	FUN_004f2f40	0	5	0	false	false
004f3010	262	FUN_004f3010	0	5	0	false	false
004f3120	245	FUN_004f3120	0	5	0	false	false
004f3220	90	FUN_004f3220	0	4	0	false	false
004f3280	136	FUN_004f3280	0	5	0	false	false
004f3310	237	FUN_004f3310	0	11	0	false	false
004f3400	291	FUN_004f3400	0	7	0	false	false
004f3530	224	FUN_004f3530	0	5	0	false	false
004f3610	199	FUN_004f3610	0	5	0	false	false
004f36e0	210	FUN_004f36e0	0	5	0	false	false
004f37c0	428	FUN_004f37c0	10	2	0	false	false
004f3970	14	FUN_004f3970	0	2	0	false	false
004f3980	14	FUN_004f3980	0	2	0	false	false
004f3990	58	FUN_004f3990	0	3	0	false	false
004f39d0	14	FUN_004f39d0	0	2	0	false	false
004f39e0	14	FUN_004f39e0	0	2	0	false	false
004f39f0	14	FUN_004f39f0	0	2	0	false	false
004f3a00	44	FUN_004f3a00	0	3	0	false	false
004f3a30	6	FUN_004f3a30	0	0	0	false	false
004f3a40	6	FUN_004f3a40	0	0	0	false	false
004f3a50	16	FUN_004f3a50	0	1	0	false	false
004f3a60	6	FUN_004f3a60	10	0	0	false	false
004f3a70	27	FUN_004f3a70	0	2	0	false	false
004f3a90	36	FUN_004f3a90	0	1	0	false	false
004f3ac0	19	FUN_004f3ac0	0	0	0	false	false
004f3ae0	14	FUN_004f3ae0	0	2	0	false	false
004f3af0	6	FUN_004f3af0	1	0	0	false	false
004f3b00	18	FUN_004f3b00	0	0	0	false	false
004f3b20	10	FUN_004f3b20	0	0	0	false	false
004f3b30	31	FUN_004f3b30	0	2	0	false	false
004f3b50	84	FUN_004f3b50	0	4	0	false	false
004f3bb0	89	FUN_004f3bb0	0	4	0	false	false
004f3c10	434	FUN_004f3c10	3	0	0	false	false
004f3dd0	368	FUN_004f3dd0	0	3	0	false	false
004f3f60	75	FUN_004f3f60	0	4	0	false	false
004f3fb0	146	FUN_004f3fb0	1	1	3	false	false
004f4050	1299	FUN_004f4050	0	8	12	false	false
004f45a0	174	FUN_004f45a0	0	3	0	false	false
004f4650	269	FUN_004f4650	0	2	0	false	false
004f4760	325	FUN_004f4760	0	2	0	false	false
004f48b0	88	FUN_004f48b0	0	1	0	false	false
004f4910	485	FUN_004f4910	0	10	0	false	false
004f4b10	6	FUN_004f4b10	1	0	0	false	false
004f4b20	6	FUN_004f4b20	1	0	0	false	false
004f4b30	6	FUN_004f4b30	1	0	0	false	false
004f4b40	50	FUN_004f4b40	0	1	0	false	false
004f4b90	281	FUN_004f4b90	0	6	0	false	false
004f4cc0	95	FUN_004f4cc0	0	2	0	false	false
004f4d20	90	FUN_004f4d20	0	3	0	false	false
004f4d80	37	FUN_004f4d80	2	2	0	false	false
004f4db0	6	FUN_004f4db0	3	0	0	false	false
004f4dc0	26	FUN_004f4dc0	2	0	0	false	false
004f4de0	32	FUN_004f4de0	2	0	0	false	false
004f4e00	32	FUN_004f4e00	2	0	0	false	false
004f4e20	35	FUN_004f4e20	2	0	0	false	false
004f4e50	25	FUN_004f4e50	1	0	0	false	false
004f4e70	16	FUN_004f4e70	2	0	0	false	false
004f4e80	111	FUN_004f4e80	1	1	0	false	false
004f4ef0	603	FUN_004f4ef0	0	12	0	false	false
004f5150	58	FUN_004f5150	1	3	0	false	false
004f5190	901	FUN_004f5190	0	23	0	false	false
004f5520	81	FUN_004f5520	1	4	0	false	false
004f5580	234	FUN_004f5580	1	5	0	false	false
004f5670	246	FUN_004f5670	1	6	0	false	false
004f5770	156	FUN_004f5770	1	5	0	false	false
004f5810	63	FUN_004f5810	1	3	0	false	false
004f5850	141	FUN_004f5850	1	4	0	false	false
004f58e0	81	FUN_004f58e0	1	4	0	false	false
004f5940	87	FUN_004f5940	1	4	0	false	false
004f59a0	187	FUN_004f59a0	1	4	0	false	false
004f5a60	118	FUN_004f5a60	1	4	0	false	false
004f5ae0	101	FUN_004f5ae0	1	4	0	false	false
004f5b50	60	FUN_004f5b50	1	3	0	false	false
004f5b90	98	FUN_004f5b90	1	4	0	false	false
004f5c00	135	FUN_004f5c00	1	5	0	false	false
004f5c90	248	FUN_004f5c90	1	7	0	false	false
004f5d90	189	FUN_004f5d90	1	6	0	false	false
004f5e50	86	FUN_004f5e50	1	4	0	false	false
004f5eb0	259	FUN_004f5eb0	1	7	0	false	false
004f5fc0	116	FUN_004f5fc0	1	4	0	false	false
004f6040	235	FUN_004f6040	1	5	0	false	false
004f6130	266	FUN_004f6130	1	6	0	false	false
004f6240	180	FUN_004f6240	1	5	0	false	false
004f6300	165	FUN_004f6300	1	4	0	false	false
004f63b0	110	FUN_004f63b0	1	5	0	false	false
004f6420	98	FUN_004f6420	1	4	0	false	false
004f6490	174	FUN_004f6490	1	5	0	false	false
004f6540	196	FUN_004f6540	1	4	0	false	false
004f6610	196	FUN_004f6610	1	4	0	false	false
004f66e0	94	FUN_004f66e0	1	4	0	false	false
004f6740	240	FUN_004f6740	1	4	0	false	false
004f6830	216	FUN_004f6830	1	4	0	false	false
004f6910	120	FUN_004f6910	1	4	0	false	false
004f6990	84	FUN_004f6990	1	4	0	false	false
004f69f0	94	FUN_004f69f0	1	4	0	false	false
004f6a50	240	FUN_004f6a50	1	4	0	false	false
004f6b40	330	FUN_004f6b40	1	4	0	false	false
004f6c90	120	FUN_004f6c90	1	4	0	false	false
004f6d10	84	FUN_004f6d10	1	4	0	false	false
004f6d70	84	FUN_004f6d70	1	4	0	false	false
004f6dd0	116	FUN_004f6dd0	1	5	0	false	false
004f6e50	178	FUN_004f6e50	1	4	0	false	false
004f6f10	178	FUN_004f6f10	1	4	0	false	false
004f6fd0	178	FUN_004f6fd0	1	4	0	false	false
004f7090	178	FUN_004f7090	1	4	0	false	false
004f7150	274	FUN_004f7150	1	4	0	false	false
004f7270	155	FUN_004f7270	1	4	0	false	false
004f7310	155	FUN_004f7310	1	4	0	false	false
004f73b0	155	FUN_004f73b0	1	4	0	false	false
004f7450	179	FUN_004f7450	1	4	0	false	false
004f7510	147	FUN_004f7510	1	4	0	false	false
004f75b0	147	FUN_004f75b0	1	4	0	false	false
004f7650	147	FUN_004f7650	1	4	0	false	false
004f76f0	174	FUN_004f76f0	1	5	0	false	false
004f77a0	125	FUN_004f77a0	1	5	0	false	false
004f7820	156	FUN_004f7820	1	4	0	false	false
004f78c0	162	FUN_004f78c0	1	4	0	false	false
004f7970	177	FUN_004f7970	1	5	0	false	false
004f7a30	707	FUN_004f7a30	1	4	0	false	false
004f7d00	104	FUN_004f7d00	1	4	0	false	false
004f7d70	98	FUN_004f7d70	1	4	0	false	false
004f7de0	234	FUN_004f7de0	1	4	0	false	false
004f7ed0	333	FUN_004f7ed0	1	4	0	false	false
004f8020	336	FUN_004f8020	1	4	0	false	false
004f8170	212	FUN_004f8170	1	5	0	false	false
004f8250	63	FUN_004f8250	1	3	0	false	false
004f8290	41	FUN_004f8290	1	1	0	false	false
004f82c0	6	FUN_004f82c0	2	0	0	false	false
004f82d0	6	FUN_004f82d0	1	0	0	false	false
004f82e0	6	FUN_004f82e0	1	0	0	false	false
004f82f0	6	FUN_004f82f0	1	0	0	false	false
004f8300	6	FUN_004f8300	1	0	0	false	false
004f8310	6	FUN_004f8310	1	0	0	false	false
004f8320	6	FUN_004f8320	2	0	0	false	false
004f8330	6	FUN_004f8330	10	0	0	false	false
004f8340	6	FUN_004f8340	2	0	0	false	false
004f8350	6	FUN_004f8350	2	0	0	false	false
004f8360	6	FUN_004f8360	2	0	0	false	false
004f8370	6	FUN_004f8370	1	0	0	false	false
004f8380	6	FUN_004f8380	1	0	0	false	false
004f8390	6	FUN_004f8390	1	0	0	false	false
004f83a0	6	FUN_004f83a0	13	0	0	false	false
004f83b0	6	FUN_004f83b0	0	0	0	false	false
004f83c0	6	FUN_004f83c0	3	0	0	false	false
004f83d0	6	FUN_004f83d0	0	0	0	false	false
004f83e0	6	FUN_004f83e0	1	0	0	false	false
004f83f0	6	FUN_004f83f0	4	0	0	false	false
004f8400	6	FUN_004f8400	2	0	0	false	false
004f8410	6	FUN_004f8410	34	0	0	false	false
004f8420	6	FUN_004f8420	2	0	0	false	false
004f8430	6	FUN_004f8430	3	0	0	false	false
004f8440	6	FUN_004f8440	4	0	0	false	false
004f8450	6	FUN_004f8450	4	0	0	false	false
004f8460	6	FUN_004f8460	2	0	0	false	false
004f8470	6	FUN_004f8470	10	0	0	false	false
004f8480	6	FUN_004f8480	1	0	0	false	false
004f8490	6	FUN_004f8490	1	0	0	false	false
004f84a0	6	FUN_004f84a0	1	0	0	false	false
004f84b0	6	FUN_004f84b0	3	0	0	false	false
004f84c0	6	FUN_004f84c0	3	0	0	false	false
004f84d0	6	FUN_004f84d0	3	0	0	false	false
004f84e0	6	FUN_004f84e0	3	0	0	false	false
004f84f0	6	FUN_004f84f0	3	0	0	false	false
004f8500	163	FUN_004f8500	1	6	0	false	false
004f85b0	186	FUN_004f85b0	1	6	0	false	false
004f8670	186	FUN_004f8670	1	6	0	false	false
004f8730	160	FUN_004f8730	1	6	0	false	false
004f87d0	160	FUN_004f87d0	1	6	0	false	false
004f8870	90	FUN_004f8870	1	4	0	false	false
004f88d0	6	FUN_004f88d0	2	0	0	false	false
004f88e0	161	FUN_004f88e0	1	6	0	false	false
004f8990	6	FUN_004f8990	1	0	0	false	false
004f89a0	6	FUN_004f89a0	1	0	0	false	false
004f89b0	43	FUN_004f89b0	2	0	0	false	false
004f89e0	26	FUN_004f89e0	2	0	0	false	false
004f8a00	29	FUN_004f8a00	2	0	0	false	false
004f8a20	31	FUN_004f8a20	1	0	0	false	false
004f8a40	14	FUN_004f8a40	1	0	0	false	false
004f8a50	17	FUN_004f8a50	1	0	0	false	false
004f8a70	18	FUN_004f8a70	3	1	0	false	false
004f8a90	146	FUN_004f8a90	1	0	0	false	false
004f8b30	1793	FUN_004f8b30	1	3	0	false	false
004f9240	29	FUN_004f9240	0	0	0	false	false
004f9260	26	FUN_004f9260	1	0	0	false	false
004f9280	17	FUN_004f9280	1	0	0	false	false
004f92a0	26	FUN_004f92a0	1	0	0	false	false
004f92c0	17	FUN_004f92c0	1	0	0	false	false
004f92e0	12	FUN_004f92e0	2	0	0	false	false
004f92f0	6	FUN_004f92f0	0	0	0	false	false
004f9300	82	FUN_004f9300	1	5	0	false	false
004f9360	6	FUN_004f9360	2	0	0	false	false
004f9370	140	FUN_004f9370	1	6	0	false	false
004f9400	130	FUN_004f9400	1	4	0	false	false
004f9490	130	FUN_004f9490	1	4	0	false	false
004f9520	13	FUN_004f9520	0	1	0	false	false
004f9530	158	FUN_004f9530	1	5	0	false	false
004f95d0	155	FUN_004f95d0	1	4	0	false	false
004f9670	707	FUN_004f9670	1	4	0	false	false
004f9940	107	FUN_004f9940	1	4	0	false	false
004f99b0	707	FUN_004f99b0	1	4	0	false	false
004f9c80	107	FUN_004f9c80	1	4	0	false	false
004f9cf0	707	FUN_004f9cf0	1	4	0	false	false
004f9fc0	107	FUN_004f9fc0	1	4	0	false	false
004fa030	117	FUN_004fa030	1	4	0	false	false
004fa0b0	261	FUN_004fa0b0	1	4	0	false	false
004fa1c0	261	FUN_004fa1c0	1	4	0	false	false
004fa2d0	6	FUN_004fa2d0	2	0	0	false	false
004fa2e0	6	FUN_004fa2e0	1	0	0	false	false
004fa2f0	6	FUN_004fa2f0	1	0	0	false	false
004fa300	6	FUN_004fa300	3	0	0	false	false
004fa310	6	FUN_004fa310	3	0	0	false	false
004fa320	6	FUN_004fa320	3	0	0	false	false
004fa330	6	FUN_004fa330	3	0	0	false	false
004fa340	6	FUN_004fa340	4	0	0	false	false
004fa350	6	FUN_004fa350	2	0	0	false	false
004fa360	6	FUN_004fa360	2	0	0	false	false
004fa370	146	FUN_004fa370	1	6	0	false	false
004fa410	172	FUN_004fa410	1	6	0	false	false
004fa4c0	6	FUN_004fa4c0	2	0	0	false	false
004fa4d0	30	FUN_004fa4d0	1	6	0	false	false
004fa4f0	6	FUN_004fa4f0	1	0	0	false	false
004fa500	6	FUN_004fa500	1	0	0	false	false
004fa510	6	FUN_004fa510	1	0	0	false	false
004fa520	6	FUN_004fa520	0	0	0	false	false
004fa530	6	FUN_004fa530	1	0	0	false	false
004fa540	137	FUN_004fa540	1	6	0	false	false
004fa5d0	127	FUN_004fa5d0	1	5	0	false	false
004fa650	122	FUN_004fa650	1	5	0	false	false
004fa6d0	173	FUN_004fa6d0	1	5	0	false	false
004fa780	261	FUN_004fa780	1	6	0	false	false
004fa890	125	FUN_004fa890	0	6	0	false	false
004fa910	92	FUN_004fa910	0	9	0	false	false
004fa970	57	FUN_004fa970	1	8	0	false	false
004fa9b0	68	FUN_004fa9b0	0	8	0	false	false
004faa00	69	FUN_004faa00	0	3	0	false	false
004faa50	531	FUN_004faa50	1	9	0	false	false
004fac70	85	FUN_004fac70	0	5	0	false	false
004facd0	97	FUN_004facd0	0	7	0	false	false
004fad40	69	FUN_004fad40	0	5	0	false	false
004fad90	55	FUN_004fad90	0	4	0	false	false
004fadd0	154	FUN_004fadd0	0	6	0	false	false
004fae70	48	FUN_004fae70	0	3	0	false	false
004faea0	69	FUN_004faea0	0	5	0	false	false
004faef0	217	FUN_004faef0	0	5	0	false	false
004fafd0	16	FUN_004fafd0	0	1	0	false	false
004fafe0	41	FUN_004fafe0	0	5	0	false	false
004fb010	848	FUN_004fb010	0	13	0	false	false
004fb360	14	FUN_004fb360	0	2	0	false	false
004fb370	135	FUN_004fb370	0	10	0	false	false
004fb400	1232	FUN_004fb400	1	32	0	false	false
004fb8d0	232	FUN_004fb8d0	1	1	0	false	false
004fb9c0	177	FUN_004fb9c0	1	0	0	false	false
004fba80	7	FUN_004fba80	0	0	0	false	false
004fba90	29	FUN_004fba90	0	0	0	false	false
004fbab0	37	FUN_004fbab0	0	0	0	false	false
004fbae0	891	FUN_004fbae0	0	5	0	false	false
004fbe60	58	FUN_004fbe60	1	1	0	false	false
004fbea0	19	FUN_004fbea0	0	0	0	false	false
004fbec0	149	FUN_004fbec0	0	6	0	false	false
004fbf60	133	FUN_004fbf60	0	1	0	false	false
004fbff0	106	FUN_004fbff0	0	6	0	false	false
004fc060	6	FUN_004fc060	0	0	0	false	false
004fc070	1042	FUN_004fc070	0	10	0	false	false
004fc490	100	FUN_004fc490	0	0	0	false	false
004fc500	265	FUN_004fc500	0	4	0	false	false
004fc610	6	FUN_004fc610	1	0	0	false	false
004fc620	548	FUN_004fc620	0	6	0	false	false
004fc850	41	FUN_004fc850	0	3	0	false	false
004fc880	103	FUN_004fc880	0	3	0	false	false
004fc8f0	121	FUN_004fc8f0	0	3	0	false	false
004fc970	63	FUN_004fc970	0	2	0	false	false
004fc9b0	64	FUN_004fc9b0	0	4	0	false	false
004fc9f0	317	FUN_004fc9f0	0	8	0	false	false
004fcb30	288	FUN_004fcb30	1	2	0	false	false
004fcc50	92	FUN_004fcc50	0	0	0	false	false
004fccb0	965	FUN_004fccb0	0	9	0	false	false
004fd080	1019	FUN_004fd080	0	10	0	false	false
004fd480	1669	FUN_004fd480	0	11	0	false	false
004fdb10	1818	FUN_004fdb10	0	11	0	false	false
004fe240	3582	FUN_004fe240	0	12	0	false	false
004ff060	134	FUN_004ff060	0	3	0	false	false
004ff0f0	802	FUN_004ff0f0	1	2	0	false	false
004ff420	31	FUN_004ff420	1	0	0	false	false
004ff440	6	FUN_004ff440	3	0	0	false	false
004ff450	96	FUN_004ff450	1	5	0	false	false
004ff4b0	14	FUN_004ff4b0	2	0	0	false	false
004ff4c0	14	FUN_004ff4c0	3	0	0	false	false
004ff4d0	14	FUN_004ff4d0	5	0	0	false	false
004ff4e0	85	FUN_004ff4e0	1	1	0	false	false
004ff540	14	FUN_004ff540	1	0	0	false	false
004ff550	72	FUN_004ff550	2	2	0	false	false
004ff5a0	14	FUN_004ff5a0	1	0	0	false	false
004ff5b0	99	FUN_004ff5b0	0	5	0	false	false
004ff630	230	FUN_004ff630	0	11	0	false	false
004ff720	811	FUN_004ff720	0	9	0	false	false
004ffa50	17	FUN_004ffa50	0	0	0	false	false
004ffa70	53	FUN_004ffa70	0	1	0	false	false
004ffab0	1038	FUN_004ffab0	0	20	0	false	false
004ffed0	272	FUN_004ffed0	0	8	0	false	false
004fffe0	31	FUN_004fffe0	0	3	0	false	false
00500000	15	FUN_00500000	0	1	0	false	false
00500020	144	FUN_00500020	0	5	0	false	false
005000b0	72	FUN_005000b0	0	8	0	false	false
00500100	12	FUN_00500100	0	1	0	false	false
00500110	18	FUN_00500110	0	1	0	false	false
00500130	83	FUN_00500130	0	5	0	false	false
00500190	43	FUN_00500190	0	2	0	false	false
005001c0	78	FUN_005001c0	1	8	0	false	false
00500210	85	FUN_00500210	0	5	0	false	false
00500360	99	FUN_00500360	0	7	0	false	false
005003d0	197	FUN_005003d0	0	11	0	false	false
005004a0	6	FUN_005004a0	1	0	0	false	false
005004b0	12	FUN_005004b0	1	0	0	false	false
005004c0	50	FUN_005004c0	3	1	0	false	false
00500500	21	FUN_00500500	0	1	0	false	false
00500520	13	FUN_00500520	1	0	0	false	false
00500530	31	FUN_00500530	0	2	0	false	false
00500550	962	FUN_00500550	0	5	0	false	false
00500920	148	FUN_00500920	1	0	0	false	false
005009c0	168	FUN_005009c0	0	0	0	false	false
00500a70	48	FUN_00500a70	1	3	0	false	false
00500aa0	155	FUN_00500aa0	1	8	0	false	false
00500af4	30	caseD_a	0	2	0	false	false
00500b22	20	caseD_6	0	1	0	false	false
00500ba0	85	FUN_00500ba0	0	3	0	false	false
00500c00	114	FUN_00500c00	0	8	0	false	false
00500c80	363	FUN_00500c80	0	27	0	false	false
00500df0	201	FUN_00500df0	0	10	0	false	false
00500ec0	183	FUN_00500ec0	0	2	0	false	false
00500f80	281	FUN_00500f80	0	15	0	false	false
005010a0	142	FUN_005010a0	0	14	0	false	false
00501130	106	FUN_00501130	0	12	0	false	false
005011a0	11	FUN_005011a0	1	1	0	false	false
005011b0	19	FUN_005011b0	14	1	0	false	false
005011d0	6	FUN_005011d0	1	0	0	false	false
005011e0	12	FUN_005011e0	1	0	0	false	false
005011f0	14	FUN_005011f0	7	0	0	false	false
00501200	14	FUN_00501200	1	0	0	false	false
00501210	18	FUN_00501210	3	0	0	false	false
00501230	65	FUN_00501230	4	2	0	false	false
00501280	62	FUN_00501280	1	2	0	false	false
005012c0	24	FUN_005012c0	1	1	0	false	false
005012e0	104	FUN_005012e0	0	5	0	false	false
00501350	61	FUN_00501350	0	2	0	false	false
00501390	14	FUN_00501390	0	1	0	false	false
005013a0	361	FUN_005013a0	1	9	0	false	false
00501510	6	FUN_00501510	1	0	0	false	false
00501520	169	FUN_00501520	0	16	0	false	false
005015d0	175	FUN_005015d0	0	7	0	false	false
00501680	3	FUN_00501680	0	0	0	false	false
00501690	114	FUN_00501690	1	1	0	false	false
00501710	103	FUN_00501710	0	1	0	false	false
00501780	401	FUN_00501780	0	8	0	false	false
00501920	398	FUN_00501920	0	8	0	false	false
00501ab0	6	FUN_00501ab0	2	0	0	false	false
00501ac0	193	FUN_00501ac0	1	1	3	false	false
00501b90	299	FUN_00501b90	0	2	0	false	false
00501cc0	54	FUN_00501cc0	1	1	0	false	false
00501d00	30	FUN_00501d00	1	0	0	false	false
00501d20	36	FUN_00501d20	1	1	0	false	false
00501d50	138	FUN_00501d50	2	0	0	false	false
00501de0	288	FUN_00501de0	1	0	0	false	false
00501f00	127	FUN_00501f00	1	0	0	false	false
00501f80	284	FUN_00501f80	11	2	0	false	false
005020a0	283	FUN_005020a0	2	2	0	false	false
005021c0	17	FUN_005021c0	2	0	0	false	false
005021e0	36	FUN_005021e0	1	0	0	false	false
00502210	6	FUN_00502210	0	0	0	false	false
00502220	6	FUN_00502220	0	0	0	false	false
00502230	10	FUN_00502230	0	0	0	false	false
00502240	84	FUN_00502240	1	4	0	false	false
005022a0	111	FUN_005022a0	1	4	0	false	false
00502310	298	FUN_00502310	1	10	0	false	false
00502440	87	FUN_00502440	1	4	0	false	false
005024a0	95	FUN_005024a0	1	4	0	false	false
00502500	6	FUN_00502500	15	0	0	false	false
00502510	6	FUN_00502510	3	0	0	false	false
00502570	191	FUN_00502570	0	1	0	false	false
00502630	64	FUN_00502630	1	1	0	false	false
00502670	251	FUN_00502670	1	2	0	false	false
00502790	230	FUN_00502790	2	2	0	false	false
005028a0	199	FUN_005028a0	4	0	0	false	false
00502990	27	FUN_00502990	2	0	0	false	false
005029b0	71	FUN_005029b0	0	1	0	false	false
00502a00	235	FUN_00502a00	1	0	0	false	false
00502b10	293	FUN_00502b10	1	0	0	false	false
00502c60	186	FUN_00502c60	1	0	0	false	false
00502d40	14	FUN_00502d40	1	0	0	false	false
00502d50	96	FUN_00502d50	0	2	0	false	false
00502db0	63	FUN_00502db0	0	2	0	false	false
00502df0	408	FUN_00502df0	3	1	0	false	false
00502fc0	68	FUN_00502fc0	1	2	0	false	false
005034f0	1032	FUN_005034f0	2	6	0	false	false
00503930	14	FUN_00503930	1	0	0	false	false
00503940	21	FUN_00503940	4	0	0	false	false
00503960	103	FUN_00503960	1	2	0	false	false
005039d0	201	FUN_005039d0	1	1	0	false	false
00503aa0	198	FUN_00503aa0	1	1	0	false	false
00503b70	267	FUN_00503b70	1	0	0	false	false
00503c80	370	FUN_00503c80	1	4	0	false	false
00503e00	146	FUN_00503e00	1	1	0	false	false
00503ea0	582	FUN_00503ea0	1	8	0	false	false
005040f0	699	FUN_005040f0	1	4	0	false	false
005043b0	278	FUN_005043b0	1	9	0	false	false
005044d0	2516	FUN_005044d0	1	10	0	false	false
00504eb0	776	FUN_00504eb0	3	1	0	false	false
005051c0	965	FUN_005051c0	1	2	0	false	false
00505590	588	FUN_00505590	1	1	0	false	false
005057e0	491	FUN_005057e0	1	8	0	false	false
005059d0	131	FUN_005059d0	1	5	0	false	false
00505a60	215	FUN_00505a60	1	1	0	false	false
00505b40	713	FUN_00505b40	1	1	0	false	false
00505e10	83	FUN_00505e10	1	1	0	false	false
00505e70	155	FUN_00505e70	1	3	0	false	false
00505f10	368	FUN_00505f10	0	4	0	false	false
00506080	580	FUN_00506080	1	7	0	false	false
005062d0	1100	FUN_005062d0	1	21	0	false	false
00506720	397	FUN_00506720	0	6	0	false	false
005068b0	119	FUN_005068b0	1	2	0	false	false
00506930	485	FUN_00506930	0	1	9	false	false
00506b20	131	FUN_00506b20	0	3	0	false	false
00506bb0	1029	FUN_00506bb0	1	1	18	false	false
00506fc0	177	FUN_00506fc0	1	1	0	false	false
00507080	521	FUN_00507080	1	2	0	false	false
00507290	564	FUN_00507290	1	1	9	false	false
005074d0	379	FUN_005074d0	1	2	18	false	false
00507650	178	FUN_00507650	2	7	0	false	false
00507710	463	FUN_00507710	1	0	0	false	false
005078e0	295	FUN_005078e0	1	2	0	false	false
00507a10	1431	FUN_00507a10	1	4	4	false	false
00507fe0	1880	FUN_00507fe0	1	2	27	false	false
00508740	330	FUN_00508740	4	0	9	false	false
00508890	1614	FUN_00508890	1	2	27	false	false
00508ee0	125	FUN_00508ee0	1	2	0	false	false
00508f60	58	FUN_00508f60	1	0	0	false	false
00508fa0	408	FUN_00508fa0	2	3	0	false	false
00509150	100	FUN_00509150	1	0	0	false	false
005091c0	2591	FUN_005091c0	1	9	0	false	false
00509be0	283	FUN_00509be0	2	1	0	false	false
00509d00	41	FUN_00509d00	0	0	0	false	false
00509d30	92	FUN_00509d30	2	1	0	false	false
00509d90	41	FUN_00509d90	0	0	0	false	false
00509dc0	605	FUN_00509dc0	1	9	0	false	false
0050a020	44	FUN_0050a020	3	0	0	false	false
0050a050	44	FUN_0050a050	2	0	0	false	false
0050a080	823	FUN_0050a080	1	7	0	false	false
0050a3c0	35	FUN_0050a3c0	1	2	0	false	false
0050a3f0	656	FUN_0050a3f0	0	10	0	false	false
0050a680	502	FUN_0050a680	0	5	0	false	false
0050a880	18	FUN_0050a880	2	2	0	false	false
0050a8a0	62	FUN_0050a8a0	0	3	0	false	false
0050a8e0	59	FUN_0050a8e0	0	3	0	false	false
0050a920	2201	FUN_0050a920	0	18	0	false	false
0050b1c0	3566	FUN_0050b1c0	5	32	0	false	false
0050bfd0	339	FUN_0050bfd0	0	7	0	false	false
0050c130	741	FUN_0050c130	0	10	0	false	false
0050c420	1804	FUN_0050c420	0	19	42	false	false
0050cb30	214	FUN_0050cb30	2	1	0	false	false
0050cc10	5522	FUN_0050cc10	0	12	0	false	false
0050e1c0	183	FUN_0050e1c0	0	7	0	false	false
0050e280	1050	FUN_0050e280	0	12	0	false	false
0050e6a0	155	FUN_0050e6a0	0	5	0	false	false
0050e740	54	FUN_0050e740	0	1	0	false	false
0050e780	1045	FUN_0050e780	0	11	0	false	false
0050eba0	553	FUN_0050eba0	0	21	0	false	false
0050edf0	20	FUN_0050edf0	0	2	0	false	false
0050ee10	60	FUN_0050ee10	0	8	0	false	false
0050ee50	715	FUN_0050ee50	2	1	0	false	false
0050f120	93	FUN_0050f120	1	2	0	false	false
0050f180	51	FUN_0050f180	0	7	0	false	false
0050f1c0	11	FUN_0050f1c0	1	0	0	false	false
0050f1d0	91	FUN_0050f1d0	0	9	0	false	false
0050f230	12	FUN_0050f230	0	1	0	false	false
0050f240	225	FUN_0050f240	0	7	0	false	false
0050f340	48	FUN_0050f340	0	2	0	false	false
0050f370	80	FUN_0050f370	0	3	0	false	false
0050f3c0	84	FUN_0050f3c0	0	4	0	false	false
0050f420	89	FUN_0050f420	0	4	0	false	false
0050f480	109	FUN_0050f480	0	1	0	false	false
0050f4f0	301	FUN_0050f4f0	1	17	0	false	false
0050f620	6	FUN_0050f620	6	0	0	false	false
0050f630	6	FUN_0050f630	2	0	0	false	false
0050f640	6	FUN_0050f640	3	0	0	false	false
0050f650	1758	FUN_0050f650	1	14	0	false	false
0050fd30	139	FUN_0050fd30	1	2	0	false	false
0050fdc0	5	FUN_0050fdc0	0	0	0	false	false
0050fdf0	402	FUN_0050fdf0	0	5	0	false	false
0050ff90	398	FUN_0050ff90	1	8	0	false	false
00510120	677	FUN_00510120	1	19	18	false	false
005103d0	61	FUN_005103d0	1	1	0	false	false
00510410	344	FUN_00510410	0	2	0	false	false
00510570	40	FUN_00510570	1	0	0	false	false
005105a0	28	FUN_005105a0	0	2	0	false	false
005105bc	6	_CxxThrowException	26	0	0	true	false
005105c2	6	_EH_prolog	11	0	0	true	false
005105c8	6	realloc	1	0	0	true	false
005105ce	6	ftol	6	0	0	true	false
005105d4	6	floor	1	0	0	true	false
005105da	6	memmove	1	0	0	true	false
005105e0	6	time	0	0	0	true	false
005105e6	6	_access	1	0	0	true	false
005105ec	6	~type_info	1	0	0	true	false
00510600	11	Unwind@00510600	0	1	0	false	false
0051060b	16	FUN_0051060b	0	0	0	false	false
00510618	10	FUN_00510618	0	0	0	false	false
00510624	10	FUN_00510624	0	0	0	false	false
00510630	14	Unwind@00510630	0	1	0	false	false
0051063e	10	FUN_0051063e	0	0	0	false	false
00510648	10	FUN_00510648	0	0	0	false	false
00510660	10	FUN_00510660	0	0	0	false	false
0051066c	10	FUN_0051066c	0	0	0	false	false
00510684	10	FUN_00510684	0	0	0	false	false
00510690	14	Unwind@00510690	0	1	0	false	false
0051069e	10	FUN_0051069e	0	0	0	false	false
005106a8	11	Unwind@005106a8	0	1	0	false	false
005106b3	10	FUN_005106b3	0	0	0	false	false
005106c0	11	Unwind@005106c0	0	1	0	false	false
005106cb	11	Unwind@005106cb	0	1	0	false	false
005106d6	11	Unwind@005106d6	0	1	0	false	false
005106e1	10	FUN_005106e1	0	0	0	false	false
005106ec	10	FUN_005106ec	0	0	0	false	false
